# 3ds Max Wavefront OBJ Exporter v0.99 - (c)2007 guruware
# File Created: 25.09.2024 22:30:53

mtllib cofre_Coche.mtl

#
# object Object318
#

v  74.0476 -43.2320 29.4152
v  74.1449 -43.2222 31.2589
v  74.0130 -43.2431 31.3699
v  74.1907 -43.2226 29.4080
v  74.1367 -43.2384 25.1282
v  74.2800 -43.2372 25.1238
v  74.2277 -43.2618 20.9487
v  74.3779 -43.2529 20.9415
v  74.2320 -43.2629 20.7795
v  74.3793 -43.2505 20.7704
v  74.2793 -43.0032 20.6804
v  74.5457 -43.1210 20.7287
v  74.5707 -42.9950 20.6874
v  74.6141 -41.0945 19.9548
v  74.9513 -41.0784 20.0498
v  74.9860 -39.1419 19.2573
v  75.3218 -39.1062 19.3791
v  74.4316 -43.1002 25.1083
v  74.5407 -43.1194 20.9315
v  74.5783 -42.9462 20.8585
v  74.9446 -41.0827 20.2388
v  75.3189 -39.1055 19.5671
v  75.6288 -37.2747 18.7248
v  75.6389 -37.1999 18.8856
v  75.8851 -35.6063 18.0902
v  75.9018 -35.4941 18.2377
v  74.4678 -42.9263 25.1123
v  74.8393 -41.1766 25.1390
v  75.2606 -39.0929 25.1702
v  75.7273 -36.5251 20.3398
v  76.0017 -34.7168 19.2344
v  76.1116 -34.0240 17.6338
v  76.1713 -33.4357 18.5328
v  76.3164 -32.4681 16.9287
v  76.3331 -32.0388 17.5479
v  75.6900 -36.6559 25.2000
v  76.1077 -33.8134 21.0747
v  76.2392 -32.6802 19.4192
v  76.3592 -31.4606 18.2896
v  76.5135 -30.2893 16.4944
v  76.4932 -29.8384 17.1400
v  76.6028 -27.8491 15.8654
v  76.6761 -28.2305 15.2725
v  76.7978 -25.9073 13.7957
v  76.6622 -25.5388 14.3618
v  76.6523 -23.1402 12.6733
v  76.3057 -31.7873 19.9831
v  76.3923 -30.7965 18.9661
v  76.4828 -29.3257 17.8168
v  76.5518 -27.4272 16.5015
v  76.5558 -25.1497 14.9855
v  76.5021 -22.7333 13.2823
v  76.3808 -20.4111 11.4091
v  76.5668 -20.8840 10.8548
v  76.4175 -18.7829 8.8298
v  76.3546 -31.0943 20.2717
v  76.4169 -30.2983 19.4234
v  76.4804 -28.9573 18.2884
v  76.5228 -27.1396 16.9275
v  76.4999 -24.8956 15.3985
v  76.4222 -22.4754 13.6871
v  76.2822 -20.1199 11.7766
v  76.1040 -17.9221 9.6340
v  76.2100 -18.2473 9.3185
v  75.9040 -15.9725 7.2232
v  76.3706 -30.8260 20.3795
v  76.4264 -30.0882 19.6155
v  76.4818 -28.7857 18.5141
v  76.5080 -26.9819 17.1619
v  76.4690 -24.7486 15.6368
v  76.3751 -22.3250 13.9243
v  76.2275 -19.9470 11.9938
v  76.0386 -17.7227 9.8259
v  75.9390 -19.9993 12.0290
v  76.0875 -22.3828 13.9618
v  76.1852 -24.8063 15.6788
v  76.2191 -27.0406 17.1997
v  76.1908 -28.8406 18.5476
v  76.1329 -30.1403 19.6451
v  76.0807 -30.8706 20.4053
v  76.0482 -31.2320 21.0561
v  76.3346 -31.1941 21.0417
v  75.8124 -31.3695 21.0261
v  75.8504 -30.9993 20.3652
v  75.9023 -30.2639 19.5961
v  75.9592 -28.9603 18.4952
v  75.9865 -27.1548 17.1425
v  75.9484 -24.9223 15.6204
v  75.8523 -22.5012 13.9072
v  75.7052 -20.1232 11.9759
v  75.5164 -17.8987 9.8086
v  75.7547 -17.7723 9.8567
v  75.3082 -15.9372 7.3796
v  75.5484 -15.8059 7.4219
v  75.1977 -15.0686 6.1590
v  75.4359 -14.9353 6.2018
v  75.0641 -14.2701 4.8937
v  75.3035 -14.1345 4.9355
v  74.7679 -12.9302 2.5656
v  75.0092 -12.7964 2.6041
v  74.6659 -11.6532 0.4650
v  74.4256 -11.7878 0.4241
v  74.2805 -10.5767 -1.4473
v  74.0386 -10.7094 -1.4880
v  74.5651 -10.5334 -1.4703
v  74.9495 -11.6142 0.4415
v  75.2946 -12.7557 2.5817
v  75.5903 -14.0958 4.9129
v  75.7221 -14.8935 6.1757
v  75.8338 -15.7614 7.3963
v  75.7874 -15.0811 5.9686
v  75.6414 -14.2644 4.6640
v  75.3353 -13.0107 2.4483
v  75.0093 -11.8885 0.3697
v  74.5758 -10.6377 -1.8512
v  74.1975 -9.6662 -3.3280
v  74.2037 -9.6408 -2.8986
v  73.9349 -9.0580 -3.5754
v  76.0092 -16.2959 6.9624
v  75.8843 -15.3554 5.6689
v  75.7174 -14.5035 4.3180
v  75.0846 -12.2457 0.2735
v  74.5790 -10.8034 -2.8754
v  74.0950 -9.5880 -4.7082
v  73.9503 -9.1870 -4.3165
v  73.9432 -9.1113 -3.8875
v  74.6189 -11.0170 -3.5296
v  75.2391 -12.7810 0.1238
v  75.5644 -13.3482 0.0260
v  75.7640 -14.1737 1.9169
v  75.9183 -15.0221 3.8019
v  76.1024 -15.9181 5.2273
v  76.2269 -16.8378 6.5375
v  76.8476 -23.5477 12.1315
v  76.8076 -21.3730 10.3543
v  76.6922 -19.3413 8.3803
v  76.5211 -17.4008 6.1272
v  76.4003 -16.4247 4.7872
v  76.2671 -15.5479 3.3812
v  76.1005 -14.6108 1.6892
v  75.9200 -13.7791 -0.0604
v  76.7724 -17.8402 5.8171
v  76.6606 -16.8449 4.4967
v  76.5340 -15.9370 3.1169
v  76.3723 -14.9588 1.4668
v  76.2007 -14.0794 -0.2398
v  75.7314 -12.9631 -1.9061
v  76.0150 -13.2199 -2.0452
v  75.8209 -12.4523 -3.8894
v  75.5340 -12.2333 -3.7890
v  75.6396 -11.7896 -5.6542
v  75.3536 -11.5948 -5.5709
v  76.1395 -13.3325 -2.1030
v  76.3117 -14.1996 -0.3100
v  76.4708 -15.0854 1.3859
v  76.6203 -16.0669 3.0305
v  76.7409 -16.9767 4.4073
v  76.8496 -17.9710 5.7216
v  76.9298 -19.7767 8.0471
v  76.9985 -19.9097 7.9479
v  77.0106 -21.7493 9.9969
v  77.0794 -21.8697 9.8822
v  76.3117 -15.1894 1.3175
v  76.4527 -16.1650 2.9524
v  76.5682 -17.0764 4.3280
v  76.6660 -18.0696 5.6455
v  76.8040 -20.0000 7.8616
v  76.8683 -21.9484 9.7844
v  76.8428 -24.0296 11.5216
v  77.0672 -23.9553 11.6220
v  76.9508 -26.2679 13.2569
v  76.7073 -26.3310 13.1476
v  75.5420 -15.0795 1.3723
v  75.6916 -16.0555 3.0087
v  75.8051 -16.9544 4.3515
v  75.9192 -17.9708 5.7207
v  76.0699 -19.9066 7.9454
v  76.1491 -21.8594 9.8718
v  76.1357 -23.9540 11.6182
v  76.0208 -26.2549 13.2486
v  76.5036 -28.6525 14.5908
v  75.8319 -28.5886 14.6974
v  76.2652 -30.7620 15.7492
v  75.6107 -30.6984 15.8553
v  76.0215 -32.6153 16.6595
v  75.3807 -32.5513 16.7661
v  75.8039 -34.1678 17.3655
v  75.1707 -34.1143 17.4775
v  75.5724 -35.6553 17.9737
v  74.9553 -35.6133 18.0933
v  75.3088 -37.3178 18.6061
v  74.6991 -37.2719 18.7240
v  74.3897 -39.0951 19.3725
v  76.7602 -28.5897 14.6997
v  76.5380 -30.7113 15.8619
v  76.3104 -32.5707 16.7804
v  76.1033 -34.1225 17.4828
v  76.5327 -30.6103 16.0117
v  76.7379 -28.4964 14.8502
v  76.9083 -26.1713 13.4017
v  77.0102 -23.8477 11.7544
v  -13.4073 -35.4391 -101.6456
v  -13.0789 -35.2282 -101.4162
v  -13.1882 -35.8870 -101.7521
v  -13.6768 -37.7960 -102.3589
v  -13.7874 -37.7359 -102.3852
v  -13.1736 -37.7896 -102.2224
v  -13.8250 -37.6365 -102.4062
v  -13.8305 -37.5084 -102.3940
v  -13.3062 -37.4960 -102.2277
v  -13.2998 -37.2917 -102.2146
v  -13.8198 -37.3056 -102.3640
v  -13.2917 -36.9676 -102.1769
v  -13.8083 -36.9818 -102.3196
v  -13.7897 -36.5807 -102.2394
v  -13.2621 -36.5056 -102.0482
v  -13.7594 -36.1412 -102.0930
v  -13.6534 -35.7387 -101.8951
v  1.4590 -37.7359 -102.3852
v  1.3484 -37.7960 -102.3589
v  0.8343 -37.8119 -102.1965
v  0.7505 -35.2282 -101.4162
v  1.0789 -35.4391 -101.6456
v  0.8598 -35.8870 -101.7521
v  1.3250 -35.7387 -101.8951
v  1.4310 -36.1412 -102.0930
v  1.4613 -36.5807 -102.2394
v  0.9337 -36.5056 -102.0482
v  0.9634 -36.9676 -102.1769
v  1.4799 -36.9818 -102.3196
v  1.4915 -37.3056 -102.3640
v  0.9715 -37.2917 -102.2146
v  1.5021 -37.5084 -102.3940
v  0.9778 -37.4960 -102.2277
v  1.4966 -37.6365 -102.4062
v  -88.6446 -26.3288 28.6989
v  -88.3742 -25.4172 29.5545
v  -88.4116 -26.4479 28.7345
v  -88.6270 -27.6350 27.5874
v  -88.3969 -27.7576 27.6233
v  -88.5748 -28.9605 26.3540
v  -88.3476 -29.0830 26.3870
v  -88.5087 -30.0387 25.1594
v  -88.2784 -30.1677 25.1878
v  -88.4437 -30.8285 24.1077
v  -88.2135 -30.9582 24.1314
v  -88.4030 -31.2787 23.3136
v  -88.1700 -31.4160 23.3276
v  -88.3771 -31.4568 22.6108
v  -88.1444 -31.5988 22.6072
v  -88.3654 -31.4357 21.8244
v  -88.1297 -31.5767 21.8065
v  -88.7999 -29.9912 25.2030
v  -88.7328 -30.7833 24.1482
v  -88.6900 -31.2409 23.3432
v  -88.6649 -31.4255 22.6267
v  -88.6540 -31.4013 21.8266
v  -88.6629 -31.1941 21.0417
v  -88.3765 -31.2320 21.0561
v  -88.6989 -30.8260 20.3795
v  -88.4090 -30.8706 20.4053
v  -88.7547 -30.0882 19.6156
v  -88.4613 -30.1403 19.6451
v  -88.7838 -30.1604 25.4386
v  -88.7148 -31.0158 24.3091
v  -88.6688 -31.4624 23.4438
v  -88.6413 -31.6988 22.6190
v  -88.6317 -31.6632 21.7673
v  -88.6403 -31.4792 20.9877
v  -88.6830 -31.0943 20.2717
v  -88.7453 -30.2983 19.4234
v  -88.0183 -36.6560 25.2000
v  -88.3924 -34.1667 25.2244
v  -88.4361 -33.8134 21.0747
v  -88.5962 -32.3289 25.2343
v  -88.6717 -31.2400 26.9468
v  -88.5659 -32.5420 22.3355
v  -88.5809 -32.2643 20.8376
v  -88.6340 -31.7873 19.9832
v  -88.7206 -30.7965 18.9661
v  -88.5676 -32.6802 19.4192
v  -88.6875 -31.4606 18.2896
v  -88.8111 -29.3257 17.8168
v  -88.8216 -29.8384 17.1400
v  -88.9311 -27.8491 15.8655
v  -88.8802 -27.4272 16.5016
v  -88.8842 -25.1497 14.9855
v  -88.9906 -25.5388 14.3619
v  -88.9807 -23.1402 12.6733
v  -88.8305 -22.7333 13.2823
v  -87.5890 -39.0930 25.1702
v  -88.0557 -36.5251 20.3398
v  -88.3301 -34.7168 19.2344
v  -88.4996 -33.4358 18.5328
v  -88.6614 -32.0388 17.5479
v  -88.8419 -30.2893 16.4945
v  -89.0045 -28.2305 15.2725
v  -89.1261 -25.9073 13.7958
v  -88.6447 -32.4681 16.9288
v  -88.4399 -34.0240 17.6338
v  -88.2302 -35.4941 18.2378
v  -87.9673 -37.1999 18.8856
v  -87.6473 -39.1055 19.5672
v  -87.2729 -41.0827 20.2388
v  -87.1676 -41.1766 25.1390
v  -86.9066 -42.9462 20.8585
v  -86.7962 -42.9263 25.1124
v  -86.7599 -43.1003 25.1083
v  -86.8690 -43.1194 20.9315
v  -86.7076 -43.2506 20.7704
v  -86.8741 -43.1211 20.7287
v  -86.8990 -42.9950 20.6874
v  -87.2797 -41.0784 20.0498
v  -87.6501 -39.1062 19.3791
v  -87.9572 -37.2747 18.7248
v  -88.2135 -35.6063 18.0903
v  -88.4316 -34.1225 17.4828
v  -88.6388 -32.5707 16.7804
v  -86.9424 -41.0945 19.9548
v  -87.3143 -39.1419 19.2574
v  -87.6371 -37.3178 18.6061
v  -87.9007 -35.6553 17.9738
v  -88.1322 -34.1678 17.3655
v  -88.3498 -32.6153 16.6595
v  -88.5936 -30.7620 15.7492
v  -88.8663 -30.7113 15.8620
v  -88.8319 -28.6525 14.5908
v  -87.7091 -32.5513 16.7661
v  -87.4990 -34.1143 17.4775
v  -87.2836 -35.6133 18.0934
v  -87.0274 -37.2719 18.7240
v  -86.7180 -39.0951 19.3725
v  -86.3455 -41.0738 20.0472
v  -86.6076 -43.0032 20.6804
v  -85.8902 -43.0028 20.7149
v  -86.5603 -43.2629 20.7795
v  -85.8198 -43.3105 20.8219
v  -86.3413 -43.2431 31.3699
v  -86.4733 -43.2222 31.2589
v  -86.3485 -43.2395 31.0047
v  -86.4824 -43.2197 31.0116
v  -86.3759 -43.2320 29.4152
v  -86.5191 -43.2226 29.4080
v  -86.4650 -43.2384 25.1282
v  -86.6083 -43.2372 25.1238
v  -86.5561 -43.2618 20.9487
v  -86.7062 -43.2529 20.9415
v  -87.9819 -36.8537 29.3571
v  -87.5269 -39.2358 29.2957
v  -87.9678 -36.9389 31.0149
v  -87.5006 -39.2870 31.0137
v  -87.0857 -41.2515 29.3158
v  -87.0366 -41.2675 31.0070
v  -86.6866 -42.9115 29.3756
v  -86.6485 -42.9107 31.0035
v  -86.6461 -43.0839 29.3798
v  -86.6051 -43.0842 31.0056
v  -88.3951 -34.1314 29.3995
v  -88.7554 -29.9279 28.1030
v  -88.7246 -30.4197 29.4660
v  -88.8881 -27.3872 29.6902
v  -87.4580 -39.3821 34.2558
v  -87.9235 -37.2593 37.1388
v  -87.9432 -37.1068 34.2625
v  -88.3730 -34.8177 37.1161
v  -88.3797 -34.4726 34.2601
v  -88.7196 -32.1861 37.0985
v  -88.6048 -32.4761 34.2572
v  -88.6257 -32.2631 34.0486
v  -88.7112 -31.2161 33.2626
v  -88.5937 -32.1706 31.2070
v  -88.5711 -32.3726 31.0009
v  -88.3922 -34.2268 31.0084
v  -88.8895 -28.3142 33.3027
v  -88.9119 -29.3757 37.0813
v  -88.7194 -32.2303 37.2773
v  -88.3726 -34.8382 37.2949
v  -87.9203 -37.2689 37.3153
v  -87.4193 -39.4617 37.3419
v  -87.4228 -39.4564 37.1654
v  -86.9298 -41.3499 37.3640
v  -86.9336 -41.3492 37.1875
v  -86.4923 -42.9119 37.2076
v  -86.9897 -41.3165 34.2523
v  -86.5666 -42.9097 34.2446
v  -86.5231 -43.0829 34.2445
v  -86.4469 -43.0858 37.2186
v  -86.4410 -43.0842 37.3872
v  -86.3330 -43.2176 37.2162
v  -86.4046 -43.2179 34.2024
v  -86.4085 -43.2185 33.9930
v  -86.2868 -43.2585 34.1773
v  -86.2970 -43.2576 33.8750
v  -86.4974 -42.8951 37.3864
v  -86.4136 -42.8937 37.5397
v  -86.3224 -43.2170 37.5426
v  -86.2078 -43.2867 37.2013
v  -86.1950 -43.2899 37.6411
v  -86.3019 -42.9012 37.6372
v  -86.7100 -41.4337 37.6148
v  -86.8270 -41.4037 37.5251
v  -87.3264 -39.4653 37.4998
v  -87.8332 -37.2589 37.4756
v  -88.2862 -34.8337 37.4531
v  -88.6270 -32.2315 37.4334
v  -88.5264 -32.2271 37.5082
v  -88.1792 -34.8254 37.5345
v  -87.7264 -37.2434 37.5601
v  -87.2191 -39.4562 37.5864
v  -88.6627 -23.6038 37.3726
v  -88.8182 -26.4314 37.3963
v  -88.5622 -23.6315 37.4508
v  -88.7183 -26.4518 37.4656
v  -88.8194 -29.4338 37.4163
v  -88.7254 -29.4401 37.4879
v  -88.0390 -19.3413 37.3526
v  -88.1221 -19.3011 37.1978
v  -88.3991 -21.3249 37.3607
v  -88.4856 -21.2840 37.2025
v  -88.7492 -23.5655 37.2143
v  -88.9080 -26.4088 37.2379
v  -88.9119 -29.4268 37.2601
v  -88.9074 -26.3807 37.0581
v  -88.9030 -25.8427 33.5027
v  -88.1127 -19.2280 37.0192
v  -88.4885 -21.3077 37.0227
v  -88.7520 -23.5935 37.0378
v  -88.2680 -19.7309 34.0669
v  -88.5804 -21.7032 33.8958
v  -88.2471 -19.4470 31.6865
v  -88.5764 -21.6070 31.4208
v  -88.7369 -23.0964 31.0035
v  -88.8192 -24.1198 33.6802
v  -88.8232 -24.2542 30.5029
v  -88.8970 -25.2931 29.8848
v  -88.8951 -25.2443 29.5700
v  -88.8256 -24.2676 30.1898
v  -88.7393 -23.1147 30.7032
v  -88.5755 -21.5988 31.1334
v  -88.2406 -19.4167 31.4018
v  -87.8675 -17.4265 31.3870
v  -87.8742 -17.4921 31.6695
v  -87.3862 -15.5072 31.2518
v  -87.3981 -15.5973 31.5445
v  -86.8378 -13.6902 31.0410
v  -86.8491 -13.7731 31.3385
v  -88.6102 -25.3022 29.5127
v  -88.5418 -24.3313 30.1266
v  -88.4620 -23.1846 30.6383
v  -88.3021 -21.6757 31.0648
v  -87.9740 -19.5020 31.3348
v  -87.5990 -17.5170 31.3176
v  -87.1186 -15.6024 31.1821
v  -86.5738 -13.7863 30.9732
v  -88.0545 -21.7720 31.1167
v  -87.7211 -19.5895 31.3876
v  -87.3440 -17.5985 31.3679
v  -86.8585 -15.6811 31.2331
v  -86.3120 -13.8653 31.0247
v  -86.0345 -12.3586 30.6902
v  -85.7703 -12.4306 30.7412
v  -85.5541 -11.2330 30.2959
v  -85.2823 -11.2986 30.3422
v  -85.1794 -10.3389 29.7615
v  -84.9086 -10.3912 29.8022
v  -86.2945 -12.2559 30.7550
v  -85.8108 -11.1249 30.3587
v  -85.4389 -10.2193 29.8179
v  -84.9127 -9.6612 29.0357
v  -85.1642 -9.5264 29.0790
v  -84.7439 -9.1781 28.0625
v  -84.9936 -9.0375 28.0946
v  -84.6579 -8.8139 26.6258
v  -84.9088 -8.6704 26.6455
v  -84.6415 -8.4919 24.5064
v  -84.8907 -8.3483 24.5211
v  -86.2995 -12.3103 31.0613
v  -85.8003 -11.1485 30.6765
v  -85.4008 -10.2221 30.1657
v  -85.0392 -9.4145 29.2864
v  -84.8076 -8.8688 28.1542
v  -84.6980 -8.5000 26.6136
v  -84.6735 -8.1773 24.5533
v  -85.0255 -10.2690 33.6749
v  -84.3828 -9.4020 33.5989
v  -84.3228 -8.6058 29.3212
v  -84.3025 -8.0092 25.5985
v  -84.3303 -7.4690 21.8682
v  -84.7197 -7.8400 21.7541
v  -84.3616 -6.9551 18.1498
v  -84.7937 -7.4762 18.1328
v  -84.8627 -7.1153 14.1864
v  -84.3712 -6.4414 14.2095
v  -83.5975 -6.8407 22.0181
v  -83.5766 -7.4496 25.7859
v  -83.5670 -8.0295 29.4949
v  -83.6006 -8.6552 33.5248
v  -84.9176 -8.0346 21.6917
v  -84.9754 -7.6926 18.1275
v  -85.0298 -7.3436 14.1809
v  -85.0634 -7.0127 10.2054
v  -84.9055 -6.7791 10.2149
v  -85.0567 -6.7006 6.2648
v  -84.8963 -6.4674 6.2718
v  -84.9842 -6.4145 2.4121
v  -84.8209 -6.1799 2.4103
v  -84.9226 -6.2383 -0.5822
v  -84.7517 -6.0101 -0.6138
v  -84.6695 -8.1789 21.6779
v  -84.7277 -7.8347 18.1159
v  -84.7818 -7.4866 14.1697
v  -84.8146 -7.1575 10.1941
v  -84.8040 -6.8473 6.2489
v  -84.7363 -6.5589 2.3983
v  -84.6718 -6.3812 -0.5910
v  -84.4996 -7.5174 14.1638
v  -84.5325 -7.1859 10.1895
v  -84.5245 -6.8762 6.2466
v  -84.4534 -6.5865 2.3948
v  -84.3890 -6.4088 -0.5977
v  -84.6716 -6.4404 -1.9152
v  -84.4174 -6.4544 -1.9316
v  -84.4940 -6.6192 -2.5166
v  -84.7683 -6.5960 -2.4865
v  -84.6556 -6.9647 -3.0827
v  -84.9290 -6.9274 -3.0358
v  -84.9233 -6.3013 -1.9186
v  -85.0260 -6.4627 -2.5045
v  -85.1866 -6.8021 -3.0682
v  -85.1565 -7.4040 -3.4790
v  -85.4175 -7.2854 -3.5232
v  -85.4494 -8.0248 -3.7024
v  -85.7133 -7.9195 -3.7565
v  -85.7460 -8.6471 -3.7161
v  -86.0159 -8.5569 -3.7705
v  -85.9873 -9.1208 -3.5302
v  -86.2633 -9.0580 -3.5754
v  -84.7776 -6.0934 -1.9691
v  -84.8996 -6.3142 -2.6544
v  -85.1141 -6.7012 -3.3589
v  -85.3709 -7.2195 -3.8071
v  -85.6806 -7.8802 -4.0380
v  -85.9920 -8.5390 -4.0526
v  -86.2715 -9.1114 -3.8875
v  -84.4955 -5.8450 -5.8080
v  -83.6271 -4.5766 -5.4870
v  -83.8965 -4.8389 -1.5062
v  -84.1073 -5.1536 2.4021
v  -84.2540 -5.5219 6.2978
v  -84.3414 -5.9563 10.2471
v  -82.2704 -3.1672 -9.3469
v  -82.5911 -3.3746 -5.3864
v  -82.8807 -3.6505 -1.4928
v  -83.1367 -3.9951 2.4188
v  -83.3427 -4.4247 6.3473
v  -83.4848 -4.9542 10.2969
v  -83.5696 -5.5519 14.2454
v  -83.6018 -6.1966 18.1782
v  -82.5671 -7.8827 33.4380
v  -82.5771 -7.3298 29.7155
v  -82.5880 -6.7273 25.9390
v  -82.5812 -6.0782 22.1074
v  -82.5512 -5.3873 18.2214
v  -82.4854 -4.6953 14.2983
v  -82.3728 -4.0540 10.3626
v  -82.2086 -3.4913 6.4225
v  -81.9760 -3.0439 2.4812
v  -80.6030 -2.2229 2.5826
v  -80.8407 -2.6598 6.5180
v  -81.0144 -3.2249 10.4471
v  -81.1416 -3.8738 14.3680
v  -81.2410 -4.5713 18.2782
v  -81.3089 -5.2763 22.1693
v  -81.3503 -5.9568 26.0386
v  -81.3679 -6.5874 29.8299
v  -81.3534 -7.1617 33.4859
v  -81.3251 -7.6806 36.8975
v  -82.5559 -8.3866 36.9558
v  -82.5552 -8.4143 37.1324
v  -81.3211 -7.7070 37.0738
v  -82.5087 -8.5079 37.2830
v  -81.2831 -7.7949 37.2284
v  -81.2479 -7.8750 37.2892
v  -82.4593 -8.6002 37.3471
v  -83.6247 -9.3735 37.3160
v  -83.5627 -9.4701 37.3848
v  -84.5944 -10.4014 37.3236
v  -84.5172 -10.4897 37.3981
v  -83.6790 -9.2770 37.1685
v  -84.6579 -10.3163 37.1746
v  -85.4705 -11.7286 37.3253
v  -85.5375 -11.6525 37.1726
v  -86.2997 -13.4878 37.3321
v  -86.3759 -13.4169 37.1781
v  -87.0302 -15.4514 37.3430
v  -87.1073 -15.3833 37.1864
v  -87.5960 -17.3951 37.3462
v  -87.6791 -17.3391 37.1916
v  -85.3839 -11.8011 37.4045
v  -86.2095 -13.5536 37.4117
v  -86.9370 -15.5139 37.4206
v  -87.4986 -17.4437 37.4296
v  -87.9381 -19.3829 37.4361
v  -88.2980 -21.3595 37.4444
v  -87.6698 -17.2848 37.0130
v  -87.1009 -15.3342 37.0101
v  -86.3732 -13.3832 37.0018
v  -85.5441 -11.6400 36.9955
v  -84.6732 -10.3140 36.9957
v  -83.6745 -9.2491 36.9871
v  -87.5318 -16.4242 34.2219
v  -86.9729 -14.5380 34.1159
v  -86.3331 -12.8345 33.9655
v  -85.6739 -11.3897 33.7646
v  -87.9461 -18.0563 34.1424
v  -6.1642 -35.8871 -101.7523
v  -9.5061 -34.7429 -101.4346
v  -9.0433 -34.6418 -101.3712
v  -5.1741 -33.8884 -100.8006
v  -4.6822 -34.0561 -100.9187
v  -5.6676 -33.7950 -100.7373
v  -6.1642 -33.7664 -100.7208
v  -6.6607 -33.7950 -100.7373
v  -8.5875 -34.4692 -101.2364
v  -7.1543 -33.8884 -100.8006
v  -7.6462 -34.0561 -100.9187
v  -8.1247 -34.2615 -101.0718
v  -2.1542 -34.8151 -101.4236
v  -2.8223 -34.7429 -101.4346
v  -3.2851 -34.6418 -101.3712
v  -3.7409 -34.4692 -101.2364
v  -4.2037 -34.2615 -101.0718
v  0.4791 -35.0886 -101.3037
v  -0.0511 -34.9921 -101.2804
v  -1.0807 -34.8992 -101.3452
v  -6.1642 -37.8118 -102.3158
v  -6.1642 -37.4961 -102.2456
v  -6.1642 -37.2931 -102.2164
v  -6.1642 -36.9680 -102.1746
v  -6.1642 -36.5064 -102.0481
v  -13.1626 -37.8119 -102.1965
v  -10.1742 -34.8151 -101.4236
v  -11.2477 -34.8992 -101.3452
v  -12.2773 -34.9922 -101.2804
v  -12.8075 -35.0886 -101.3037
v  73.1096 -9.7223 -22.1760
v  73.4919 -9.6974 -20.2445
v  73.3991 -10.0261 -22.1498
v  73.3198 -10.3899 -23.8728
v  73.7182 -10.2984 -22.1312
v  73.6311 -10.7044 -23.9423
v  73.2558 -10.8617 -25.5654
v  73.0382 -10.1206 -24.0213
v  72.9918 -10.6611 -25.8286
v  73.2288 -11.2991 -26.8310
v  72.9641 -11.2540 -27.4680
v  73.1864 -11.8222 -28.1453
v  72.9846 -11.9844 -29.0464
v  73.1615 -13.6742 -31.9013
v  73.4058 -12.3922 -28.8777
v  73.4851 -11.7725 -27.3120
v  72.7180 -15.1815 -35.2920
v  72.7169 -14.2638 -34.0194
v  73.1419 -15.5766 -34.8378
v  73.1680 -14.6077 -33.4364
v  72.7075 -13.4398 -32.6864
v  72.6875 -11.7471 -29.5397
v  72.6924 -10.9657 -27.7976
v  72.7160 -10.3141 -26.0009
v  72.7688 -9.7675 -24.1276
v  69.8839 -6.5881 -30.8789
v  70.4327 -6.0594 -26.3791
v  70.8515 -8.4754 -31.1258
v  71.3845 -7.8172 -26.4566
v  72.2250 -9.6778 -26.8378
v  72.4487 -8.6647 -22.2346
v  72.3044 -10.5402 -28.5819
v  72.3313 -11.4261 -30.3161
v  72.2938 -12.9461 -33.3639
v  72.3193 -13.7391 -34.5546
v  71.6775 -10.3724 -31.3311
v  71.1361 -11.4831 -36.0400
v  71.8038 -13.2227 -35.8983
v  72.3332 -14.5829 -35.7129
v  72.1920 -16.4672 -38.5703
v  71.3057 -14.4908 -39.5707
v  70.1443 -12.5051 -41.2635
v  69.3606 -10.1851 -40.4403
v  70.1753 -9.2716 -35.8943
v  69.2155 -7.3083 -35.4157
v  68.4185 -8.2092 -39.7707
v  67.4669 -9.3126 -44.0326
v  68.3803 -11.2569 -44.8417
v  69.1231 -13.5763 -45.8371
v  70.8125 -15.1092 -42.2013
v  71.4219 -17.6114 -42.6887
v  72.2763 -17.6777 -39.5727
v  72.3096 -18.8222 -40.5344
v  68.4428 -17.4079 -51.3782
v  67.9037 -14.7670 -50.2271
v  67.2130 -12.5278 -49.1761
v  66.3227 -10.6487 -48.2935
v  65.1659 -9.1020 -47.6420
v  66.3085 -7.7709 -43.4854
v  67.2828 -6.6339 -39.2842
v  68.1095 -5.7119 -35.0093
v  68.8054 -5.0222 -30.6300
v  64.9749 -12.0022 -52.2928
v  63.7452 -10.3760 -51.4654
v  62.4172 -9.0940 -50.9020
v  63.8071 -7.8001 -47.1411
v  64.9473 -6.5072 -43.0847
v  65.9579 -5.3650 -38.9143
v  66.8357 -4.4290 -34.6662
v  67.5782 -3.7484 -30.3824
v  68.2047 -3.2989 -26.1036
v  69.3833 -4.5528 -26.2618
v  62.3022 -6.6520 -46.7070
v  63.4171 -5.4039 -42.7211
v  64.4531 -4.3037 -38.5878
v  65.3829 -3.3987 -34.3709
v  66.1735 -2.7396 -30.1419
v  66.8517 -2.3013 -25.9049
v  67.4329 -2.0629 -21.6660
v  68.7360 -3.0541 -21.8605
v  69.1942 -2.9750 -17.6475
v  67.9312 -1.9893 -17.4426
v  68.3562 -2.0507 -13.2515
v  69.0647 -2.4174 -5.2688
v  68.7279 -2.2051 -9.1708
v  67.3117 -1.4011 -8.9890
v  66.9154 -1.2360 -13.0465
v  66.4555 -1.1707 -17.2202
v  65.9135 -1.2425 -21.4425
v  65.2777 -1.4866 -25.6780
v  64.5415 -1.9298 -29.8989
v  63.6875 -2.5807 -34.1071
v  69.5921 -3.0227 -13.4569
v  69.9421 -3.1671 -9.3469
v  70.2628 -3.3745 -5.3864
v  70.5524 -3.6505 -1.4928
v  69.3707 -2.6925 -1.4242
v  69.6477 -3.0439 2.4812
v  70.8083 -3.9951 2.4188
v  71.0143 -4.4247 6.3473
v  69.8802 -3.4913 6.4224
v  70.0444 -4.0540 10.3626
v  71.1564 -4.9542 10.2969
v  71.2412 -5.5519 14.2453
v  71.7789 -5.1536 2.4021
v  71.9257 -5.5219 6.2978
v  72.0130 -5.9563 10.2471
v  72.0428 -6.4414 14.2095
v  72.0332 -6.9551 18.1498
v  71.2735 -6.1966 18.1781
v  71.2692 -6.8407 22.0181
v  72.5343 -7.1153 14.1864
v  72.5772 -6.7790 10.2149
v  72.5680 -6.4674 6.2718
v  72.4926 -6.1799 2.4102
v  72.4234 -6.0101 -0.6138
v  71.5681 -4.8389 -1.5063
v  72.4492 -6.0933 -1.9691
v  72.5712 -6.3142 -2.6544
v  71.2988 -4.5766 -5.4871
v  72.5949 -6.3013 -1.9186
v  72.5943 -6.2383 -0.5822
v  72.6559 -6.4145 2.4121
v  72.7283 -6.7006 6.2647
v  72.7350 -7.0127 10.2053
v  72.7014 -7.3436 14.1809
v  72.4653 -7.4762 18.1328
v  72.6470 -7.6926 18.1275
v  72.3913 -7.8400 21.7541
v  72.3994 -7.8347 18.1158
v  72.4534 -7.4866 14.1697
v  72.4863 -7.1575 10.1941
v  72.4757 -6.8472 6.2489
v  72.4080 -6.5589 2.3983
v  72.3434 -6.3812 -0.5910
v  72.3432 -6.4404 -1.9153
v  72.4400 -6.5959 -2.4865
v  72.6976 -6.4627 -2.5046
v  73.2258 -11.2330 30.2959
v  72.9539 -11.2986 30.3421
v  72.8510 -10.3389 29.7615
v  72.5803 -10.3912 29.8022
v  72.5843 -9.6612 29.0357
v  72.3090 -9.7012 29.0637
v  72.4156 -9.1781 28.0624
v  72.1354 -9.2119 28.0783
v  72.3295 -8.8138 26.6258
v  72.0472 -8.8447 26.6301
v  72.3131 -8.4919 24.5063
v  72.0303 -8.5218 24.5072
v  72.0603 -8.2082 21.6762
v  72.3412 -8.1789 21.6779
v  72.1139 -7.8653 18.1094
v  72.1712 -7.5174 14.1637
v  72.2041 -7.1859 10.1895
v  72.1961 -6.8762 6.2466
v  72.1251 -6.5865 2.3947
v  72.0606 -6.4088 -0.5978
v  72.0891 -6.4544 -1.9316
v  72.1656 -6.6192 -2.5166
v  72.3451 -8.1773 24.5533
v  72.5804 -8.6704 26.6454
v  72.5624 -8.3483 24.5211
v  72.6653 -9.0375 28.0946
v  72.8359 -9.5264 29.0789
v  73.1106 -10.2193 29.8178
v  73.4825 -11.1249 30.3587
v  73.9662 -12.2558 30.7550
v  73.7062 -12.3586 30.6902
v  74.5095 -13.6902 31.0410
v  73.4720 -11.1485 30.6765
v  73.0725 -10.2221 30.1657
v  72.7108 -9.4145 29.2864
v  72.4793 -8.8688 28.1542
v  75.0697 -15.5973 31.5445
v  74.5207 -13.7731 31.3385
v  74.6446 -14.5380 34.1158
v  74.0047 -12.8345 33.9655
v  73.9711 -12.3103 31.0612
v  73.3455 -11.3897 33.7645
v  72.6972 -10.2690 33.6749
v  72.0544 -9.4019 33.5989
v  71.9945 -8.6058 29.3212
v  72.3696 -8.5000 26.6136
v  71.3462 -9.2491 36.9871
v  72.3448 -10.3140 36.9956
v  73.2158 -11.6400 36.9955
v  74.0449 -13.3832 37.0018
v  74.7726 -15.3342 37.0101
v  75.2034 -16.4242 34.2218
v  75.3415 -17.2847 37.0130
v  75.6178 -18.0563 34.1424
v  75.7843 -19.2280 37.0192
v  75.9396 -19.7308 34.0669
v  76.1601 -21.3077 37.0227
v  74.7789 -15.3833 37.1863
v  75.3507 -17.3391 37.1916
v  75.7938 -19.3011 37.1978
v  76.1572 -21.2839 37.2025
v  76.4209 -23.5655 37.2143
v  76.4237 -23.5934 37.0378
v  76.5796 -26.4088 37.2379
v  76.5790 -26.3807 37.0580
v  76.5835 -29.4268 37.2601
v  76.5836 -29.3757 37.0813
v  76.3911 -32.2303 37.2772
v  74.0476 -13.4169 37.1780
v  74.7018 -15.4514 37.3430
v  75.2677 -17.3951 37.3462
v  75.7107 -19.3413 37.3526
v  76.0708 -21.3248 37.3607
v  76.3344 -23.6038 37.3726
v  76.4898 -26.4314 37.3963
v  76.4911 -29.4338 37.4162
v  76.2986 -32.2315 37.4333
v  75.5048 -37.2589 37.4756
v  75.9578 -34.8337 37.4531
v  75.8508 -34.8254 37.5345
v  76.1981 -32.2271 37.5082
v  76.3971 -29.4401 37.4879
v  76.3899 -26.4518 37.4656
v  76.2339 -23.6315 37.4508
v  75.9697 -21.3595 37.4444
v  75.6097 -19.3829 37.4361
v  75.1702 -17.4437 37.4295
v  76.0443 -34.8382 37.2949
v  75.5919 -37.2689 37.3152
v  74.9980 -39.4653 37.4998
v  75.0910 -39.4617 37.3419
v  74.4987 -41.4036 37.5251
v  74.6015 -41.3499 37.3640
v  73.9940 -43.2170 37.5426
v  74.1126 -43.0842 37.3872
v  74.1639 -42.9119 37.2076
v  74.6053 -41.3492 37.1875
v  75.0945 -39.4563 37.1654
v  74.2383 -42.9097 34.2446
v  74.1948 -43.0829 34.2444
v  74.0801 -43.2185 33.9930
v  73.9687 -43.2576 33.8749
v  73.8667 -43.2899 37.6411
v  74.3817 -41.4337 37.6148
v  74.8908 -39.4562 37.5864
v  75.3980 -37.2433 37.5601
v  76.2428 -32.3726 31.0009
v  76.3963 -30.4197 29.4660
v  76.2654 -32.1706 31.2070
v  76.3829 -31.2160 33.2625
v  76.2974 -32.2630 34.0486
v  76.3912 -32.1861 37.0985
v  76.2765 -32.4761 34.2572
v  76.0514 -34.4726 34.2601
v  76.0446 -34.8177 37.1161
v  75.6148 -37.1068 34.2624
v  75.5951 -37.2593 37.1387
v  75.1297 -39.3821 34.2558
v  74.6614 -41.3165 34.2523
v  76.5612 -28.3142 33.3026
v  76.5598 -27.3872 29.6902
v  76.4270 -29.9278 28.1030
v  76.0668 -34.1314 29.3994
v  76.0639 -34.2268 31.0084
v  75.6536 -36.8537 29.3571
v  75.6395 -36.9389 31.0148
v  75.1985 -39.2358 29.2956
v  75.1723 -39.2870 31.0136
v  74.7574 -41.2515 29.3158
v  74.7083 -41.2675 31.0070
v  74.3582 -42.9115 29.3756
v  74.3202 -42.9106 31.0035
v  74.3178 -43.0839 29.3798
v  74.2767 -43.0842 31.0056
v  76.0641 -34.1667 25.2244
v  76.3434 -31.2399 26.9468
v  76.2678 -32.3289 25.2343
v  76.4555 -30.1604 25.4386
v  76.3865 -31.0158 24.3091
v  76.3404 -31.4624 23.4438
v  76.2376 -32.5420 22.3355
v  76.3130 -31.6988 22.6190
v  76.3033 -31.6632 21.7673
v  76.2525 -32.2643 20.8376
v  76.3120 -31.4792 20.9877
v  76.5369 -28.9098 26.4018
v  76.4715 -29.9912 25.2030
v  76.4045 -30.7833 24.1482
v  76.3617 -31.2409 23.3432
v  76.3366 -31.4255 22.6267
v  76.3257 -31.4013 21.8266
v  76.0370 -31.4357 21.8244
v  76.0487 -31.4568 22.6108
v  76.0747 -31.2787 23.3136
v  76.1154 -30.8284 24.1077
v  76.1803 -30.0387 25.1594
v  76.2465 -28.9605 26.3539
v  76.2987 -27.6350 27.5874
v  76.5879 -27.5836 27.6416
v  75.8014 -31.5767 21.8065
v  75.8160 -31.5988 22.6072
v  75.8416 -31.4160 23.3275
v  75.8851 -30.9582 24.1313
v  75.9500 -30.1677 25.1877
v  76.0192 -29.0830 26.3870
v  76.0686 -27.7575 27.6233
v  76.0832 -26.4479 28.7345
v  76.3163 -26.3288 28.6988
v  76.0458 -25.4171 29.5545
v  76.6046 -26.2737 28.7542
v  76.5936 -26.4931 28.9353
v  76.5747 -27.7336 27.8773
v  76.5215 -29.0603 26.6518
v  76.5747 -25.8426 33.5027
v  76.5687 -25.2930 29.8847
v  76.5667 -25.2443 29.5700
v  76.2819 -25.3021 29.5126
v  75.9745 -24.4419 30.1714
v  76.2135 -24.3313 30.1266
v  75.8917 -23.2877 30.6862
v  76.1337 -23.1846 30.6383
v  76.4973 -24.2676 30.1898
v  76.4949 -24.2542 30.5028
v  76.4908 -24.1198 33.6802
v  76.2521 -21.7032 33.8958
v  76.4110 -23.1147 30.7032
v  76.4085 -23.0964 31.0035
v  76.2480 -21.6070 31.4208
v  75.9188 -19.4470 31.6865
v  75.5459 -17.4921 31.6695
v  76.2472 -21.5988 31.1334
v  75.9123 -19.4167 31.4018
v  75.5392 -17.4265 31.3870
v  75.0578 -15.5072 31.2517
v  74.2455 -13.7863 30.9732
v  74.7902 -15.6024 31.1821
v  75.2707 -17.5170 31.3176
v  75.6457 -19.5020 31.3348
v  75.9738 -21.6757 31.0647
v  75.7262 -21.7720 31.1167
v  75.3927 -19.5895 31.3875
v  75.0157 -17.5985 31.3679
v  74.5301 -15.6811 31.2330
v  73.9836 -13.8653 31.0247
v  73.4420 -12.4306 30.7411
v  -88.8652 -28.9098 26.4018
v  -88.8499 -29.0603 26.6518
v  -88.9030 -27.7336 27.8774
v  -88.9219 -26.4931 28.9353
v  -88.9162 -27.5837 27.6417
v  -88.9330 -26.2737 28.7542
v  -88.3028 -24.4419 30.1714
v  -88.2201 -23.2877 30.6862
v  -81.5439 -7.3083 -35.4157
v  -83.1798 -8.4754 -31.1258
v  -82.2122 -6.5881 -30.8789
v  -82.7611 -6.0594 -26.3791
v  -81.1337 -5.0222 -30.6300
v  -80.4379 -5.7119 -35.0093
v  -79.6111 -6.6339 -39.2842
v  -80.7469 -8.2092 -39.7707
v  -79.7952 -9.3126 -44.0326
v  -78.6368 -7.7709 -43.4854
v  -77.4943 -9.1020 -47.6419
v  -78.6511 -10.6487 -48.2935
v  -79.5414 -12.5278 -49.1761
v  -80.7087 -11.2569 -44.8417
v  -81.4515 -13.5763 -45.8371
v  -80.2321 -14.7670 -50.2271
v  -78.2862 -5.3651 -38.9143
v  -77.2756 -6.5072 -43.0847
v  -76.1355 -7.8001 -47.1411
v  -74.7456 -9.0940 -50.9020
v  -76.0736 -10.3760 -51.4654
v  -77.3032 -12.0022 -52.2928
v  -78.2241 -13.9059 -53.2061
v  -78.8317 -15.9628 -54.2222
v  -80.7712 -17.4079 -51.3782
v  -74.6306 -6.6520 -46.7070
v  -73.2911 -7.9780 -50.4438
v  -71.5792 -9.3105 -53.8288
v  -72.9803 -10.2446 -54.1821
v  -74.2608 -11.3360 -54.6522
v  -75.2189 -12.4791 -55.3010
v  -76.1783 -13.9403 -56.0290
v  -76.7930 -15.2984 -56.6945
v  -77.2706 -17.0424 -57.6236
v  -77.5559 -19.0438 -58.6352
v  -75.6380 -24.8982 -64.5243
v  -76.0849 -24.5660 -63.6927
v  -75.5805 -24.6541 -64.6053
v  -75.9831 -24.1749 -63.7382
v  -76.7290 -24.3846 -62.6257
v  -76.6182 -23.8359 -62.5865
v  -78.0885 -24.2563 -60.4485
v  -78.0223 -23.6895 -60.3230
v  -79.5807 -23.7725 -57.7942
v  -78.0138 -22.6432 -59.9243
v  -77.1485 -21.1184 -60.4799
v  -76.3498 -22.6654 -62.4893
v  -75.7340 -21.0693 -62.6304
v  -75.7683 -19.5171 -61.6118
v  -75.6262 -18.0647 -60.7267
v  -75.3039 -16.7007 -59.9110
v  -74.8079 -15.4167 -59.1696
v  -74.1474 -14.2038 -58.5042
v  -73.3018 -13.0997 -57.9461
v  -72.2519 -12.1386 -57.5264
v  -71.0302 -11.3212 -57.2274
v  -79.2539 -18.3977 -55.3330
v  -79.3614 -21.1144 -56.9180
v  -79.4905 -22.6690 -57.4394
v  -80.8607 -22.3254 -54.5825
v  -83.4801 -25.5948 -51.1863
v  -83.4672 -25.4840 -51.1307
v  -82.8824 -25.2706 -52.3894
v  -82.8605 -25.1461 -52.3537
v  -82.8337 -25.0216 -52.3180
v  -83.4568 -25.3733 -51.0776
v  -83.5237 -24.8219 -50.3062
v  -82.4189 -24.2512 -52.6527
v  -82.1843 -22.2570 -51.7823
v  -81.0740 -20.0424 -52.6814
v  -80.8865 -24.6560 -55.9225
v  -82.0131 -24.8901 -53.9234
v  -80.8640 -24.4737 -55.8610
v  -81.9831 -24.7449 -53.8888
v  -82.0406 -25.0330 -53.9604
v  -82.0976 -25.1842 -54.0364
v  -82.9475 -25.4448 -52.4165
v  -83.0767 -25.7143 -52.4265
v  -82.2108 -25.3547 -54.1928
v  -82.3695 -25.5579 -54.6667
v  -83.2271 -26.0002 -52.5776
v  -82.8585 -26.6295 -56.6952
v  -83.3144 -26.6356 -54.4163
v  -82.4812 -26.0535 -56.6583
v  -82.9229 -26.0871 -54.5579
v  -81.9810 -25.5819 -56.7929
v  -81.4288 -25.3092 -57.2602
v  -81.3143 -25.2071 -56.5946
v  -81.1364 -25.1092 -56.2414
v  -80.9781 -24.9923 -56.0819
v  -80.9067 -24.8360 -55.9864
v  -79.6780 -24.8975 -58.3309
v  -79.9228 -24.9821 -58.4337
v  -80.1537 -25.0171 -58.7373
v  -80.9982 -25.2668 -58.8842
v  -81.5704 -25.5981 -58.8805
v  -82.0431 -26.0755 -58.9442
v  -82.3887 -26.6368 -59.0320
v  -83.0416 -27.2152 -56.7345
v  -82.1333 -27.2140 -61.1475
v  -81.9566 -26.6439 -61.1002
v  -81.6470 -26.1017 -61.0321
v  -81.2153 -25.6309 -60.9450
v  -80.6854 -25.2756 -60.8394
v  -80.0512 -25.0372 -60.7775
v  -79.1341 -24.9647 -60.6757
v  -78.6243 -24.9753 -60.6166
v  -78.3081 -24.9242 -60.5679
v  -83.0672 -27.7991 -56.7839
v  -82.6126 -27.7980 -59.1334
v  -82.5661 -27.2146 -59.0921
v  -82.1876 -27.7969 -61.1715
v  -82.1356 -28.3753 -61.1832
v  -82.9808 -28.3685 -56.8516
v  -82.8179 -28.8922 -56.9123
v  -83.2216 -28.8583 -54.7827
v  -82.6146 -29.3352 -56.9423
v  -82.3878 -28.9245 -59.1843
v  -82.5529 -28.3744 -59.1657
v  -81.9677 -28.9347 -61.1813
v  -81.6823 -29.4605 -61.1715
v  -82.1191 -29.4293 -59.1909
v  -81.7878 -29.8833 -59.1926
v  -83.0749 -29.2185 -54.9371
v  -82.9710 -29.5045 -54.8754
v  -83.4022 -29.1231 -53.6787
v  -82.3819 -29.7243 -56.9603
v  -82.1346 -30.0844 -56.9795
v  -81.4446 -30.2703 -59.1950
v  -80.8922 -30.7247 -59.5817
v  -81.9342 -30.4122 -56.9889
v  -81.8422 -30.6980 -56.9679
v  -80.9437 -31.0575 -59.1072
v  -80.9144 -31.3390 -59.0583
v  -81.8078 -30.9609 -56.9393
v  -81.7856 -31.2143 -56.9137
v  -80.9005 -31.6089 -59.0140
v  -80.7522 -32.0811 -59.3008
v  -80.0628 -32.0072 -60.8354
v  -82.8269 -29.8158 -54.8704
v  -82.6945 -30.1169 -54.8822
v  -82.6350 -30.3680 -54.8778
v  -82.6103 -30.5931 -54.8648
v  -82.5921 -30.8158 -54.8538
v  -82.6063 -31.3551 -54.7930
v  -83.1927 -30.4070 -53.1602
v  -83.2085 -30.2154 -53.1782
v  -83.2243 -30.0238 -53.1963
v  -83.2668 -29.8035 -53.2140
v  -83.3643 -29.5279 -53.2325
v  -83.4359 -29.2761 -53.3543
v  -83.8259 -28.9403 -52.0511
v  -83.7305 -29.2829 -52.0340
v  -83.9071 -29.1511 -51.2390
v  -83.6637 -29.5055 -51.9284
v  -83.6365 -29.6849 -51.8660
v  -83.6279 -29.8427 -51.8238
v  -83.6194 -30.0029 -51.7816
v  -83.7785 -30.5169 -51.1880
v  -83.9104 -29.6094 -50.6781
v  -83.9059 -29.4904 -50.7533
v  -84.0841 -29.0645 -49.9417
v  -83.9014 -29.3713 -50.8262
v  -83.8992 -29.2574 -50.9686
v  -84.0433 -28.9214 -50.3172
v  -84.2306 -28.5074 -49.2398
v  -84.2106 -28.4734 -49.3725
v  -84.2598 -27.8045 -49.0889
v  -84.1848 -28.4394 -49.5046
v  -84.0689 -28.9892 -50.0501
v  -84.1534 -28.4103 -49.7901
v  -84.2133 -27.8116 -49.4901
v  -84.1111 -28.3935 -50.3903
v  -84.0034 -28.8711 -50.8961
v  -84.2292 -27.1454 -49.1446
v  -84.2092 -27.1794 -49.2821
v  -84.2374 -27.8093 -49.2339
v  -84.1900 -27.2058 -49.5164
v  -84.0809 -26.6371 -49.8182
v  -84.1632 -27.2149 -49.9334
v  -84.1810 -27.8089 -49.9816
v  -84.0789 -27.8061 -50.8952
v  -84.0715 -27.2163 -50.7915
v  -84.8487 -29.1418 -46.7279
v  -84.6008 -28.0477 -47.3808
v  -84.6263 -28.9414 -47.6708
v  -84.3702 -27.9139 -48.5618
v  -84.5382 -27.1633 -47.1698
v  -84.3359 -27.1069 -48.4778
v  -84.1894 -26.3305 -48.7747
v  -84.2516 -27.1115 -49.0046
v  -84.2856 -27.7972 -48.9472
v  -84.1011 -26.5212 -49.5130
v  -84.6379 -18.8222 -40.5344
v  -84.5890 -20.8001 -42.3309
v  -85.0359 -19.0276 -39.4690
v  -85.0156 -21.1177 -41.1649
v  -84.9794 -23.2134 -42.5587
v  -84.5886 -22.9535 -43.7524
v  -84.6236 -25.2032 -45.0011
v  -84.9626 -25.2265 -43.7500
v  -84.9982 -27.0723 -44.8390
v  -84.7409 -27.1803 -46.0016
v  -84.3882 -26.0634 -47.1619
v  -85.0929 -28.7449 -45.5432
v  -85.2416 -28.6405 -45.0439
v  -85.2176 -27.0218 -44.2769
v  -85.2315 -25.3336 -43.2655
v  -85.2826 -23.4034 -42.0825
v  -85.3453 -21.3605 -40.6793
v  -85.3953 -19.3365 -39.0013
v  -85.4388 -17.3876 -37.0552
v  -85.0441 -17.0236 -37.5024
v  -85.0451 -16.0630 -36.4300
v  -85.8413 -19.6008 -38.5831
v  -85.7582 -21.5680 -40.2401
v  -85.6656 -23.5651 -41.6543
v  -85.5766 -25.4824 -42.8546
v  -85.5034 -27.2142 -43.8634
v  -85.4085 -28.7855 -44.7519
v  -85.2638 -30.2278 -45.5889
v  -84.5842 -29.8774 -48.0462
v  -84.9536 -30.5470 -46.7233
v  -85.2335 -33.5401 -46.1692
v  -85.4231 -31.3146 -45.3636
v  -85.5882 -29.2790 -44.5314
v  -85.7214 -27.4277 -43.6331
v  -85.8360 -25.5975 -42.6001
v  -85.9619 -23.6680 -41.3752
v  -86.1948 -19.7816 -38.2918
v  -86.0844 -21.7042 -39.9437
v  -86.2123 -21.7591 -39.8279
v  -86.0898 -23.7108 -41.2518
v  -85.9618 -25.6530 -42.4801
v  -85.8217 -27.5299 -43.5242
v  -85.6595 -29.4760 -44.4446
v  -85.4650 -31.6178 -45.2994
v  -85.2769 -33.6226 -46.0161
v  -85.1378 -35.1607 -46.5223
v  -84.8206 -38.0683 -47.2372
v  -84.6801 -36.5703 -46.7809
v  -84.9966 -36.5386 -46.9028
v  -84.8307 -35.2038 -46.4036
v  -84.9826 -33.6750 -45.9017
v  -85.1849 -31.6636 -45.1819
v  -85.3959 -29.5202 -44.3277
v  -85.5737 -27.5880 -43.4123
v  -85.7249 -25.7218 -42.3731
v  -85.8688 -23.7800 -41.1475
v  -86.0050 -21.8305 -39.7238
v  -85.2844 -21.7491 -39.8174
v  -85.1586 -23.7105 -41.2488
v  -85.0322 -25.6618 -42.4826
v  -84.8931 -27.5293 -43.5219
v  -84.7301 -29.4652 -44.4389
v  -84.5363 -31.6213 -45.2989
v  -84.3445 -33.6447 -46.0203
v  -84.2053 -35.1727 -46.5257
v  -86.4724 -13.9109 -30.0775
v  -86.4409 -14.6892 -31.4319
v  -85.6934 -13.7993 -30.1282
v  -85.6663 -14.5783 -31.4848
v  -86.4018 -15.4854 -32.7075
v  -85.6343 -15.3797 -32.7683
v  -86.3584 -16.3305 -33.9528
v  -85.5957 -16.2295 -34.0218
v  -86.3079 -17.1768 -35.1046
v  -85.5536 -17.0775 -35.1802
v  -86.2515 -18.0932 -36.1932
v  -85.5024 -18.0028 -36.2784
v  -86.1328 -19.9309 -38.0943
v  -85.3988 -19.8452 -38.1823
v  -86.5599 -15.3840 -32.7835
v  -86.5236 -16.2300 -34.0314
v  -86.4836 -17.0769 -35.1809
v  -86.4342 -17.9947 -36.2722
v  -86.3261 -19.8458 -38.1858
v  -86.5021 -13.0057 -28.8089
v  -86.4824 -13.7173 -30.2231
v  -86.6196 -13.8027 -30.1437
v  -86.5953 -14.5866 -31.5054
v  -86.4579 -14.5053 -31.5975
v  -86.4257 -15.3061 -32.8784
v  -86.3893 -16.1536 -34.1267
v  -86.3491 -16.9994 -35.2792
v  -86.2997 -17.9209 -36.3687
v  -86.0889 -13.4842 -30.4443
v  -86.0458 -14.2681 -31.8720
v  -85.9747 -15.9173 -34.4230
v  -85.9468 -16.7707 -35.5701
v  -85.9142 -17.7036 -36.6525
v  -86.3391 -10.9785 -23.9376
v  -85.8781 -11.2197 -25.7219
v  -86.2677 -11.5251 -25.7205
v  -86.2044 -12.1048 -27.3645
v  -85.7341 -12.3922 -28.8777
v  -86.1398 -12.7862 -28.9704
v  -85.4899 -13.6742 -31.9013
v  -85.4703 -15.5767 -34.8378
v  -85.4557 -16.4413 -35.9785
v  -86.5239 -12.3076 -27.2592
v  -86.5519 -11.7120 -25.6706
v  -86.5967 -11.1422 -23.9103
v  -86.6541 -10.6911 -22.1140
v  -86.4138 -10.5466 -22.1209
v  -86.7274 -10.3155 -20.2539
v  -86.5043 -10.1874 -20.2497
v  -86.8236 -10.0800 -18.3716
v  -86.6077 -9.9600 -18.3598
v  -87.1022 -10.0402 -16.5330
v  -86.9830 -10.1648 -18.3818
v  -86.8846 -10.4050 -20.2591
v  -86.8058 -10.7837 -22.1122
v  -86.7462 -11.2374 -23.8960
v  -86.7026 -11.8067 -25.6435
v  -86.6715 -12.4010 -27.2124
v  -86.6450 -13.0922 -28.7420
v  -86.7607 -10.5292 -20.2326
v  -86.6779 -10.9077 -22.0808
v  -86.6145 -11.3585 -23.8596
v  -86.5635 -11.9279 -25.6049
v  -86.5319 -12.5183 -27.1635
v  -86.4957 -13.2068 -28.6833
v  -86.8598 -10.2924 -18.3606
v  -86.0542 -10.1687 -18.3627
v  -85.9561 -10.4074 -20.2457
v  -85.8783 -10.7872 -22.1035
v  -85.8165 -11.2415 -23.8948
v  -85.7708 -11.8125 -25.6495
v  -85.7397 -12.4038 -27.2115
v  -85.7158 -13.0909 -28.7319
v  -87.9717 -12.0101 -5.7353
v  -87.7944 -11.4452 -7.5258
v  -87.1799 -11.8922 -5.6924
v  -86.9960 -11.3259 -7.4933
v  -87.6226 -10.9786 -9.2855
v  -86.8175 -10.8573 -9.2628
v  -87.4492 -10.6265 -11.0732
v  -86.6431 -10.5045 -11.0608
v  -87.2801 -10.3624 -12.8735
v  -86.4764 -10.2384 -12.8620
v  -87.1257 -10.2213 -14.6902
v  -86.3181 -10.0975 -14.6821
v  -86.9823 -10.1684 -16.5248
v  -86.1741 -10.0459 -16.5237
v  -87.7469 -10.8559 -9.2542
v  -87.5742 -10.5036 -11.0447
v  -87.4053 -10.2349 -12.8565
v  -87.2483 -10.0947 -14.6846
v  -86.9465 -9.9541 -16.5169
v  -87.0968 -10.0062 -14.6616
v  -87.2548 -10.1446 -12.8270
v  -87.4246 -10.4113 -11.0135
v  -87.6007 -10.7615 -9.2186
v  -87.9272 -11.3242 -7.4897
v  -87.7817 -11.2276 -7.4520
v  -87.9679 -11.7896 -5.6542
v  -88.1095 -11.8891 -5.6953
v  -88.2870 -12.5574 -3.9368
v  -87.6820 -11.5948 -5.5709
v  -87.5035 -11.0466 -7.3819
v  -87.3340 -10.5925 -9.1543
v  -87.1720 -10.2512 -10.9550
v  -87.0130 -9.9988 -12.7828
v  -86.8657 -9.8744 -14.6264
v  -86.7259 -9.8332 -16.4932
v  -86.6442 -9.7519 -12.7121
v  -86.5067 -9.6405 -14.5690
v  -86.3707 -9.6101 -16.4544
v  -86.2503 -9.7374 -18.3397
v  -86.1446 -9.9573 -20.2451
v  -86.0466 -10.2984 -22.1312
v  -85.9594 -10.7044 -23.9423
v  -86.4822 -9.6945 -10.8013
v  -86.3283 -9.4768 -12.6522
v  -86.7965 -9.9846 -10.8723
v  -86.1858 -9.3780 -14.5178
v  -86.0505 -9.3540 -16.4232
v  -85.9306 -9.4796 -18.3255
v  -85.8202 -9.6974 -20.2445
v  -85.7275 -10.0261 -22.1498
v  -85.6482 -10.3899 -23.8728
v  -86.0495 -9.1657 -12.5983
v  -85.9029 -9.0789 -14.4674
v  -85.7652 -9.0623 -16.3919
v  -85.6434 -9.1864 -18.3143
v  -85.5294 -9.3915 -20.2547
v  -85.4380 -9.7223 -22.1760
v  -85.6487 -8.7367 -14.4142
v  -85.5089 -8.7277 -16.3634
v  -85.3887 -8.8523 -18.3110
v  -85.2704 -9.0484 -20.2717
v  -85.1780 -9.3640 -22.2146
v  -85.0971 -9.7675 -24.1276
v  -85.3666 -10.1207 -24.0212
v  -85.3202 -10.6611 -25.8286
v  -85.0444 -10.3141 -26.0009
v  -85.0159 -11.7471 -29.5397
v  -84.5533 -9.6779 -26.8378
v  -84.7771 -8.6647 -22.2346
v  -85.0157 -8.2201 -18.2738
v  -85.2852 -8.1127 -14.3180
v  -83.7129 -7.8172 -26.4566
v  -84.0832 -7.3227 -22.2070
v  -84.3763 -7.0310 -18.1708
v  -83.5493 -5.5897 -18.0185
v  -84.6783 -6.9741 -14.1293
v  -83.8908 -5.5939 -13.9012
v  -84.2001 -5.6656 -9.7145
v  -85.0288 -7.1624 -10.0168
v  -82.9777 -4.2418 -13.6747
v  -82.6084 -4.2075 -17.8420
v  -82.1956 -4.2960 -22.0189
v  -81.5226 -2.9750 -17.6475
v  -83.4645 -11.4831 -36.0400
v  -82.5036 -9.2716 -35.8943
v  -81.6889 -10.1851 -40.4403
v  -84.0059 -10.3724 -31.3311
v  -84.6596 -11.4261 -30.3161
v  -83.1908 -5.7351 -22.1353
v  -84.6222 -12.9461 -33.3639
v  -84.1322 -13.2227 -35.8983
v  -84.6616 -14.5829 -35.7129
v  -84.5204 -16.4672 -38.5703
v  -83.6340 -14.4908 -39.5707
v  -85.0464 -15.1815 -35.2920
v  -85.0359 -13.4398 -32.6864
v  -84.0683 -25.2568 -48.1855
v  -83.9444 -22.5892 -46.3313
v  -83.8907 -20.3670 -44.8077
v  -83.7503 -17.6115 -42.6887
v  -83.1408 -15.1092 -42.2013
v  -82.4726 -12.5052 -41.2635
v  -83.2757 -22.4803 -49.1260
v  -82.7632 -19.4708 -48.1819
v  -82.0780 -16.2520 -46.9409
v  -83.9320 -25.7499 -49.5478
v  -83.8633 -25.8677 -50.0929
v  -83.8632 -25.9546 -50.1815
v  -83.8630 -26.0416 -50.2702
v  -83.5345 -25.7679 -51.1949
v  -83.8812 -26.1477 -50.3498
v  -83.9379 -26.2920 -50.4101
v  -83.6736 -26.0659 -51.1106
v  -84.1153 -26.4607 -49.3918
v  -84.0903 -26.5817 -49.6350
v  -84.0808 -26.6847 -50.1208
v  -83.8990 -26.5626 -51.0211
v  -83.3230 -26.2260 -53.0220
v  -83.6790 -26.6697 -52.5193
v  -83.8405 -27.2148 -52.3368
v  -83.8435 -27.8032 -52.4321
v  -83.7380 -28.3722 -52.7666
v  -83.4979 -27.8000 -54.4425
v  -83.4902 -27.2153 -54.3807
v  -83.9909 -28.3817 -51.3600
v  -83.5724 -28.8406 -53.2217
v  -83.3849 -28.3677 -54.5978
v  48.9869 -39.3780 -86.6324
v  45.8563 -38.1840 -89.2350
v  49.0230 -38.0286 -86.6318
v  51.7466 -40.7539 -83.6785
v  52.1959 -39.2460 -83.5817
v  52.4045 -37.6215 -83.4846
v  49.7756 -36.7857 -85.5769
v  51.5610 -36.4460 -83.8458
v  53.1147 -36.2463 -82.2757
v  55.2433 -39.1141 -80.2898
v  55.5952 -37.6219 -79.9727
v  55.8218 -36.1631 -79.3585
v  53.1320 -34.7315 -81.5633
v  51.3549 -35.2900 -83.4803
v  49.4853 -35.7545 -85.3164
v  47.8306 -37.0525 -87.3132
v  47.4991 -36.1464 -87.1303
v  45.2486 -36.4557 -88.9815
v  45.6328 -37.2280 -89.1124
v  42.6901 -37.4092 -91.1993
v  59.3890 -30.8735 -72.6680
v  59.2002 -32.3082 -73.6695
v  57.9673 -32.1515 -74.9872
v  58.8842 -34.4555 -75.1764
v  56.4299 -33.2052 -77.2878
v  56.0635 -34.6054 -78.4295
v  54.8183 -34.0505 -79.4873
v  58.5556 -36.0511 -76.0903
v  58.3738 -37.4997 -76.5787
v  58.0476 -38.9844 -76.8706
v  57.6071 -40.5025 -77.0389
v  42.5793 -36.6657 -90.9211
v  39.6071 -36.7835 -92.7931
v  39.6059 -37.5315 -93.0571
v  36.3949 -37.5861 -94.6633
v  36.4579 -36.8174 -94.4386
v  33.8357 -37.6038 -95.8069
v  33.2181 -36.8136 -95.9727
v  32.7231 -37.6171 -96.2856
v  32.7492 -36.8866 -96.0936
v  33.0711 -36.7257 -95.9435
v  32.9762 -36.6503 -95.8469
v  32.6761 -36.4407 -95.5996
v  33.0254 -36.3867 -95.4379
v  33.0944 -36.0457 -94.8902
v  32.0759 -38.2481 -96.6147
v  32.6700 -38.3625 -96.4358
v  33.7675 -38.4463 -95.9853
v  36.3234 -38.5982 -94.8755
v  39.5462 -38.4437 -93.3128
v  42.7292 -38.3378 -91.4287
v  45.7508 -39.5080 -89.3302
v  42.6256 -39.6406 -91.5685
v  39.4854 -39.7980 -93.4221
v  36.2094 -40.0105 -94.9649
v  33.7366 -39.2061 -96.0490
v  32.6956 -38.9130 -96.5120
v  32.5408 -38.7474 -96.5522
v  32.3423 -38.6375 -96.6157
v  38.2902 -45.3330 -92.6985
v  35.1249 -45.2796 -94.1904
v  38.7053 -44.0620 -93.0683
v  35.4865 -44.1237 -94.5092
v  35.8114 -42.7725 -94.7608
v  39.0542 -42.6752 -93.3176
v  39.3237 -41.2333 -93.4385
v  36.0648 -41.3586 -94.9250
v  42.4015 -41.1184 -91.5961
v  45.4432 -41.0050 -89.3559
v  48.5960 -40.8817 -86.6893
v  36.1576 -48.6938 -90.4126
v  37.0990 -47.5766 -91.3868
v  39.8571 -47.7271 -89.4952
v  37.7698 -46.4986 -92.1558
v  40.5834 -46.5835 -90.3024
v  41.1852 -45.3314 -90.8678
v  41.6806 -43.9909 -91.2418
v  42.0874 -42.5775 -91.4864
v  45.0597 -42.4786 -89.2660
v  44.5786 -43.9135 -89.0504
v  43.9812 -45.3031 -88.7067
v  43.2848 -46.6026 -88.1899
v  42.4994 -47.7734 -87.4444
v  41.5163 -48.9542 -86.4174
v  38.9462 -48.8842 -88.4114
v  48.1304 -42.3712 -86.6510
v  47.5605 -43.8349 -86.5081
v  46.8577 -45.2705 -86.2393
v  46.0600 -46.6188 -85.8074
v  45.2042 -47.8232 -85.1650
v  44.1506 -49.0479 -84.2215
v  42.7515 -50.4523 -82.8822
v  46.8888 -49.1623 -81.7345
v  48.0100 -47.8838 -82.5824
v  48.9210 -46.6362 -83.1159
v  49.7952 -45.2358 -83.4578
v  50.5793 -43.7537 -83.6437
v  51.2181 -42.2589 -83.7090
v  49.7736 -49.2971 -78.8555
v  50.9487 -47.9574 -79.6159
v  51.8787 -46.6583 -80.0744
v  52.7774 -45.2051 -80.3547
v  53.5862 -43.6763 -80.4867
v  54.2418 -42.1500 -80.5018
v  54.7806 -40.6255 -80.4231
v  48.1353 -50.8683 -77.6569
v  52.5753 -49.4415 -75.8162
v  53.8091 -48.0404 -76.4833
v  54.7477 -46.6833 -76.8703
v  55.6419 -45.1788 -77.0954
v  56.4394 -43.6057 -77.1844
v  57.0809 -42.0438 -77.1530
v  50.7977 -51.0840 -74.7445
v  48.6821 -52.7267 -73.3781
v  46.2242 -52.4582 -76.1548
v  44.2254 -53.8476 -74.4735
v  46.4304 -54.1210 -71.8190
v  44.1135 -55.3963 -70.1636
v  42.1803 -55.1375 -72.7014
v  40.1321 -54.8115 -75.2782
v  41.9089 -53.5320 -77.1037
v  39.6383 -53.1719 -79.5450
v  38.0960 -54.3948 -77.7456
v  36.0687 -53.9333 -80.1593
v  37.4370 -52.8255 -81.7950
v  35.3278 -52.5506 -83.8513
v  33.1580 -52.3200 -85.7649
v  34.1386 -51.2883 -87.3208
v  36.5240 -51.4424 -85.4523
v  38.8034 -51.6259 -83.4695
v  41.1878 -51.8807 -81.2787
v  43.6649 -52.1725 -78.8488
v  45.3818 -50.6537 -80.4408
v  40.2241 -50.2873 -85.0536
v  37.7842 -50.1728 -87.0195
v  35.1511 -50.0405 -88.8998
v  32.0559 -49.8232 -90.8176
v  31.4343 -51.1133 -89.1636
v  28.4762 -50.9329 -90.9127
v  28.7528 -49.5927 -92.5686
v  25.5123 -49.4347 -93.9700
v  32.8059 -48.6634 -92.0155
v  33.4167 -47.9327 -92.6272
v  34.0420 -47.2059 -93.1827
v  34.6648 -46.2895 -93.7629
v  30.8913 -47.4207 -94.2460
v  31.6128 -46.8400 -94.5192
v  32.1961 -46.0833 -94.8965
v  32.6171 -45.2201 -95.1977
v  32.9495 -44.1696 -95.4620
v  33.2674 -42.8489 -95.7185
v  33.5216 -41.4574 -95.9186
v  33.6668 -40.1923 -96.0204
v  32.3312 -42.8758 -96.0768
v  32.5891 -41.4947 -96.2930
v  32.7344 -40.2604 -96.4109
v  32.7703 -39.3450 -96.4716
v  32.4060 -38.8297 -96.6017
v  32.5616 -38.9645 -96.5557
v  32.6441 -39.3701 -96.5096
v  32.6087 -40.2708 -96.4462
v  32.4635 -41.4955 -96.3283
v  32.2069 -42.8750 -96.1202
v  31.8906 -44.1858 -95.8663
v  32.0169 -44.1848 -95.8229
v  31.6910 -45.2023 -95.5813
v  31.5628 -45.2005 -95.6269
v  31.1665 -46.0029 -95.3744
v  32.5260 -39.3873 -96.4972
v  32.4905 -40.2757 -96.4339
v  32.3472 -41.4953 -96.3214
v  32.0892 -42.8683 -96.1106
v  31.7727 -44.1763 -95.8619
v  31.4492 -45.1887 -95.6231
v  31.0574 -45.9820 -95.3757
v  30.5446 -46.6249 -95.0979
v  30.6388 -46.6664 -95.0882
v  31.2886 -46.0124 -95.3232
v  30.7342 -46.6982 -95.0224
v  30.0258 -47.1813 -94.8588
v  30.0964 -47.2378 -94.7789
v  29.4337 -47.6109 -94.6914
v  29.3772 -47.5327 -94.7820
v  28.1090 -47.7175 -95.0017
v  28.1549 -47.8099 -94.9106
v  25.6607 -47.8294 -95.5797
v  25.6387 -47.7312 -95.6574
v  22.4487 -47.6650 -96.4943
v  22.4474 -47.7623 -96.4296
v  19.0163 -47.7066 -97.1945
v  29.9542 -47.1191 -94.8825
v  29.3184 -47.4566 -94.8113
v  28.0635 -47.6336 -95.0290
v  25.6112 -47.6421 -95.6804
v  22.4361 -47.5691 -96.5047
v  19.0163 -47.5079 -97.2557
v  19.0226 -47.6062 -97.2511
v  15.4712 -47.5509 -97.9196
v  15.4671 -47.4524 -97.9204
v  15.4670 -47.6535 -97.8683
v  11.9007 -47.6002 -98.4406
v  11.9060 -47.4941 -98.4921
v  8.3229 -47.4365 -98.9669
v  8.3172 -47.5429 -98.9164
v  4.7110 -47.4866 -99.2976
v  4.7158 -47.3807 -99.3459
v  1.0941 -47.3372 -99.6410
v  1.0927 -47.4458 -99.5960
v  -2.5346 -47.4301 -99.8127
v  -2.5340 -47.3206 -99.8566
v  -6.1642 -47.3208 -99.9475
v  11.9032 -47.3962 -98.4923
v  8.3208 -47.3382 -98.9633
v  4.7152 -47.2784 -99.3441
v  1.0948 -47.2343 -99.6335
v  -2.5336 -47.2188 -99.8522
v  -6.1642 -47.2180 -99.9419
v  -9.7948 -47.2188 -99.8522
v  -9.7943 -47.3206 -99.8566
v  -6.1642 -47.4294 -99.9024
v  -9.7938 -47.4301 -99.8127
v  -13.4225 -47.3372 -99.6410
v  -13.4211 -47.4458 -99.5960
v  -17.0393 -47.4866 -99.2976
v  -17.0442 -47.3807 -99.3459
v  -20.6513 -47.4365 -98.9669
v  -20.6456 -47.5430 -98.9164
v  -24.2291 -47.6002 -98.4406
v  -24.2344 -47.4941 -98.4921
v  -27.7996 -47.5509 -97.9196
v  -27.7954 -47.6535 -97.8683
v  -31.3447 -47.7066 -97.1945
v  -13.4232 -47.2343 -99.6335
v  -17.0436 -47.2784 -99.3441
v  -20.6491 -47.3382 -98.9633
v  -24.2316 -47.3962 -98.4923
v  -27.7955 -47.4524 -97.9204
v  -31.3447 -47.5079 -97.2557
v  -31.3510 -47.6062 -97.2511
v  -34.7771 -47.6650 -96.4943
v  -34.7645 -47.5691 -96.5047
v  -34.7758 -47.7623 -96.4296
v  -37.9891 -47.8294 -95.5797
v  -37.9671 -47.7312 -95.6574
v  -40.4374 -47.7175 -95.0017
v  -40.4832 -47.8099 -94.9106
v  -41.7620 -47.6109 -94.6914
v  -41.7056 -47.5327 -94.7820
v  -42.3542 -47.1813 -94.8588
v  -42.4248 -47.2378 -94.7789
v  -43.0626 -46.6982 -95.0224
v  -42.9672 -46.6664 -95.0882
v  -43.4949 -46.0029 -95.3744
v  -37.9396 -47.6421 -95.6804
v  -40.3919 -47.6336 -95.0290
v  -41.6467 -47.4566 -94.8113
v  -42.2826 -47.1191 -94.8825
v  -42.8730 -46.6249 -95.0979
v  -43.3858 -45.9820 -95.3757
v  -43.7776 -45.1887 -95.6231
v  -43.8911 -45.2006 -95.6269
v  -43.6170 -46.0124 -95.3232
v  -44.0194 -45.2023 -95.5813
v  -44.2190 -44.1858 -95.8663
v  -44.3453 -44.1848 -95.8229
v  -44.6596 -42.8758 -96.0768
v  -44.5353 -42.8750 -96.1202
v  -44.7919 -41.4955 -96.3283
v  -44.9175 -41.4947 -96.2930
v  -45.0627 -40.2604 -96.4109
v  -44.9371 -40.2709 -96.4462
v  -44.9725 -39.3702 -96.5096
v  -45.0987 -39.3450 -96.4716
v  -45.0239 -38.9130 -96.5120
v  -44.1010 -44.1763 -95.8619
v  -44.4176 -42.8683 -96.1106
v  -44.6756 -41.4953 -96.3214
v  -44.8189 -40.2757 -96.4339
v  -44.8544 -39.3873 -96.4972
v  -44.7738 -39.0008 -96.5438
v  -44.8900 -38.9645 -96.5557
v  -44.7344 -38.8297 -96.6017
v  -44.6241 -38.8853 -96.5886
v  -44.8692 -38.7474 -96.5522
v  -44.6706 -38.6375 -96.6157
v  -44.5492 -38.7362 -96.6566
v  -44.1236 -38.6628 -96.7692
v  -44.2184 -38.5565 -96.7363
v  -43.3160 -38.4857 -96.9729
v  -43.2603 -38.5936 -96.9971
v  -41.5863 -38.5002 -97.4324
v  -41.6097 -38.3892 -97.4175
v  -38.7454 -38.2357 -98.1635
v  -38.7338 -38.3533 -98.1804
v  -35.2866 -38.2013 -99.0385
v  -44.4478 -38.8038 -96.6395
v  -44.0438 -38.7409 -96.7516
v  -43.2050 -38.6792 -96.9714
v  -41.5550 -38.5912 -97.4017
v  -38.7096 -38.4485 -98.1501
v  -35.2627 -38.2983 -99.0108
v  -31.8153 -38.1863 -99.7861
v  -31.8359 -38.0880 -99.8141
v  -35.2999 -38.0777 -99.0201
v  -31.8468 -37.9627 -99.7964
v  -28.3278 -37.9921 -100.5077
v  -28.3379 -37.8677 -100.4894
v  -24.7281 -37.7730 -101.1106
v  -24.7210 -37.8988 -101.1272
v  -21.0733 -37.8070 -101.6508
v  -21.0797 -37.6797 -101.6337
v  -17.4495 -37.5936 -102.0441
v  -17.4453 -37.7199 -102.0560
v  -28.3138 -38.0901 -100.4806
v  -24.7091 -37.9979 -101.0944
v  -21.0603 -37.9056 -101.6178
v  -17.4210 -37.8207 -102.0284
v  -17.4449 -37.3933 -102.0023
v  -17.4400 -37.0743 -101.9329
v  -17.4338 -36.6776 -101.8223
v  -17.4190 -36.2408 -101.6495
v  -17.3363 -35.7256 -101.2918
v  -21.0600 -35.8165 -100.7619
v  -21.0826 -36.3320 -101.1535
v  -24.7466 -36.4114 -100.5591
v  -24.7501 -35.8988 -100.1443
v  -28.3732 -35.9659 -99.4384
v  -28.3427 -37.6636 -100.4224
v  -24.7315 -37.5707 -101.0476
v  -21.0802 -37.4814 -101.5805
v  -21.0812 -37.1632 -101.4913
v  -21.0832 -36.7685 -101.3526
v  -24.7426 -36.8498 -100.7801
v  -28.3582 -36.9193 -100.1182
v  -31.8519 -37.7540 -99.7180
v  -31.8651 -37.4075 -99.5845
v  -28.3500 -37.3313 -100.2969
v  -24.7369 -37.2486 -100.9371
v  -31.8781 -36.9791 -99.3796
v  -35.3428 -37.0148 -98.5756
v  -35.3268 -37.4795 -98.7983
v  -35.3099 -37.8607 -98.9414
v  -38.7600 -37.9991 -98.0899
v  -41.6361 -38.1266 -97.3426
v  -43.3804 -38.2070 -96.8943
v  -44.4042 -38.2481 -96.6147
v  -45.0045 -36.4407 -95.5996
v  -44.5035 -36.8991 -96.2271
v  -45.0776 -36.8866 -96.0936
v  -45.0515 -37.6171 -96.2856
v  -44.4535 -37.6206 -96.4715
v  -43.4506 -37.6121 -96.7421
v  -41.6824 -37.5868 -97.1990
v  -38.7866 -37.5402 -97.9452
v  -38.8043 -37.0052 -97.7067
v  -41.7021 -36.9791 -96.9550
v  -43.4847 -36.9593 -96.4864
v  -44.4379 -36.4839 -95.8026
v  -43.4326 -36.5058 -96.0969
v  -41.6638 -36.5186 -96.5847
v  -38.7902 -36.5384 -97.3680
v  -35.3557 -36.5464 -98.2665
v  -31.8920 -36.5221 -99.1105
v  -28.3692 -36.4745 -99.8796
v  -31.8965 -36.0106 -98.6419
v  -35.3497 -36.0428 -97.7719
v  -38.7536 -36.0699 -96.8415
v  -41.5918 -36.0888 -96.0357
v  -43.3515 -36.0998 -95.5320
v  -44.3700 -36.0980 -95.2316
v  -44.9954 -36.0771 -95.0342
v  -45.4228 -36.0457 -94.8902
v  -45.3538 -36.3867 -95.4379
v  -45.3046 -36.6503 -95.8469
v  -45.3995 -36.7257 -95.9435
v  -45.5465 -36.8136 -95.9727
v  -46.1641 -37.6038 -95.8069
v  -48.7863 -36.8174 -94.4386
v  -48.7233 -37.5861 -94.6633
v  -51.9355 -36.7835 -92.7931
v  -51.9343 -37.5315 -93.0571
v  -55.0185 -37.4092 -91.1993
v  -62.1040 -36.7857 -85.5769
v  -60.1589 -37.0525 -87.3132
v  -61.3514 -38.0287 -86.6318
v  -58.1846 -38.1840 -89.2350
v  -57.9612 -37.2280 -89.1124
v  -55.0576 -38.3378 -91.4287
v  -51.8745 -38.4437 -93.3128
v  -48.6518 -38.5982 -94.8755
v  -46.0959 -38.4463 -95.9853
v  -44.9984 -38.3625 -96.4358
v  -46.0649 -39.2061 -96.0490
v  -48.5378 -40.0105 -94.9649
v  -51.8138 -39.7980 -93.4221
v  -54.9540 -39.6407 -91.5685
v  -58.0791 -39.5080 -89.3302
v  -61.3153 -39.3780 -86.6324
v  -44.5245 -46.0833 -94.8965
v  -47.4533 -45.2796 -94.1904
v  -44.9455 -45.2201 -95.1977
v  -45.2779 -44.1697 -95.4620
v  -47.8149 -44.1238 -94.5092
v  -48.1398 -42.7725 -94.7608
v  -45.5958 -42.8489 -95.7185
v  -45.8499 -41.4575 -95.9186
v  -48.3932 -41.3586 -94.9250
v  -51.6521 -41.2333 -93.4385
v  -54.7299 -41.1184 -91.5961
v  -57.7716 -41.0050 -89.3559
v  -50.0982 -46.4986 -92.1558
v  -50.6186 -45.3330 -92.6985
v  -51.0337 -44.0620 -93.0683
v  -51.3826 -42.6752 -93.3176
v  -54.4158 -42.5775 -91.4864
v  -54.0090 -43.9909 -91.2418
v  -53.5136 -45.3314 -90.8678
v  -52.9117 -46.5835 -90.3024
v  -52.1855 -47.7271 -89.4952
v  -49.4274 -47.5766 -91.3868
v  -48.4860 -48.6938 -90.4126
v  -51.2746 -48.8842 -88.4114
v  -53.8446 -48.9542 -86.4174
v  -54.8278 -47.7734 -87.4444
v  -55.6132 -46.6026 -88.1899
v  -56.3096 -45.3031 -88.7067
v  -56.9070 -43.9135 -89.0504
v  -57.3881 -42.4786 -89.2660
v  -60.9244 -40.8817 -86.6893
v  -60.4588 -42.3712 -86.6510
v  -59.8889 -43.8349 -86.5081
v  -59.1861 -45.2705 -86.2393
v  -58.3883 -46.6188 -85.8074
v  -57.5326 -47.8233 -85.1650
v  -56.4790 -49.0479 -84.2215
v  -64.7329 -37.6215 -83.4846
v  -64.5243 -39.2460 -83.5817
v  -64.0750 -40.7539 -83.6785
v  -63.5465 -42.2589 -83.7090
v  -62.9077 -43.7537 -83.6437
v  -62.1236 -45.2358 -83.4578
v  -61.2494 -46.6363 -83.1159
v  -68.7583 -33.2052 -77.2878
v  -67.1467 -34.0505 -79.4873
v  -68.3919 -34.6054 -78.4295
v  -65.4604 -34.7315 -81.5633
v  -68.1502 -36.1631 -79.3585
v  -65.4431 -36.2463 -82.2757
v  -67.9236 -37.6219 -79.9727
v  -67.5717 -39.1141 -80.2898
v  -67.1090 -40.6255 -80.4231
v  -66.5702 -42.1500 -80.5018
v  -65.9146 -43.6763 -80.4867
v  -70.7022 -37.4997 -76.5787
v  -70.8840 -36.0511 -76.0902
v  -71.2126 -34.4555 -75.1764
v  -70.2956 -32.1515 -74.9872
v  -71.5286 -32.3082 -73.6695
v  -71.7173 -30.8735 -72.6679
v  -64.9037 -49.4415 -75.8162
v  -66.1375 -48.0404 -76.4833
v  -63.2771 -47.9574 -79.6159
v  -67.0761 -46.6833 -76.8703
v  -64.2070 -46.6583 -80.0744
v  -65.1058 -45.2051 -80.3547
v  -67.9703 -45.1788 -77.0954
v  -68.7677 -43.6057 -77.1843
v  -69.4092 -42.0438 -77.1530
v  -69.9354 -40.5025 -77.0389
v  -70.3760 -38.9844 -76.8706
v  -60.3384 -47.8839 -82.5824
v  -59.2171 -49.1623 -81.7345
v  -62.1019 -49.2971 -78.8555
v  -60.4636 -50.8683 -77.6569
v  -57.7102 -50.6537 -80.4408
v  -55.9933 -52.1726 -78.8488
v  -58.5526 -52.4582 -76.1548
v  -56.5537 -53.8476 -74.4735
v  -54.2372 -53.5320 -77.1037
v  -63.1260 -51.0840 -74.7445
v  -61.0105 -52.7267 -73.3781
v  -58.7588 -54.1210 -71.8190
v  -56.4419 -55.3963 -70.1636
v  -54.5087 -55.1375 -72.7014
v  -52.4605 -54.8115 -75.2782
v  -51.9667 -53.1719 -79.5450
v  -50.4244 -54.3948 -77.7456
v  -48.3970 -53.9333 -80.1593
v  -53.5162 -51.8807 -81.2787
v  -51.1318 -51.6259 -83.4695
v  -49.7654 -52.8255 -81.7950
v  -47.6561 -52.5506 -83.8513
v  -48.8524 -51.4424 -85.4523
v  -46.4670 -51.2883 -87.3208
v  -45.4864 -52.3200 -85.7649
v  -43.1029 -52.1125 -87.5905
v  -43.7627 -51.1133 -89.1636
v  -40.8046 -50.9329 -90.9127
v  -40.4377 -51.9168 -89.3390
v  -37.4204 -51.7151 -91.0219
v  -37.6552 -50.7581 -92.4837
v  -46.4890 -53.5755 -82.2321
v  -44.5193 -53.2459 -84.2225
v  -42.4204 -52.9662 -86.0506
v  -40.0275 -52.7220 -87.8037
v  -37.1639 -52.4906 -89.5707
v  -34.0021 -52.2770 -91.1950
v  -34.1740 -51.5282 -92.5364
v  -30.8219 -51.3628 -93.7736
v  -34.3553 -50.6019 -93.8464
v  -30.9542 -50.4673 -94.9677
v  -27.4842 -50.3529 -95.8823
v  -27.3895 -51.2189 -94.7720
v  -23.9080 -51.0971 -95.5631
v  -23.9751 -50.2589 -96.6173
v  -20.4419 -50.1694 -97.1965
v  -20.3893 -50.9863 -96.1710
v  -16.8526 -50.8779 -96.6233
v  -16.8923 -50.0793 -97.6290
v  -13.3288 -50.0042 -97.9530
v  -13.3011 -50.7857 -96.9580
v  -6.1642 -51.1814 -96.3732
v  -9.7217 -51.2842 -96.1478
v  -9.7354 -50.7120 -97.2140
v  -13.2784 -51.3901 -95.8800
v  -16.8259 -51.5020 -95.5350
v  -20.3684 -51.6181 -95.1475
v  -23.8604 -51.7603 -94.4354
v  -27.3185 -51.9135 -93.6043
v  -30.7083 -52.0829 -92.5301
v  -9.7504 -49.9582 -98.1951
v  -6.1642 -49.9424 -98.2967
v  -6.1642 -50.6797 -97.3207
v  -2.5929 -50.7120 -97.2140
v  -2.5780 -49.9582 -98.1951
v  1.0004 -50.0042 -97.9530
v  0.9728 -50.7857 -96.9580
v  4.5242 -50.8779 -96.6233
v  4.5639 -50.0793 -97.6290
v  8.1135 -50.1694 -97.1965
v  8.0609 -50.9863 -96.1710
v  11.5797 -51.0971 -95.5631
v  11.6467 -50.2589 -96.6173
v  -2.6066 -51.2842 -96.1478
v  0.9500 -51.3901 -95.8800
v  4.4976 -51.5020 -95.5350
v  8.0400 -51.6181 -95.1475
v  11.5320 -51.7603 -94.4354
v  14.9902 -51.9135 -93.6043
v  15.0611 -51.2189 -94.7720
v  18.4935 -51.3628 -93.7736
v  15.1558 -50.3529 -95.8823
v  18.6258 -50.4673 -94.9677
v  22.0270 -50.6019 -93.8464
v  21.8456 -51.5282 -92.5364
v  25.0921 -51.7151 -91.0219
v  25.3268 -50.7581 -92.4837
v  28.1094 -51.9168 -89.3390
v  30.7746 -52.1125 -87.5905
v  34.1606 -53.5755 -82.2321
v  32.1910 -53.2459 -84.2225
v  30.0921 -52.9662 -86.0506
v  27.6991 -52.7219 -87.8037
v  24.8356 -52.4906 -89.5707
v  21.6738 -52.2770 -91.1950
v  18.3800 -52.0829 -92.5301
v  72.2607 -20.8001 -42.3309
v  71.8611 -26.3305 -48.7747
v  72.0598 -26.0634 -47.1619
v  72.2098 -27.1633 -47.1698
v  72.2953 -25.2031 -45.0011
v  71.7399 -25.2568 -48.1855
v  71.6160 -22.5892 -46.3313
v  71.1954 -24.8219 -50.3062
v  70.9473 -22.4803 -49.1260
v  69.8559 -22.2570 -51.7823
v  70.4348 -19.4708 -48.1819
v  71.5623 -20.3670 -44.8077
v  71.6037 -25.7499 -49.5478
v  71.5349 -25.8676 -50.0929
v  71.7869 -26.4607 -49.3918
v  71.9233 -27.1115 -49.0046
v  71.7728 -26.5212 -49.5130
v  71.5348 -25.9546 -50.1815
v  71.1389 -25.4840 -51.1307
v  71.5347 -26.0416 -50.2702
v  71.7620 -26.5817 -49.6350
v  71.8808 -27.1794 -49.2821
v  71.7525 -26.6371 -49.8182
v  71.5528 -26.1477 -50.3498
v  71.6096 -26.2919 -50.4101
v  71.7524 -26.6847 -50.1208
v  71.8349 -27.2149 -49.9334
v  71.5706 -26.5626 -51.0211
v  71.3452 -26.0659 -51.1106
v  71.2061 -25.7679 -51.1949
v  71.1518 -25.5948 -51.1863
v  70.5945 -26.0871 -54.5579
v  70.9946 -26.2260 -53.0220
v  70.9860 -26.6356 -54.4163
v  71.3506 -26.6697 -52.5193
v  71.5122 -27.2148 -52.3368
v  70.8988 -26.0002 -52.5776
v  70.7484 -25.7143 -52.4265
v  70.6191 -25.4448 -52.4165
v  70.5541 -25.2706 -52.3894
v  69.8824 -25.3546 -54.1928
v  68.8081 -25.1092 -56.2414
v  69.7692 -25.1842 -54.0364
v  68.6497 -24.9923 -56.0819
v  68.5783 -24.8360 -55.9864
v  69.7123 -25.0329 -53.9604
v  69.6847 -24.8900 -53.9234
v  70.0411 -25.5579 -54.6667
v  69.6526 -25.5819 -56.7929
v  70.1529 -26.0535 -56.6583
v  69.2421 -25.5981 -58.8805
v  69.7147 -26.0755 -58.9442
v  70.0604 -26.6368 -59.0320
v  70.5302 -26.6295 -56.6952
v  70.7132 -27.2152 -56.7345
v  69.1005 -25.3092 -57.2602
v  68.9859 -25.2071 -56.5946
v  68.6699 -25.2668 -58.8842
v  67.8253 -25.0171 -58.7373
v  67.5944 -24.9820 -58.4337
v  67.3497 -24.8975 -58.3309
v  67.2580 -24.7242 -58.2465
v  67.2372 -24.5077 -58.1714
v  65.8454 -24.7508 -60.5285
v  65.9797 -24.9242 -60.5679
v  66.2960 -24.9753 -60.6166
v  66.8057 -24.9647 -60.6757
v  67.7228 -25.0372 -60.7775
v  68.3571 -25.2756 -60.8394
v  68.8870 -25.6309 -60.9450
v  69.3186 -26.1017 -61.0321
v  69.6282 -26.6439 -61.1002
v  69.8050 -27.2140 -61.1475
v  71.1618 -27.2152 -54.3807
v  71.1696 -27.8000 -54.4425
v  70.7388 -27.7991 -56.7839
v  70.6525 -28.3685 -56.8516
v  70.2843 -27.7980 -59.1334
v  70.2377 -27.2146 -59.0921
v  69.8593 -27.7969 -61.1715
v  69.8073 -28.3753 -61.1832
v  71.4975 -28.9403 -52.0511
v  71.0738 -29.1231 -53.6787
v  71.2441 -28.8406 -53.2217
v  70.8932 -28.8583 -54.7827
v  71.4096 -28.3722 -52.7666
v  71.0565 -28.3677 -54.5978
v  70.4895 -28.8922 -56.9123
v  70.2863 -29.3352 -56.9423
v  70.0594 -28.9245 -59.1843
v  70.2245 -28.3744 -59.1657
v  69.6393 -28.9347 -61.1813
v  69.3539 -29.4605 -61.1715
v  69.7907 -29.4293 -59.1909
v  69.4594 -29.8833 -59.1926
v  68.9878 -29.9274 -61.1592
v  68.5848 -30.3063 -61.1461
v  69.1162 -30.2703 -59.1950
v  68.5639 -30.7247 -59.5817
v  68.1420 -30.5779 -61.2799
v  67.6663 -30.7140 -61.7128
v  67.5954 -30.8456 -61.3852
v  69.8062 -30.0844 -56.9795
v  70.0535 -29.7243 -56.9603
v  70.6427 -29.5044 -54.8754
v  71.0359 -29.5279 -53.2325
v  70.3662 -30.1169 -54.8822
v  70.4985 -29.8158 -54.8704
v  69.6059 -30.4122 -56.9889
v  69.5139 -30.6980 -56.9679
v  68.6154 -31.0575 -59.1072
v  68.5860 -31.3390 -59.0583
v  69.4794 -30.9609 -56.9393
v  69.4573 -31.2143 -56.9137
v  70.2819 -30.5931 -54.8648
v  70.3067 -30.3680 -54.8778
v  70.8959 -30.0238 -53.1963
v  70.8801 -30.2154 -53.1782
v  70.8643 -30.4070 -53.1602
v  71.2996 -29.8427 -51.8238
v  69.3756 -31.7320 -57.0738
v  70.2779 -31.3551 -54.7930
v  70.2638 -30.8158 -54.8538
v  70.9655 -30.9691 -52.7919
v  71.3043 -32.2714 -51.7288
v  71.4501 -30.5169 -51.1880
v  71.2910 -30.0029 -51.7816
v  71.5821 -29.6094 -50.6781
v  71.7331 -29.9335 -50.0953
v  71.8836 -29.2764 -49.3875
v  72.1757 -30.6653 -48.4998
v  71.9387 -31.7381 -49.4908
v  71.6245 -33.8598 -50.7424
v  70.4205 -33.9963 -54.5178
v  71.6739 -35.2771 -50.6050
v  70.4043 -35.3922 -54.6203
v  70.3101 -36.7981 -54.8427
v  71.5604 -36.6700 -50.8937
v  71.3892 -38.1868 -51.1872
v  70.1377 -38.3021 -55.1045
v  69.8783 -39.8970 -55.3793
v  71.9766 -28.5999 -48.9384
v  72.2979 -28.9414 -47.6708
v  72.2558 -29.8774 -48.0462
v  72.6252 -30.5470 -46.7233
v  72.9051 -33.5400 -46.1692
v  72.7572 -35.1663 -46.7053
v  72.6194 -36.5441 -47.0815
v  72.4410 -38.0735 -47.4135
v  72.1795 -39.7280 -47.7324
v  73.4933 -27.5299 -43.5242
v  73.3311 -29.4760 -44.4446
v  73.3931 -27.4277 -43.6331
v  73.2598 -29.2790 -44.5314
v  73.1366 -31.6178 -45.2994
v  73.0947 -31.3146 -45.3636
v  72.9485 -33.6226 -46.0161
v  72.8095 -35.1607 -46.5223
v  72.6682 -36.5385 -46.9028
v  72.4922 -38.0683 -47.2372
v  72.2273 -39.7226 -47.5554
v  72.3518 -36.5702 -46.7809
v  72.5024 -35.2038 -46.4036
v  72.6543 -33.6750 -45.9017
v  72.8566 -31.6636 -45.1819
v  73.0675 -29.5201 -44.3277
v  73.2454 -27.5880 -43.4123
v  73.3965 -25.7218 -42.3731
v  73.6335 -25.6530 -42.4801
v  73.5405 -23.7800 -41.1475
v  73.7614 -23.7108 -41.2518
v  71.7389 -36.5451 -46.9028
v  71.8769 -35.1727 -46.5257
v  72.0161 -33.6447 -46.0203
v  72.2079 -31.6213 -45.2989
v  72.4017 -29.4652 -44.4389
v  72.5648 -27.5293 -43.5219
v  72.7038 -25.6618 -42.4826
v  72.8302 -23.7105 -41.2488
v  74.1059 -17.9947 -36.2722
v  74.0546 -18.8947 -37.2548
v  73.9713 -17.9209 -36.3687
v  73.9234 -18.8243 -37.3573
v  73.9977 -19.8458 -38.1858
v  73.8665 -19.7815 -38.2918
v  73.9431 -20.7830 -39.0295
v  73.8127 -20.7221 -39.1417
v  73.8839 -21.7591 -39.8279
v  73.7560 -21.7042 -39.9437
v  73.6335 -23.6680 -41.3752
v  73.5076 -25.5975 -42.6001
v  73.6767 -21.8305 -39.7238
v  73.7403 -20.8614 -38.9330
v  73.8044 -19.9309 -38.0943
v  73.8683 -18.9840 -37.1709
v  73.9231 -18.0932 -36.1932
v  73.9795 -17.1817 -35.0996
v  74.1518 -17.0823 -35.1783
v  74.0301 -16.3305 -33.9528
v  74.1953 -16.2300 -34.0314
v  72.9561 -21.7491 -39.8174
v  73.0130 -20.7767 -39.0235
v  73.0705 -19.8452 -38.1823
v  73.1221 -18.8978 -37.2570
v  73.1740 -18.0028 -36.2784
v  73.2218 -17.0829 -35.1776
v  73.2673 -16.2295 -34.0218
v  73.3035 -15.3723 -32.7757
v  74.0735 -15.4804 -32.7150
v  73.3379 -14.5783 -31.4848
v  74.1126 -14.6892 -31.4319
v  73.3650 -13.7993 -30.1282
v  74.1441 -13.9108 -30.0775
v  74.1674 -13.2068 -28.6833
v  73.3874 -13.0909 -28.7319
v  73.4113 -12.4038 -27.2115
v  74.2036 -12.5183 -27.1635
v  73.4424 -11.8125 -25.6495
v  74.2352 -11.9279 -25.6049
v  73.4882 -11.2415 -23.8948
v  74.2861 -11.3585 -23.8596
v  74.4178 -11.2374 -23.8960
v  74.3742 -11.8067 -25.6435
v  74.3431 -12.4009 -27.2124
v  74.3166 -13.0922 -28.7420
v  74.2912 -13.8027 -30.1437
v  74.2669 -14.5866 -31.5054
v  74.2350 -15.3760 -32.7910
v  74.1955 -12.3076 -27.2592
v  74.1738 -13.0057 -28.8089
v  74.1540 -13.7173 -30.2231
v  74.1295 -14.5053 -31.5975
v  74.1008 -15.2982 -32.8833
v  74.0609 -16.1536 -34.1267
v  74.0207 -17.0044 -35.2743
v  73.7605 -13.4841 -30.4443
v  73.7175 -14.2681 -31.8720
v  73.6798 -15.0562 -33.1736
v  73.6463 -15.9173 -34.4230
v  73.6185 -16.7780 -35.5652
v  73.5858 -17.7036 -36.6525
v  73.5539 -18.6241 -37.6446
v  73.5130 -19.6008 -38.5831
v  74.0108 -10.9785 -23.9376
v  73.9393 -11.5251 -25.7205
v  73.5497 -11.2196 -25.7219
v  73.8761 -12.1048 -27.3645
v  73.8114 -12.7862 -28.9704
v  73.1239 -16.4467 -35.9759
v  74.2793 -9.9600 -18.3598
v  74.4952 -10.0800 -18.3716
v  74.1760 -10.1874 -20.2497
v  74.3990 -10.3155 -20.2539
v  74.0854 -10.5466 -22.1209
v  74.3257 -10.6911 -22.1140
v  74.2684 -11.1422 -23.9103
v  74.2236 -11.7120 -25.6706
v  74.4774 -10.7837 -22.1122
v  74.5562 -10.4050 -20.2591
v  74.6546 -10.1648 -18.3818
v  74.6181 -9.9541 -16.5169
v  74.7739 -10.0402 -16.5330
v  74.9199 -10.0947 -14.6846
v  74.7685 -10.0062 -14.6616
v  74.3496 -10.9077 -22.0808
v  74.4324 -10.5292 -20.2326
v  74.5314 -10.2923 -18.3606
v  74.6539 -10.1684 -16.5248
v  74.7973 -10.2213 -14.6902
v  74.9518 -10.3624 -12.8735
v  75.0770 -10.2349 -12.8565
v  75.1208 -10.6265 -11.0732
v  75.2459 -10.5036 -11.0447
v  73.5499 -10.7872 -22.1035
v  73.6277 -10.4074 -20.2457
v  73.7258 -10.1687 -18.3627
v  73.8457 -10.0459 -16.5237
v  73.9898 -10.0975 -14.6821
v  74.1480 -10.2383 -12.8620
v  74.3148 -10.5045 -11.0608
v  74.4892 -10.8573 -9.2628
v  75.2942 -10.9786 -9.2855
v  74.6677 -11.3259 -7.4933
v  75.4661 -11.4452 -7.5258
v  74.8515 -11.8922 -5.6924
v  75.6434 -12.0101 -5.7353
v  75.0303 -12.5612 -3.9290
v  75.8185 -12.6756 -3.9808
v  75.2094 -13.3341 -2.1020
v  75.9911 -13.4480 -2.1550
v  75.3793 -14.1964 -0.3189
v  76.1579 -14.3096 -0.3702
v  75.9586 -12.5574 -3.9369
v  75.7811 -11.8891 -5.6953
v  75.5988 -11.3242 -7.4897
v  75.4186 -10.8559 -9.2542
v  75.4534 -11.2276 -7.4520
v  75.2724 -10.7615 -9.2186
v  75.0963 -10.4113 -11.0135
v  74.9265 -10.1446 -12.8270
v  75.1751 -11.0466 -7.3819
v  75.0056 -10.5925 -9.1543
v  74.8436 -10.2512 -10.9550
v  74.6846 -9.9988 -12.7828
v  74.5373 -9.8743 -14.6264
v  74.3976 -9.8332 -16.4932
v  74.3158 -9.7519 -12.7121
v  74.1783 -9.6404 -14.5690
v  74.0424 -9.6101 -16.4544
v  73.9219 -9.7374 -18.3397
v  73.8162 -9.9573 -20.2451
v  73.6022 -9.4796 -18.3255
v  73.7222 -9.3540 -16.4232
v  73.8574 -9.3780 -14.5178
v  74.0000 -9.4768 -12.6522
v  74.4682 -9.9846 -10.8723
v  74.1539 -9.6945 -10.8013
v  74.3093 -9.9861 -9.0125
v  74.6254 -10.3092 -9.0706
v  74.2080 -9.9896 -7.2385
v  74.0444 -9.6418 -9.0315
v  73.8777 -9.3617 -10.7390
v  73.7211 -9.1656 -12.5983
v  73.5745 -9.0789 -14.4674
v  73.4369 -9.0623 -16.3919
v  73.3151 -9.1863 -18.3143
v  73.2010 -9.3915 -20.2547
v  73.0604 -8.8523 -18.3110
v  72.9421 -9.0484 -20.2717
v  72.8496 -9.3640 -22.2146
v  72.6873 -8.2201 -18.2738
v  73.1805 -8.7277 -16.3634
v  73.3203 -8.7367 -14.4142
v  72.9568 -8.1127 -14.3180
v  72.0479 -7.0310 -18.1708
v  71.7548 -7.3227 -22.2070
v  71.2209 -5.5897 -18.0185
v  70.8624 -5.7351 -22.1353
v  69.8673 -4.2960 -22.0189
v  70.2800 -4.2075 -17.8420
v  70.6493 -4.2418 -13.6747
v  71.5625 -5.5939 -13.9012
v  71.8718 -5.6656 -9.7145
v  72.3499 -6.9741 -14.1293
v  72.7004 -7.1624 -10.0168
v  70.9894 -4.3731 -9.5436
v  73.0425 -7.2195 -3.8072
v  72.1671 -5.8450 -5.8080
v  72.7858 -6.7012 -3.3589
v  72.6470 -6.6758 -6.1618
v  73.0520 -7.5189 -6.6280
v  73.2968 -8.3525 -10.4299
v  73.4598 -8.8043 -12.5416
v  73.6266 -8.9758 -10.6784
v  73.7902 -9.2129 -8.9557
v  73.4875 -8.5864 -8.7151
v  73.9771 -9.5305 -7.2485
v  74.2366 -10.0307 -5.0781
v  74.4252 -10.4966 -5.3839
v  74.4752 -10.3940 -7.2505
v  74.6413 -10.8686 -5.4428
v  74.8603 -11.4872 -3.6942
v  75.3550 -12.5615 -1.9124
v  75.1458 -11.8546 -3.7625
v  74.9629 -11.2556 -5.5150
v  74.7905 -10.7427 -7.2934
v  67.5697 -5.2585 26.1003
v  66.2672 -5.4807 29.9009
v  67.6300 -5.9586 29.8793
v  64.0960 -5.6728 33.3609
v  65.2366 -5.8349 33.4612
v  64.2907 -5.0652 29.8571
v  65.1897 -5.1961 29.9135
v  66.3402 -6.1279 33.4676
v  67.6642 -6.5752 33.4831
v  69.0395 -6.5874 29.8299
v  69.0220 -5.9568 26.0386
v  68.9805 -5.2763 22.1693
v  67.4830 -4.5227 22.2283
v  67.3775 -3.7956 18.3444
v  68.9126 -4.5713 18.2782
v  68.8132 -3.8738 14.3680
v  66.3917 -6.6912 36.7573
v  65.2285 -6.3862 36.7309
v  64.0714 -6.1966 36.7000
v  62.7923 -6.1042 36.6364
v  63.1174 -5.6749 33.3064
v  62.0209 -5.7364 33.2448
v  61.2977 -6.0583 36.4736
v  60.8536 -5.7911 33.0610
v  59.7054 -5.8465 33.0299
v  59.5658 -5.9912 36.1632
v  58.2515 -5.8468 32.9255
v  57.7729 -5.9124 35.6815
v  63.4687 -5.0570 29.7463
v  62.5226 -5.1283 29.6601
v  61.3050 -5.2540 29.5672
v  59.9028 -5.4601 29.5273
v  58.9248 -5.5950 29.4993
v  58.0617 -5.6640 29.5271
v  56.8245 -5.7020 29.4317
v  55.3637 -5.6865 29.1678
v  56.6397 -5.7931 32.5789
v  56.5765 -5.4696 26.0413
v  57.5458 -5.3579 26.1848
v  58.2132 -5.1891 25.9495
v  56.8698 -4.8812 22.4565
v  57.7829 -4.5875 22.3444
v  56.8529 -4.1450 18.6776
v  58.9369 -4.2936 22.4007
v  59.5461 -4.8648 25.9342
v  60.7869 -4.7104 26.2351
v  55.3348 -5.5755 25.8226
v  55.0195 -5.2947 22.3131
v  55.9980 -5.1125 22.4691
v  54.5177 -4.9061 18.6430
v  57.5212 -3.1633 14.6930
v  55.8013 -3.7005 14.5564
v  54.2005 -4.2541 14.3849
v  55.5729 -4.5725 18.6997
v  53.4685 -5.1720 18.4316
v  52.1908 -5.4010 17.9862
v  51.8016 -5.0738 13.9668
v  52.9559 -4.7125 14.2498
v  51.1639 -4.5002 8.8423
v  49.9065 -4.9666 8.4855
v  48.5649 -5.2805 7.7881
v  48.0339 -4.9234 2.5822
v  49.3729 -4.3506 2.9979
v  54.6078 -3.2749 9.9736
v  52.6297 -3.9234 9.2187
v  51.1342 -3.5010 3.2379
v  47.8197 -4.3463 -2.7075
v  46.4362 -5.0097 -3.1408
v  45.1052 -5.4385 -3.8281
v  45.0153 -5.2516 -8.8254
v  46.4133 -4.4998 -8.3939
v  48.0868 -3.5445 -8.1312
v  45.0735 -4.8279 -14.1761
v  43.6794 -5.6665 -14.6020
v  42.3520 -6.1984 -15.2254
v  42.4234 -6.2959 -20.4279
v  51.3690 -2.4869 -3.2035
v  49.4122 -3.4906 -2.6783
v  50.2355 -2.4441 -7.9917
v  49.0996 -2.5232 -12.8732
v  46.7929 -3.7555 -13.6874
v  45.6243 -4.0228 -19.8299
v  39.1780 -9.5418 -37.4621
v  40.1599 -8.2743 -31.9765
v  40.4891 -8.4036 -37.2312
v  41.4510 -7.2328 -31.8620
v  42.9051 -5.9505 -31.9746
v  42.5690 -6.2023 -26.0457
v  41.2443 -7.1793 -26.2589
v  39.9464 -7.7876 -26.7438
v  43.7941 -5.3785 -20.0586
v  44.0394 -5.0064 -26.2748
v  45.7696 -3.7416 -27.1194
v  39.0808 -13.9713 -57.0619
v  38.0702 -13.2072 -52.9381
v  39.8380 -11.4752 -52.0447
v  38.8261 -11.2784 -47.5446
v  36.6201 -14.4428 -53.4122
v  37.4181 -12.5941 -48.0875
v  36.1086 -13.3537 -48.6213
v  38.2762 -10.9806 -42.8039
v  39.6339 -9.7421 -42.3834
v  41.1252 -8.2516 -42.0222
v  37.8886 -10.2269 -37.9027
v  35.3121 -15.1836 -53.8990
v  34.5942 -17.2069 -59.1787
v  34.0721 -15.5821 -54.3917
v  33.3969 -17.6027 -59.6137
v  32.1996 -17.8082 -60.0478
v  32.8451 -19.8759 -64.8960
v  34.0163 -19.5042 -64.5121
v  35.3862 -18.8276 -64.0456
v  35.9287 -16.4601 -58.5325
v  37.4821 -15.2996 -57.8059
v  35.0002 -27.2623 -80.6105
v  34.4545 -24.6284 -75.0907
v  35.1830 -24.3189 -75.1907
v  35.6351 -21.8415 -70.6805
v  34.7323 -21.8693 -69.9388
v  36.1884 -19.9524 -67.3065
v  36.9065 -17.9047 -63.5251
v  38.5663 -16.8718 -62.9534
v  39.8790 -15.9010 -62.4978
v  40.5530 -12.7645 -56.3783
v  41.9383 -11.5806 -55.7351
v  41.5931 -14.3596 -61.1863
v  40.6133 -15.3737 -62.2414
v  39.7260 -16.3709 -63.3648
v  38.9772 -17.3066 -64.4955
v  38.3292 -18.2203 -65.6911
v  37.7446 -19.1456 -67.0143
v  37.1440 -20.3101 -68.9032
v  36.4418 -21.9429 -71.7973
v  35.7050 -24.2077 -75.6990
v  34.3590 -30.3822 -85.5550
v  34.2596 -27.6326 -80.5421
v  33.2485 -27.8929 -80.7128
v  32.9317 -32.9059 -89.6452
v  33.1097 -30.6014 -85.5859
v  31.9790 -30.6586 -85.6903
v  31.9623 -32.9341 -89.7770
v  31.9757 -34.6524 -92.8154
v  32.7740 -34.6265 -92.6152
v  32.6915 -35.5775 -94.2254
v  32.0011 -35.5956 -94.4337
v  30.9563 -35.5955 -94.7447
v  30.8945 -34.6420 -93.1112
v  29.1400 -34.5975 -93.6049
v  29.1984 -35.5728 -95.2516
v  26.3726 -35.5303 -96.0597
v  33.8233 -32.8415 -89.5678
v  33.4270 -34.5818 -92.4621
v  33.2075 -35.5475 -94.0684
v  32.6670 -36.0771 -95.0342
v  32.0417 -36.0980 -95.2316
v  31.0231 -36.0998 -95.5320
v  29.2634 -36.0888 -96.0357
v  26.4252 -36.0699 -96.8415
v  23.0213 -36.0428 -97.7719
v  22.9869 -35.4778 -96.9890
v  19.5529 -35.4201 -97.8584
v  19.5681 -36.0106 -98.6419
v  16.0449 -35.9659 -99.4384
v  16.0369 -35.3541 -98.6571
v  12.4144 -35.2741 -99.3849
v  12.4217 -35.8988 -100.1443
v  8.7316 -35.8165 -100.7619
v  8.6698 -35.1839 -100.0404
v  4.7946 -35.0938 -100.6270
v  5.0079 -35.7256 -101.2918
v  1.8335 -35.0401 -101.0552
v  4.5842 -33.9900 -99.0987
v  8.5911 -34.0813 -98.4688
v  12.3913 -34.1800 -97.7713
v  16.0243 -34.2742 -97.0082
v  19.5262 -34.3573 -96.1937
v  22.9417 -34.4374 -95.3226
v  26.3159 -34.5238 -94.4000
v  19.4969 -32.4329 -93.0875
v  22.8956 -32.5166 -92.1749
v  26.2668 -32.6523 -91.2473
v  29.0885 -32.7909 -90.4702
v  30.8335 -32.8918 -90.0170
v  30.8058 -30.5992 -85.9027
v  30.8518 -28.0245 -81.2172
v  16.0095 -29.9625 -89.9964
v  19.5007 -30.0224 -89.0450
v  22.8786 -30.1081 -88.0710
v  26.2497 -30.2751 -87.1169
v  29.0704 -30.4603 -86.3389
v  29.1098 -27.9120 -81.7037
v  29.2500 -25.2600 -76.6640
v  26.2855 -27.7546 -82.5327
v  22.9186 -27.6022 -83.5371
v  23.0451 -25.0489 -78.6869
v  19.5588 -27.5048 -84.5615
v  16.0666 -27.4444 -85.5890
v  16.1792 -24.8799 -80.8993
v  12.3113 -27.4007 -86.6139
v  12.3080 -29.8766 -90.8969
v  8.4558 -29.7837 -91.7029
v  19.6856 -24.9443 -79.7838
v  19.8945 -22.4016 -74.8608
v  16.3488 -22.3409 -76.0902
v  16.5850 -19.8954 -71.2151
v  12.4717 -22.3512 -77.3533
v  12.3619 -24.8769 -82.0561
v  8.4175 -24.9169 -83.1321
v  8.4864 -22.4161 -78.5357
v  8.6354 -19.9909 -73.8589
v  4.6127 -22.5208 -79.5252
v  12.6579 -19.9121 -72.5778
v  12.9387 -17.6510 -67.8036
v  -6.1642 -22.7673 -80.9678
v  -2.6828 -22.7262 -80.7844
v  -6.1642 -25.0929 -85.2930
v  -2.7442 -25.0752 -85.1283
v  -2.7871 -27.3093 -89.2460
v  0.7852 -25.0310 -84.6849
v  0.8807 -22.6338 -80.2858
v  1.0107 -20.2854 -75.8062
v  4.5322 -24.9734 -84.0132
v  4.5063 -27.3541 -88.3119
v  -20.7459 -24.9169 -83.1321
v  -16.8605 -24.9735 -84.0132
v  -16.8347 -27.3541 -88.3119
v  -13.1136 -25.0310 -84.6849
v  -16.9411 -22.5208 -79.5252
v  -13.2091 -22.6338 -80.2858
v  -13.3391 -20.2854 -75.8062
v  -9.6456 -22.7262 -80.7844
v  -9.5842 -25.0752 -85.1283
v  -9.5413 -27.3093 -89.2460
v  -6.1642 -20.4642 -76.5287
v  -6.1642 -27.2918 -89.3765
v  -9.7202 -20.4092 -76.3424
v  -9.8080 -18.2717 -71.9191
v  -13.0522 -27.3373 -88.8826
v  -12.8757 -29.6334 -92.9396
v  -20.8148 -22.4161 -78.5357
v  -20.9638 -19.9909 -73.8589
v  -24.8000 -22.3512 -77.3533
v  -24.6903 -24.8769 -82.0561
v  -24.6397 -27.4007 -86.6139
v  -28.5076 -24.8799 -80.8993
v  -28.6771 -22.3409 -76.0902
v  -28.9134 -19.8954 -71.2150
v  -32.2229 -22.4016 -74.8608
v  -32.0140 -24.9444 -79.7838
v  -24.9863 -19.9121 -72.5778
v  -25.2671 -17.6510 -67.8036
v  -31.8872 -27.5048 -84.5615
v  -35.3735 -25.0489 -78.6869
v  -35.6071 -22.4929 -73.6304
v  -35.9362 -20.0202 -68.5185
v  -39.0087 -22.5724 -72.3709
v  -38.7442 -25.1626 -77.5865
v  -38.6139 -27.7546 -82.5327
v  -41.5784 -25.2601 -76.6640
v  -41.8620 -22.6180 -71.3195
v  -42.2626 -20.1090 -65.9308
v  -43.6018 -22.6091 -70.7138
v  -35.2470 -27.6022 -83.5371
v  -35.2070 -30.1081 -88.0710
v  -39.3803 -20.0865 -67.1063
v  -39.8291 -17.8101 -62.0006
v  -47.0606 -21.8694 -69.9387
v  -45.9718 -22.1554 -69.9481
v  -46.7828 -24.6284 -75.0907
v  -45.7340 -25.0051 -75.3807
v  -45.5769 -27.8929 -80.7128
v  -44.5297 -25.2491 -75.7352
v  -44.7853 -22.4777 -70.3295
v  -45.1735 -19.8759 -64.8960
v  -43.3275 -25.3115 -76.1049
v  -43.1802 -28.0245 -81.2172
v  -44.3791 -28.0368 -80.9330
v  -44.3074 -30.6586 -85.6903
v  -47.7145 -18.8276 -64.0456
v  -46.3447 -19.5042 -64.5121
v  -46.9225 -17.2069 -59.1787
v  -48.2571 -16.4601 -58.5325
v  -48.9484 -14.4429 -53.4122
v  -49.8105 -15.2996 -57.8059
v  -50.3986 -13.2072 -52.9381
v  -51.4092 -13.9714 -57.0619
v  -52.1664 -11.4753 -52.0447
v  -51.1544 -11.2784 -47.5446
v  -49.7464 -12.5941 -48.0875
v  -49.2349 -17.9047 -63.5251
v  -50.8946 -16.8718 -62.9534
v  -52.2073 -15.9010 -62.4978
v  -52.8814 -12.7645 -56.3783
v  -54.2667 -11.5806 -55.7351
v  -53.9502 -9.8476 -51.1504
v  -55.6876 -8.5545 -50.4809
v  -55.7318 -10.4326 -54.9728
v  -57.3833 -9.4231 -54.3614
v  -57.6549 -7.4690 -49.9847
v  -59.6862 -6.6479 -49.6657
v  -50.6576 -18.2203 -65.6911
v  -51.3056 -17.3066 -64.4955
v  -52.0543 -16.3709 -63.3648
v  -52.9417 -15.3737 -62.2414
v  -53.9214 -14.3596 -61.1863
v  -54.9495 -13.3658 -60.2575
v  -56.0631 -12.4190 -59.4548
v  -57.3124 -11.5335 -58.7730
v  -58.6788 -10.7716 -58.2033
v  -71.5934 -7.0741 -50.0857
v  -68.1576 -7.9960 -53.3919
v  -69.9947 -8.5544 -53.5707
v  -68.2315 -10.0938 -56.9267
v  -66.7048 -9.6506 -56.8595
v  -65.0963 -9.4118 -56.8880
v  -66.2365 -7.6688 -53.3044
v  -64.3924 -7.6034 -53.3182
v  -63.4045 -9.4754 -57.0603
v  -61.7208 -9.7614 -57.3481
v  -62.6098 -7.7520 -53.4223
v  -60.8612 -8.0738 -53.6048
v  -60.1487 -10.1867 -57.7290
v  -59.1287 -8.6151 -53.9067
v  -69.6681 -3.4021 -41.9093
v  -68.5256 -4.6246 -45.8548
v  -70.7531 -5.0525 -46.0680
v  -67.3792 -6.0374 -49.6518
v  -69.5330 -6.4337 -49.8287
v  -65.4024 -5.8667 -49.5412
v  -63.5113 -5.9070 -49.4997
v  -61.6220 -6.1481 -49.5212
v  -66.4414 -4.4044 -45.6957
v  -64.4412 -4.3963 -45.5855
v  -62.4749 -4.5962 -45.5200
v  -60.4581 -5.0580 -45.5372
v  -58.3149 -5.8274 -45.6780
v  -56.2241 -6.8876 -45.9682
v  -54.3575 -8.2191 -46.4372
v  -52.6820 -9.7176 -46.9916
v  -65.4040 -3.1320 -41.6050
v  -63.3900 -3.3217 -41.4973
v  -61.3592 -3.7560 -41.4227
v  -59.2013 -4.4606 -41.3951
v  -57.0834 -5.4576 -41.4694
v  -55.1620 -6.7741 -41.6968
v  -53.4535 -8.2516 -42.0222
v  -66.3940 -2.0382 -37.4827
v  -64.3395 -2.2255 -37.3486
v  -62.2954 -2.6512 -37.2226
v  -60.1369 -3.3287 -37.0938
v  -58.0059 -4.2928 -37.0132
v  -56.0318 -5.5838 -37.0350
v  -54.2830 -7.0144 -37.1190
v  -52.8175 -8.4036 -37.2312
v  -55.2335 -5.9505 -31.9746
v  -56.9987 -4.5931 -32.2441
v  -58.9907 -3.3473 -32.5560
v  -61.1132 -2.4052 -32.7977
v  -63.2555 -1.7357 -32.9852
v  -65.3100 -1.3092 -33.1394
v  -66.2828 -0.5739 -28.9342
v  -64.2287 -0.9985 -28.7603
v  -65.2067 -0.4579 -24.5460
v  -67.2419 -0.0383 -24.7242
v  -57.9527 -4.0228 -19.8299
v  -54.8974 -6.2023 -26.0457
v  -56.3677 -5.0064 -26.2748
v  -58.0980 -3.7416 -27.1194
v  -60.0341 -2.5719 -28.0494
v  -62.1132 -1.6608 -28.5311
v  -63.1216 -1.1073 -24.3105
v  -64.1268 -0.7521 -20.1522
v  -66.1745 -0.1277 -20.3359
v  -59.1177 -3.1147 -23.3016
v  -61.1106 -1.9660 -23.7681
v  -62.1361 -1.5523 -19.9789
v  -62.9614 -1.4190 -16.2472
v  -65.0982 -0.5793 -16.0453
v  -66.0224 -0.5766 -11.9815
v  -63.8751 -1.3821 -12.1637
v  -64.8391 -1.4210 -7.9571
v  -66.8942 -0.6898 -8.0098
v  -66.6948 -1.7043 0.0015
v  -63.6974 -2.4869 -3.2035
v  -65.7755 -1.5410 -3.8464
v  -62.5638 -2.4441 -7.9917
v  -60.4151 -3.5445 -8.1312
v  -61.4279 -2.5232 -12.8732
v  -60.6370 -2.5556 -17.0861
v  -60.0260 -2.6968 -19.8563
v  -67.7235 -0.8597 -4.1758
v  -68.5227 -1.0792 -0.4179
v  -69.3101 -1.3447 3.3284
v  -67.4951 -1.9118 3.4197
v  -68.2259 -2.2243 6.8309
v  -70.0701 -1.6994 7.0868
v  -70.7881 -2.1820 10.8876
v  -71.6672 -1.2933 7.0165
v  -63.4625 -3.5011 3.2379
v  -64.7130 -2.5191 0.3433
v  -65.5240 -2.6409 3.3671
v  -66.1470 -2.8893 6.2465
v  -66.9361 -3.2749 9.9737
v  -69.0160 -2.6594 10.6731
v  -69.8495 -3.1633 14.6930
v  -71.4517 -2.7574 14.7233
v  -72.0443 -3.3826 18.5863
v  -72.8985 -2.4566 14.6971
v  -72.3116 -1.8257 10.8545
v  -73.6376 -1.5745 10.8041
v  -74.1506 -2.2354 14.6606
v  -74.6089 -2.9352 18.5117
v  -75.3404 -2.1362 14.6179
v  -62.2349 -4.9666 8.4856
v  -63.4923 -4.5002 8.8423
v  -64.1300 -5.0738 13.9668
v  -65.2843 -4.7125 14.2498
v  -66.8460 -4.9062 18.6430
v  -66.5289 -4.2541 14.3849
v  -64.9581 -3.9234 9.2187
v  -68.1297 -3.7005 14.5565
v  -69.1813 -4.1451 18.6777
v  -60.8932 -5.2805 7.7881
v  -60.3623 -4.9234 2.5822
v  -61.7013 -4.3506 2.9979
v  -60.1481 -4.3463 -2.7075
v  -58.7646 -5.0097 -3.1408
v  -57.4336 -5.4385 -3.8281
v  -57.3437 -5.2516 -8.8254
v  -58.7416 -4.4998 -8.3939
v  -57.4018 -4.8279 -14.1761
v  -54.8269 -5.6779 -5.4517
v  -56.1303 -5.6529 -4.6409
v  -57.6952 -5.4608 1.0197
v  -59.0286 -5.2910 1.8742
v  -54.7268 -5.9923 -10.2340
v  -53.4346 -6.0620 -10.9949
v  -51.3799 -5.9371 -12.1376
v  -52.0991 -6.5780 -16.6706
v  -56.0166 -5.7351 -9.4758
v  -54.6803 -6.1985 -15.2254
v  -53.7793 -7.2328 -31.8620
v  -52.4883 -8.2743 -31.9765
v  -53.5726 -7.1793 -26.2589
v  -52.2747 -7.7876 -26.7438
v  -54.7518 -6.2959 -20.4279
v  -56.1225 -5.3785 -20.0586
v  -56.0077 -5.6665 -14.6020
v  -53.4326 -6.8675 -21.0058
v  -52.1382 -7.1740 -21.6876
v  -53.3919 -6.4831 -15.9471
v  -48.4370 -13.3537 -48.6213
v  -50.6045 -10.9806 -42.8039
v  -51.9623 -9.7421 -42.3834
v  -51.5063 -9.5418 -37.4621
v  -50.2169 -10.2269 -37.9027
v  -49.2968 -11.7062 -43.3029
v  -48.0186 -12.0786 -43.8445
v  -49.9256 -9.2711 -32.9542
v  -48.9345 -10.5907 -38.4468
v  -47.6548 -10.7643 -38.9921
v  -51.2025 -8.9199 -32.3905
v  -50.9899 -8.1171 -27.3614
v  -49.7014 -8.2589 -27.9795
v  -48.6460 -9.4326 -33.5181
v  -46.7132 -9.4297 -34.3996
v  -46.7407 -12.2620 -44.3855
v  -44.8521 -12.2820 -45.2038
v  -45.9049 -13.9407 -49.6735
v  -45.7473 -10.7725 -39.8370
v  -42.5772 -10.6448 -41.2804
v  -47.7393 -8.2369 -28.9255
v  -44.4341 -8.0803 -30.5235
v  -43.4752 -9.2886 -35.9201
v  -39.5768 -9.1051 -37.7532
v  -44.0498 -13.9717 -50.4686
v  -41.0131 -13.8567 -51.8012
v  -41.7499 -12.1636 -46.5822
v  -38.0512 -12.0126 -48.2241
v  -37.3974 -13.7082 -53.3819
v  -36.8235 -15.5982 -58.4743
v  -33.8052 -13.6326 -54.9229
v  -34.3762 -11.9332 -49.8394
v  -30.5538 -11.9441 -51.4886
v  -34.9935 -10.3758 -44.7254
v  -43.3492 -15.8342 -55.6463
v  -40.3698 -15.7365 -56.9400
v  -42.7545 -17.8644 -60.7526
v  -44.5280 -17.8082 -60.0478
v  -46.4004 -15.5821 -54.3917
v  -45.1652 -15.7909 -54.8850
v  -47.1710 -13.7423 -49.1470
v  -47.6405 -15.1836 -53.8990
v  -45.7253 -17.6027 -59.6137
v  -44.0019 -20.0589 -65.2803
v  -86.5363 -9.9896 -7.2385
v  -86.6376 -9.9861 -9.0125
v  -86.8035 -10.3940 -7.2505
v  -87.8928 -13.3482 0.0260
v  -87.5674 -12.7810 0.1238
v  -86.9472 -11.0170 -3.5296
v  -87.4130 -12.2457 0.2736
v  -86.9074 -10.8034 -2.8754
v  -86.5650 -10.0307 -5.0781
v  -86.4234 -9.5880 -4.7082
v  -86.3055 -9.5306 -7.2485
v  -86.3727 -9.6418 -9.0315
v  -86.9537 -10.3092 -9.0706
v  -87.1189 -10.7427 -7.2934
v  -88.0892 -14.1743 1.9156
v  -88.2483 -13.7791 -0.0603
v  -88.0598 -12.9631 -1.9061
v  -87.6833 -12.5615 -1.9123
v  -87.8623 -12.2333 -3.7890
v  -87.4741 -11.8546 -3.7624
v  -87.2913 -11.2556 -5.5150
v  -86.9697 -10.8686 -5.4428
v  -87.1887 -11.4872 -3.6942
v  -86.7536 -10.4966 -5.3838
v  -88.2466 -15.0221 3.8019
v  -88.0457 -14.5035 4.3180
v  -88.4339 -15.9176 5.2288
v  -88.2127 -15.3554 5.6689
v  -88.5553 -16.8379 6.5375
v  -88.3375 -16.2960 6.9624
v  -88.7459 -18.7829 8.8298
v  -88.5383 -18.2473 9.3185
v  -88.7092 -20.4111 11.4092
v  -88.8952 -20.8840 10.8548
v  -89.1760 -23.5477 12.1315
v  -89.1360 -21.3730 10.3543
v  -89.0206 -19.3413 8.3803
v  -88.8494 -17.4008 6.1273
v  -88.7290 -16.4159 4.7914
v  -88.5954 -15.5479 3.3812
v  -88.4254 -14.6229 1.6810
v  -89.1008 -17.8403 5.8171
v  -88.9893 -16.8389 4.5009
v  -88.8624 -15.9370 3.1169
v  -88.7003 -14.9704 1.4599
v  -88.5291 -14.0794 -0.2398
v  -88.3434 -13.2200 -2.0452
v  -88.1492 -12.4523 -3.8893
v  -89.2581 -19.7767 8.0471
v  -89.1779 -17.9710 5.7216
v  -89.0723 -16.9707 4.4115
v  -88.9486 -16.0669 3.0305
v  -88.7988 -15.0942 1.3819
v  -88.6401 -14.1997 -0.3100
v  -88.4678 -13.3325 -2.1030
v  -88.8997 -17.0676 4.3322
v  -88.7810 -16.1650 2.9524
v  -88.6365 -15.2014 1.3121
v  -88.4863 -14.3096 -0.3702
v  -88.3194 -13.4481 -2.1550
v  -88.1468 -12.6756 -3.9808
v  -88.9943 -18.0696 5.6455
v  -88.2475 -17.9708 5.7207
v  -88.1338 -16.9457 4.3558
v  -88.0199 -16.0555 3.0088
v  -87.8699 -15.0882 1.3655
v  -87.7077 -14.1964 -0.3189
v  -87.5378 -13.3341 -2.1020
v  -87.3587 -12.5612 -3.9290
v  -87.9390 -30.6984 15.8553
v  -88.1602 -28.5886 14.6975
v  -88.3491 -26.2549 13.2486
v  -89.0356 -26.3310 13.1476
v  -88.4640 -23.9540 11.6182
v  -89.1711 -24.0296 11.5216
v  -89.1966 -21.9484 9.7845
v  -88.4775 -21.8594 9.8718
v  -89.1324 -20.0000 7.8617
v  -88.3983 -19.9066 7.9455
v  -89.0886 -28.5897 14.6997
v  -89.2792 -26.2679 13.2569
v  -89.3956 -23.9553 11.6220
v  -89.4077 -21.8697 9.8822
v  -89.3268 -19.9097 7.9479
v  -88.8611 -30.6103 16.0117
v  -89.0662 -28.4964 14.8502
v  -89.2366 -26.1713 13.4017
v  -89.3385 -23.8477 11.7544
v  -89.3389 -21.7493 9.9969
v  -76.0159 -2.5807 -34.1071
v  -78.5019 -2.7396 -30.1419
v  -76.8699 -1.9299 -29.8989
v  -77.6061 -1.4867 -25.6780
v  -69.6819 -10.6458 -57.0376
v  -72.8720 -5.7187 -46.3468
v  -73.9750 -4.5016 -42.4029
v  -75.7455 -5.4039 -42.7211
v  -76.7815 -4.3037 -38.5878
v  -75.0368 -3.4466 -38.2974
v  -77.7113 -3.3987 -34.3709
v  -79.1641 -4.4290 -34.6662
v  -79.9066 -3.7484 -30.3824
v  -80.5331 -3.2989 -26.1036
v  -81.7117 -4.5528 -26.2618
v  -81.0644 -3.0541 -21.8605
v  -79.7613 -2.0629 -21.6660
v  -79.1801 -2.3013 -25.9049
v  -78.2419 -1.2425 -21.4425
v  -78.7839 -1.1707 -17.2202
v  -80.2596 -1.9893 -17.4426
v  -80.6846 -2.0507 -13.2515
v  -79.2438 -1.2360 -13.0465
v  -79.6401 -1.4011 -8.9890
v  -81.0563 -2.2051 -9.1708
v  -81.3931 -2.4174 -5.2688
v  -79.9973 -1.6115 -5.1233
v  -80.3173 -1.8840 -1.3108
v  -81.6991 -2.6925 -1.4242
v  -81.9204 -3.0227 -13.4569
v  -83.3177 -4.3731 -9.5436
v  -86.2061 -9.3617 -10.7390
v  -85.7882 -8.8044 -12.5416
v  -85.6251 -8.3525 -10.4299
v  -85.3803 -7.5189 -6.6280
v  -84.9753 -6.6758 -6.1618
v  -85.8159 -8.5864 -8.7151
v  -86.1186 -9.2130 -8.9557
v  -85.9550 -8.9759 -10.6784
v  -86.2787 -9.1870 -4.3164
v  -85.7825 -8.3560 -6.9231
v  -86.0187 -8.8823 -7.1067
v  -86.5259 -9.6662 -3.3280
v  -86.9041 -10.6377 -1.8512
v  -87.3376 -11.8885 0.3697
v  -87.6636 -13.0107 2.4483
v  -87.9697 -14.2644 4.6640
v  -88.1158 -15.0811 5.9686
v  -88.2324 -15.9726 7.2232
v  -86.5320 -9.6408 -2.8986
v  -86.8935 -10.5334 -1.4703
v  -87.2778 -11.6142 0.4415
v  -87.6230 -12.7557 2.5817
v  -87.9187 -14.0958 4.9129
v  -88.0505 -14.8935 6.1758
v  -88.1622 -15.7614 7.3963
v  -86.2497 -9.6872 -2.8675
v  -86.6088 -10.5767 -1.4473
v  -86.9942 -11.6532 0.4650
v  -87.3375 -12.7964 2.6041
v  -87.6318 -14.1345 4.9355
v  -87.7642 -14.9353 6.2019
v  -87.8768 -15.8059 7.4219
v  -86.7539 -11.7878 0.4241
v  -87.0962 -12.9303 2.5656
v  -87.3924 -14.2702 4.8937
v  -87.5260 -15.0686 6.1590
v  -87.6366 -15.9372 7.3796
v  -88.0831 -17.7723 9.8567
v  -87.8448 -17.8987 9.8086
v  -88.2674 -19.9993 12.0290
v  -88.0336 -20.1232 11.9759
v  -88.4159 -22.3828 13.9618
v  -88.1807 -22.5012 13.9072
v  -88.3669 -17.7227 9.8259
v  -88.5558 -19.9471 11.9938
v  -88.7034 -22.3250 13.9243
v  -88.5135 -24.8063 15.6789
v  -88.7973 -24.7486 15.6368
v  -88.5474 -27.0406 17.1997
v  -88.8363 -26.9819 17.1620
v  -88.5191 -28.8406 18.5476
v  -88.8102 -28.7857 18.5141
v  -88.4324 -17.9221 9.6341
v  -88.6106 -20.1199 11.7766
v  -88.7505 -22.4755 13.6871
v  -88.8283 -24.8956 15.3985
v  -88.8512 -27.1396 16.9275
v  -88.8088 -28.9573 18.2884
v  -69.7875 -56.2046 -51.9846
v  -67.1505 -56.7787 -52.7386
v  -69.1811 -56.1014 -52.0577
v  -66.5736 -56.6437 -52.7620
v  -82.0333 -46.9469 -48.7088
v  -81.1041 -48.8463 -49.0218
v  -81.4972 -46.9019 -48.8271
v  -80.5779 -48.8067 -49.1395
v  -79.9389 -50.6491 -49.3400
v  -79.4141 -50.6133 -49.4623
v  -78.5227 -52.1947 -49.6732
v  -78.0036 -52.1434 -49.7910
v  -76.8084 -53.5096 -50.0827
v  -76.2925 -53.4376 -50.1936
v  -74.7248 -54.6254 -50.6334
v  -74.1821 -54.5426 -50.7362
v  -72.3307 -55.5372 -51.2861
v  -71.7219 -55.4530 -51.3789
v  -80.3710 -50.6385 -49.4665
v  -78.9731 -52.1826 -49.7978
v  -77.2779 -53.4935 -50.2057
v  -75.2415 -54.5849 -50.7466
v  -72.9232 -55.4573 -51.3806
v  -70.3851 -56.1200 -52.0741
v  -67.7374 -56.6778 -52.7966
v  -72.8999 -55.4121 -51.5594
v  -75.0663 -54.5975 -50.9590
v  -77.1610 -53.4933 -50.3966
v  -78.8740 -52.1848 -49.9799
v  -80.3000 -50.6287 -49.6407
v  -81.4555 -48.8363 -49.3236
v  -81.5140 -48.8441 -49.1476
v  -82.3679 -46.9462 -49.0125
v  -82.4210 -46.9502 -48.8375
v  -83.0639 -45.1053 -48.7029
v  -70.3234 -56.0890 -52.2667
v  -72.6037 -54.7837 -53.9765
v  -75.2636 -53.4908 -53.4688
v  -77.0253 -52.1973 -53.2866
v  -78.8997 -50.4765 -53.0834
v  -80.2758 -48.7045 -52.8512
v  -81.2787 -46.9048 -52.6032
v  -82.0323 -45.1003 -52.3476
v  -79.9664 -46.8633 -56.3370
v  -78.8990 -48.5771 -56.5190
v  -77.3576 -50.3206 -56.6526
v  -75.1350 -52.1637 -56.7065
v  -72.2164 -54.0592 -56.6696
v  -69.6776 -51.6612 -66.1628
v  -68.8443 -53.6041 -62.5687
v  -71.5901 -51.8505 -63.1337
v  -73.3649 -52.0322 -59.9856
v  -70.5304 -53.7995 -59.6889
v  -75.6687 -50.1656 -60.1251
v  -77.2402 -48.4729 -60.1131
v  -78.3215 -46.8278 -60.0048
v  -79.1655 -45.1004 -59.8608
v  -80.7732 -45.0973 -56.1357
v  -81.3832 -43.3237 -55.9097
v  -71.8207 -49.8682 -66.7220
v  -73.8248 -50.0172 -63.4861
v  -75.3500 -48.3819 -63.6109
v  -76.4142 -46.7965 -63.5898
v  -77.2816 -45.1099 -63.5135
v  -77.9688 -43.3905 -63.3788
v  -79.8120 -43.3525 -59.6801
v  -80.2971 -41.6412 -59.4595
v  -78.4872 -41.7082 -63.1912
v  -73.2787 -48.2920 -66.9907
v  -74.3177 -46.7667 -67.0744
v  -75.1990 -45.1232 -67.0778
v  -75.9167 -43.4341 -67.0005
v  -76.4756 -41.7819 -66.8436
v  -78.8743 -40.0793 -62.9682
v  -76.9019 -40.1756 -66.6321
v  -77.2281 -38.6356 -66.4021
v  -79.1605 -38.5234 -62.7307
v  -73.6947 -43.4861 -70.5128
v  -72.9453 -45.1369 -70.5315
v  -72.0625 -46.7388 -70.4457
v  -71.0561 -48.2056 -70.2522
v  -69.6681 -49.7237 -69.8387
v  -67.6408 -51.4723 -69.0868
v  -65.1709 -53.1762 -68.0641
v  -67.0563 -53.3939 -65.3551
v  -65.4855 -51.2812 -71.9158
v  -67.3958 -49.5813 -72.8395
v  -68.7030 -48.1222 -73.3886
v  -69.6702 -46.7104 -73.6850
v  -70.5605 -45.1556 -73.8460
v  -71.3382 -43.5409 -73.8831
v  -71.9602 -41.9491 -73.8055
v  -74.2894 -41.8630 -70.3876
v  -74.7584 -40.2788 -70.1946
v  -72.4611 -40.3863 -73.6473
v  -72.8698 -38.8628 -73.4467
v  -73.1670 -37.3772 -73.1687
v  -73.3247 -35.9208 -72.7700
v  -73.7321 -34.6567 -71.8684
v  -74.7609 -33.7402 -70.0683
v  -75.7395 -34.5753 -68.8421
v  -75.5350 -35.7940 -69.3740
v  -75.3910 -37.2573 -69.7036
v  -75.1316 -38.7476 -69.9731
v  -77.6301 -33.7778 -65.5161
v  -77.5955 -34.5049 -65.6645
v  -77.5646 -35.6955 -65.8735
v  -77.4515 -37.1446 -66.1472
v  -79.3502 -37.0337 -62.4865
v  -79.4321 -33.1993 -62.1231
v  -79.4848 -34.1798 -62.0560
v  -79.4396 -35.6028 -62.2516
v  -81.1870 -35.5013 -58.5023
v  -81.2822 -34.1325 -58.1781
v  -80.3938 -32.9611 -60.0846
v  -78.8381 -32.9212 -63.2787
v  -79.3591 -32.6637 -62.2497
v  -78.6686 -32.7188 -63.5943
v  -79.2990 -32.3905 -62.3817
v  -80.0764 -32.3282 -60.7727
v  -81.4953 -32.7908 -57.5995
v  -82.7488 -33.9963 -54.5178
v  -82.7326 -35.3923 -54.6203
v  -82.6385 -36.7981 -54.8427
v  -84.0022 -35.2771 -50.6050
v  -78.1654 -33.2534 -64.5348
v  -77.4070 -33.3997 -65.8508
v  -76.6008 -33.3614 -67.1515
v  -76.1819 -33.8142 -67.9598
v  -75.7719 -33.1364 -68.3541
v  -75.0604 -32.6679 -69.2249
v  -78.0501 -32.9786 -64.7072
v  -77.3713 -33.1133 -65.8422
v  -76.7348 -33.0674 -66.8377
v  -76.1130 -32.8192 -67.7149
v  -75.5578 -32.3681 -68.3816
v  -75.1132 -31.7162 -68.7466
v  -74.6216 -31.9026 -69.5241
v  -74.3793 -30.9799 -69.4386
v  -74.7627 -30.9473 -68.8744
v  -73.2561 -32.3076 -71.5076
v  -73.6487 -33.3224 -71.4543
v  -73.3541 -31.0123 -70.7535
v  -86.5950 -43.0656 31.1340
v  -86.6294 -42.9168 31.1297
v  -87.0250 -41.2685 31.1163
v  -87.4879 -39.2855 31.1050
v  -87.9552 -36.9364 31.1062
v  -88.3765 -34.2295 31.1030
v  -88.5663 -32.4357 31.1007
v  -88.4919 -32.4998 31.2008
v  -88.2945 -34.2355 31.1944
v  -87.8701 -36.9326 31.2007
v  -87.4062 -39.2815 31.1994
v  -86.9477 -41.2694 31.2223
v  -86.5448 -42.9283 31.2558
v  -50.8434 -7.2901 -22.3690
v  -48.8516 -7.2435 -23.3866
v  -43.3857 -5.2704 -16.3503
v  -46.5932 -6.2568 -19.5566
v  -47.7947 -5.6237 -14.0483
v  -50.0760 -6.4982 -17.7525
v  -45.4678 -7.0571 -25.0747
v  -41.3479 -6.8373 -27.1064
v  -49.0590 -5.0988 -8.6309
v  -52.7332 -5.4992 -6.6542
v  -54.2133 -5.2063 -1.0912
v  -50.4298 -4.7256 -3.1550
v  -45.7165 -4.2095 -5.6559
v  -51.9531 -4.5392 2.5329
v  -57.6660 -5.0877 10.4922
v  -55.8882 -5.0952 4.7444
v  -58.1211 -5.3755 6.0580
v  -56.3624 -5.4423 0.1641
v  -55.4075 -4.4734 13.9950
v  -48.4944 -3.7870 5.4747
v  -53.6173 -4.4765 8.2972
v  -40.7727 -3.8733 -8.2404
v  -39.7881 -4.3904 -13.4566
v  -35.7258 -3.6741 -10.8416
v  -41.8189 -3.4912 -2.9802
v  -47.0292 -3.9307 -0.1723
v  -42.9719 -3.2403 2.3241
v  -37.3636 -2.8494 -0.8163
v  -36.5240 -3.2018 -5.7672
v  -31.3360 -3.0478 -8.4223
v  -44.2700 -3.1227 7.6636
v  -50.1636 -3.7361 11.3319
v  -57.6839 -4.6081 19.5561
v  -61.2762 -5.1869 20.6226
v  -60.7984 -4.9647 24.8877
v  -63.1758 -5.3251 25.0378
v  -64.8592 -5.4865 28.8201
v  -63.3003 -5.2939 28.6385
v  -64.6868 -5.4772 31.2813
v  -66.0498 -5.6256 31.7666
v  -67.3903 -5.7145 32.1505
v  -66.2323 -5.6082 28.8935
v  -38.2583 -2.6484 3.8898
v  -39.1296 -2.5300 8.2304
v  -45.5730 -3.0718 12.7404
v  -52.2459 -3.7609 18.4452
v  -58.3435 -4.5679 24.7956
v  -63.0375 -5.2536 30.1604
v  -65.1339 -5.5458 32.5052
v  -66.7328 -5.7215 33.9771
v  -70.1800 -5.9217 35.8976
v  -68.4591 -5.8423 35.2291
v  -68.3760 -5.8311 34.9896
v  -66.8235 -5.7325 34.2660
v  -65.2775 -5.5679 32.8996
v  -62.7331 -5.2125 30.0910
v  -58.0951 -4.5284 24.7844
v  -52.1400 -3.7372 18.5723
v  -45.6462 -3.0677 13.0202
v  -65.2121 -5.7003 33.0135
v  -66.7915 -5.8942 34.3512
v  -68.4449 -6.0046 35.3145
v  -70.1762 -6.0762 35.9961
v  -71.9936 -6.1345 36.4946
v  -71.9781 -6.0008 36.3653
v  -73.7113 -6.1812 36.8113
v  -73.6831 -6.0695 36.6651
v  -75.1569 -6.2327 36.9669
v  -75.1314 -6.1254 36.8142
v  -76.4104 -6.3264 37.0295
v  -68.4555 -6.1348 35.3332
v  -70.1910 -6.2092 36.0257
v  -72.0165 -6.2530 36.5423
v  -73.7394 -6.2909 36.8800
v  -75.1737 -6.3445 37.0395
v  -76.4139 -6.4353 37.0983
v  -77.5560 -6.5094 37.0648
v  -77.5437 -6.6003 37.1212
v  -78.7043 -6.8015 37.0988
v  -78.6863 -6.8718 37.1531
v  -76.3980 -6.2247 36.8777
v  -77.5583 -6.4183 36.9057
v  -78.7240 -6.7203 36.9377
v  -79.9817 -7.2276 37.1631
v  -80.0097 -7.1469 36.9998
v  -80.0112 -7.1191 36.8247
v  -79.9925 -6.5752 33.4831
v  -79.9531 -7.3006 37.2139
v  -79.4227 -2.4359 10.5489
v  -79.5759 -3.0939 14.4520
v  -77.9908 -2.4884 14.5270
v  -79.7058 -3.7956 18.3444
v  -78.1760 -3.1941 18.4068
v  -78.3384 -3.9386 22.2787
v  -79.8113 -4.5227 22.2284
v  -79.8980 -5.2585 26.1003
v  -78.4841 -4.7259 26.1404
v  -78.5956 -5.4807 29.9009
v  -79.9583 -5.9586 29.8794
v  -78.6686 -6.1279 33.4677
v  -78.7200 -6.6912 36.7573
v  -79.2302 -1.8737 6.6388
v  -78.9866 -1.4538 2.7186
v  -77.7836 -1.8228 10.6434
v  -77.5438 -1.2604 6.7499
v  -77.2677 -0.8548 2.8498
v  -76.9481 -0.5562 -1.0094
v  -78.6964 -1.1347 -1.1570
v  -78.3598 -0.8753 -4.9476
v  -76.5760 -0.3021 -4.7802
v  -76.1593 -0.0946 -8.5992
v  -77.9826 -0.6677 -8.7881
v  -77.5557 -0.5059 -12.8206
v  -75.6881 0.0655 -12.6132
v  -75.1330 0.1267 -16.7588
v  -75.9562 -0.9539 6.8258
v  -75.5903 -0.5492 2.9395
v  -75.1897 -0.2492 -0.9022
v  -74.7408 0.0075 -4.6581
v  -74.2482 0.2244 -8.4610
v  -73.6993 0.3941 -12.4597
v  -73.0706 0.4605 -16.5907
v  -72.3360 0.3603 -20.7981
v  -74.4619 0.0314 -20.9767
v  -70.9969 0.5507 -16.4495
v  -71.7095 0.4808 -12.3301
v  -72.3513 0.3039 -8.3472
v  -72.9346 0.0811 -4.5587
v  -73.4780 -0.1794 -0.8180
v  -73.9901 -0.4835 3.0128
v  -74.4704 -0.8912 6.8852
v  -76.2912 -1.5219 10.7037
v  -74.9199 -1.4637 10.7527
v  -73.0880 -1.0123 6.9485
v  -72.4963 -0.6153 3.0892
v  -71.8807 -0.3174 -0.7275
v  -71.2430 -0.0585 -4.4519
v  -70.5647 0.1557 -8.2306
v  -69.8364 0.3288 -12.1980
v  -69.0397 0.3930 -16.3047
v  -68.1691 0.2777 -20.4961
v  -70.1935 0.4452 -20.6483
v  -69.3123 0.1390 -24.8772
v  -68.3741 -0.3892 -29.0851
v  -67.3903 -1.1231 -33.2852
v  -71.5074 0.0629 -25.0342
v  -70.5941 -0.4550 -29.2461
v  -69.6126 -1.1731 -33.4440
v  -68.5696 -2.0800 -37.6315
v  -67.5001 -3.1622 -41.7391
v  -73.6916 -0.2503 -25.2150
v  -72.8258 -0.7463 -29.4306
v  -71.8629 -1.4466 -33.6289
v  -70.7956 -2.3379 -37.8100
v  -71.8883 -3.8406 -42.1312
v  -72.9969 -2.7904 -38.0366
v  -74.0338 -1.9221 -33.8538
v  -74.9482 -1.2514 -29.6569
v  -75.7517 -0.7840 -25.4392
v  -76.4556 -0.5233 -21.2015
v  -77.0554 -0.4399 -16.9793
v  65.2362 -35.6954 -65.8735
v  65.2672 -34.5049 -65.6645
v  67.1564 -34.1798 -62.0560
v  65.3017 -33.7778 -65.5161
v  67.1037 -33.1993 -62.1231
v  61.9610 -41.8630 -70.3876
v  62.4300 -40.2788 -70.1946
v  64.1472 -41.7819 -66.8436
v  64.5735 -40.1756 -66.6321
v  64.8997 -38.6356 -66.4021
v  62.8032 -38.7476 -69.9731
v  63.0627 -37.2573 -69.7036
v  65.1232 -37.1446 -66.1472
v  63.2067 -35.7940 -69.3740
v  63.4111 -34.5753 -68.8421
v  60.9964 -35.9207 -72.7700
v  60.8386 -37.3772 -73.1687
v  60.5414 -38.8628 -73.4467
v  60.1327 -40.3863 -73.6473
v  59.6318 -41.9491 -73.8055
v  61.3663 -43.4861 -70.5128
v  59.0098 -43.5409 -73.8831
v  58.2321 -45.1556 -73.8461
v  60.6169 -45.1369 -70.5315
v  59.7341 -46.7388 -70.4457
v  57.3419 -46.7104 -73.6850
v  56.3746 -48.1222 -73.3886
v  55.0675 -49.5813 -72.8395
v  53.1572 -51.2812 -71.9158
v  50.8570 -52.9591 -70.7075
v  58.7277 -48.2055 -70.2522
v  57.3397 -49.7237 -69.8387
v  55.3125 -51.4722 -69.0868
v  52.8425 -53.1762 -68.0641
v  48.3686 -54.3503 -69.3033
v  50.1393 -54.5650 -66.8400
v  51.8370 -54.7853 -64.3449
v  54.7279 -53.3939 -65.3551
v  56.5159 -53.6041 -62.5687
v  53.4666 -55.0020 -61.8083
v  56.3665 -55.4266 -56.7118
v  53.0499 -56.5499 -56.5531
v  55.0326 -55.1961 -59.2313
v  51.6970 -56.4064 -58.6935
v  50.2633 -56.2197 -60.9507
v  48.8082 -56.0086 -63.2296
v  47.3204 -55.7921 -65.5178
v  45.7899 -55.6016 -67.7970
v  58.2021 -53.7995 -59.6889
v  59.8880 -54.0592 -56.6696
v  57.3128 -55.7498 -54.3522
v  60.2753 -54.7837 -53.9765
v  57.9950 -56.0890 -52.2667
v  60.5715 -55.4121 -51.5594
v  62.7379 -54.5975 -50.9590
v  62.9353 -53.4908 -53.4688
v  64.8326 -53.4933 -50.3966
v  64.6970 -52.1973 -53.2866
v  66.5457 -52.1848 -49.9799
v  66.5713 -50.4765 -53.0834
v  66.6448 -52.1826 -49.7978
v  64.9495 -53.4935 -50.2057
v  62.9131 -54.5849 -50.7466
v  60.5949 -55.4573 -51.3806
v  58.0568 -56.1200 -52.0741
v  55.4091 -56.6778 -52.7966
v  55.2739 -56.6713 -53.0130
v  54.2627 -56.6294 -54.6230
v  54.8221 -56.7787 -52.7386
v  57.4591 -56.2046 -51.9846
v  60.0023 -55.5372 -51.2861
v  62.3965 -54.6254 -50.6334
v  64.4800 -53.5096 -50.0827
v  66.1943 -52.1947 -49.6732
v  67.6105 -50.6491 -49.3400
v  68.0426 -50.6385 -49.4665
v  68.7757 -48.8463 -49.0218
v  69.1856 -48.8441 -49.1476
v  54.2452 -56.6437 -52.7620
v  56.8527 -56.1014 -52.0577
v  59.3935 -55.4530 -51.3789
v  61.8537 -54.5426 -50.7362
v  63.9642 -53.4376 -50.1936
v  65.6752 -52.1434 -49.7910
v  67.0857 -50.6133 -49.4623
v  68.2495 -48.8067 -49.1395
v  69.1689 -46.9019 -48.8271
v  69.7049 -46.9468 -48.7088
v  69.8631 -45.0691 -48.5181
v  70.4109 -45.1075 -48.3998
v  70.4169 -43.2626 -48.2040
v  70.9818 -43.2998 -48.0840
v  70.9065 -41.4629 -47.8785
v  71.4827 -41.4927 -47.7585
v  71.2975 -39.7133 -47.5514
v  71.8904 -39.7409 -47.4296
v  71.5583 -38.0649 -47.2336
v  72.1642 -38.0925 -47.1145
v  71.8364 -41.4819 -47.8834
v  71.3437 -43.2920 -48.2099
v  70.7888 -45.1065 -48.5273
v  70.0926 -46.9502 -48.8375
v  71.7886 -41.4821 -48.0601
v  71.2960 -43.2919 -48.3888
v  70.7355 -45.1053 -48.7029
v  70.0395 -46.9462 -49.0125
v  69.1271 -48.8363 -49.3236
v  67.9716 -50.6287 -49.6407
v  71.1294 -39.8113 -51.4824
v  70.7600 -41.5285 -51.7823
v  70.2851 -43.3038 -52.0747
v  69.7039 -45.1003 -52.3476
v  68.9503 -46.9048 -52.6032
v  67.9474 -48.7045 -52.8512
v  69.5255 -41.5822 -55.6525
v  69.0548 -43.3237 -55.9097
v  68.4448 -45.0973 -56.1357
v  67.6380 -46.8633 -56.3370
v  66.5706 -48.5771 -56.5190
v  65.0293 -50.3205 -56.6526
v  66.8371 -45.1004 -59.8608
v  67.4836 -43.3525 -59.6801
v  67.9688 -41.6412 -59.4595
v  68.3326 -39.9864 -59.2137
v  68.5982 -38.4137 -58.9583
v  68.7733 -36.9187 -58.7142
v  67.0218 -37.0337 -62.4865
v  68.8586 -35.5013 -58.5023
v  65.9931 -46.8278 -60.0048
v  64.0858 -46.7965 -63.5898
v  64.9532 -45.1099 -63.5135
v  65.6404 -43.3905 -63.3788
v  66.1588 -41.7082 -63.1912
v  66.5459 -40.0793 -62.9682
v  66.8322 -38.5234 -62.7307
v  62.8707 -45.1232 -67.0778
v  63.5883 -43.4341 -67.0005
v  61.9894 -46.7667 -67.0744
v  60.9503 -48.2920 -66.9907
v  59.4924 -49.8682 -66.7220
v  57.3492 -51.6612 -66.1628
v  64.9119 -48.4729 -60.1131
v  63.0217 -48.3818 -63.6109
v  61.4965 -50.0172 -63.4861
v  63.3403 -50.1656 -60.1251
v  61.0366 -52.0322 -59.9856
v  59.2617 -51.8505 -63.1337
v  62.8066 -52.1637 -56.7065
v  -76.3997 -6.1966 36.7000
v  -77.5649 -5.8349 33.4612
v  -77.5569 -6.3862 36.7310
v  -75.1207 -6.1042 36.6364
v  -73.6260 -6.0584 36.4736
v  -71.8942 -5.9912 36.1632
v  -70.1012 -5.9124 35.6815
v  -76.4244 -5.6728 33.3609
v  -75.4458 -5.6749 33.3064
v  -74.3492 -5.7364 33.2448
v  -73.1819 -5.7912 33.0610
v  -72.0337 -5.8465 33.0299
v  -70.5798 -5.8468 32.9255
v  -68.9680 -5.7932 32.5789
v  -74.8509 -5.1283 29.6601
v  -73.6333 -5.2540 29.5672
v  -72.2311 -5.4601 29.5273
v  -71.2532 -5.5950 29.4993
v  -70.3900 -5.6640 29.5271
v  -69.1528 -5.7020 29.4317
v  -67.6921 -5.6865 29.1679
v  -66.2818 -5.6180 25.5650
v  -67.6631 -5.5755 25.8226
v  -64.7554 -5.5682 21.6740
v  -66.1151 -5.4752 22.0340
v  -64.5191 -5.4010 17.9862
v  -67.3478 -5.2947 22.3131
v  -68.9049 -5.4696 26.0413
v  -69.8741 -5.3579 26.1848
v  -68.3264 -5.1125 22.4691
v  -69.1981 -4.8812 22.4565
v  -70.5416 -5.1891 25.9495
v  -65.7968 -5.1720 18.4316
v  -71.2652 -4.2936 22.4008
v  -70.5960 -3.7152 18.6272
v  -70.1113 -4.5875 22.3445
v  -67.9013 -4.5725 18.6998
v  -71.8745 -4.8648 25.9342
v  -73.1152 -4.7104 26.2351
v  -72.5876 -4.0415 22.4374
v  -73.9011 -3.8243 22.3978
v  -74.3749 -4.5284 26.2273
v  -75.4373 -4.3963 26.2075
v  -75.0364 -3.6583 22.3629
v  -73.4176 -3.1277 18.5498
v  -75.7295 -2.8454 18.4784
v  -76.0872 -3.5861 22.3326
v  -76.4008 -4.3516 26.1837
v  -76.6190 -5.0652 29.8571
v  -75.7970 -5.0570 29.7463
v  -76.5997 -2.1933 14.5780
v  -76.8842 -2.9051 18.4476
v  -77.1418 -3.6538 22.3077
v  -77.3649 -4.4443 26.1621
v  -77.5180 -5.1961 29.9135
v  65.6854 -22.6431 -59.9243
v  64.2899 -23.8359 -62.5865
v  64.8202 -21.1184 -60.4799
v  64.0214 -22.6654 -62.4893
v  63.4847 -23.6338 -63.7814
v  65.6939 -23.6895 -60.3230
v  67.2524 -23.7725 -57.7942
v  65.7601 -24.2562 -60.4485
v  64.4006 -24.3846 -62.6257
v  63.6547 -24.1749 -63.7382
v  63.2521 -24.6541 -64.6053
v  63.1314 -24.3794 -64.7226
v  62.8433 -24.4381 -65.2167
v  63.1953 -22.7395 -63.8486
v  63.4056 -21.0693 -62.6304
v  64.4804 -24.9101 -62.6506
v  64.4465 -24.6563 -62.6413
v  65.8076 -24.5102 -60.4915
v  63.8073 -24.8216 -63.6483
v  63.7565 -24.5660 -63.6927
v  63.3097 -24.8982 -64.5243
v  62.6423 -26.3744 -66.0579
v  62.6097 -26.1996 -66.1392
v  62.9647 -25.7891 -65.2289
v  62.9455 -25.5862 -65.2967
v  62.9262 -25.3831 -65.3621
v  62.5771 -26.0293 -66.2182
v  62.5926 -25.7570 -66.1631
v  62.9084 -25.1688 -65.3892
v  62.8919 -24.8536 -65.3202
v  62.3707 -26.0848 -66.6830
v  62.2493 -26.8524 -67.1088
v  61.6753 -27.7122 -68.3727
v  62.2649 -26.5753 -67.0304
v  62.3006 -26.9760 -66.9807
v  62.0838 -27.8076 -67.6979
v  62.0097 -27.7305 -67.8745
v  61.9476 -28.5462 -68.3654
v  62.0243 -28.5858 -68.1648
v  62.0922 -29.3516 -68.4509
v  62.0190 -29.3356 -68.6598
v  62.1792 -30.1444 -68.8373
v  61.7000 -28.9844 -68.9589
v  61.8376 -29.9911 -69.2648
v  62.0509 -30.9799 -69.4386
v  62.4343 -30.9473 -68.8744
v  62.7848 -31.7162 -68.7466
v  62.2932 -31.9026 -69.5241
v  62.7321 -32.6679 -69.2249
v  60.9277 -32.3076 -71.5076
v  61.3203 -33.3223 -71.4543
v  61.0257 -31.0123 -70.7535
v  61.3815 -29.7497 -69.7245
v  60.6524 -29.3508 -70.4155
v  62.4325 -33.7402 -70.0683
v  63.4435 -33.1364 -68.3541
v  63.7846 -32.8192 -67.7149
v  64.2725 -33.3613 -67.1515
v  63.8535 -33.8142 -67.9598
v  65.8371 -33.2534 -64.5348
v  65.0787 -33.3997 -65.8508
v  65.0430 -33.1133 -65.8422
v  64.4064 -33.0673 -66.8377
v  64.3839 -32.8484 -66.7680
v  65.0271 -32.8850 -65.7895
v  64.9812 -32.6487 -65.7536
v  64.3519 -32.6244 -66.6987
v  63.7784 -32.4206 -67.4745
v  63.7869 -32.6298 -67.6032
v  63.2617 -32.2227 -68.2203
v  63.2857 -32.0457 -68.0373
v  62.8870 -31.5054 -68.3417
v  62.8350 -31.6241 -68.5579
v  63.2294 -32.3681 -68.3816
v  62.5029 -30.9036 -68.6720
v  62.2528 -30.1341 -68.6300
v  62.5709 -30.8452 -68.4422
v  62.3258 -30.1094 -68.3907
v  62.1656 -29.3509 -68.2185
v  62.0965 -28.6277 -67.9433
v  62.1501 -27.8964 -67.5081
v  62.3504 -27.1091 -66.8472
v  76.1860 -32.2978 31.4104
v  76.2604 -32.2336 31.3102
v  76.1850 -32.3881 33.8583
v  76.2743 -32.3250 33.9551
v  76.1526 -32.6039 34.0687
v  76.2476 -32.5411 34.1647
v  76.1636 -32.4998 31.2007
v  76.2379 -32.4357 31.1007
v  -88.5143 -32.2978 31.4104
v  -88.5134 -32.3881 33.8584
v  -88.5888 -32.2336 31.3103
v  -88.6026 -32.3250 33.9552
v  -88.4809 -32.6039 34.0688
v  -88.5759 -32.5411 34.1647
v  -47.3286 -27.2623 -80.6105
v  -46.5880 -27.6326 -80.5421
v  -46.6874 -30.3823 -85.5550
v  -45.4380 -30.6014 -85.5859
v  -45.2600 -32.9059 -89.6452
v  -46.1517 -32.8415 -89.5678
v  -45.7554 -34.5818 -92.4621
v  -45.1024 -34.6265 -92.6152
v  -45.0199 -35.5775 -94.2254
v  -45.5359 -35.5475 -94.0684
v  -44.3295 -35.5956 -94.4336
v  -43.2846 -35.5955 -94.7447
v  -41.5268 -35.5728 -95.2516
v  -38.7010 -35.5303 -96.0597
v  -31.8812 -35.4201 -97.8584
v  -35.3153 -35.4778 -96.9890
v  -35.2701 -34.4374 -95.3226
v  -38.6442 -34.5238 -94.4000
v  -38.5952 -32.6523 -91.2473
v  -41.4684 -34.5975 -93.6049
v  -43.2229 -34.6420 -93.1112
v  -44.3040 -34.6525 -92.8154
v  -44.2907 -32.9341 -89.7770
v  -43.1619 -32.8918 -90.0170
v  -41.4169 -32.7910 -90.4702
v  -41.3988 -30.4603 -86.3389
v  -43.1342 -30.5992 -85.9027
v  -41.4382 -27.9120 -81.7037
v  -38.5780 -30.2751 -87.1169
v  -31.8253 -32.4329 -93.0875
v  -35.2240 -32.5166 -92.1749
v  -28.3379 -29.9625 -89.9964
v  -31.8290 -30.0224 -89.0450
v  -28.3949 -27.4444 -85.5890
v  -20.7842 -29.7837 -91.7029
v  -24.6364 -29.8766 -90.8969
v  -24.6748 -32.2578 -94.7782
v  -28.3336 -32.3598 -93.9624
v  -28.3527 -34.2742 -97.0082
v  -31.8546 -34.3573 -96.1937
v  -20.9195 -34.0813 -98.4688
v  -24.7428 -35.2741 -99.3849
v  -24.7196 -34.1800 -97.7713
v  -20.8454 -32.1495 -95.5162
v  -16.8399 -32.0510 -96.1605
v  -16.9125 -33.9901 -99.0987
v  -12.5864 -32.0427 -96.8566
v  -12.8029 -34.2198 -100.1966
v  -10.7985 -33.5016 -99.3753
v  -9.9803 -33.9456 -100.1565
v  -10.9344 -34.2849 -100.5434
v  -8.8492 -34.2680 -100.8421
v  -9.3446 -34.4536 -101.0142
v  -9.9131 -34.3300 -100.7359
v  -9.7338 -34.6324 -101.2177
v  -10.1783 -34.5682 -101.0493
v  -11.2511 -34.5983 -100.9400
v  -12.2938 -34.6852 -100.9044
v  -13.0336 -34.8283 -100.9632
v  -14.1619 -35.0401 -101.0552
v  -17.1230 -35.0939 -100.6270
v  -20.9982 -35.1839 -100.0404
v  -8.3089 -34.0942 -100.7172
v  -7.8083 -33.9280 -100.5928
v  -7.3149 -33.8113 -100.5034
v  -6.7904 -33.7372 -100.4435
v  -6.1642 -33.6952 -100.4153
v  -9.2642 -34.0866 -100.4752
v  -8.2766 -33.8605 -100.3026
v  -7.2321 -33.6396 -100.1099
v  -6.1642 -33.5651 -100.0657
v  -5.5380 -33.7372 -100.4435
v  -5.0963 -33.6396 -100.1099
v  -5.0135 -33.8113 -100.5034
v  -4.0518 -33.8605 -100.3026
v  -4.5200 -33.9280 -100.5928
v  -8.7077 -33.6357 -99.8488
v  -7.4366 -33.4110 -99.6714
v  -6.1642 -33.3218 -99.6175
v  -4.8917 -33.4110 -99.6714
v  -3.6207 -33.6357 -99.8488
v  -3.0642 -34.0866 -100.4752
v  -2.3481 -33.9456 -100.1565
v  -9.3793 -31.4562 -96.3609
v  -8.5850 -32.8830 -98.6840
v  -6.1642 -32.6471 -98.5238
v  -3.7433 -32.8830 -98.6840
v  -1.5299 -33.5016 -99.3753
v  0.2580 -32.0427 -96.8566
v  -2.9491 -31.4562 -96.3609
v  -6.1642 -31.1534 -96.1127
v  -2.4153 -34.3300 -100.7359
v  -1.3939 -34.2849 -100.5434
v  0.4745 -34.2198 -100.1966
v  4.5115 -32.0510 -96.1605
v  8.5170 -32.1495 -95.5162
v  12.3464 -32.2578 -94.7782
v  16.0053 -32.3598 -93.9624
v  4.5076 -29.6999 -92.3731
v  0.5473 -29.6334 -92.9396
v  -2.8087 -29.4117 -92.9917
v  -6.1642 -29.3438 -93.0730
v  8.4162 -27.3729 -87.5490
v  0.7238 -27.3373 -88.8826
v  -9.5196 -29.4117 -92.9917
v  -16.8360 -29.6999 -92.3731
v  -20.7446 -27.3729 -87.5490
v  -80.6609 -39.9864 -59.2137
v  -80.9265 -38.4137 -58.9583
v  -81.8539 -41.5822 -55.6525
v  -82.2067 -39.8970 -55.3792
v  -82.4661 -38.3021 -55.1045
v  -81.1017 -36.9187 -58.7142
v  -83.8888 -36.6701 -50.8937
v  -83.7175 -38.1868 -51.1872
v  -83.4577 -39.8113 -51.4824
v  -83.0884 -41.5285 -51.7823
v  -82.6134 -43.3038 -52.0747
v  -83.6244 -43.2919 -48.3888
v  -84.1170 -41.4821 -48.0601
v  -84.5079 -39.7280 -47.7324
v  -84.7693 -38.0735 -47.4135
v  -84.9477 -36.5441 -47.0815
v  -85.0856 -35.1663 -46.7053
v  -83.9528 -33.8599 -50.7424
v  -84.5557 -39.7226 -47.5554
v  -84.1648 -41.4819 -47.8834
v  -83.6721 -43.2920 -48.2099
v  -83.1172 -45.1065 -48.5273
v  -84.4926 -38.0925 -47.1145
v  -84.2188 -39.7409 -47.4296
v  -83.8111 -41.4927 -47.7585
v  -83.3102 -43.2998 -48.0840
v  -82.7393 -45.1076 -48.3998
v  -84.0672 -36.5451 -46.9028
v  -83.8866 -38.0649 -47.2336
v  -83.6259 -39.7133 -47.5514
v  -83.2349 -41.4629 -47.8785
v  -82.7452 -43.2626 -48.2040
v  -82.1915 -45.0692 -48.5181
v  -61.7300 -5.4397 16.7921
v  -59.9630 -5.3972 11.7607
v  -61.3808 -5.4633 12.5570
v  -59.5068 -5.4221 6.9220
v  -62.8007 -5.3400 13.3468
v  -63.1270 -5.5133 17.4050
v  -59.4507 -5.1134 15.7802
v  -64.8935 -5.5394 25.2823
v  -63.3871 -5.4903 21.2649
v  41.9546 -7.0144 -37.1190
v  43.7034 -5.5838 -37.0350
v  42.8337 -6.7741 -41.6968
v  44.7550 -5.4576 -41.4694
v  45.6775 -4.2928 -37.0132
v  47.8086 -3.3287 -37.0938
v  46.8730 -4.4606 -41.3951
v  49.0309 -3.7560 -41.4227
v  49.9670 -2.6511 -37.2226
v  52.0111 -2.2255 -37.3486
v  51.0616 -3.3217 -41.4973
v  53.0756 -3.1320 -41.6050
v  54.0657 -2.0382 -37.4827
v  55.0619 -1.1230 -33.2852
v  52.9816 -1.3091 -33.1394
v  53.9544 -0.5739 -28.9342
v  45.9865 -5.8274 -45.6780
v  48.1297 -5.0580 -45.5372
v  50.1465 -4.5962 -45.5200
v  52.1128 -4.3963 -45.5855
v  54.1130 -4.4044 -45.6957
v  55.1717 -3.1621 -41.7391
v  56.2413 -2.0799 -37.6315
v  57.2842 -1.1731 -33.4440
v  58.2658 -0.4550 -29.2461
v  56.0457 -0.3891 -29.0851
v  56.9839 0.1390 -24.8772
v  57.3397 -3.4021 -41.9093
v  56.1972 -4.6246 -45.8548
v  55.0509 -6.0374 -49.6518
v  53.0740 -5.8667 -49.5412
v  51.1829 -5.9070 -49.4997
v  49.2936 -6.1481 -49.5212
v  47.3578 -6.6479 -49.6657
v  45.3266 -7.4690 -49.9847
v  43.3593 -8.5545 -50.4809
v  41.6218 -9.8476 -51.1504
v  43.4034 -10.4326 -54.9728
v  45.0550 -9.4230 -54.3614
v  46.8004 -8.6151 -53.9067
v  48.5328 -8.0737 -53.6048
v  50.2814 -7.7520 -53.4223
v  52.0641 -7.6034 -53.3182
v  49.3925 -9.7613 -57.3481
v  47.8203 -10.1867 -57.7290
v  46.3505 -10.7716 -58.2033
v  44.9841 -11.5335 -58.7730
v  43.7348 -12.4190 -59.4548
v  42.6211 -13.3658 -60.2575
v  60.6685 -2.7904 -38.0366
v  61.6466 -4.5016 -42.4029
v  59.5599 -3.8406 -42.1312
v  58.4247 -5.0525 -46.0680
v  60.5436 -5.7187 -46.3468
v  59.2650 -7.0741 -50.0857
v  57.2046 -6.4337 -49.8287
v  55.8292 -7.9960 -53.3919
v  57.6663 -8.5544 -53.5707
v  55.9031 -10.0938 -56.9267
v  54.3764 -9.6505 -56.8595
v  52.7679 -9.4118 -56.8881
v  53.9081 -7.6688 -53.3044
v  51.0761 -9.4754 -57.0603
v  58.4672 -2.3379 -37.8100
v  59.5345 -1.4465 -33.6289
v  61.7054 -1.9221 -33.8538
v  62.6198 -1.2514 -29.6569
v  60.4974 -0.7462 -29.4306
v  61.3632 -0.2502 -25.2150
v  63.8309 -0.0946 -8.5992
v  63.3598 0.0655 -12.6132
v  61.3710 0.3941 -12.4597
v  62.8046 0.1267 -16.7588
v  60.7422 0.4605 -16.5907
v  60.0076 0.3603 -20.7981
v  62.1335 0.0315 -20.9767
v  59.1791 0.0629 -25.0342
v  63.4233 -0.7840 -25.4392
v  64.1272 -0.5233 -21.2015
v  64.7270 -0.4399 -16.9793
v  65.2273 -0.5058 -12.8206
v  65.6542 -0.6677 -8.7881
v  66.0314 -0.8752 -4.9476
v  64.2477 -0.3021 -4.7802
v  64.6198 -0.5562 -1.0094
v  66.3680 -1.1347 -1.1570
v  66.6583 -1.4538 2.7186
v  67.6690 -1.6115 -5.1233
v  67.9890 -1.8840 -1.3108
v  68.2746 -2.2229 2.5825
v  68.5123 -2.6597 6.5180
v  66.9019 -1.8737 6.6388
v  67.0944 -2.4359 10.5489
v  68.6861 -3.2249 10.4471
v  67.2475 -3.0939 14.4520
v  64.9393 -0.8548 2.8497
v  65.2155 -1.2604 6.7499
v  65.4553 -1.8228 10.6434
v  65.6625 -2.4884 14.5270
v  65.8476 -3.1941 18.4068
v  66.0100 -3.9386 22.2787
v  66.1557 -4.7259 26.1404
v  62.0465 -4.5284 26.2273
v  63.1089 -4.3963 26.2075
v  64.0724 -4.3516 26.1837
v  65.0366 -4.4442 26.1621
v  64.8135 -3.6538 22.3077
v  64.5559 -2.9051 18.4476
v  63.7589 -3.5861 22.3326
v  63.4012 -2.8454 18.4784
v  63.0120 -2.1362 14.6179
v  64.2713 -2.1933 14.5780
v  63.9628 -1.5219 10.7037
v  62.5915 -1.4637 10.7527
v  62.1420 -0.8912 6.8852
v  63.6279 -0.9539 6.8258
v  63.2619 -0.5492 2.9395
v  61.6618 -0.4835 3.0127
v  61.1497 -0.1794 -0.8180
v  61.5727 -3.8243 22.3977
v  62.7080 -3.6582 22.3629
v  62.2805 -2.9352 18.5117
v  61.8223 -2.2354 14.6606
v  61.3092 -1.5745 10.8041
v  60.7596 -1.0123 6.9484
v  60.1680 -0.6153 3.0891
v  59.5524 -0.3173 -0.7275
v  58.9146 -0.0585 -4.4520
v  60.5701 -2.4566 14.6971
v  59.9833 -1.8257 10.8544
v  59.3389 -1.2932 7.0165
v  58.6529 -0.9104 3.1884
v  57.9427 -0.6240 -0.6029
v  57.2155 -0.3835 -4.3304
v  56.4574 -0.1871 -8.1158
v  58.2363 0.1557 -8.2306
v  57.5080 0.3288 -12.1980
v  55.6436 -0.0334 -12.0768
v  54.7757 0.0078 -16.1686
v  56.9818 -1.3447 3.3283
v  56.1943 -1.0792 -0.4179
v  55.3951 -0.8597 -4.1759
v  54.5659 -0.6897 -8.0098
v  53.6941 -0.5766 -11.9815
v  52.7698 -0.5793 -16.0453
v  51.7984 -0.7521 -20.1522
v  53.8462 -0.1277 -20.3359
v  52.8783 -0.4579 -24.5460
v  54.3664 -1.7043 0.0015
v  53.4471 -1.5410 -3.8464
v  52.5107 -1.4210 -7.9571
v  51.5467 -1.3820 -12.1637
v  50.6331 -1.4190 -16.2472
v  49.8077 -1.5523 -19.9789
v  48.7823 -1.9660 -23.7681
v  50.7933 -1.1073 -24.3105
v  49.7848 -1.6608 -28.5311
v  47.7058 -2.5719 -28.0494
v  46.7894 -3.1147 -23.3016
v  47.6977 -2.6968 -19.8563
v  48.3086 -2.5556 -17.0861
v  46.6624 -3.3473 -32.5560
v  44.6704 -4.5931 -32.2441
v  48.7849 -2.4052 -32.7977
v  50.9271 -1.7357 -32.9852
v  51.9003 -0.9985 -28.7603
v  54.9135 -0.0382 -24.7242
v  55.8408 0.2777 -20.4961
v  56.7114 0.3930 -16.3047
v  57.8651 0.4452 -20.6483
v  58.6685 0.5507 -16.4495
v  59.3811 0.4808 -12.3301
v  60.0230 0.3039 -8.3472
v  60.6063 0.0811 -4.5587
v  61.9199 0.2244 -8.4610
v  62.4124 0.0075 -4.6581
v  62.8614 -0.2492 -0.9022
v  45.3669 -5.4608 1.0197
v  42.4986 -5.6779 -5.4518
v  44.0341 -5.4423 0.1641
v  41.8850 -5.2063 -1.0912
v  45.7927 -5.3755 6.0580
v  39.0516 -5.9370 -12.1376
v  40.4049 -5.4992 -6.6542
v  36.7307 -5.0988 -8.6309
v  42.3985 -5.9923 -10.2340
v  39.7708 -6.5780 -16.6706
v  41.1063 -6.0620 -10.9949
v  36.5233 -7.2435 -23.3866
v  37.7477 -6.4982 -17.7525
v  34.2648 -6.2568 -19.5566
v  35.4664 -5.6237 -14.0483
v  31.0573 -5.2704 -16.3503
v  39.8099 -7.1740 -21.6876
v  37.3730 -8.2589 -27.9795
v  38.5151 -7.2901 -22.3690
v  41.0636 -6.4831 -15.9471
v  41.1043 -6.8675 -21.0058
v  38.6616 -8.1171 -27.3614
v  37.5972 -9.2711 -32.9542
v  38.8742 -8.9199 -32.3905
v  36.6062 -10.5907 -38.4468
v  35.3264 -10.7643 -38.9921
v  35.6902 -12.0786 -43.8445
v  36.9684 -11.7062 -43.3029
v  34.8427 -13.7423 -49.1470
v  33.5765 -13.9406 -49.6735
v  34.4123 -12.2620 -44.3855
v  32.5237 -12.2820 -45.2038
v  33.4189 -10.7725 -39.8370
v  30.2489 -10.6448 -41.2804
v  34.3848 -9.4296 -34.3996
v  31.1468 -9.2886 -35.9201
v  27.2485 -9.1050 -37.7532
v  32.1058 -8.0803 -30.5235
v  35.4109 -8.2369 -28.9255
v  36.3177 -9.4326 -33.5181
v  33.1394 -7.0571 -25.0747
v  29.0196 -6.8373 -27.1064
v  28.1032 -7.8848 -32.4498
v  24.0637 -7.7419 -34.3753
v  30.0050 -5.9798 -21.7262
v  25.6618 -5.7874 -23.9021
v  24.8409 -6.6806 -29.1458
v  20.5231 -6.6242 -31.2613
v  19.2724 -8.9374 -41.4695
v  19.8759 -7.6973 -36.3819
v  15.4345 -7.7934 -38.5504
v  22.6651 -10.3758 -44.7254
v  23.3367 -8.9724 -39.5744
v  25.7229 -12.0126 -48.2241
v  26.4517 -10.4791 -43.0136
v  28.6847 -13.8567 -51.8012
v  29.4215 -12.1636 -46.5822
v  31.0209 -15.8341 -55.6463
v  31.7215 -13.9717 -50.4686
v  32.8368 -15.7909 -54.8850
v  21.4769 -13.6326 -54.9229
v  25.0690 -13.7082 -53.3819
v  24.4952 -15.5982 -58.4743
v  28.0414 -15.7365 -56.9400
v  27.5008 -17.8101 -62.0006
v  30.4261 -17.8644 -60.7526
v  29.9343 -20.1090 -65.9308
v  26.6803 -22.5724 -72.3709
v  23.6078 -20.0202 -68.5185
v  27.0520 -20.0864 -67.1063
v  20.5345 -17.6354 -64.9253
v  24.0112 -17.7116 -63.4927
v  17.2901 -15.5083 -61.4474
v  20.9687 -15.5163 -59.9579
v  30.9992 -25.3115 -76.1049
v  31.2734 -22.6090 -70.7138
v  29.5336 -22.6180 -71.3195
v  26.4158 -25.1626 -77.5865
v  23.2787 -22.4929 -73.6304
v  32.2013 -25.2491 -75.7352
v  32.4569 -22.4777 -70.3295
v  31.6735 -20.0589 -65.2803
v  33.6434 -22.1554 -69.9481
v  33.4056 -25.0051 -75.3807
v  32.0508 -28.0368 -80.9330
v  49.0524 -5.4633 12.5570
v  47.6346 -5.3972 11.7607
v  45.3376 -5.0877 10.4922
v  49.4016 -5.4397 16.7921
v  53.7867 -5.4752 22.0340
v  52.4271 -5.5682 21.6740
v  50.7986 -5.5133 17.4050
v  50.4723 -5.3400 13.3468
v  47.1784 -5.4221 6.9220
v  46.7003 -5.2910 1.8742
v  43.8019 -5.6529 -4.6409
v  43.6882 -5.7351 -9.4758
v  43.5599 -5.0952 4.7444
v  39.6248 -4.5391 2.5329
v  38.1014 -4.7256 -3.1551
v  33.3882 -4.2095 -5.6559
v  34.7009 -3.9307 -0.1723
v  36.1661 -3.7870 5.4747
v  41.2889 -4.4764 8.2972
v  43.0791 -4.4734 13.9950
v  -1.2950 -2.9678 -15.0990
v  3.8585 -2.4654 -9.3665
v  3.6442 -3.0063 -14.2294
v  8.7243 -2.9955 -12.7690
v  9.0787 -2.4860 -7.9437
v  14.3755 -2.5284 -6.0048
v  13.8712 -2.9901 -10.8041
v  19.0076 -3.0478 -8.4223
v  19.6529 -2.6312 -3.6113
v  25.0352 -2.8494 -0.8163
v  24.1957 -3.2017 -5.7672
v  29.4905 -3.4912 -2.9802
v  30.6436 -3.2403 2.3241
v  31.9416 -3.1227 7.6636
v  25.9300 -2.6483 3.8898
v  20.3115 -2.3364 0.8981
v  14.8809 -2.1368 -1.4452
v  9.4318 -2.0000 -3.2771
v  4.0691 -1.9075 -4.5908
v  -1.0966 -1.8446 -5.3830
v  -1.1956 -2.4259 -10.2076
v  -6.1642 -2.4022 -10.4825
v  39.9175 -3.7609 18.4452
v  37.8353 -3.7361 11.3319
v  33.2447 -3.0718 12.7404
v  26.8013 -2.5300 8.2304
v  20.9421 -2.1167 5.0417
v  15.3639 -1.7988 2.7956
v  9.7678 -1.5442 1.1255
v  4.2717 -1.3616 -0.0378
v  -1.0019 -1.2618 -0.7673
v  39.8116 -3.7372 18.5723
v  33.3178 -3.0677 13.0201
v  26.8505 -2.5221 8.4722
v  20.9736 -2.1052 5.2534
v  15.3859 -1.7841 2.9913
v  9.7817 -1.5243 1.3130
v  4.2797 -1.3402 0.1428
v  -0.9977 -1.2396 -0.5889
v  -6.1642 -1.2341 -1.0231
v  52.8838 -5.7002 33.0135
v  50.4048 -5.2125 30.0910
v  50.3122 -5.3064 30.2218
v  45.7667 -4.5284 24.7844
v  45.6691 -4.6123 24.9208
v  39.7262 -3.8267 18.7097
v  33.2707 -3.1571 13.1875
v  26.8432 -2.6061 8.6606
v  20.9798 -2.1817 5.4401
v  15.3884 -1.8562 3.1685
v  39.6995 -3.9096 18.7631
v  33.2628 -3.2368 13.2465
v  26.8513 -2.6894 8.7391
v  20.9904 -2.2720 5.5322
v  15.3974 -1.9494 3.2692
v  9.7842 -1.6922 1.5881
v  9.7813 -1.5934 1.4861
v  4.2768 -1.5066 0.4177
v  4.2759 -1.4088 0.3131
v  -1.0011 -1.4107 -0.3182
v  -1.0006 -1.3096 -0.4213
v  -6.1642 -1.2099 -0.8449
v  -6.1642 -1.2817 -0.6784
v  -11.3277 -1.3096 -0.4213
v  -11.3307 -1.2396 -0.5889
v  -16.6043 -1.4088 0.3131
v  -16.6080 -1.3402 0.1428
v  -22.1097 -1.5934 1.4861
v  -22.1100 -1.5243 1.3130
v  -27.7168 -1.8562 3.1685
v  -6.1642 -1.3835 -0.5764
v  -11.3272 -1.4107 -0.3182
v  -16.6052 -1.5066 0.4177
v  -22.1125 -1.6922 1.5881
v  -27.7257 -1.9494 3.2692
v  -33.3081 -2.1817 5.4401
v  -33.3187 -2.2720 5.5322
v  -39.1715 -2.6061 8.6606
v  -39.1796 -2.6894 8.7391
v  -27.7143 -1.7841 2.9913
v  -33.3020 -2.1052 5.2535
v  -39.1789 -2.5221 8.4722
v  -45.5991 -3.1571 13.1875
v  -52.0545 -3.8267 18.7098
v  -57.9974 -4.6123 24.9208
v  -62.6405 -5.3064 30.2219
v  -45.5912 -3.2368 13.2465
v  -52.0278 -3.9096 18.7631
v  -57.9586 -4.7022 24.9780
v  -62.6066 -5.4021 30.2786
v  -65.1971 -5.8033 33.0451
v  -66.7962 -6.0107 34.3694
v  -80.8966 -23.8333 -55.4106
v  -78.1738 -24.7508 -60.5285
v  -79.5863 -24.7242 -58.2465
v  -79.5656 -24.5078 -58.1714
v  -78.1360 -24.5102 -60.4915
v  -79.5448 -24.2868 -58.0940
v  26.5340 -5.0332 -18.6649
v  21.8973 -4.9044 -21.0136
v  27.4597 -4.3904 -13.4566
v  21.1936 -5.6977 -26.1326
v  16.5628 -5.7243 -28.4646
v  17.1510 -4.8771 -23.4172
v  17.7552 -4.1673 -18.3958
v  22.6309 -4.2359 -15.9209
v  23.3974 -3.6741 -10.8416
v  18.3753 -3.5658 -13.3973
v  13.3679 -3.5364 -15.7333
v  12.8709 -4.1731 -20.6816
v  8.0145 -4.2411 -22.5828
v  8.3699 -3.5651 -17.6725
v  3.4296 -3.5986 -19.1302
v  3.2167 -4.3079 -24.0164
v  -1.4953 -4.3196 -24.9026
v  12.3798 -4.9298 -25.6520
v  7.6628 -5.0434 -27.5006
v  3.0045 -5.1588 -28.8959
v  -1.5952 -5.2204 -29.7719
v  -6.1642 -5.2346 -30.0793
v  -6.1642 -4.3087 -25.2086
v  -10.8330 -4.3196 -24.9026
v  -10.7331 -5.2204 -29.7719
v  -15.3329 -5.1588 -28.8959
v  7.3132 -6.0032 -32.4339
v  2.7933 -6.1656 -33.7751
v  -1.6941 -6.2701 -34.6231
v  -6.1642 -6.3065 -34.9235
v  -10.6343 -6.2701 -34.6231
v  -15.1216 -6.1656 -33.7751
v  -19.6416 -6.0032 -32.4339
v  -19.9912 -5.0434 -27.5006
v  -24.7082 -4.9298 -25.6520
v  11.4157 -6.8629 -35.6392
v  6.9657 -7.0788 -37.3564
v  2.5833 -7.2825 -38.6394
v  -1.7924 -7.4123 -39.4596
v  -6.1642 -7.4580 -39.7545
v  -10.5359 -7.4124 -39.4596
v  -14.9116 -7.2825 -38.6394
v  -19.2941 -7.0788 -37.3564
v  -23.7441 -6.8629 -35.6392
v  6.6249 -8.2267 -42.2433
v  2.3759 -8.4496 -43.4762
v  -1.8899 -8.5870 -44.2875
v  -6.1642 -8.6336 -44.5873
v  -10.4385 -8.5870 -44.2875
v  -14.7043 -8.4496 -43.4762
v  -18.9532 -8.2267 -42.2433
v  -23.2764 -7.9849 -40.5984
v  -27.7628 -7.7934 -38.5504
v  -22.8544 -9.2417 -45.4782
v  -18.6406 -9.4943 -47.0633
v  -18.3782 -10.9279 -51.7839
v  -14.5051 -9.7265 -48.2679
v  -10.3411 -9.8695 -49.0769
v  -6.1642 -9.9161 -49.3838
v  -10.2449 -11.3312 -53.8032
v  -14.3199 -11.1677 -52.9980
v  -14.1281 -12.7343 -57.6759
v  -10.1427 -12.9117 -58.4512
v  -10.0260 -14.5522 -63.0042
v  -6.1642 -12.9824 -58.7319
v  -6.1642 -11.3917 -54.1050
v  -2.0835 -11.3312 -53.8032
v  -2.1857 -12.9117 -58.4512
v  1.7998 -12.7343 -57.6759
v  -1.9872 -9.8695 -49.0769
v  2.1767 -9.7265 -48.2679
v  6.3123 -9.4943 -47.0633
v  10.5261 -9.2417 -45.4782
v  6.0498 -10.9279 -51.7839
v  1.9916 -11.1677 -52.9980
v  5.7988 -12.4904 -56.4701
v  9.8765 -12.2426 -54.9521
v  5.5153 -14.1517 -61.1763
v  1.5837 -14.3842 -62.3163
v  1.3671 -16.1687 -66.8868
v  -2.3023 -14.5522 -63.0042
v  -2.4177 -16.3159 -67.4878
v  -6.1642 -16.3749 -67.6755
v  -6.1642 -14.6185 -63.2373
v  -2.5204 -18.2717 -71.9191
v  1.1749 -18.1328 -71.3635
v  4.9677 -17.9460 -70.4171
v  -2.6082 -20.4092 -76.3424
v  -6.1642 -18.3268 -72.1041
v  -13.6955 -16.1687 -66.8868
v  -9.9107 -16.3159 -67.4878
v  -17.2960 -17.9460 -70.4171
v  -13.5033 -18.1328 -71.3635
v  -17.0844 -20.1317 -74.9573
v  -21.2105 -17.7667 -69.1956
v  -21.5219 -15.7407 -64.5026
v  -17.5572 -15.9557 -65.8455
v  -17.8437 -14.1517 -61.1763
v  -29.6185 -15.5083 -61.4474
v  -25.6182 -15.5871 -62.9985
v  -26.0121 -13.7397 -58.1276
v  -21.8632 -13.9165 -59.7320
v  -22.2048 -12.2426 -54.9521
v  -32.8628 -17.6354 -64.9253
v  -29.2309 -17.6046 -66.3467
v  -32.5045 -19.9433 -69.8759
v  -36.3395 -17.7116 -63.4927
v  -33.2970 -15.5163 -59.9579
v  -26.4223 -12.0540 -53.2428
v  -26.8198 -10.4749 -48.3982
v  -30.0678 -13.6399 -56.4834
v  -31.0590 -10.3642 -46.4948
v  -31.6008 -8.9374 -41.4695
v  -27.2538 -9.0408 -43.5252
v  -36.3921 -7.7419 -34.3753
v  -32.8514 -6.6242 -31.2613
v  -32.2042 -7.6973 -36.3819
v  -38.7801 -10.4791 -43.0136
v  -35.6651 -8.9724 -39.5744
v  -40.4316 -7.8848 -32.4498
v  -37.1693 -6.6806 -29.1458
v  -37.9901 -5.7874 -23.9021
v  -42.3333 -5.9798 -21.7262
v  -38.8623 -5.0332 -18.6649
v  -34.2257 -4.9044 -21.0136
v  -44.5094 -4.6672 -11.0212
v  -15.5451 -4.3079 -24.0164
v  -20.3428 -4.2412 -22.5828
v  -25.1992 -4.1731 -20.6816
v  -30.0835 -4.1673 -18.3958
v  -29.4793 -4.8771 -23.4172
v  -34.9593 -4.2359 -15.9209
v  -30.7037 -3.5658 -13.3973
v  -25.6963 -3.5364 -15.7333
v  -20.6982 -3.5651 -17.6725
v  -15.7580 -3.5986 -19.1302
v  -10.9324 -3.5685 -20.0126
v  -6.1642 -3.5382 -20.3106
v  -1.3959 -3.5685 -20.0126
v  -6.1642 -2.9371 -15.3845
v  -11.0333 -2.9678 -15.0990
v  -15.9726 -3.0063 -14.2294
v  -21.0527 -2.9955 -12.7690
v  -26.1996 -2.9901 -10.8041
v  -31.9812 -2.6312 -3.6113
v  -26.7038 -2.5284 -6.0048
v  -21.4071 -2.4860 -7.9437
v  -16.1868 -2.4654 -9.3665
v  -11.1328 -2.4259 -10.2076
v  -32.6399 -2.3364 0.8981
v  -27.2093 -2.1368 -1.4452
v  -21.7601 -2.0000 -3.2771
v  -16.3975 -1.9075 -4.5908
v  -11.2317 -1.8446 -5.3830
v  -6.1642 -1.8171 -5.6463
v  -11.3265 -1.2618 -0.7673
v  -16.6001 -1.3616 -0.0378
v  -22.0961 -1.5442 1.1255
v  -27.6922 -1.7988 2.7956
v  -33.2704 -2.1167 5.0417
v  -59.1213 -3.7556 -13.6874
v  -61.7406 -3.4906 -2.6783
v  48.9479 -5.1869 20.6226
v  47.1224 -5.1133 15.7802
v  45.3556 -4.6080 19.5561
v  48.4700 -4.9647 24.8877
v  50.8474 -5.3251 25.0377
v  52.5308 -5.4864 28.8201
v  50.9720 -5.2939 28.6385
v  52.3585 -5.4772 31.2813
v  53.7215 -5.6256 31.7666
v  55.0619 -5.7145 32.1504
v  53.9039 -5.6082 28.8935
v  46.0151 -4.5679 24.7956
v  50.7092 -5.2536 30.1604
v  52.8055 -5.5458 32.5052
v  54.4044 -5.7214 33.9771
v  56.0476 -5.8310 34.9895
v  52.9491 -5.5679 32.8996
v  54.4952 -5.7325 34.2660
v  56.1308 -5.8423 35.2291
v  57.8516 -5.9217 35.8976
v  59.6497 -6.0008 36.3653
v  54.4632 -5.8942 34.3512
v  56.1166 -6.0046 35.3145
v  57.8479 -6.0762 35.9961
v  59.6653 -6.1345 36.4946
v  61.3830 -6.1812 36.8113
v  61.3547 -6.0695 36.6650
v  62.8286 -6.2327 36.9668
v  62.8031 -6.1254 36.8142
v  64.0820 -6.3264 37.0295
v  59.6881 -6.2530 36.5423
v  61.4111 -6.2908 36.8800
v  62.8454 -6.3445 37.0394
v  64.0856 -6.4353 37.0983
v  65.2276 -6.5094 37.0648
v  65.2153 -6.6003 37.1212
v  66.3759 -6.8015 37.0988
v  66.3580 -6.8718 37.1531
v  67.6534 -7.2276 37.1631
v  67.6248 -7.3006 37.2139
v  68.9548 -7.7949 37.2284
v  68.9195 -7.8750 37.2892
v  64.0696 -6.2247 36.8776
v  65.2300 -6.4183 36.9057
v  66.3957 -6.7203 36.9377
v  67.6813 -7.1469 36.9998
v  68.9928 -7.7070 37.0738
v  67.6829 -7.1191 36.8247
v  68.9968 -7.6806 36.8974
v  69.0251 -7.1617 33.4859
v  70.7465 -29.2185 -54.9371
v  71.1075 -29.2761 -53.3543
v  71.5787 -29.1511 -51.2390
v  71.3353 -29.5055 -51.9284
v  71.4021 -29.2829 -52.0340
v  71.7150 -28.9214 -50.3172
v  71.5731 -29.3713 -50.8262
v  71.5708 -29.2573 -50.9686
v  71.7406 -28.9892 -50.0502
v  71.8564 -28.4394 -49.5046
v  71.8250 -28.4103 -49.7901
v  71.8849 -27.8116 -49.4901
v  71.7828 -28.3935 -50.3903
v  71.6750 -28.8711 -50.8961
v  71.6625 -28.3817 -51.3600
v  71.7505 -27.8061 -50.8952
v  72.0418 -27.9139 -48.5618
v  71.9022 -28.5074 -49.2398
v  71.7709 -29.1423 -49.8333
v  71.7557 -29.0645 -49.9417
v  71.8822 -28.4734 -49.3725
v  71.9314 -27.8044 -49.0889
v  71.9572 -27.7972 -48.9472
v  72.0075 -27.1069 -48.4778
v  72.2724 -28.0477 -47.3808
v  72.5204 -29.1418 -46.7279
v  72.9355 -30.2278 -45.5889
v  72.2602 -22.9535 -43.7524
v  72.6510 -23.2133 -42.5587
v  72.6343 -25.2265 -43.7500
v  72.6698 -27.0723 -44.8390
v  72.4125 -27.1802 -46.0016
v  72.7192 -16.0703 -36.4251
v  72.7158 -17.0236 -37.5024
v  72.7156 -17.9989 -38.5155
v  72.7076 -19.0276 -39.4690
v  72.6996 -20.0506 -40.3473
v  72.6873 -21.1177 -41.1649
v  72.9543 -23.4034 -42.0825
v  73.0169 -21.3605 -40.6793
v  73.0429 -20.3252 -39.8673
v  73.0670 -19.3365 -39.0013
v  73.0910 -18.3343 -38.0570
v  73.1105 -17.3876 -37.0552
v  73.4729 -20.5635 -39.4378
v  73.4298 -21.5680 -40.2401
v  73.3373 -23.5650 -41.6543
v  72.9032 -25.3336 -43.2655
v  73.2483 -25.4824 -42.8546
v  73.1750 -27.2142 -43.8634
v  73.0802 -28.7855 -44.7519
v  72.8893 -27.0218 -44.2769
v  72.9132 -28.6405 -45.0439
v  72.7645 -28.7449 -45.5432
v  -22.5157 -10.6735 -50.2310
v  -18.1272 -12.4904 -56.4701
v  -13.9121 -14.3842 -62.3163
v  32.1810 -4.6672 -11.0212
v  28.4443 -3.8733 -8.2404
v  15.9924 -6.6972 -33.5168
v  11.8921 -5.8368 -30.6482
v  14.9255 -9.0408 -43.5252
v  10.9480 -7.9849 -40.5984
v  14.4914 -10.4749 -48.3982
v  18.7307 -10.3642 -46.4948
v  18.2254 -11.9441 -51.4886
v  13.6838 -13.7397 -58.1276
v  14.0939 -12.0540 -53.2428
v  10.1873 -10.6734 -50.2310
v  9.1936 -15.7407 -64.5026
v  9.5348 -13.9165 -59.7320
v  13.2898 -15.5871 -62.9985
v  17.7395 -13.6399 -56.4834
v  16.9025 -17.6046 -66.3467
v  20.1762 -19.9433 -69.8759
v  8.8821 -17.7667 -69.1956
v  4.7560 -20.1316 -74.9573
v  5.2288 -15.9557 -65.8455
v  22.0479 -11.9332 -49.8394
v  70.3503 -32.5341 -54.6285
v  69.1669 -32.7908 -57.5995
v  67.7344 -32.0072 -60.8354
v  67.0308 -32.6637 -62.2497
v  66.9706 -32.3905 -62.3817
v  66.3402 -32.7188 -63.5943
v  66.5098 -32.9212 -63.2787
v  67.7481 -32.3282 -60.7727
v  68.4238 -32.0811 -59.3008
v  68.5721 -31.6088 -59.0140
v  66.9370 -32.1482 -62.4183
v  66.2797 -32.5000 -63.6515
v  66.2257 -32.2710 -63.6648
v  66.8882 -31.9175 -62.4521
v  67.7126 -31.4884 -60.9330
v  67.7231 -31.7489 -60.8860
v  67.6161 -31.2629 -61.1270
v  71.5776 -29.4904 -50.7533
v  71.3081 -29.6848 -51.8660
v  70.9384 -29.8035 -53.2140
v  74.0171 -41.0738 20.0472
v  73.5619 -43.0028 20.7149
v  73.4914 -43.3105 20.8219
v  -14.4299 -37.8484 -102.1776
v  -13.0512 -37.8281 -101.7636
v  -6.1642 -37.7902 -102.0539
v  0.7228 -37.8281 -101.7636
v  2.1015 -37.8484 -102.1776
v  -45.9952 -40.1923 -96.0204
v  -43.9412 -46.8401 -94.5192
v  -43.2196 -47.4207 -94.2460
v  -34.5589 -49.3208 -95.1086
v  -37.8407 -49.4347 -93.9700
v  -34.7205 -48.2029 -96.0565
v  -37.9597 -48.2801 -95.1231
v  -41.2552 -48.2272 -94.1472
v  -41.0811 -49.5927 -92.5686
v  -44.3842 -49.8232 -90.8176
v  -45.1343 -48.6634 -92.0155
v  -42.5676 -47.8208 -94.1147
v  -45.7451 -47.9327 -92.6272
v  -46.3704 -47.2059 -93.1827
v  -46.9931 -46.2895 -93.7629
v  -47.4794 -50.0405 -88.8998
v  -50.1125 -50.1728 -87.0195
v  -52.5525 -50.2874 -85.0536
v  -55.0799 -50.4523 -82.8822
v  -31.1347 -49.2256 -96.0673
v  -27.6237 -49.1437 -96.8647
v  -24.0866 -49.0702 -97.5272
v  -31.2866 -48.1379 -96.8722
v  -27.7459 -48.0777 -97.5756
v  -24.1894 -48.0213 -98.1754
v  -20.6128 -47.9621 -98.6643
v  -20.5302 -48.9998 -98.0613
v  -16.9568 -48.9266 -98.4698
v  -17.0168 -47.9024 -99.0546
v  -13.4049 -47.8571 -99.3558
v  -13.3699 -48.8675 -98.7809
v  -9.7706 -48.8395 -99.0095
v  -9.7857 -47.8387 -99.5744
v  -6.1642 -48.8342 -99.1054
v  -2.5577 -48.8395 -99.0095
v  1.0415 -48.8675 -98.7809
v  4.6285 -48.9266 -98.4698
v  15.2953 -49.1437 -96.8647
v  11.7583 -49.0702 -97.5272
v  15.4176 -48.0777 -97.5756
v  11.8610 -48.0213 -98.1754
v  8.2844 -47.9621 -98.6643
v  8.2018 -48.9998 -98.0613
v  4.6884 -47.9024 -99.0546
v  1.0766 -47.8571 -99.3558
v  -2.5427 -47.8387 -99.5744
v  -6.1642 -47.8368 -99.6672
v  18.8064 -49.2256 -96.0673
v  22.2305 -49.3208 -95.1086
v  18.9582 -48.1379 -96.8722
v  22.3922 -48.2029 -96.0565
v  25.6313 -48.2801 -95.1231
v  28.9268 -48.2272 -94.1472
v  30.2392 -47.8208 -94.1147
v  -82.6787 -32.5341 -54.6285
v  -81.7040 -31.7321 -57.0738
v  -83.6327 -32.2714 -51.7288
v  -83.2938 -30.9691 -52.7918
v  -84.2671 -31.7381 -49.4908
v  -84.5041 -30.6653 -48.4998
v  -84.0615 -29.9335 -50.0953
v  -84.2119 -29.2764 -49.3875
v  -84.3049 -28.5999 -48.9384
v  -84.0992 -29.1423 -49.8333
v  74.2666 -43.0656 31.1339
v  74.6967 -41.2685 31.1163
v  75.1596 -39.2855 31.1050
v  75.6268 -36.9364 31.1062
v  76.0482 -34.2295 31.1030
v  75.9662 -34.2354 31.1944
v  75.5418 -36.9326 31.2007
v  75.0778 -39.2815 31.1993
v  74.6194 -41.2694 31.2222
v  72.5892 -8.0346 21.6917
v  71.2723 -8.6552 33.5248
v  71.2387 -8.0295 29.4949
v  71.9742 -8.0092 25.5985
v  72.0020 -7.4690 21.8682
v  71.2482 -7.4496 25.7858
v  70.1570 -4.6953 14.2983
v  70.2228 -5.3873 18.2214
v  70.2528 -6.0782 22.1073
v  70.2597 -6.7273 25.9390
v  70.2488 -7.3298 29.7155
v  70.2387 -7.8827 33.4380
v  70.2275 -8.3866 36.9558
v  70.1804 -8.5079 37.2830
v  70.2268 -8.4143 37.1324
v  73.2091 -11.6525 37.1726
v  72.3296 -10.3163 37.1746
v  71.3506 -9.2769 37.1685
v  73.9714 -13.4878 37.3321
v  73.1422 -11.7286 37.3253
v  72.2661 -10.4014 37.3236
v  71.2964 -9.3735 37.3160
v  74.6087 -15.5139 37.4206
v  73.8811 -13.5535 37.4116
v  73.0555 -11.8011 37.4044
v  72.1889 -10.4896 37.3981
v  71.2344 -9.4701 37.3848
v  70.1310 -8.6002 37.3471
v  60.2593 -4.0415 22.4374
v  61.0892 -3.1277 18.5498
v  59.7159 -3.3826 18.5863
v  58.2677 -3.7152 18.6271
v  59.1233 -2.7574 14.7233
v  57.7417 -1.6994 7.0868
v  58.4598 -2.1820 10.8876
v  56.6876 -2.6593 10.6730
v  55.8976 -2.2242 6.8308
v  55.1668 -1.9118 3.4196
v  52.3847 -2.5190 0.3433
v  53.1956 -2.6409 3.3671
v  53.8186 -2.8893 6.2465
v  22.9984 -37.4795 -98.7983
v  23.0144 -37.0148 -98.5756
v  26.4582 -37.5402 -97.9452
v  26.4759 -37.0052 -97.7067
v  29.3737 -36.9791 -96.9550
v  29.3540 -37.5868 -97.1990
v  31.1222 -37.6121 -96.7421
v  31.1564 -36.9593 -96.4864
v  32.1752 -36.8991 -96.2271
v  32.1252 -37.6206 -96.4715
v  19.5235 -37.7540 -99.7180
v  19.5367 -37.4075 -99.5845
v  22.9815 -37.8607 -98.9414
v  26.4316 -37.9991 -98.0899
v  29.3077 -38.1266 -97.3426
v  31.0520 -38.2069 -96.8943
v  31.8900 -38.5565 -96.7363
v  30.9876 -38.4857 -96.9729
v  29.2813 -38.3892 -97.4175
v  26.4171 -38.2357 -98.1635
v  22.9715 -38.0777 -99.0201
v  19.5185 -37.9627 -99.7964
v  16.0144 -37.6636 -100.4224
v  16.0095 -37.8677 -100.4894
v  12.3997 -37.7730 -101.1106
v  22.9582 -38.2013 -99.0385
v  26.4054 -38.3533 -98.1804
v  29.2579 -38.5002 -97.4324
v  30.9319 -38.5936 -96.9971
v  31.7952 -38.6628 -96.7692
v  32.2208 -38.7362 -96.6566
v  26.3812 -38.4485 -98.1501
v  29.2266 -38.5912 -97.4017
v  30.8766 -38.6792 -96.9714
v  31.7154 -38.7409 -96.7516
v  32.1194 -38.8038 -96.6395
v  32.2958 -38.8853 -96.5886
v  32.4454 -39.0008 -96.5438
v  22.9344 -38.2983 -99.0108
v  19.4870 -38.1863 -99.7861
v  19.5075 -38.0879 -99.8141
v  15.9995 -37.9921 -100.5077
v  15.9854 -38.0902 -100.4806
v  12.3807 -37.9979 -101.0944
v  12.3926 -37.8988 -101.1272
v  8.7449 -37.8069 -101.6508
v  8.7319 -37.9056 -101.6178
v  5.0927 -37.8207 -102.0284
v  5.1169 -37.7199 -102.0560
v  8.7513 -37.6797 -101.6337
v  5.1211 -37.5936 -102.0441
v  5.1165 -37.3933 -102.0023
v  5.1116 -37.0743 -101.9329
v  12.4032 -37.5707 -101.0476
v  8.7518 -37.4814 -101.5805
v  8.7528 -37.1632 -101.4913
v  8.7549 -36.7685 -101.3526
v  5.1054 -36.6776 -101.8223
v  5.0906 -36.2408 -101.6495
v  8.7542 -36.3320 -101.1535
v  12.4183 -36.4114 -100.5591
v  12.4142 -36.8498 -100.7801
v  16.0299 -36.9192 -100.1182
v  16.0216 -37.3313 -100.2969
v  12.4085 -37.2486 -100.9371
v  19.5498 -36.9791 -99.3796
v  16.0408 -36.4745 -99.8796
v  19.5637 -36.5221 -99.1105
v  23.0273 -36.5464 -98.2665
v  26.4618 -36.5384 -97.3680
v  29.3354 -36.5186 -96.5847
v  31.1042 -36.5058 -96.0969
v  32.1095 -36.4839 -95.8026
v  75.0895 -39.3729 34.1718
v  74.6462 -41.3099 34.1436
v  74.9838 -39.3615 34.0842
v  74.5656 -41.3065 34.0376
v  74.1934 -43.0647 34.1206
v  75.9974 -34.4567 34.1620
v  75.5632 -37.0953 34.1720
v  75.4458 -37.0828 34.0844
v  75.8775 -34.4442 34.0637
v  -88.3258 -34.4567 34.1621
v  -88.2058 -34.4442 34.0638
v  -87.8916 -37.0954 34.1720
v  -87.7742 -37.0828 34.0844
v  -87.3122 -39.3615 34.0842
v  -87.4179 -39.3730 34.1719
v  -86.9745 -41.3099 34.1436
v  -86.8939 -41.3065 34.0377
v  -86.5619 -42.9143 34.1208
v  -86.4855 -42.9181 33.9997
v  -86.5217 -43.0648 34.1207
v  -72.9808 -29.3508 -70.4155
v  -73.7099 -29.7497 -69.7245
v  -74.0036 -27.7122 -68.3727
v  -74.0284 -28.9844 -68.9589
v  -74.1659 -29.9911 -69.2648
v  -74.5075 -30.1444 -68.8373
v  -74.3473 -29.3357 -68.6598
v  -74.2759 -28.5462 -68.3654
v  -74.3381 -27.7305 -67.8745
v  -74.5777 -26.8524 -67.1088
v  -74.5933 -26.5753 -67.0304
v  -74.6990 -26.0848 -66.6830
v  -74.9210 -25.7570 -66.1631
v  -74.9055 -26.0293 -66.2182
v  -75.2546 -25.3831 -65.3621
v  -75.2368 -25.1688 -65.3892
v  -75.2202 -24.8536 -65.3202
v  -75.1716 -24.4381 -65.2167
v  -75.4598 -24.3794 -64.7226
v  -75.8131 -23.6339 -63.7814
v  -75.5237 -22.7395 -63.8486
v  65.8958 -13.9058 -53.2061
v  66.5033 -15.9628 -54.2222
v  66.9255 -18.3977 -55.3330
v  67.0330 -21.1144 -56.9180
v  68.7456 -20.0424 -52.6814
v  68.5324 -22.3254 -54.5825
v  67.1622 -22.6690 -57.4394
v  64.9422 -17.0424 -57.6236
v  65.2275 -19.0438 -58.6352
v  68.5683 -23.8333 -55.4106
v  70.0905 -24.2512 -52.6527
v  68.5356 -24.4737 -55.8610
v  67.2164 -24.2868 -58.0940
v  70.5053 -25.0216 -52.3180
v  70.5321 -25.1460 -52.3537
v  69.6548 -24.7449 -53.8888
v  68.5582 -24.6559 -55.9225
v  69.7496 -16.2520 -46.9409
v  71.1284 -25.3733 -51.0776
v  -81.3161 -29.9274 -61.1592
v  -80.9132 -30.3063 -61.1461
v  -80.4704 -30.5779 -61.2799
v  -79.9946 -30.7140 -61.7127
v  -79.9238 -30.8456 -61.3852
v  -79.9445 -31.2629 -61.1270
v  -80.0410 -31.4884 -60.9330
v  -80.0515 -31.7489 -60.8860
v  58.7019 -11.3211 -57.2274
v  61.9325 -11.3360 -54.6522
v  59.9235 -12.1386 -57.5264
v  60.9734 -13.0997 -57.9462
v  62.8905 -12.4791 -55.3010
v  63.8499 -13.9403 -56.0290
v  61.8190 -14.2038 -58.5042
v  62.4796 -15.4167 -59.1696
v  64.4647 -15.2984 -56.6945
v  62.9756 -16.7007 -59.9110
v  63.2978 -18.0647 -60.7267
v  63.4400 -19.5171 -61.6118
v  60.6520 -10.2446 -54.1821
v  59.2509 -9.3105 -53.8288
v  60.9627 -7.9780 -50.4438
v  62.7084 -3.4466 -38.2974
v  57.3536 -10.6458 -57.0376
v  -2.5946 -34.6324 -101.2177
v  -2.1501 -34.5682 -101.0493
v  -1.0772 -34.5983 -100.9400
v  -0.0346 -34.6852 -100.9044
v  0.7052 -34.8283 -100.9632
v  -2.9838 -34.4536 -101.0142
v  -3.4791 -34.2680 -100.8421
v  -4.0195 -34.0942 -100.7172
v  -64.1654 -54.7853 -64.3449
v  -62.4677 -54.5650 -66.8400
v  -59.6488 -55.7921 -65.5178
v  -60.6970 -54.3503 -69.3033
v  -58.1183 -55.6016 -67.7970
v  -63.1853 -52.9591 -70.7075
v  -65.7950 -55.0020 -61.8083
v  -67.3609 -55.1961 -59.2313
v  -68.6949 -55.4267 -56.7118
v  -69.6411 -55.7498 -54.3522
v  -61.1366 -56.0086 -63.2296
v  -62.5917 -56.2197 -60.9507
v  -64.0254 -56.4064 -58.6935
v  -65.3783 -56.5499 -56.5531
v  -66.5911 -56.6294 -54.6230
v  -67.6022 -56.6713 -53.0130
v  57.8627 -6.2091 36.0257
v  56.1272 -6.1348 35.3332
v  54.4679 -6.0107 34.3694
v  52.8687 -5.8033 33.0451
v  50.2783 -5.4021 30.2786
v  45.6302 -4.7021 24.9779
v  -88.2768 -24.9223 15.6204
v  -88.3148 -27.1548 17.1426
v  -88.2876 -28.9603 18.4953
v  -88.2307 -30.2639 19.5962
v  -88.1788 -30.9993 20.3652
v  -88.1407 -31.3695 21.0261
v  -84.8896 -7.4619 -3.5363
v  -85.1985 -8.1029 -3.7673
v  -85.5094 -8.7447 -3.7799
v  -85.7531 -9.2383 -3.5863
v  -86.0098 -9.8171 -2.9131
v  -86.3670 -10.7094 -1.4879
v  72.3272 -6.9647 -3.0827
v  72.6007 -6.9274 -3.0358
v  72.5612 -7.4619 -3.5364
v  72.8281 -7.4040 -3.4790
v  72.8702 -8.1029 -3.7673
v  73.1210 -8.0248 -3.7025
v  73.1810 -8.7447 -3.7799
v  73.4177 -8.6471 -3.7161
v  73.4247 -9.2383 -3.5863
v  73.6590 -9.1208 -3.5302
v  73.6815 -9.8170 -2.9131
v  73.9214 -9.6872 -2.8676
v  72.8582 -6.8021 -3.0682
v  73.0891 -7.2854 -3.5232
v  73.3849 -7.9195 -3.7565
v  73.6875 -8.5569 -3.7706
v  73.6637 -8.5390 -4.0526
v  73.3523 -7.8802 -4.0380
v  73.4542 -8.3560 -6.9231
v  73.6903 -8.8823 -7.1067
v  -84.6374 -9.7012 29.0638
v  -84.4638 -9.2119 28.0784
v  -84.3755 -8.8447 26.6301
v  -84.3587 -8.5218 24.5072
v  -84.3886 -8.2082 21.6762
v  -84.4423 -7.8653 18.1094
v  -54.9077 -36.6657 -90.9211
v  -57.5769 -36.4557 -88.9815
v  -59.8275 -36.1464 -87.1303
v  -61.8136 -35.7545 -85.3164
v  -63.8894 -36.4460 -83.8458
v  -63.6833 -35.2900 -83.4803
v  -28.3653 -35.3541 -98.6571
v  -48.5167 -19.9524 -67.3065
v  -50.0729 -19.1456 -67.0143
v  -49.4723 -20.3102 -68.9032
v  -47.9635 -21.8416 -70.6805
v  -48.7701 -21.9429 -71.7973
v  -48.0334 -24.2077 -75.6990
v  -47.5114 -24.3189 -75.1907
v  61.4037 -34.6567 -71.8684
v  53.9534 -5.6180 25.5650
v  52.5652 -5.5394 25.2823
v  51.0588 -5.4903 21.2649
v  -85.5842 -10.8617 -25.5654
v  -85.5147 -11.8222 -28.1453
v  -85.3129 -11.9844 -29.0464
v  71.8526 -27.8089 -49.9816
v  71.7431 -27.2163 -50.7915
v  71.5152 -27.8032 -52.4321
v  71.8617 -27.2058 -49.5164
v  71.9090 -27.8093 -49.2339
v  71.9008 -27.1454 -49.1446
v  -24.2205 -5.8368 -30.6482
v  -28.8912 -5.7243 -28.4646
v  -33.5219 -5.6977 -26.1326
v  -28.3208 -6.6972 -33.5168
v  -67.1041 0.0078 -16.1686
v  -67.9720 -0.0334 -12.0768
v  -68.7858 -0.1871 -8.1158
v  -69.5438 -0.3835 -4.3304
v  -70.2711 -0.6240 -0.6029
v  -70.9812 -0.9104 3.1884
v  43.8958 -6.8876 -45.9682
v  42.0291 -8.2191 -46.4372
v  40.3537 -9.7175 -46.9916
v  68.9538 -34.1325 -58.1781
v  68.0654 -32.9611 -60.0846
v  67.1113 -35.6028 -62.2516
v  65.6224 -32.5233 -64.7167
v  65.6696 -32.7619 -64.7273
v  65.7217 -32.9785 -64.7072
v  63.3352 -25.1268 -64.4619
v  63.8494 -25.0636 -63.6012
v  63.3575 -25.3531 -64.4003
# 4912 vertices

vn 0.0952 0.0006 0.9955
vn 0.6019 0.1656 0.7812
vn 0.1540 -0.0029 0.9881
vn 0.4254 0.0114 0.9049
vn 0.0278 0.0041 0.9996
vn 0.3862 0.0128 0.9223
vn 0.0424 0.0063 0.9991
vn 0.3758 0.0058 0.9267
vn 0.0084 -0.6832 0.7302
vn 0.3344 -0.4718 0.8158
vn -0.0268 -0.9410 0.3373
vn 0.7131 -0.4960 0.4955
vn 0.5958 -0.7148 0.3661
vn 0.0094 -0.9406 0.3394
vn 0.7829 -0.5259 0.3324
vn 0.0625 -0.9369 0.3440
vn 0.8028 -0.5022 0.3215
vn 0.8850 0.0248 0.4649
vn 0.8146 0.0188 0.5797
vn 0.9804 0.0219 0.1960
vn 0.9826 0.0205 0.1844
vn 0.9858 0.0133 0.1674
vn 0.8070 -0.4985 0.3167
vn 0.9880 0.0094 0.1542
vn 0.8085 -0.4939 0.3200
vn 0.9897 0.0102 0.1427
vn 0.9771 0.0240 0.2115
vn 0.9792 0.0166 0.2023
vn 0.9833 0.0083 0.1820
vn 0.9883 0.0094 0.1525
vn 0.9908 0.0108 0.1349
vn 0.9919 0.0218 0.1248
vn 0.9941 0.0172 0.1073
vn 0.9941 0.0411 0.1005
vn 0.9956 0.0437 0.0835
vn 0.9876 0.0013 0.1569
vn 0.9935 0.0051 0.1141
vn 0.9957 0.0122 0.0914
vn 0.9971 0.0275 0.0705
vn 0.9961 0.0798 0.0369
vn 0.9982 0.0492 0.0353
vn 0.9953 0.0949 -0.0198
vn 0.9919 0.1261 -0.0122
vn 0.9808 0.1761 -0.0838
vn 0.9854 0.1457 -0.0878
vn 0.9721 0.1772 -0.1536
vn 0.9966 0.0159 0.0803
vn 0.9979 0.0116 0.0637
vn 0.9991 0.0346 0.0259
vn 0.9973 0.0657 -0.0314
vn 0.9907 0.1084 -0.0818
vn 0.9814 0.1305 -0.1406
vn 0.9719 0.1406 -0.1886
vn 0.9574 0.1890 -0.2181
vn 0.9476 0.1759 -0.2667
vn 0.9973 0.0148 0.0714
vn 0.9985 0.0128 0.0524
vn 0.9996 0.0129 0.0263
vn 0.9993 0.0357 -0.0124
vn 0.9955 0.0694 -0.0644
vn 0.9881 0.1013 -0.1153
vn 0.9802 0.1133 -0.1623
vn 0.9733 0.1099 -0.2017
vn 0.9664 0.1231 -0.2257
vn 0.9673 0.0955 -0.2348
vn 0.6973 0.4287 -0.5745
vn 0.6979 0.5329 -0.4784
vn 0.6912 0.5702 -0.4441
vn 0.6756 0.5954 -0.4348
vn 0.6600 0.6088 -0.4401
vn 0.6373 0.6012 -0.4821
vn 0.6187 0.5687 -0.5420
vn 0.5977 0.5185 -0.6116
vn -0.2511 0.7228 -0.6438
vn -0.2349 0.7742 -0.5878
vn -0.2209 0.8028 -0.5539
vn -0.2257 0.7974 -0.5597
vn -0.2410 0.7624 -0.6006
vn -0.2592 0.7090 -0.6559
vn -0.2823 0.5929 -0.7542
vn -0.3101 0.3824 -0.8704
vn 0.6953 0.2628 -0.6689
vn -0.5104 0.2772 -0.8140
vn -0.4918 0.4682 -0.7341
vn -0.4671 0.6195 -0.6309
vn -0.4512 0.6853 -0.5716
vn -0.4385 0.7263 -0.5293
vn -0.4319 0.7472 -0.5052
vn -0.4349 0.7330 -0.5230
vn -0.4524 0.6906 -0.5643
vn -0.4632 0.6303 -0.6230
vn -0.2672 0.6474 -0.7138
vn -0.4711 0.5655 -0.6770
vn -0.3198 0.5868 -0.7439
vn -0.4828 0.5260 -0.7002
vn -0.2864 0.5544 -0.7814
vn -0.4917 0.4945 -0.7167
vn -0.2593 0.5189 -0.8145
vn -0.4881 0.4756 -0.7318
vn -0.2488 0.4939 -0.8331
vn -0.2916 0.4994 -0.8158
vn -0.4855 0.4913 -0.7232
vn -0.2877 0.5359 -0.7938
vn -0.4754 0.5345 -0.6988
vn 0.5746 0.3117 -0.7568
vn 0.5979 0.2954 -0.7451
vn 0.7031 0.2658 -0.6595
vn 0.7113 0.3027 -0.6344
vn 0.5811 0.4106 -0.7026
vn 0.3468 0.5474 -0.7617
vn 0.9654 0.0702 -0.2511
vn 0.9694 0.0251 -0.2443
vn 0.9774 -0.0299 -0.2093
vn 0.9753 -0.0510 -0.2147
vn 0.9627 -0.0520 -0.2654
vn 0.9367 -0.0450 -0.3473
vn 0.4222 0.4287 -0.7987
vn 0.5859 0.4598 -0.6673
vn 0.9604 0.1121 -0.2553
vn 0.9579 0.0819 -0.2751
vn 0.9603 0.0328 -0.2770
vn 0.9661 -0.0263 -0.2569
vn 0.9552 -0.0376 -0.2935
vn 0.9333 -0.0416 -0.3566
vn 0.9169 -0.0500 -0.3960
vn 0.9121 -0.0500 -0.4068
vn 0.9210 0.0178 -0.3892
vn 0.9066 0.0693 -0.4163
vn 0.8126 0.1438 -0.5648
vn 0.8338 0.1660 -0.5265
vn 0.9119 0.1058 -0.3964
vn 0.9323 0.1246 -0.3395
vn 0.9401 0.1491 -0.3066
vn 0.9546 0.2402 -0.1760
vn 0.9387 0.2348 -0.2525
vn 0.9220 0.2272 -0.3134
vn 0.9124 0.2006 -0.3569
vn 0.8900 0.1877 -0.4155
vn 0.8625 0.1833 -0.4718
vn 0.8342 0.1901 -0.5176
vn 0.7918 0.1881 -0.5811
vn 0.9044 0.2230 -0.3637
vn 0.8901 0.2060 -0.4065
vn 0.8662 0.1979 -0.4588
vn 0.8223 0.2068 -0.5302
vn 0.7634 0.2170 -0.6083
vn 0.7214 0.2036 -0.6619
vn 0.7110 0.2255 -0.6661
vn 0.6538 0.2173 -0.7248
vn 0.6629 0.2008 -0.7213
vn 0.6059 0.2043 -0.7688
vn 0.6283 0.1849 -0.7557
vn 0.9627 -0.1872 0.1952
vn 0.9953 -0.0651 -0.0711
vn 0.9369 -0.2363 0.2577
vn 0.9934 -0.1119 0.0266
vn 0.9680 -0.1952 0.1577
vn 0.9598 -0.2176 0.1774
vn 0.9198 0.2387 -0.3115
vn 0.9517 -0.2364 0.1962
vn 0.9306 0.2601 -0.2574
vn 0.9434 -0.2535 0.2140
vn 0.2531 -0.4903 0.8340
vn 0.2439 -0.5333 0.8100
vn 0.2399 -0.5735 0.7833
vn 0.2195 -0.6255 0.7487
vn 0.2030 -0.6777 0.7067
vn 0.1870 -0.7306 0.6567
vn 0.2809 -0.7568 0.5901
vn 0.9745 -0.1597 0.1578
vn 0.9024 -0.3246 0.2834
vn 0.1449 -0.8185 0.5559
vn -0.1575 -0.4620 0.8728
vn -0.1586 -0.5104 0.8452
vn -0.1514 -0.5532 0.8192
vn -0.1580 -0.6034 0.7816
vn -0.1670 -0.6608 0.7318
vn -0.1698 -0.7187 0.6743
vn -0.1733 -0.7835 0.5968
vn -0.1812 -0.8307 0.5264
vn 0.1306 -0.8495 0.5111
vn -0.1831 -0.8610 0.4746
vn 0.1176 -0.8746 0.4704
vn -0.1866 -0.8840 0.4286
vn 0.1099 -0.8926 0.4372
vn -0.1901 -0.8990 0.3946
vn 0.0998 -0.9078 0.4074
vn -0.1950 -0.9126 0.3595
vn 0.0907 -0.9212 0.3784
vn -0.2018 -0.9224 0.3294
vn 0.0829 -0.9302 0.3574
vn -0.2031 -0.9304 0.3050
vn -0.1877 -0.9369 0.2949
vn 0.8719 -0.3795 0.3095
vn 0.8443 -0.4273 0.3234
vn 0.8283 -0.4560 0.3256
vn 0.8182 -0.4752 0.3237
vn 0.9946 0.0848 0.0592
vn 0.9873 0.1577 -0.0172
vn 0.9643 0.2392 -0.1136
vn 0.9432 0.2699 -0.1936
vn 0.3683 -0.8477 -0.3818
vn 0.1111 -0.9307 -0.3486
vn 0.2261 -0.8927 -0.3898
vn 0.2607 -0.9637 -0.0578
vn 0.2542 -0.9668 0.0264
vn 0.2190 -0.9753 -0.0291
vn 0.2708 -0.9626 0.0036
vn 0.2906 -0.9516 -0.0999
vn 0.0980 -0.9905 -0.0960
vn 0.1704 -0.9809 -0.0935
vn 0.2680 -0.9562 -0.1178
vn 0.1381 -0.9740 -0.1794
vn 0.2595 -0.9540 -0.1501
vn 0.3085 -0.9124 -0.2690
vn 0.1432 -0.9306 -0.3368
vn 0.3887 -0.8724 -0.2965
vn 0.3767 -0.8544 -0.3578
vn -0.2917 -0.9562 -0.0232
vn -0.3021 -0.9424 -0.1433
vn -0.3026 -0.9519 -0.0483
vn -0.1109 -0.9313 -0.3468
vn -0.3683 -0.8477 -0.3818
vn -0.2261 -0.8927 -0.3898
vn -0.3767 -0.8544 -0.3578
vn -0.3887 -0.8724 -0.2965
vn -0.3085 -0.9124 -0.2689
vn -0.1432 -0.9306 -0.3368
vn -0.1381 -0.9740 -0.1794
vn -0.2595 -0.9540 -0.1500
vn -0.2680 -0.9562 -0.1178
vn -0.2814 -0.9549 -0.0944
vn -0.2997 -0.9506 -0.0813
vn -0.3010 -0.9525 -0.0472
vn -0.3026 -0.9531 -0.0032
vn 0.1926 -0.7599 -0.6208
vn 0.3915 -0.7495 -0.5338
vn 0.4099 -0.7022 -0.5821
vn 0.2085 -0.7280 -0.6531
vn 0.4287 -0.6642 -0.6124
vn 0.2312 -0.6766 -0.6991
vn 0.4439 -0.6075 -0.6587
vn 0.2512 -0.6064 -0.7545
vn 0.4596 -0.5373 -0.7072
vn 0.2698 -0.5159 -0.8130
vn 0.4739 -0.4480 -0.7581
vn 0.2961 -0.3435 -0.8913
vn 0.5014 -0.2694 -0.8222
vn 0.3192 -0.0928 -0.9431
vn 0.5179 -0.0439 -0.8543
vn 0.3540 0.1504 -0.9231
vn 0.5164 0.1238 -0.8474
vn -0.7198 -0.4755 -0.5058
vn -0.7135 -0.4270 -0.5555
vn -0.7110 -0.3206 -0.6259
vn -0.5173 -0.1482 -0.8429
vn -0.8105 0.0587 -0.5828
vn -0.6953 0.2628 -0.6690
vn 0.3101 0.3824 -0.8704
vn -0.6973 0.4287 -0.5745
vn 0.2823 0.5929 -0.7542
vn -0.6979 0.5329 -0.4784
vn 0.2592 0.7090 -0.6559
vn -0.9966 0.0113 0.0820
vn -0.9963 -0.0017 0.0861
vn -0.9958 -0.0051 0.0912
vn -0.9961 -0.0120 0.0868
vn -0.9967 -0.0098 0.0801
vn -0.9969 0.0044 0.0789
vn -0.9973 0.0148 0.0714
vn -0.9985 0.0128 0.0524
vn -0.9876 0.0013 0.1569
vn -0.9919 0.0046 0.1272
vn -0.9935 0.0051 0.1141
vn -0.9953 0.0046 0.0968
vn -0.9960 0.0153 0.0884
vn -0.9960 -0.0070 0.0886
vn -0.9965 0.0021 0.0832
vn -0.9966 0.0159 0.0803
vn -0.9979 0.0116 0.0637
vn -0.9957 0.0122 0.0914
vn -0.9971 0.0275 0.0705
vn -0.9991 0.0346 0.0259
vn -0.9982 0.0492 0.0353
vn -0.9953 0.0949 -0.0198
vn -0.9973 0.0657 -0.0314
vn -0.9907 0.1084 -0.0818
vn -0.9854 0.1457 -0.0878
vn -0.9721 0.1772 -0.1536
vn -0.9814 0.1305 -0.1406
vn -0.9833 0.0083 0.1820
vn -0.9883 0.0094 0.1525
vn -0.9908 0.0108 0.1349
vn -0.9941 0.0172 0.1073
vn -0.9956 0.0437 0.0835
vn -0.9961 0.0798 0.0369
vn -0.9919 0.1261 -0.0122
vn -0.9808 0.1761 -0.0838
vn -0.9941 0.0412 0.1004
vn -0.9919 0.0218 0.1248
vn -0.9897 0.0102 0.1427
vn -0.9880 0.0094 0.1542
vn -0.9858 0.0133 0.1674
vn -0.9826 0.0205 0.1844
vn -0.9792 0.0166 0.2023
vn -0.9804 0.0219 0.1960
vn -0.9771 0.0240 0.2115
vn -0.8850 0.0248 0.4649
vn -0.8147 0.0189 0.5796
vn -0.3344 -0.4718 0.8158
vn -0.7131 -0.4960 0.4955
vn -0.5958 -0.7148 0.3661
vn -0.7829 -0.5259 0.3324
vn -0.8028 -0.5022 0.3215
vn -0.8070 -0.4985 0.3167
vn -0.8085 -0.4939 0.3200
vn -0.8182 -0.4752 0.3238
vn -0.8283 -0.4559 0.3256
vn -0.0094 -0.9406 0.3394
vn -0.0625 -0.9369 0.3440
vn -0.0829 -0.9302 0.3574
vn -0.0907 -0.9212 0.3784
vn -0.0998 -0.9078 0.4074
vn -0.1099 -0.8926 0.4372
vn -0.1176 -0.8746 0.4704
vn -0.8443 -0.4273 0.3234
vn -0.1306 -0.8495 0.5111
vn 0.1901 -0.8990 0.3946
vn 0.1950 -0.9126 0.3595
vn 0.2018 -0.9224 0.3294
vn 0.2031 -0.9304 0.3050
vn 0.1877 -0.9369 0.2949
vn 0.1193 -0.9424 0.3126
vn 0.0268 -0.9410 0.3373
vn 0.0415 -0.9433 0.3293
vn -0.0084 -0.6832 0.7302
vn 0.0334 -0.9463 0.3215
vn -0.1508 -0.0068 0.9885
vn -0.6145 0.1609 0.7723
vn -0.1479 -0.0045 0.9890
vn -0.3923 0.0075 0.9198
vn -0.0927 0.0013 0.9957
vn -0.4258 0.0116 0.9047
vn -0.0278 0.0041 0.9996
vn -0.3862 0.0128 0.9223
vn -0.0424 0.0063 0.9991
vn -0.3758 0.0058 0.9267
vn -0.9864 0.0004 0.1646
vn -0.9799 0.0080 0.1994
vn -0.9821 0.0744 0.1730
vn -0.9749 0.0768 0.2087
vn -0.9750 0.0195 0.2215
vn -0.9710 0.0691 0.2289
vn -0.9738 0.0250 0.2259
vn -0.9696 0.0790 0.2315
vn -0.8760 0.0227 0.4817
vn -0.8533 0.0574 0.5183
vn -0.9943 -0.0020 0.1068
vn -0.9973 0.0128 0.0718
vn -0.9971 -0.0108 0.0753
vn -0.9995 0.0078 0.0308
vn -0.9481 -0.2365 0.2125
vn -0.9785 0.0042 0.2063
vn -0.9601 -0.2135 0.1805
vn -0.9868 -0.0096 0.1617
vn -0.9560 -0.2609 0.1339
vn -0.9938 -0.0222 0.1086
vn -0.9838 -0.1056 0.1447
vn -0.9841 -0.0484 0.1712
vn -0.9967 -0.0182 0.0791
vn -0.9954 -0.0150 0.0949
vn -0.9954 -0.0122 0.0947
vn -0.9908 0.0494 0.1259
vn -0.9995 -0.0093 0.0307
vn -0.9989 -0.0137 0.0439
vn -0.9644 0.2470 0.0944
vn -0.9599 0.2366 0.1504
vn -0.9490 0.2491 0.1934
vn -0.9399 0.2564 0.2254
vn -0.9711 0.0119 0.2384
vn -0.9521 0.1691 0.2547
vn -0.9654 0.0189 0.2599
vn -0.9646 0.0180 0.2632
vn -0.9633 -0.1184 0.2407
vn -0.9669 -0.0267 0.2538
vn -0.8787 -0.0051 0.4774
vn -0.8852 0.0289 0.4643
vn -0.8970 0.1764 0.4053
vn -0.6735 0.0210 0.7389
vn -0.5404 0.0110 0.8413
vn -0.6762 -0.1225 0.7264
vn -0.3242 0.0055 0.9460
vn -0.3229 0.0081 0.9464
vn -0.9213 0.2879 0.2614
vn -0.7616 0.6133 0.2094
vn -0.7391 0.3711 0.5622
vn -0.4490 0.0093 0.8935
vn -0.6745 0.4267 0.6026
vn -0.6569 0.7335 0.1745
vn -0.6357 0.7547 0.1624
vn -0.7665 0.6113 0.1971
vn -0.7442 0.6460 0.1699
vn -0.7482 0.6477 0.1439
vn -0.7465 0.6568 0.1066
vn -0.7433 0.6661 0.0621
vn -0.5968 0.8001 0.0602
vn -0.6016 0.7932 0.0939
vn -0.6090 0.7837 0.1225
vn -0.6184 0.7727 0.1433
vn -0.7518 0.6551 -0.0755
vn -0.7422 0.6694 -0.0323
vn -0.5908 0.8053 -0.0492
vn -0.5804 0.8142 -0.0162
vn -0.7445 0.6675 0.0122
vn -0.6033 0.7972 0.0221
vn -0.7355 0.6588 -0.1580
vn -0.9424 0.2723 -0.1941
vn -0.7466 0.6540 -0.1221
vn -0.9546 0.2610 -0.1439
vn -0.9628 0.2566 -0.0848
vn -0.9650 0.2607 -0.0300
vn -0.9651 0.2602 0.0299
vn -0.9997 0.0018 -0.0226
vn -0.9999 0.0011 -0.0163
vn -0.9806 0.0215 -0.1947
vn -0.9898 0.0061 -0.1426
vn -0.9966 0.0067 -0.0824
vn -0.9848 0.0148 -0.1730
vn -0.9921 0.0074 -0.1255
vn -0.9850 0.0076 -0.1721
vn -0.9911 0.0003 -0.1334
vn -0.9955 0.0021 -0.0944
vn -0.9975 0.0044 -0.0707
vn -0.9974 0.0018 -0.0721
vn -0.9992 0.0062 -0.0382
vn -0.7250 -0.5538 -0.4094
vn -0.7299 -0.5874 -0.3496
vn -0.7450 -0.6101 -0.2697
vn -0.7586 -0.6187 -0.2043
vn -0.7701 -0.6199 -0.1507
vn -0.7825 -0.6074 -0.1372
vn -0.9737 0.0266 -0.2261
vn -0.7880 -0.5962 -0.1536
vn -0.9603 0.0399 -0.2760
vn -0.7915 -0.5893 -0.1617
vn -0.9399 0.0515 -0.3376
vn 0.1747 -0.8077 -0.5632
vn 0.1359 -0.8770 -0.4610
vn 0.0906 -0.9391 -0.3316
vn 0.0420 -0.9805 -0.1920
vn -0.0049 -0.9984 -0.0569
vn -0.0384 -0.9987 0.0330
vn -0.0545 -0.9954 0.0790
vn -0.1096 -0.9878 0.1110
vn 0.2691 -0.9454 -0.1838
vn 0.2193 -0.9748 -0.0415
vn 0.1761 -0.9822 0.0658
vn 0.1542 -0.9801 0.1248
vn 0.1325 -0.9716 0.1962
vn -0.0919 -0.9745 0.2049
vn 0.0917 -0.9433 0.3192
vn -0.1382 -0.9301 0.3402
vn 0.0401 -0.8830 0.4677
vn -0.1933 -0.8270 0.5280
vn -0.0143 -0.7501 0.6611
vn -0.8021 -0.5795 -0.1442
vn -0.8337 -0.5480 -0.0683
vn -0.8889 -0.4554 0.0492
vn -0.2549 -0.6341 0.7300
vn -0.9768 -0.2075 -0.0528
vn -0.2960 -0.3964 0.8691
vn -0.9254 -0.1866 0.3298
vn -0.3077 -0.2160 0.9266
vn -0.9924 0.0005 -0.1229
vn -0.2801 -0.1278 0.9514
vn -0.9365 -0.0377 0.3486
vn -0.9163 0.0595 -0.3960
vn -0.8962 0.0780 -0.4368
vn -0.8555 0.1182 -0.5042
vn -0.7857 0.1447 -0.6015
vn -0.7016 0.1548 -0.6956
vn -0.6400 0.1220 -0.7586
vn -0.6556 0.1050 -0.7478
vn -0.8427 0.0921 -0.5304
vn -0.7405 0.1127 -0.6626
vn -0.6775 0.1288 -0.7242
vn -0.6397 0.1178 -0.7596
vn -0.6761 0.1068 -0.7290
vn -0.7274 0.0890 -0.6804
vn -0.7336 0.0948 -0.6729
vn -0.7748 0.0732 -0.6279
vn -0.8043 0.0647 -0.5906
vn -0.7858 0.0729 -0.6142
vn -0.6332 0.1248 -0.7638
vn -0.6120 0.1266 -0.7807
vn -0.6147 0.1224 -0.7792
vn -0.6295 0.1151 -0.7684
vn -0.9933 0.0072 0.1155
vn -0.9869 0.0032 0.1614
vn -0.9809 -0.0033 0.1944
vn -0.9764 -0.0125 0.2158
vn -0.8230 0.0509 -0.5658
vn -0.9756 -0.0253 0.2181
vn -0.8245 0.0346 -0.5647
vn -0.9759 -0.0312 0.2160
vn -0.8183 0.0201 -0.5745
vn -0.9775 0.0059 0.2110
vn -0.8109 -0.0057 -0.5852
vn -0.3511 -0.0936 0.9316
vn -0.3105 -0.0839 0.9469
vn -0.3113 -0.0781 0.9471
vn -0.3104 -0.0759 0.9476
vn -0.3103 -0.0757 0.9476
vn -0.3092 -0.0721 0.9482
vn -0.3049 -0.0277 0.9520
vn -0.1071 -0.0829 0.9908
vn -0.1018 -0.0794 0.9916
vn -0.1014 -0.0769 0.9919
vn -0.0979 -0.0662 0.9930
vn -0.0825 0.0062 0.9966
vn -0.2474 0.1491 0.9574
vn -0.0444 0.1564 0.9867
vn -0.0343 0.3596 0.9325
vn -0.2450 0.4281 0.8699
vn -0.0031 0.5973 0.8020
vn -0.2020 0.6625 0.7213
vn -0.9926 0.1151 0.0387
vn -0.8656 0.3817 0.3240
vn -0.8903 0.4521 0.0536
vn -0.1297 0.8702 0.4753
vn -0.8156 0.5710 -0.0935
vn -0.0295 0.9847 0.1720
vn -0.7408 0.6153 -0.2695
vn 0.0787 0.9875 -0.1368
vn -0.7294 0.4909 -0.4764
vn 0.2042 0.8375 -0.5069
vn -0.5859 0.4598 -0.6673
vn -0.8171 -0.0301 -0.5757
vn -0.8215 -0.0414 -0.5688
vn -0.8680 -0.0410 -0.4948
vn -0.8861 -0.0427 -0.4615
vn -0.8993 -0.0455 -0.4350
vn -0.9026 -0.0467 -0.4279
vn -0.9121 -0.0500 -0.4068
vn -0.8484 -0.0349 -0.5282
vn -0.7902 -0.0224 -0.6124
vn -0.7960 -0.0126 -0.6052
vn -0.7879 0.0171 -0.6155
vn -0.8036 0.0353 -0.5941
vn -0.7881 0.0599 -0.6127
vn -0.6891 -0.0257 -0.7242
vn -0.6933 -0.0095 -0.7206
vn -0.6984 0.0082 -0.7156
vn -0.7036 0.0286 -0.7100
vn -0.7036 0.0550 -0.7085
vn -0.6978 0.0815 -0.7117
vn -0.6805 0.1025 -0.7256
vn -0.6576 0.1210 -0.7436
vn -0.5441 0.1253 -0.8296
vn -0.5598 0.1277 -0.8188
vn -0.5646 0.1340 -0.8144
vn -0.5680 0.1382 -0.8114
vn -0.5692 0.1351 -0.8110
vn -0.5716 0.1246 -0.8110
vn -0.5770 0.1026 -0.8103
vn -0.5807 0.0746 -0.8107
vn -0.5760 0.0452 -0.8162
vn -0.4747 0.0552 -0.8784
vn -0.4815 0.0855 -0.8723
vn -0.4854 0.1154 -0.8666
vn -0.4864 0.1344 -0.8633
vn -0.4899 0.1441 -0.8598
vn -0.4890 0.1478 -0.8597
vn -0.4833 0.1440 -0.8635
vn -0.4680 0.1421 -0.8722
vn -0.4380 0.1405 -0.8879
vn -0.4573 0.1376 -0.8786
vn -0.5638 0.1225 -0.8168
vn -0.5050 0.3671 -0.7812
vn -0.4027 0.3510 -0.8453
vn -0.3578 0.7134 -0.6025
vn -0.2885 0.6833 -0.6707
vn -0.2299 0.8319 -0.5051
vn -0.2815 0.8543 -0.4370
vn -0.4337 0.7332 -0.5238
vn -0.3555 0.8517 -0.3851
vn -0.5278 0.7227 -0.4463
vn -0.4418 0.8331 -0.3327
vn -0.6210 0.3587 -0.6969
vn -0.7392 0.3295 -0.5874
vn -0.6185 0.6942 -0.3681
vn -0.8270 0.3123 -0.4675
vn -0.6686 0.6822 -0.2959
vn -0.8760 0.3062 -0.3727
vn -0.6933 0.6791 -0.2413
vn -0.9062 0.2955 -0.3023
vn -0.7176 0.6684 -0.1956
vn -0.9282 0.2827 -0.2420
vn -0.5127 0.8132 -0.2754
vn -0.5421 0.8102 -0.2228
vn -0.5644 0.8053 -0.1816
vn -0.5960 0.7887 -0.1509
vn -0.6041 0.7876 -0.1218
vn -0.6102 0.7874 -0.0874
vn -0.9690 0.0320 -0.2449
vn -0.9515 0.0454 -0.3042
vn -0.9244 0.0593 -0.3768
vn -0.8809 0.0689 -0.4682
vn -0.8035 0.0868 -0.5889
vn -0.6795 0.1030 -0.7264
vn -0.9638 0.0330 -0.2644
vn -0.9460 0.0463 -0.3208
vn -0.9185 0.0605 -0.3908
vn -0.8797 0.0755 -0.4696
vn -0.9769 0.0228 -0.2126
vn -0.0119 -0.9213 -0.3886
vn 0.0042 -0.9603 -0.2788
vn 0.0020 -0.8329 -0.5534
vn 0.0090 -0.8050 -0.5932
vn 0.0234 -0.7896 -0.6132
vn -0.0142 -0.8695 -0.4937
vn -0.0000 -0.8993 -0.4374
vn -0.0160 -0.8043 -0.5940
vn -0.1243 -0.6188 -0.7756
vn -0.0090 -0.8050 -0.5932
vn -0.0897 -0.6894 -0.7188
vn -0.2170 -0.4696 -0.8558
vn 0.0937 -0.6663 -0.7398
vn 0.0826 -0.7244 -0.6844
vn 0.0918 -0.6944 -0.7137
vn -0.0065 -0.9585 -0.2851
vn -0.0638 -0.9034 -0.4241
vn 0.0152 -0.7791 -0.6267
vn 0.2170 -0.4696 -0.8558
vn 0.1101 -0.6543 -0.7482
vn 0.1032 -0.6563 -0.7474
vn 0.1076 -0.6511 -0.7513
vn 0.0169 -0.9942 0.1059
vn 0.0009 -0.9970 -0.0768
vn 0.0056 -0.9968 -0.0800
vn -0.0000 -0.9837 -0.1799
vn -0.0000 -0.9937 -0.1124
vn 0.0002 -0.9960 -0.0898
vn -0.0000 -0.9805 -0.1964
vn -0.0000 -0.9367 -0.3502
vn 0.0057 -0.2566 0.9665
vn -0.0111 -0.6502 0.7597
vn -0.0023 -0.1172 0.9931
vn -0.0322 -0.9829 -0.1810
vn -0.1059 -0.7560 -0.6460
vn -0.1070 -0.7092 -0.6969
vn -0.1032 -0.6563 -0.7474
vn -0.0876 -0.6590 -0.7470
vn -0.1101 -0.6543 -0.7482
vn 0.7605 -0.1567 -0.6301
vn 0.6716 -0.1390 -0.7278
vn 0.6709 -0.1691 -0.7220
vn 0.6951 -0.1930 -0.6925
vn 0.6016 -0.1862 -0.7768
vn 0.6252 -0.2198 -0.7489
vn 0.7067 -0.2273 -0.6701
vn 0.7597 -0.1882 -0.6224
vn 0.7670 -0.2150 -0.6046
vn 0.7146 -0.2576 -0.6504
vn 0.7774 -0.2400 -0.5814
vn 0.7197 -0.2907 -0.6305
vn 0.7994 -0.2542 -0.5444
vn 0.7338 -0.3216 -0.5984
vn 0.6312 -0.3322 -0.7009
vn 0.6504 -0.2890 -0.7025
vn 0.8504 -0.3158 -0.4209
vn 0.8450 -0.2963 -0.4453
vn 0.7670 -0.3862 -0.5124
vn 0.7497 -0.3638 -0.5528
vn 0.8305 -0.2768 -0.4833
vn 0.8478 -0.2347 -0.4754
vn 0.8490 -0.2051 -0.4869
vn 0.8399 -0.1869 -0.5095
vn 0.8316 -0.1621 -0.5311
vn 0.8319 -0.1842 -0.5234
vn 0.8376 -0.1463 -0.5263
vn 0.8784 -0.1821 -0.4418
vn 0.8786 -0.1455 -0.4549
vn 0.8786 -0.1650 -0.4481
vn 0.8676 -0.1281 -0.4804
vn 0.8817 -0.1910 -0.4314
vn 0.8944 -0.2046 -0.3979
vn 0.8850 -0.2293 -0.4052
vn 0.8952 -0.2477 -0.3706
vn 0.8964 -0.1844 -0.4031
vn 0.9023 -0.2178 -0.3721
vn 0.9131 -0.2254 -0.3399
vn 0.8976 -0.2646 -0.3525
vn 0.9153 -0.2634 -0.3046
vn 0.9183 -0.2390 -0.3155
vn 0.8984 -0.2595 -0.3542
vn 0.8538 -0.2724 -0.4438
vn 0.8723 -0.2202 -0.4366
vn 0.8111 -0.2337 -0.5362
vn 0.7807 -0.2876 -0.5548
vn 0.7396 -0.3472 -0.5765
vn 0.8248 -0.3266 -0.4616
vn 0.8732 -0.3149 -0.3720
vn 0.9158 -0.2625 -0.3039
vn 0.9355 -0.2506 -0.2489
vn 0.9225 -0.2755 -0.2704
vn 0.9282 -0.2805 -0.2446
vn 0.8693 -0.3790 -0.3173
vn 0.8439 -0.3742 -0.3845
vn 0.7839 -0.3888 -0.4841
vn 0.6935 -0.4039 -0.5966
vn 0.5904 -0.4140 -0.6929
vn 0.6288 -0.3623 -0.6880
vn 0.6722 -0.3059 -0.6742
vn 0.7124 -0.2478 -0.6566
vn 0.7414 -0.1940 -0.6424
vn 0.6311 -0.4689 -0.6180
vn 0.5360 -0.4720 -0.6999
vn 0.4655 -0.4690 -0.7506
vn 0.5097 -0.4149 -0.7537
vn 0.5333 -0.3634 -0.7639
vn 0.5563 -0.3147 -0.7691
vn 0.5903 -0.2553 -0.7657
vn 0.6201 -0.1991 -0.7588
vn 0.6441 -0.1483 -0.7504
vn 0.7610 -0.1468 -0.6319
vn 0.4184 -0.4044 -0.8133
vn 0.4326 -0.3546 -0.8290
vn 0.4438 -0.3059 -0.8423
vn 0.4585 -0.2510 -0.8525
vn 0.4839 -0.1946 -0.8532
vn 0.5077 -0.1432 -0.8495
vn 0.5280 -0.0986 -0.8435
vn 0.6630 -0.1059 -0.7411
vn 0.6762 -0.0713 -0.7333
vn 0.5442 -0.0608 -0.8367
vn 0.5526 -0.0315 -0.8329
vn 0.5642 0.0051 -0.8257
vn 0.5579 -0.0112 -0.8298
vn 0.4500 -0.0006 -0.8930
vn 0.4428 -0.0208 -0.8964
vn 0.4299 -0.0523 -0.9014
vn 0.4126 -0.0912 -0.9063
vn 0.3878 -0.1376 -0.9114
vn 0.3607 -0.1865 -0.9138
vn 0.3385 -0.2394 -0.9100
vn 0.6849 -0.0448 -0.7272
vn 0.6891 -0.0257 -0.7242
vn 0.6933 -0.0095 -0.7206
vn 0.6984 0.0082 -0.7156
vn 0.5701 0.0234 -0.8213
vn 0.5760 0.0452 -0.8162
vn 0.7036 0.0286 -0.7100
vn 0.7036 0.0550 -0.7085
vn 0.5807 0.0746 -0.8107
vn 0.5770 0.1026 -0.8103
vn 0.6978 0.0815 -0.7117
vn 0.6805 0.1025 -0.7256
vn 0.7879 0.0171 -0.6155
vn 0.8036 0.0353 -0.5941
vn 0.7881 0.0599 -0.6127
vn 0.7858 0.0729 -0.6142
vn 0.7336 0.0948 -0.6729
vn 0.6576 0.1210 -0.7436
vn 0.6332 0.1248 -0.7638
vn 0.8044 0.0647 -0.5906
vn 0.8230 0.0509 -0.5658
vn 0.8245 0.0346 -0.5647
vn 0.8183 0.0201 -0.5745
vn 0.8109 -0.0057 -0.5852
vn 0.7960 -0.0126 -0.6052
vn 0.8171 -0.0301 -0.5757
vn 0.8214 -0.0414 -0.5688
vn 0.7902 -0.0224 -0.6124
vn 0.9926 0.1151 0.0387
vn 0.9775 0.0059 0.2110
vn 0.9759 -0.0312 0.2159
vn 0.9756 -0.0253 0.2181
vn 0.9764 -0.0125 0.2158
vn 0.9809 -0.0033 0.1944
vn 0.7748 0.0732 -0.6280
vn 0.9869 0.0032 0.1614
vn 0.7274 0.0890 -0.6804
vn 0.3105 -0.0839 0.9469
vn 0.3113 -0.0781 0.9471
vn 0.3104 -0.0759 0.9476
vn 0.3103 -0.0757 0.9476
vn 0.3093 -0.0721 0.9482
vn 0.3049 -0.0277 0.9520
vn 0.2474 0.1491 0.9574
vn 0.2450 0.4281 0.8699
vn 0.8656 0.3817 0.3240
vn 0.1382 -0.9301 0.3402
vn -0.0401 -0.8830 0.4677
vn 0.1933 -0.8270 0.5280
vn 0.0143 -0.7501 0.6611
vn 0.2549 -0.6341 0.7300
vn 0.0667 -0.5378 0.8404
vn 0.2960 -0.3964 0.8691
vn 0.0953 -0.3201 0.9426
vn 0.3077 -0.2160 0.9266
vn 0.1034 -0.1838 0.9775
vn 0.2801 -0.1278 0.9514
vn 0.1038 -0.1294 0.9861
vn 0.1049 -0.1011 0.9893
vn 0.3511 -0.0936 0.9316
vn 0.1088 -0.0884 0.9901
vn 0.1071 -0.0829 0.9908
vn 0.1018 -0.0794 0.9916
vn 0.1014 -0.0769 0.9919
vn 0.0979 -0.0662 0.9930
vn 0.0825 0.0062 0.9966
vn 0.0444 0.1564 0.9867
vn 0.0343 0.3596 0.9325
vn 0.6556 0.1050 -0.7478
vn 0.9924 0.0005 -0.1229
vn 0.9365 -0.0377 0.3486
vn 0.9254 -0.1866 0.3298
vn 0.9768 -0.2075 -0.0528
vn 0.8889 -0.4554 0.0493
vn 0.8337 -0.5480 -0.0683
vn 0.8021 -0.5795 -0.1442
vn 0.0919 -0.9745 0.2049
vn 0.7915 -0.5893 -0.1617
vn 0.8962 0.0780 -0.4368
vn 0.8555 0.1182 -0.5042
vn 0.7857 0.1447 -0.6015
vn 0.7016 0.1548 -0.6956
vn 0.9603 0.0398 -0.2760
vn 0.9399 0.0516 -0.3376
vn 0.9460 0.0463 -0.3208
vn 0.9185 0.0605 -0.3908
vn 0.9163 0.0595 -0.3960
vn 0.8797 0.0755 -0.4696
vn 0.8427 0.0921 -0.5304
vn 0.7405 0.1127 -0.6626
vn 0.6775 0.1288 -0.7242
vn 0.6400 0.1220 -0.7586
vn 0.6795 0.1030 -0.7264
vn 0.8035 0.0868 -0.5889
vn 0.8809 0.0689 -0.4682
vn 0.9244 0.0594 -0.3768
vn 0.9515 0.0454 -0.3042
vn 0.9638 0.0330 -0.2644
vn 0.9690 0.0320 -0.2449
vn 0.9769 0.0228 -0.2126
vn 0.9806 0.0215 -0.1947
vn 0.9848 0.0148 -0.1730
vn 0.9898 0.0061 -0.1426
vn 0.9062 0.2955 -0.3023
vn 0.9282 0.2827 -0.2420
vn 0.9424 0.2724 -0.1941
vn 0.9546 0.2609 -0.1439
vn 0.9628 0.2565 -0.0848
vn 0.9966 0.0067 -0.0824
vn 0.9650 0.2607 -0.0300
vn 0.9997 0.0018 -0.0226
vn 0.9651 0.2602 0.0299
vn 0.9989 -0.0137 0.0439
vn 0.9644 0.2469 0.0944
vn 0.8760 0.3062 -0.3727
vn 0.6933 0.6791 -0.2413
vn 0.7176 0.6684 -0.1956
vn 0.7355 0.6588 -0.1580
vn 0.7466 0.6540 -0.1221
vn 0.7518 0.6550 -0.0755
vn 0.7422 0.6694 -0.0323
vn 0.7445 0.6676 0.0122
vn 0.7433 0.6661 0.0621
vn 0.7482 0.6477 0.1439
vn 0.7465 0.6568 0.1066
vn 0.6016 0.7932 0.0939
vn 0.5967 0.8002 0.0602
vn 0.6033 0.7972 0.0221
vn 0.5803 0.8142 -0.0162
vn 0.5908 0.8053 -0.0492
vn 0.6102 0.7874 -0.0874
vn 0.6041 0.7875 -0.1218
vn 0.5959 0.7887 -0.1509
vn 0.9599 0.2366 0.1504
vn 0.9490 0.2492 0.1934
vn 0.7442 0.6460 0.1699
vn 0.9399 0.2564 0.2254
vn 0.7496 0.6337 0.1909
vn 0.9433 0.2142 0.2537
vn 0.7536 0.3484 0.5574
vn 0.9199 0.1332 0.3689
vn 0.9644 0.0215 0.2637
vn 0.9654 0.0189 0.2600
vn 0.9711 0.0119 0.2384
vn 0.9670 -0.0285 0.2533
vn 0.8954 -0.0083 0.4453
vn 0.7499 -0.1544 0.6433
vn 0.4134 0.0072 0.9105
vn 0.6744 0.4262 0.6029
vn 0.6385 0.7520 0.1636
vn 0.6185 0.7726 0.1433
vn 0.6091 0.7836 0.1225
vn 0.9954 -0.0122 0.0947
vn 0.9971 -0.0108 0.0753
vn 0.9954 -0.0150 0.0949
vn 0.9967 -0.0182 0.0791
vn 0.9841 -0.0484 0.1711
vn 0.9938 -0.0222 0.1086
vn 0.9838 -0.1056 0.1447
vn 0.9560 -0.2609 0.1339
vn 0.9868 -0.0096 0.1617
vn 0.9601 -0.2135 0.1805
vn 0.9785 0.0042 0.2063
vn 0.9481 -0.2365 0.2126
vn 0.9633 -0.1184 0.2407
vn 0.9995 -0.0093 0.0307
vn 0.9995 0.0078 0.0308
vn 0.9973 0.0128 0.0718
vn 0.9943 -0.0020 0.1068
vn 0.9908 0.0494 0.1259
vn 0.9864 0.0004 0.1646
vn 0.9821 0.0744 0.1730
vn 0.9799 0.0080 0.1994
vn 0.9749 0.0768 0.2087
vn 0.9750 0.0195 0.2215
vn 0.9710 0.0692 0.2289
vn 0.9738 0.0250 0.2259
vn 0.9700 0.0676 0.2334
vn 0.8760 0.0227 0.4818
vn 0.8721 0.0648 0.4851
vn 0.9919 0.0046 0.1272
vn 0.9960 0.0153 0.0884
vn 0.9953 0.0046 0.0968
vn 0.9966 0.0113 0.0820
vn 0.9963 -0.0017 0.0861
vn 0.9958 -0.0051 0.0912
vn 0.9960 -0.0070 0.0886
vn 0.9962 -0.0120 0.0868
vn 0.9967 -0.0098 0.0801
vn 0.9965 0.0021 0.0832
vn 0.9969 0.0044 0.0789
vn 0.8224 -0.4247 -0.3786
vn 0.7198 -0.4755 -0.5058
vn 0.7134 -0.4270 -0.5556
vn 0.7110 -0.3206 -0.6259
vn 0.5173 -0.1481 -0.8429
vn 0.8105 0.0587 -0.5828
vn -0.3540 0.1504 -0.9231
vn -0.3192 -0.0928 -0.9431
vn -0.2961 -0.3435 -0.8913
vn -0.2699 -0.5159 -0.8130
vn -0.2512 -0.6064 -0.7545
vn -0.2312 -0.6766 -0.6991
vn -0.2085 -0.7280 -0.6531
vn 0.7309 -0.5208 -0.4410
vn -0.5164 0.1238 -0.8474
vn -0.5179 -0.0439 -0.8543
vn -0.5014 -0.2694 -0.8222
vn -0.4739 -0.4480 -0.7581
vn -0.4597 -0.5372 -0.7071
vn -0.4440 -0.6075 -0.6587
vn -0.4288 -0.6642 -0.6123
vn -0.4099 -0.7022 -0.5821
vn -0.1926 -0.7599 -0.6208
vn -0.3915 -0.7495 -0.5338
vn 0.5814 -0.6283 -0.5169
vn 0.9996 0.0255 0.0150
vn 0.9984 0.0223 0.0526
vn 0.9972 0.0201 0.0722
vn 0.9999 0.0011 -0.0163
vn 0.9992 0.0063 -0.0382
vn 0.7250 -0.5538 -0.4094
vn -0.1747 -0.8077 -0.5632
vn -0.3592 -0.8228 -0.4404
vn -0.1359 -0.8770 -0.4610
vn -0.3153 -0.8927 -0.3219
vn -0.0906 -0.9391 -0.3316
vn 0.7299 -0.5874 -0.3496
vn 0.9974 0.0019 -0.0721
vn 0.9975 0.0044 -0.0707
vn 0.9921 0.0074 -0.1255
vn 0.7450 -0.6101 -0.2697
vn 0.9955 0.0021 -0.0944
vn 0.9911 0.0004 -0.1334
vn 0.9850 0.0076 -0.1721
vn 0.9737 0.0266 -0.2261
vn 0.7586 -0.6187 -0.2043
vn 0.7701 -0.6199 -0.1507
vn 0.7825 -0.6073 -0.1372
vn 0.7880 -0.5962 -0.1536
vn 0.1096 -0.9878 0.1110
vn 0.0545 -0.9954 0.0790
vn 0.0384 -0.9987 0.0330
vn 0.0049 -0.9984 -0.0569
vn -0.0420 -0.9805 -0.1920
vn -0.2691 -0.9454 -0.1838
vn -0.2193 -0.9748 -0.0415
vn -0.1761 -0.9822 0.0658
vn -0.1542 -0.9801 0.1248
vn -0.1325 -0.9716 0.1962
vn -0.0917 -0.9433 0.3192
vn -0.8224 -0.4247 -0.3786
vn -0.9972 0.0201 0.0723
vn -0.9984 0.0224 0.0526
vn -0.9996 0.0255 0.0150
vn -0.7309 -0.5208 -0.4410
vn -0.5814 -0.6283 -0.5169
vn 0.3592 -0.8228 -0.4404
vn 0.3153 -0.8927 -0.3219
vn -0.8111 -0.2337 -0.5362
vn -0.8784 -0.1821 -0.4419
vn -0.8319 -0.1842 -0.5234
vn -0.8376 -0.1463 -0.5263
vn -0.7414 -0.1940 -0.6424
vn -0.7124 -0.2478 -0.6566
vn -0.6722 -0.3059 -0.6742
vn -0.7807 -0.2876 -0.5548
vn -0.7396 -0.3472 -0.5765
vn -0.6288 -0.3623 -0.6880
vn -0.5904 -0.4140 -0.6929
vn -0.6935 -0.4039 -0.5966
vn -0.7839 -0.3888 -0.4841
vn -0.8248 -0.3266 -0.4616
vn -0.8732 -0.3149 -0.3720
vn -0.8439 -0.3742 -0.3845
vn -0.5563 -0.3147 -0.7691
vn -0.5333 -0.3634 -0.7639
vn -0.5097 -0.4149 -0.7537
vn -0.4655 -0.4690 -0.7506
vn -0.5360 -0.4720 -0.6999
vn -0.6311 -0.4689 -0.6180
vn -0.7334 -0.4561 -0.5040
vn -0.7994 -0.4475 -0.4009
vn -0.8693 -0.3790 -0.3173
vn -0.4184 -0.4044 -0.8133
vn -0.3904 -0.4647 -0.7948
vn -0.3414 -0.5044 -0.7931
vn -0.4135 -0.5091 -0.7549
vn -0.4714 -0.5061 -0.7223
vn -0.5368 -0.5119 -0.6707
vn -0.5958 -0.5229 -0.6096
vn -0.6887 -0.5128 -0.5126
vn -0.7535 -0.5072 -0.4182
vn -0.7931 -0.5035 -0.3427
vn -0.8919 -0.4502 -0.0439
vn -0.8558 -0.5027 -0.1221
vn -0.8655 -0.4805 -0.1415
vn -0.8362 -0.5133 -0.1931
vn -0.8299 -0.5252 -0.1881
vn -0.8236 -0.5223 -0.2213
vn -0.8271 -0.5141 -0.2269
vn -0.8305 -0.5169 -0.2076
vn -0.8437 -0.4835 -0.2333
vn -0.8263 -0.5118 -0.2349
vn -0.8083 -0.5180 -0.2798
vn -0.8168 -0.5207 -0.2484
vn -0.8146 -0.5121 -0.2723
vn -0.7830 -0.5202 -0.3411
vn -0.7316 -0.5278 -0.4315
vn -0.6663 -0.5350 -0.5195
vn -0.6177 -0.5383 -0.5733
vn -0.5583 -0.5264 -0.6412
vn -0.5077 -0.5248 -0.6832
vn -0.4261 -0.5070 -0.7492
vn -0.3826 -0.5159 -0.7665
vn -0.8368 -0.4447 -0.3194
vn -0.8447 -0.4603 -0.2732
vn -0.8539 -0.4695 -0.2246
vn -0.8643 -0.4336 -0.2549
vn -0.9083 -0.3087 -0.2823
vn -0.9117 -0.3164 -0.2620
vn -0.8664 -0.3756 -0.3291
vn -0.8756 -0.3912 -0.2834
vn -0.8746 -0.3792 -0.3022
vn -0.9097 -0.3114 -0.2746
vn -0.9244 -0.2710 -0.2685
vn -0.8679 -0.4045 -0.2884
vn -0.8856 -0.3758 -0.2728
vn -0.8719 -0.3992 -0.2836
vn -0.8470 -0.4636 -0.2602
vn -0.8577 -0.4340 -0.2757
vn -0.8478 -0.4571 -0.2688
vn -0.8545 -0.4277 -0.2947
vn -0.8291 -0.4064 -0.3839
vn -0.7481 -0.3208 -0.5808
vn -0.8515 -0.3433 -0.3964
vn -0.8182 -0.2588 -0.5134
vn -0.6324 -0.2000 -0.7483
vn -0.6217 -0.1333 -0.7719
vn -0.7975 -0.1716 -0.5784
vn -0.8852 -0.1776 -0.4301
vn -0.8970 -0.1712 -0.4075
vn -0.7642 -0.1522 -0.6268
vn -0.7645 -0.1465 -0.6278
vn -0.6092 -0.1230 -0.7834
vn -0.4252 -0.0878 -0.9009
vn -0.3679 -0.0758 -0.9268
vn -0.4131 -0.1399 -0.8998
vn -0.6082 -0.2919 -0.7382
vn -0.8049 -0.4289 -0.4100
vn -0.5181 -0.2911 -0.8042
vn -0.1930 -0.0806 -0.9779
vn -0.2049 -0.0392 -0.9780
vn -0.3904 -0.0731 -0.9177
vn -0.6116 -0.1215 -0.7818
vn -0.7658 -0.1530 -0.6246
vn -0.8884 -0.1816 -0.4215
vn -0.9654 -0.1885 -0.1804
vn -0.9585 -0.2012 -0.2019
vn -0.8937 -0.1881 -0.4074
vn -0.7761 -0.1552 -0.6112
vn -0.6329 -0.1210 -0.7647
vn -0.4191 -0.0667 -0.9055
vn -0.2155 -0.0204 -0.9763
vn -0.0304 0.0111 -0.9995
vn -0.1205 -0.0672 -0.9904
vn -0.4359 -0.2772 -0.8563
vn -0.9821 -0.1853 0.0338
vn -0.9804 -0.1970 0.0060
vn -0.9596 -0.1977 -0.2003
vn -0.9789 -0.2041 -0.0078
vn -0.9624 -0.1999 0.1839
vn -0.9642 -0.1778 0.1966
vn -0.9253 -0.1702 0.3388
vn -0.9445 -0.1929 0.2659
vn -0.8799 -0.1776 0.4407
vn -0.9133 -0.1809 0.3648
vn -0.9646 -0.1886 0.1845
vn -0.9059 -0.1887 0.3792
vn -0.8279 -0.1760 0.5325
vn -0.8358 -0.1692 0.5224
vn -0.7750 -0.1714 0.6082
vn -0.9212 -0.2033 0.3317
vn -0.8870 -0.2091 0.4117
vn -0.9357 -0.2199 0.2760
vn -0.8317 -0.1818 0.5246
vn -0.8177 -0.2096 0.5361
vn -0.7152 -0.1740 0.6769
vn -0.7527 -0.2804 0.5957
vn -0.8695 -0.2783 0.4080
vn -0.9179 -0.3294 0.2215
vn -0.8986 -0.3848 0.2107
vn -0.9150 -0.3873 0.1128
vn -0.9266 -0.3499 0.1379
vn -0.9283 -0.3649 0.0715
vn -0.9181 -0.3884 0.0793
vn -0.9158 -0.4011 0.0227
vn -0.9074 -0.4175 0.0487
vn -0.8879 -0.2311 0.3978
vn -0.9083 -0.2652 0.3235
vn -0.9349 -0.3095 0.1737
vn -0.9389 -0.3245 0.1147
vn -0.9394 -0.3387 0.0537
vn -0.9390 -0.3437 0.0124
vn -0.9526 -0.2972 0.0655
vn -0.9513 -0.2895 0.1057
vn -0.9473 -0.2748 0.1644
vn -0.9304 -0.2461 0.2715
vn -0.9097 -0.2171 0.3539
vn -0.9236 -0.2155 0.3172
vn -0.9637 -0.1839 0.1934
vn -0.9304 -0.1866 0.3156
vn -0.9526 -0.1239 0.2780
vn -0.9387 -0.1913 0.2867
vn -0.9600 -0.2246 0.1670
vn -0.9643 -0.2416 0.1087
vn -0.9646 -0.2556 0.0651
vn -0.9627 -0.2705 -0.0017
vn -0.9744 -0.2220 0.0354
vn -0.9763 -0.1982 0.0864
vn -0.9827 -0.1768 0.0545
vn -0.9747 -0.1788 0.1339
vn -0.9583 -0.1308 0.2540
vn -0.9821 -0.1032 0.1578
vn -0.9804 -0.1971 0.0027
vn -0.9844 -0.1751 0.0188
vn -0.9861 -0.1656 -0.0138
vn -0.9887 -0.1437 0.0424
vn -0.9847 -0.1500 0.0885
vn -0.9920 -0.0943 0.0837
vn -0.9966 -0.0818 0.0100
vn -0.9911 -0.0997 0.0886
vn -0.9822 -0.1139 0.1492
vn -0.9839 -0.1663 -0.0654
vn -0.9892 -0.1233 -0.0788
vn -0.9924 -0.1234 -0.0024
vn -0.9928 -0.0785 -0.0906
vn -0.9722 -0.0738 -0.2221
vn -0.9914 -0.0912 -0.0936
vn -0.9960 -0.0884 0.0100
vn -0.9908 -0.1350 0.0071
vn -0.9842 -0.1262 -0.1240
vn -0.9679 -0.2295 -0.1020
vn -0.9777 -0.1822 -0.1044
vn -0.9734 -0.2219 -0.0574
vn -0.9796 -0.1939 -0.0535
vn -0.9803 -0.1591 -0.1171
vn -0.9839 -0.1531 -0.0924
vn -0.9739 -0.1550 -0.1661
vn -0.9826 -0.1699 -0.0751
vn -0.9808 -0.1941 -0.0184
vn -0.9737 -0.1762 -0.1445
vn -0.9288 -0.2735 -0.2502
vn -0.9442 -0.2620 -0.1997
vn -0.8832 -0.3520 -0.3101
vn -0.8984 -0.3593 -0.2524
vn -0.9084 -0.3579 -0.2159
vn -0.9562 -0.2468 -0.1572
vn -0.9648 -0.2120 -0.1555
vn -0.9164 -0.3424 -0.2073
vn -0.9333 -0.3063 -0.1874
vn -0.9718 -0.1928 -0.1359
vn -0.9751 -0.1567 -0.1572
vn -0.9495 -0.2780 -0.1456
vn -0.9044 -0.3871 -0.1795
vn -0.8781 -0.4205 -0.2282
vn -0.8370 -0.4752 -0.2715
vn -0.8125 -0.4993 -0.3010
vn -0.8050 -0.4837 -0.3436
vn -0.7919 -0.4606 -0.4008
vn -0.7876 -0.4310 -0.4404
vn -0.8693 -0.3425 -0.3563
vn -0.8576 -0.3305 -0.3940
vn -0.7209 -0.5254 -0.4520
vn -0.7235 -0.5648 -0.3969
vn -0.7433 -0.5734 -0.3444
vn -0.7572 -0.5735 -0.3128
vn -0.8193 -0.5121 -0.2579
vn -0.8794 -0.4423 -0.1763
vn -0.9378 -0.3334 -0.0972
vn -0.9696 -0.2391 -0.0519
vn -0.9653 -0.2570 -0.0469
vn -0.9589 -0.2828 -0.0222
vn -0.9392 -0.3398 -0.0490
vn -0.9097 -0.4004 -0.1100
vn -0.8419 -0.4994 -0.2043
vn -0.7504 -0.5867 -0.3046
vn -0.7074 -0.6045 -0.3661
vn -0.6871 -0.5475 -0.4777
vn -0.7005 -0.5791 -0.4171
vn -0.9931 0.0539 0.1041
vn -0.9903 0.0758 0.1168
vn -0.9868 0.0990 0.1281
vn -0.9751 0.1579 0.1556
vn -0.9536 0.2376 0.1851
vn -0.9297 0.3082 0.2016
vn -0.9055 0.3684 0.2104
vn -0.8941 0.3964 0.2085
vn -0.8832 0.4220 0.2045
vn -0.0868 0.9645 0.2492
vn -0.8882 0.4132 0.2010
vn -0.0952 0.9499 0.2979
vn -0.1047 0.9376 0.3317
vn -0.1143 0.9254 0.3614
vn -0.1259 0.9048 0.4068
vn -0.1397 0.8752 0.4631
vn -0.1539 0.8441 0.5137
vn -0.1676 0.8094 0.5628
vn -0.1820 0.7642 0.6188
vn 0.1697 0.7857 0.5949
vn 0.1727 0.8261 0.5364
vn 0.1781 0.8563 0.4847
vn 0.1808 0.8854 0.4282
vn 0.1847 0.9110 0.3688
vn 0.1882 0.9265 0.3258
vn 0.1911 0.9351 0.2984
vn 0.1979 0.9457 0.2578
vn -0.1832 0.4589 0.8694
vn -0.3237 0.4780 0.8165
vn 0.1554 0.4795 0.8637
vn 0.1562 0.5156 0.8425
vn -0.1696 0.5302 0.8307
vn 0.1572 0.5473 0.8220
vn -0.3032 0.5404 0.7849
vn 0.1599 0.5778 0.8003
vn -0.2248 0.5949 0.7717
vn 0.1633 0.6227 0.7652
vn -0.2132 0.6472 0.7319
vn 0.1641 0.6742 0.7201
vn -0.1977 0.7062 0.6798
vn 0.1666 0.7331 0.6594
vn -0.9813 0.0869 0.1716
vn -0.9788 -0.1347 -0.1545
vn -0.9983 0.0061 0.0587
vn -0.9974 0.0124 0.0711
vn -0.9959 0.0278 0.0857
vn -0.6008 -0.3508 -0.7183
vn -0.6262 -0.3759 -0.6831
vn -0.9876 0.0652 0.1430
vn -0.9744 -0.1270 -0.1854
vn -0.6445 -0.4020 -0.6504
vn -0.6505 -0.4286 -0.6270
vn -0.6630 -0.4484 -0.5994
vn -0.6687 -0.4762 -0.5710
vn -0.6722 -0.5148 -0.5321
vn -0.6335 -0.3680 -0.6806
vn -0.6540 -0.4040 -0.6395
vn -0.6745 -0.4306 -0.5997
vn -0.6970 -0.4600 -0.5501
vn -0.7046 -0.4936 -0.5098
vn -0.5543 -0.2383 -0.7975
vn -0.6331 -0.2694 -0.7257
vn -0.5713 -0.2785 -0.7721
vn -0.5837 -0.3166 -0.7477
vn -0.6288 -0.3271 -0.7054
vn -0.6063 -0.3484 -0.7148
vn -0.7402 -0.3339 -0.5837
vn -0.7568 -0.3847 -0.5285
vn -0.7720 -0.4090 -0.4866
vn -0.5743 -0.3164 -0.7550
vn -0.5501 -0.2828 -0.7858
vn -0.5372 -0.2464 -0.8067
vn -0.5102 -0.2066 -0.8348
vn -0.5310 -0.1998 -0.8235
vn -0.4860 -0.1619 -0.8588
vn -0.5122 -0.1570 -0.8444
vn -0.4742 -0.1114 -0.8733
vn -0.5007 -0.1097 -0.8586
vn -0.9830 -0.0949 -0.1569
vn -0.9846 -0.0853 -0.1528
vn -0.9880 -0.0840 -0.1296
vn -0.9916 -0.0720 -0.1073
vn -0.9941 -0.0682 -0.0847
vn -0.9964 -0.0551 -0.0647
vn -0.9833 0.0466 0.1759
vn -0.9989 -0.0327 -0.0323
vn -0.3151 0.1388 0.9389
vn -0.3080 0.2004 0.9300
vn -0.2978 0.2560 0.9197
vn -0.2889 0.3112 0.9054
vn -0.2832 0.3617 0.8882
vn -0.2727 0.4103 0.8702
vn -0.3196 0.0721 0.9448
vn 0.1509 0.1133 0.9820
vn 0.1507 0.1804 0.9720
vn 0.1514 0.2333 0.9605
vn 0.1522 0.2894 0.9450
vn 0.1544 0.3383 0.9283
vn 0.1563 0.3908 0.9071
vn 0.1577 0.4350 0.8865
vn -0.2916 -0.3410 0.8937
vn -0.3030 -0.2944 0.9064
vn 0.1553 -0.3007 0.9410
vn 0.1525 -0.2535 0.9553
vn -0.3146 -0.2439 0.9174
vn 0.1510 -0.1974 0.9686
vn -0.3151 -0.1908 0.9297
vn 0.1512 -0.1456 0.9777
vn -0.3173 -0.1350 0.9387
vn 0.1528 -0.0858 0.9845
vn -0.3200 -0.0773 0.9442
vn 0.1512 -0.0319 0.9880
vn -0.3245 -0.0065 0.9459
vn 0.1504 0.0455 0.9876
vn -0.9892 -0.0838 -0.1205
vn -0.9880 -0.0814 -0.1310
vn -0.9866 -0.0880 -0.1374
vn -0.9859 -0.0845 -0.1443
vn -0.4822 -0.0525 -0.8745
vn -0.4997 0.0028 -0.8662
vn -0.5197 0.0475 -0.8530
vn -0.5419 0.0905 -0.8355
vn -0.5585 0.1319 -0.8190
vn -0.9661 -0.0285 -0.2566
vn -0.5717 0.1710 -0.8024
vn -0.6059 0.2043 -0.7688
vn -0.9775 -0.1549 0.1432
vn -0.9809 -0.0262 -0.1927
vn -0.6283 0.1849 -0.7557
vn -0.6131 0.1580 -0.7740
vn -0.5879 0.1305 -0.7983
vn -0.5708 0.0842 -0.8168
vn -0.5431 0.0410 -0.8387
vn -0.5218 -0.0021 -0.8530
vn -0.5038 -0.0540 -0.8622
vn -0.6105 0.0261 -0.7916
vn -0.5896 -0.0120 -0.8076
vn -0.5774 -0.0588 -0.8143
vn -0.5724 -0.1081 -0.8128
vn -0.5786 -0.1484 -0.8020
vn -0.6016 -0.1862 -0.7768
vn -0.6252 -0.2198 -0.7489
vn -0.7424 0.0279 -0.6694
vn -0.7030 0.0049 -0.7112
vn -0.6550 0.0563 -0.7535
vn -0.6807 -0.0253 -0.7322
vn -0.6676 -0.0635 -0.7418
vn -0.6677 -0.1055 -0.7369
vn -0.6716 -0.1390 -0.7277
vn -0.6709 -0.1691 -0.7220
vn -0.6951 -0.1930 -0.6925
vn -0.7800 -0.0148 -0.6256
vn -0.7639 -0.0388 -0.6442
vn -0.7532 -0.0677 -0.6543
vn -0.7520 -0.1007 -0.6515
vn -0.7595 -0.1280 -0.6378
vn -0.7605 -0.1567 -0.6302
vn -0.8257 -0.0467 -0.5622
vn -0.8223 -0.0684 -0.5649
vn -0.8171 -0.0947 -0.5687
vn -0.8248 -0.1143 -0.5537
vn -0.8279 -0.1373 -0.5437
vn -0.8316 -0.1621 -0.5311
vn -0.7597 -0.1882 -0.6224
vn -0.7719 -0.2246 -0.5947
vn -0.8462 -0.1883 -0.4984
vn -0.8426 -0.2290 -0.4875
vn -0.8807 -0.1684 -0.4428
vn -0.8676 -0.1281 -0.4804
vn -0.8627 -0.0896 -0.4977
vn -0.8650 -0.0564 -0.4986
vn -0.8786 -0.1455 -0.4549
vn -0.8705 -0.1114 -0.4794
vn -0.8675 -0.0851 -0.4901
vn -0.8412 -0.0818 -0.5346
vn -0.8693 -0.0639 -0.4902
vn -0.8431 -0.0613 -0.5343
vn -0.8494 -0.0468 -0.5257
vn -0.8783 -0.0472 -0.4758
vn -0.7868 -0.0554 -0.6148
vn -0.7823 -0.0773 -0.6180
vn -0.7725 -0.1089 -0.6256
vn -0.6762 -0.0713 -0.7333
vn -0.9023 -0.2178 -0.3721
vn -0.8723 -0.2202 -0.4366
vn -0.8538 -0.2724 -0.4438
vn -0.8990 -0.1839 -0.3975
vn -0.8932 -0.2012 -0.4021
vn -0.8399 -0.1088 -0.5317
vn -0.8885 -0.2320 -0.3960
vn -0.9137 -0.2250 -0.3384
vn -0.8980 -0.2599 -0.3550
vn -0.9169 -0.2640 -0.2993
vn -0.9183 -0.2390 -0.3155
vn -0.8450 -0.3095 -0.4361
vn -0.8419 -0.2744 -0.4647
vn -0.9644 -0.1772 -0.1962
vn -0.9581 -0.2199 -0.1834
vn -0.9461 -0.2441 -0.2128
vn -0.9363 -0.2496 -0.2472
vn -0.9158 -0.2625 -0.3039
vn -0.8984 -0.2595 -0.3542
vn -0.9273 -0.2837 -0.2441
vn -0.9154 -0.3001 -0.2683
vn -0.8929 -0.3125 -0.3242
vn -0.9559 -0.1758 -0.2353
vn -0.9516 -0.2108 -0.2238
vn -0.9488 -0.2219 -0.2247
vn -0.9459 -0.2020 -0.2541
vn -0.8947 -0.2713 -0.3548
vn -0.9284 -0.1347 -0.3462
vn -0.9279 -0.1413 -0.3451
vn -0.8972 -0.2686 -0.3506
vn -0.9735 -0.1682 -0.1547
vn -0.9750 -0.1361 -0.1754
vn -0.9753 -0.1058 -0.1938
vn -0.9250 -0.1772 -0.3361
vn -0.7968 -0.1499 -0.5854
vn -0.9144 -0.1649 -0.3696
vn -0.9778 -0.1611 -0.1343
vn -0.9866 -0.1604 0.0287
vn -0.9761 -0.1857 0.1133
vn -0.9831 -0.1777 0.0431
vn -0.9721 -0.1759 -0.1552
vn -0.9863 -0.1505 0.0670
vn -0.9600 -0.2180 0.1758
vn -0.9638 -0.1795 0.1974
vn 0.6640 -0.7434 0.0804
vn 0.5982 -0.7923 -0.1200
vn 0.6463 -0.7515 -0.1324
vn 0.7012 -0.6859 0.1946
vn 0.7098 -0.6960 0.1079
vn 0.7018 -0.7040 -0.1090
vn 0.6288 -0.7236 -0.2845
vn 0.6417 -0.7023 -0.3081
vn 0.6831 -0.6765 -0.2752
vn 0.7514 -0.6513 0.1060
vn 0.7555 -0.6526 -0.0585
vn 0.7294 -0.6495 -0.2147
vn 0.6755 -0.6707 -0.3062
vn 0.6289 -0.7020 -0.3341
vn 0.6046 -0.7156 -0.3497
vn 0.5948 -0.7410 -0.3118
vn 0.5764 -0.7340 -0.3591
vn 0.5428 -0.7501 -0.3779
vn 0.5610 -0.7651 -0.3160
vn 0.5156 -0.8070 -0.2881
vn 0.7320 -0.6083 -0.3069
vn 0.7250 -0.6077 -0.3243
vn 0.7070 -0.6227 -0.3352
vn 0.7519 -0.6065 -0.2585
vn 0.7019 -0.6299 -0.3327
vn 0.7015 -0.6448 -0.3034
vn 0.6921 -0.6483 -0.3173
vn 0.7752 -0.6136 -0.1506
vn 0.7899 -0.6126 -0.0289
vn 0.7884 -0.6057 0.1076
vn 0.7744 -0.6044 0.1869
vn 0.5067 -0.7800 -0.3674
vn 0.4618 -0.8366 -0.2948
vn 0.4610 -0.8505 -0.2533
vn 0.4193 -0.8843 -0.2057
vn 0.4237 -0.8843 -0.1960
vn 0.3981 -0.9032 -0.1602
vn 0.2962 -0.9195 -0.2585
vn 0.2996 -0.9327 -0.2008
vn 0.1022 -0.8209 -0.5618
vn 0.0349 -0.7646 -0.6436
vn 0.0059 -0.6292 -0.7772
vn 0.1155 -0.5898 -0.7993
vn 0.1221 -0.5418 -0.8316
vn 0.1158 -0.5305 -0.8397
vn 0.2827 -0.9382 -0.1998
vn 0.3659 -0.9162 -0.1633
vn 0.3994 -0.9084 -0.1241
vn 0.4149 -0.9059 -0.0851
vn 0.4669 -0.8757 -0.1230
vn 0.5332 -0.8348 -0.1368
vn 0.6122 -0.7890 0.0520
vn 0.5473 -0.8367 0.0172
vn 0.4675 -0.8840 -0.0039
vn 0.4069 -0.9129 0.0310
vn 0.4044 -0.9146 -0.0032
vn 0.3551 -0.9339 -0.0421
vn 0.3509 -0.9312 -0.0985
vn 0.3062 -0.9456 -0.1099
vn 0.4252 -0.7818 0.4561
vn 0.3562 -0.8335 0.4223
vn 0.4473 -0.8332 0.3251
vn 0.3671 -0.8792 0.3038
vn 0.3785 -0.9001 0.2159
vn 0.4570 -0.8635 0.2134
vn 0.4654 -0.8780 0.1114
vn 0.3907 -0.9124 0.1221
vn 0.5528 -0.8240 0.1243
vn 0.6146 -0.7731 0.1570
vn 0.6612 -0.7272 0.1846
vn 0.2983 -0.5601 0.7729
vn 0.3260 -0.6132 0.7195
vn 0.3880 -0.5662 0.7272
vn 0.3814 -0.7020 0.6014
vn 0.4516 -0.6448 0.6167
vn 0.5060 -0.7213 0.4731
vn 0.5344 -0.7701 0.3484
vn 0.5476 -0.8024 0.2372
vn 0.6077 -0.7506 0.2594
vn 0.5891 -0.7216 0.3636
vn 0.5559 -0.6762 0.4834
vn 0.4991 -0.6161 0.6094
vn 0.4265 -0.5434 0.7231
vn 0.3707 -0.4898 0.7891
vn 0.3391 -0.5054 0.7935
vn 0.6494 -0.7114 0.2685
vn 0.6263 -0.6854 0.3714
vn 0.5900 -0.6500 0.4789
vn 0.5340 -0.5981 0.5976
vn 0.4611 -0.5392 0.7047
vn 0.3931 -0.4864 0.7803
vn 0.3451 -0.4501 0.8236
vn 0.4258 -0.4817 0.7659
vn 0.4978 -0.5330 0.6841
vn 0.5698 -0.5847 0.5774
vn 0.6235 -0.6229 0.4725
vn 0.6615 -0.6535 0.3680
vn 0.6866 -0.6732 0.2745
vn 0.4581 -0.4757 0.7509
vn 0.5351 -0.5253 0.6616
vn 0.6055 -0.5693 0.5562
vn 0.6566 -0.6001 0.4568
vn 0.6946 -0.6219 0.3616
vn 0.7224 -0.6378 0.2669
vn 0.7386 -0.6443 0.1984
vn 0.3945 -0.4339 0.8100
vn 0.4899 -0.4645 0.7378
vn 0.5719 -0.5146 0.6388
vn 0.6420 -0.5527 0.5314
vn 0.6908 -0.5751 0.4382
vn 0.7293 -0.5916 0.3437
vn 0.7571 -0.6011 0.2559
vn 0.4180 -0.4229 0.8040
vn 0.3499 -0.3716 0.8599
vn 0.3337 -0.3929 0.8569
vn 0.2930 -0.3475 0.8907
vn 0.2967 -0.3245 0.8981
vn 0.2833 -0.3044 0.9094
vn 0.2862 -0.3256 0.9011
vn 0.2716 -0.3583 0.8932
vn 0.2825 -0.3736 0.8835
vn 0.2701 -0.3888 0.8809
vn 0.2625 -0.3783 0.8877
vn 0.2548 -0.3844 0.8873
vn 0.2662 -0.3933 0.8800
vn 0.2599 -0.3943 0.8815
vn 0.2458 -0.4022 0.8819
vn 0.2707 -0.4520 0.8500
vn 0.2865 -0.4224 0.8599
vn 0.2946 -0.4185 0.8591
vn 0.3007 -0.4181 0.8572
vn 0.3185 -0.4061 0.8565
vn 0.3678 -0.4448 0.8166
vn 0.3290 -0.4512 0.8296
vn 0.3146 -0.4664 0.8268
vn 0.2840 -0.5007 0.8177
vn 0.2656 -0.5555 0.7880
vn 0.2571 -0.4869 0.8348
vn 0.2372 -0.5324 0.8126
vn 0.2446 -0.6022 0.7600
vn 0.2229 -0.6560 0.7211
vn 0.2657 -0.6103 0.7463
vn 0.2747 -0.6234 0.7320
vn 0.2905 -0.6720 0.6812
vn 0.3239 -0.7525 0.5734
vn 0.2837 -0.6632 0.6926
vn 0.2980 -0.7086 0.6396
vn 0.3209 -0.7812 0.5355
vn 0.3403 -0.8549 0.3915
vn 0.3475 -0.8901 0.2949
vn 0.3514 -0.9081 0.2276
vn 0.3704 -0.9164 0.1514
vn 0.3925 -0.9159 0.0844
vn 0.3319 -0.9151 0.2289
vn 0.3209 -0.9324 0.1661
vn 0.3261 -0.9396 0.1040
vn 0.3597 -0.9316 0.0522
vn 0.1872 -0.9694 0.1586
vn 0.1452 -0.9823 0.1186
vn 0.1090 -0.9908 0.0800
vn 0.0899 -0.9919 0.0898
vn 0.1055 -0.9848 0.1382
vn 0.1181 -0.9741 0.1929
vn 0.1289 -0.9615 0.2425
vn 0.3316 -0.8988 0.2865
vn 0.3301 -0.8651 0.3777
vn 0.1272 -0.9421 0.3103
vn 0.1288 -0.8994 0.4176
vn -0.0893 -0.9908 0.1018
vn -0.0886 -0.9932 0.0753
vn -0.0590 -0.9919 0.1128
vn -0.0718 -0.9854 0.1542
vn -0.0521 -0.9796 0.1939
vn -0.0526 -0.9683 0.2442
vn -0.0495 -0.9467 0.3182
vn -0.0491 -0.9318 0.3596
vn 0.1242 -0.8585 0.4975
vn 0.3172 -0.8025 0.5054
vn 0.2971 -0.7244 0.6220
vn 0.1453 -0.8498 0.5068
vn 0.2881 -0.6915 0.6625
vn 0.2556 -0.6845 0.6827
vn 0.1910 -0.8591 0.4749
vn 0.2273 -0.8783 0.4206
vn 0.2061 -0.6840 0.6998
vn 0.1958 -0.7338 0.6505
vn 0.2329 -0.8937 0.3834
vn 0.2160 -0.9210 0.3242
vn 0.1791 -0.7807 0.5987
vn 0.1612 -0.8174 0.5530
vn 0.0159 -0.9403 0.3400
vn 0.1270 -0.9569 0.2612
vn 0.2246 -0.9559 0.1893
vn 0.2510 -0.9570 0.1456
vn 0.2308 -0.9701 0.0747
vn 0.1991 -0.9793 0.0359
vn 0.1887 -0.9441 0.2704
vn 0.1632 -0.9573 0.2388
vn 0.1713 -0.9852 0.0008
vn 0.1408 -0.8476 0.5117
vn 0.1199 -0.8628 0.4911
vn 0.1378 -0.9648 0.2239
vn 0.1121 -0.9717 0.2081
vn 0.0967 -0.8745 0.4753
vn 0.0770 -0.8840 0.4610
vn 0.0881 -0.9749 0.2044
vn 0.0678 -0.9826 0.1729
vn 0.0601 -0.8936 0.4449
vn 0.0369 -0.8965 0.4415
vn 0.0412 -0.9849 0.1683
vn 0.0000 -0.9857 0.1686
vn 0.1449 -0.9894 -0.0105
vn 0.1182 -0.9922 -0.0387
vn 0.0931 -0.9950 -0.0367
vn 0.0703 -0.9949 -0.0721
vn 0.0424 -0.9977 -0.0531
vn 0.0000 -0.9985 -0.0543
vn -0.0424 -0.9977 -0.0531
vn -0.0412 -0.9849 0.1683
vn 0.0000 -0.8966 0.4427
vn -0.0369 -0.8965 0.4415
vn -0.0678 -0.9826 0.1729
vn -0.0601 -0.8936 0.4449
vn -0.0770 -0.8841 0.4610
vn -0.0881 -0.9749 0.2044
vn -0.1121 -0.9717 0.2081
vn -0.0967 -0.8745 0.4753
vn -0.1199 -0.8628 0.4911
vn -0.1378 -0.9648 0.2238
vn -0.1632 -0.9572 0.2388
vn -0.1408 -0.8476 0.5116
vn -0.1612 -0.8174 0.5530
vn -0.0703 -0.9949 -0.0721
vn -0.0931 -0.9950 -0.0366
vn -0.1182 -0.9922 -0.0389
vn -0.1449 -0.9894 -0.0105
vn -0.1713 -0.9852 0.0010
vn -0.1991 -0.9793 0.0360
vn -0.1887 -0.9441 0.2704
vn -0.2160 -0.9210 0.3243
vn -0.2308 -0.9701 0.0747
vn -0.1791 -0.7807 0.5987
vn -0.1958 -0.7338 0.6506
vn -0.2329 -0.8937 0.3835
vn -0.2273 -0.8783 0.4206
vn -0.2061 -0.6839 0.6998
vn -0.2556 -0.6845 0.6827
vn -0.1910 -0.8591 0.4749
vn -0.1453 -0.8498 0.5068
vn -0.2881 -0.6915 0.6625
vn -0.2971 -0.7244 0.6221
vn -0.1242 -0.8585 0.4975
vn -0.1288 -0.8994 0.4176
vn -0.2510 -0.9570 0.1456
vn -0.2246 -0.9559 0.1893
vn -0.1270 -0.9569 0.2612
vn -0.0159 -0.9403 0.3400
vn 0.0491 -0.9318 0.3596
vn 0.0496 -0.9467 0.3181
vn 0.0527 -0.9683 0.2442
vn -0.1272 -0.9421 0.3103
vn -0.3172 -0.8025 0.5054
vn -0.3301 -0.8651 0.3777
vn -0.1289 -0.9615 0.2425
vn -0.3316 -0.8989 0.2865
vn -0.3319 -0.9151 0.2289
vn -0.1181 -0.9741 0.1929
vn -0.1055 -0.9848 0.1382
vn -0.3209 -0.9324 0.1661
vn -0.3261 -0.9396 0.1040
vn -0.0899 -0.9919 0.0898
vn -0.1090 -0.9908 0.0800
vn -0.3597 -0.9316 0.0522
vn -0.3551 -0.9339 -0.0421
vn 0.0521 -0.9796 0.1939
vn 0.0718 -0.9854 0.1542
vn 0.0590 -0.9919 0.1128
vn 0.0886 -0.9932 0.0753
vn 0.0893 -0.9908 0.1018
vn 0.0249 -0.9742 0.2245
vn -0.1452 -0.9823 0.1186
vn -0.1872 -0.9694 0.1585
vn -0.0653 -0.9348 0.3492
vn -0.3509 -0.9312 -0.0985
vn -0.3062 -0.9456 -0.1099
vn -0.2084 -0.9602 0.1862
vn -0.2325 -0.9562 0.1777
vn -0.2692 -0.9536 -0.1347
vn -0.2591 -0.9545 -0.1472
vn -0.2395 -0.9569 0.1643
vn -0.2426 -0.9587 0.1488
vn -0.2571 -0.9532 -0.1589
vn -0.2504 -0.9489 -0.1919
vn -0.2405 -0.9633 0.1194
vn -0.2255 -0.9686 0.1044
vn -0.1295 -0.9068 0.4013
vn -0.1957 -0.8947 0.4015
vn -0.2078 -0.8939 0.3971
vn -0.2162 -0.9003 0.3779
vn -0.2171 -0.9125 0.3467
vn -0.2077 -0.9259 0.3156
vn -0.1884 -0.9343 0.3026
vn -0.2030 -0.9745 0.0953
vn -0.2329 -0.9469 -0.2216
vn -0.2080 -0.9519 -0.2251
vn -0.1785 -0.9798 0.0900
vn -0.1830 -0.9590 -0.2166
vn -0.1579 -0.9658 -0.2054
vn -0.1522 -0.9827 0.1055
vn -0.1237 -0.9870 0.1031
vn -0.1294 -0.9729 -0.1916
vn -0.1072 -0.9825 -0.1522
vn -0.1008 -0.9900 0.0986
vn -0.0943 -0.9918 0.0864
vn -0.0983 -0.9878 -0.1205
vn -0.1029 -0.9788 -0.1771
vn -0.1664 -0.9440 0.2848
vn -0.1395 -0.9383 0.3165
vn -0.1121 -0.9378 0.3287
vn -0.0934 -0.9545 0.2834
vn -0.0894 -0.9671 0.2381
vn -0.1099 -0.9717 -0.2091
vn -0.1161 -0.9644 -0.2375
vn -0.1086 -0.9795 -0.1694
vn -0.1161 -0.9499 -0.2902
vn -0.1225 -0.9398 -0.3190
vn -0.1255 -0.8762 -0.4653
vn -0.1212 -0.9114 -0.3934
vn -0.1272 -0.7494 -0.6497
vn -0.1201 -0.7395 -0.6624
vn -0.1277 -0.7213 -0.6807
vn -0.1382 -0.8488 -0.5103
vn -0.1559 -0.8305 -0.5347
vn -0.1415 -0.7026 -0.6974
vn -0.1545 -0.6817 -0.7151
vn -0.1818 -0.9286 -0.3236
vn -0.1575 -0.9394 -0.3046
vn -0.1321 -0.9566 -0.2597
vn -0.1360 -0.9450 -0.2976
vn -0.1396 -0.9203 -0.3654
vn -0.1613 -0.9014 -0.4017
vn -0.1816 -0.8858 -0.4271
vn -0.2047 -0.9170 -0.3425
vn -0.2029 -0.9041 -0.3762
vn -0.1815 -0.9127 -0.3662
vn -0.1603 -0.9283 -0.3356
vn -0.1979 -0.8677 -0.4559
vn -0.2108 -0.8549 -0.4740
vn -0.2204 -0.9004 -0.3752
vn -0.2276 -0.9201 -0.3188
vn -0.2469 -0.9288 -0.2762
vn -0.2524 -0.9377 -0.2390
vn -0.2590 -0.9431 -0.2084
vn -0.2827 -0.9382 -0.1998
vn -0.1155 -0.5898 -0.7993
vn -0.2082 -0.8304 -0.5169
vn -0.1021 -0.8209 -0.5618
vn -0.2996 -0.9327 -0.2008
vn -0.2707 -0.9314 -0.2433
vn -0.2454 -0.9299 -0.2740
vn -0.2431 -0.9247 -0.2929
vn -0.2362 -0.9123 -0.3345
vn -0.2132 -0.8465 -0.4878
vn -0.2189 -0.8401 -0.4962
vn -0.1990 -0.8383 -0.5075
vn -0.1607 -0.6105 -0.7755
vn -0.1698 -0.6498 -0.7409
vn -0.1814 -0.6799 -0.7105
vn -0.1914 -0.7228 -0.6640
vn -0.1944 -0.7637 -0.6157
vn -0.1881 -0.7896 -0.5840
vn -0.1734 -0.8122 -0.5570
vn -0.1664 -0.6624 -0.7304
vn -0.1721 -0.6355 -0.7527
vn -0.1731 -0.6008 -0.7804
vn -0.1647 -0.5681 -0.8063
vn -0.1593 -0.5420 -0.8252
vn -0.1448 -0.5341 -0.8329
vn -0.1280 -0.5295 -0.8386
vn -0.1158 -0.5305 -0.8397
vn -0.1221 -0.5418 -0.8316
vn -0.0059 -0.6292 -0.7772
vn -0.0348 -0.7646 -0.6436
vn -0.2962 -0.9195 -0.2585
vn -0.3981 -0.9032 -0.1602
vn -0.4237 -0.8843 -0.1960
vn -0.4193 -0.8843 -0.2057
vn -0.4618 -0.8366 -0.2948
vn -0.4610 -0.8505 -0.2533
vn -0.5156 -0.8070 -0.2881
vn -0.6288 -0.7236 -0.2845
vn -0.5948 -0.7410 -0.3117
vn -0.6463 -0.7515 -0.1324
vn -0.5982 -0.7923 -0.1200
vn -0.5610 -0.7651 -0.3160
vn -0.5332 -0.8348 -0.1368
vn -0.4669 -0.8757 -0.1230
vn -0.4148 -0.9059 -0.0851
vn -0.3994 -0.9084 -0.1241
vn -0.3658 -0.9162 -0.1633
vn -0.4044 -0.9146 -0.0032
vn -0.4069 -0.9129 0.0310
vn -0.4675 -0.8840 -0.0039
vn -0.5473 -0.8367 0.0172
vn -0.6122 -0.7890 0.0520
vn -0.6640 -0.7434 0.0804
vn -0.3209 -0.7812 0.5355
vn -0.3562 -0.8335 0.4223
vn -0.3403 -0.8549 0.3915
vn -0.3475 -0.8901 0.2949
vn -0.3671 -0.8792 0.3038
vn -0.3785 -0.9001 0.2159
vn -0.3514 -0.9081 0.2276
vn -0.3704 -0.9164 0.1514
vn -0.3907 -0.9124 0.1221
vn -0.4654 -0.8780 0.1114
vn -0.5528 -0.8240 0.1243
vn -0.6146 -0.7731 0.1570
vn -0.3814 -0.7020 0.6014
vn -0.4252 -0.7818 0.4561
vn -0.4473 -0.8332 0.3251
vn -0.4570 -0.8635 0.2134
vn -0.5476 -0.8024 0.2372
vn -0.5344 -0.7701 0.3484
vn -0.5060 -0.7212 0.4731
vn -0.4516 -0.6448 0.6167
vn -0.3880 -0.5662 0.7272
vn -0.3260 -0.6132 0.7195
vn -0.2983 -0.5601 0.7729
vn -0.3391 -0.5054 0.7935
vn -0.3707 -0.4898 0.7891
vn -0.4265 -0.5434 0.7231
vn -0.4991 -0.6161 0.6094
vn -0.5559 -0.6762 0.4834
vn -0.5891 -0.7216 0.3636
vn -0.6077 -0.7506 0.2594
vn -0.6612 -0.7272 0.1846
vn -0.6494 -0.7114 0.2685
vn -0.6263 -0.6854 0.3714
vn -0.5900 -0.6500 0.4789
vn -0.5340 -0.5981 0.5976
vn -0.4611 -0.5392 0.7047
vn -0.3931 -0.4864 0.7803
vn -0.7018 -0.7040 -0.1089
vn -0.7098 -0.6960 0.1079
vn -0.7012 -0.6859 0.1946
vn -0.6866 -0.6732 0.2745
vn -0.6615 -0.6535 0.3680
vn -0.6235 -0.6229 0.4725
vn -0.5698 -0.5847 0.5774
vn -0.7019 -0.6299 -0.3327
vn -0.6921 -0.6483 -0.3173
vn -0.7015 -0.6448 -0.3034
vn -0.6755 -0.6707 -0.3062
vn -0.7294 -0.6495 -0.2147
vn -0.6831 -0.6765 -0.2752
vn -0.7555 -0.6526 -0.0585
vn -0.7514 -0.6513 0.1060
vn -0.7386 -0.6443 0.1984
vn -0.7224 -0.6378 0.2669
vn -0.6946 -0.6219 0.3616
vn -0.7899 -0.6126 -0.0289
vn -0.7752 -0.6136 -0.1506
vn -0.7519 -0.6065 -0.2585
vn -0.7070 -0.6227 -0.3352
vn -0.7250 -0.6077 -0.3243
vn -0.7306 -0.6078 -0.3111
vn -0.4899 -0.4645 0.7378
vn -0.5719 -0.5146 0.6388
vn -0.5351 -0.5253 0.6616
vn -0.6420 -0.5527 0.5314
vn -0.6055 -0.5693 0.5562
vn -0.6566 -0.6001 0.4568
vn -0.6908 -0.5751 0.4382
vn -0.7293 -0.5916 0.3437
vn -0.7571 -0.6011 0.2560
vn -0.7744 -0.6044 0.1869
vn -0.7884 -0.6057 0.1076
vn -0.4978 -0.5330 0.6841
vn -0.4258 -0.4817 0.7659
vn -0.4581 -0.4757 0.7509
vn -0.3945 -0.4339 0.8100
vn -0.3678 -0.4448 0.8166
vn -0.3185 -0.4061 0.8565
vn -0.3337 -0.3929 0.8569
vn -0.2930 -0.3475 0.8907
vn -0.2825 -0.3736 0.8835
vn -0.4180 -0.4229 0.8040
vn -0.3499 -0.3716 0.8599
vn -0.2967 -0.3245 0.8981
vn -0.2833 -0.3044 0.9094
vn -0.2862 -0.3256 0.9011
vn -0.2716 -0.3583 0.8932
vn -0.2701 -0.3888 0.8809
vn -0.2625 -0.3783 0.8877
vn -0.2548 -0.3844 0.8873
vn -0.3007 -0.4181 0.8572
vn -0.2946 -0.4185 0.8591
vn -0.2662 -0.3933 0.8800
vn -0.2599 -0.3943 0.8815
vn -0.2865 -0.4224 0.8599
vn -0.2707 -0.4520 0.8500
vn -0.2458 -0.4022 0.8819
vn -0.2273 -0.4250 0.8762
vn -0.2571 -0.4869 0.8348
vn -0.2372 -0.5324 0.8126
vn -0.2099 -0.4467 0.8697
vn -0.1890 -0.4781 0.8577
vn -0.2205 -0.5731 0.7893
vn -0.2462 -0.3854 0.8893
vn -0.2338 -0.3898 0.8907
vn -0.2147 -0.3990 0.8914
vn -0.1954 -0.4175 0.8874
vn -0.1823 -0.4381 0.8802
vn -0.1527 -0.4656 0.8717
vn -0.1675 -0.5094 0.8441
vn -0.1369 -0.5350 0.8337
vn -0.1917 -0.6172 0.7631
vn -0.1676 -0.6555 0.7363
vn -0.1372 -0.6832 0.7172
vn -0.1120 -0.5550 0.8243
vn -0.0852 -0.5626 0.8223
vn -0.1131 -0.7038 0.7014
vn -0.0828 -0.7130 0.6962
vn -0.0607 -0.5726 0.8176
vn -0.0376 -0.5619 0.8263
vn -0.0603 -0.7184 0.6930
vn -0.0443 -0.7177 0.6949
vn -0.0266 -0.5544 0.8318
vn 0.0000 -0.4704 0.8825
vn -0.0069 -0.4728 0.8811
vn -0.0151 -0.5442 0.8388
vn -0.0177 -0.4868 0.8733
vn -0.0234 -0.4969 0.8675
vn -0.0496 -0.5121 0.8575
vn -0.0751 -0.5031 0.8609
vn -0.0975 -0.5005 0.8602
vn -0.1292 -0.4881 0.8632
vn -0.0283 -0.7156 0.6979
vn 0.0000 -0.7145 0.6997
vn 0.0000 -0.5371 0.8435
vn 0.0151 -0.5442 0.8388
vn 0.0283 -0.7156 0.6979
vn 0.0443 -0.7177 0.6949
vn 0.0266 -0.5544 0.8318
vn 0.0376 -0.5619 0.8263
vn 0.0603 -0.7184 0.6930
vn 0.0828 -0.7130 0.6962
vn 0.0607 -0.5726 0.8176
vn 0.0852 -0.5626 0.8223
vn 0.1131 -0.7038 0.7014
vn 0.0069 -0.4728 0.8811
vn 0.0177 -0.4868 0.8733
vn 0.0234 -0.4969 0.8675
vn 0.0496 -0.5121 0.8575
vn 0.0751 -0.5031 0.8609
vn 0.0975 -0.5005 0.8602
vn 0.1120 -0.5550 0.8243
vn 0.1369 -0.5350 0.8337
vn 0.1372 -0.6832 0.7172
vn 0.1676 -0.6555 0.7363
vn 0.1917 -0.6172 0.7631
vn 0.1675 -0.5094 0.8441
vn 0.1890 -0.4781 0.8577
vn 0.2205 -0.5731 0.7893
vn 0.2099 -0.4467 0.8697
vn 0.2273 -0.4250 0.8762
vn 0.2462 -0.3854 0.8893
vn 0.2338 -0.3898 0.8907
vn 0.2147 -0.3990 0.8914
vn 0.1954 -0.4175 0.8874
vn 0.1823 -0.4381 0.8802
vn 0.1527 -0.4656 0.8717
vn 0.1292 -0.4881 0.8632
vn 0.9443 -0.2625 -0.1983
vn 0.9739 -0.1550 -0.1661
vn 0.9751 -0.1567 -0.1572
vn 0.9803 -0.1591 -0.1171
vn 0.9648 -0.2120 -0.1555
vn 0.9644 -0.1772 -0.1962
vn 0.9581 -0.2199 -0.1834
vn 0.9244 -0.2710 -0.2685
vn 0.9273 -0.2837 -0.2441
vn 0.8856 -0.3758 -0.2728
vn 0.9154 -0.3001 -0.2683
vn 0.9461 -0.2441 -0.2128
vn 0.9559 -0.1758 -0.2353
vn 0.9516 -0.2108 -0.2239
vn 0.9735 -0.1682 -0.1547
vn 0.9826 -0.1699 -0.0751
vn 0.9737 -0.1761 -0.1445
vn 0.9488 -0.2219 -0.2247
vn 0.9117 -0.3163 -0.2620
vn 0.9459 -0.2020 -0.2541
vn 0.9750 -0.1361 -0.1753
vn 0.9892 -0.1233 -0.0789
vn 0.9722 -0.0738 -0.2221
vn 0.9284 -0.1347 -0.3462
vn 0.9279 -0.1413 -0.3451
vn 0.9753 -0.1058 -0.1938
vn 0.9914 -0.0912 -0.0936
vn 0.9250 -0.1772 -0.3361
vn 0.8971 -0.2686 -0.3507
vn 0.8947 -0.2713 -0.3548
vn 0.9083 -0.3088 -0.2822
vn 0.7645 -0.1465 -0.6278
vn 0.7968 -0.1499 -0.5854
vn 0.8970 -0.1712 -0.4075
vn 0.9144 -0.1649 -0.3696
vn 0.9778 -0.1611 -0.1343
vn 0.7975 -0.1716 -0.5784
vn 0.8182 -0.2588 -0.5135
vn 0.8515 -0.3433 -0.3963
vn 0.8664 -0.3756 -0.3290
vn 0.6324 -0.2000 -0.7484
vn 0.4131 -0.1399 -0.8999
vn 0.7481 -0.3208 -0.5808
vn 0.6082 -0.2919 -0.7382
vn 0.8050 -0.4290 -0.4099
vn 0.8291 -0.4065 -0.3839
vn 0.8577 -0.4340 -0.2757
vn 0.6217 -0.1333 -0.7718
vn 0.6092 -0.1230 -0.7834
vn 0.7642 -0.1522 -0.6268
vn 0.6116 -0.1215 -0.7818
vn 0.7658 -0.1530 -0.6246
vn 0.8884 -0.1816 -0.4215
vn 0.8852 -0.1776 -0.4301
vn 0.9654 -0.1885 -0.1804
vn 0.4252 -0.0878 -0.9009
vn 0.3679 -0.0758 -0.9268
vn 0.3904 -0.0731 -0.9178
vn 0.2049 -0.0392 -0.9780
vn 0.1930 -0.0806 -0.9779
vn 0.5181 -0.2911 -0.8042
vn 0.7812 -0.4619 -0.4200
vn 0.8336 -0.4937 -0.2479
vn 0.7944 -0.5030 -0.3405
vn 0.4359 -0.2772 -0.8562
vn 0.1205 -0.0672 -0.9904
vn 0.0304 0.0111 -0.9995
vn 0.2155 -0.0204 -0.9763
vn 0.4191 -0.0667 -0.9055
vn 0.6329 -0.1210 -0.7647
vn 0.7761 -0.1552 -0.6112
vn 0.8937 -0.1881 -0.4074
vn 0.9585 -0.2012 -0.2019
vn 0.9721 -0.1759 -0.1552
vn 0.9831 -0.1777 0.0431
vn 0.9821 -0.1853 0.0338
vn 0.9642 -0.1778 0.1966
vn 0.9804 -0.1970 0.0060
vn 0.9596 -0.1977 -0.2003
vn 0.9789 -0.2041 -0.0078
vn 0.9624 -0.1999 0.1839
vn 0.9637 -0.1839 0.1934
vn 0.9357 -0.2199 0.2759
vn 0.9600 -0.2180 0.1757
vn 0.9445 -0.1929 0.2659
vn 0.9761 -0.1857 0.1133
vn 0.9638 -0.1795 0.1974
vn 0.9253 -0.1702 0.3388
vn 0.8799 -0.1776 0.4407
vn 0.9133 -0.1809 0.3648
vn 0.9646 -0.1886 0.1845
vn 0.9059 -0.1887 0.3792
vn 0.8279 -0.1760 0.5325
vn 0.8358 -0.1692 0.5224
vn 0.7750 -0.1714 0.6082
vn 0.7262 -0.1592 0.6688
vn 0.6684 -0.1803 0.7216
vn 0.7152 -0.1740 0.6770
vn 0.7527 -0.2804 0.5957
vn 0.4894 -0.1950 0.8500
vn 0.4681 -0.2014 0.8604
vn 0.7393 -0.3588 0.5698
vn 0.8177 -0.2096 0.5361
vn 0.8317 -0.1818 0.5246
vn 0.8870 -0.2091 0.4117
vn 0.9097 -0.2171 0.3539
vn 0.9083 -0.2652 0.3235
vn 0.8879 -0.2311 0.3978
vn 0.8695 -0.2783 0.4080
vn 0.9179 -0.3294 0.2214
vn 0.8986 -0.3848 0.2108
vn 0.9150 -0.3873 0.1128
vn 0.9266 -0.3499 0.1379
vn 0.9283 -0.3649 0.0715
vn 0.9389 -0.3245 0.1147
vn 0.9349 -0.3095 0.1737
vn 0.9473 -0.2748 0.1644
vn 0.9513 -0.2895 0.1057
vn 0.9526 -0.2972 0.0655
vn 0.9643 -0.2416 0.1087
vn 0.9254 -0.3789 0.0113
vn 0.9390 -0.3437 0.0124
vn 0.9394 -0.3387 0.0537
vn 0.9524 -0.3045 0.0147
vn 0.9540 -0.2996 -0.0085
vn 0.9627 -0.2705 -0.0017
vn 0.9646 -0.2556 0.0651
vn 0.9744 -0.2220 0.0353
vn 0.9684 -0.2483 -0.0235
vn 0.9701 -0.2403 -0.0346
vn 0.9673 -0.2515 -0.0319
vn 0.9643 -0.2642 -0.0208
vn 0.9593 -0.2823 -0.0091
vn 0.9407 -0.3390 -0.0137
vn 0.9578 -0.2872 0.0079
vn 0.9419 -0.3360 -0.0019
vn 0.9417 -0.3353 0.0291
vn 0.9591 -0.2801 0.0399
vn 0.9548 -0.2860 0.0812
vn 0.9394 -0.3351 0.0722
vn 0.9345 -0.3351 0.1202
vn 0.9717 -0.2346 -0.0294
vn 0.9734 -0.2219 -0.0574
vn 0.9696 -0.2391 -0.0519
vn 0.9653 -0.2570 -0.0469
vn 0.9589 -0.2828 -0.0222
vn 0.9630 -0.2693 0.0099
vn 0.9629 -0.2669 0.0386
vn 0.9604 -0.2676 0.0778
vn 0.9563 -0.2601 0.1334
vn 0.9751 0.1579 0.1556
vn 0.9536 0.2376 0.1851
vn 0.8419 -0.4994 -0.2043
vn 0.9097 -0.4004 -0.1100
vn 0.9297 0.3082 0.2015
vn 0.9392 -0.3399 -0.0490
vn 0.9055 0.3684 0.2104
vn 0.8941 0.3964 0.2085
vn 0.8882 0.4132 0.2010
vn 0.8832 0.4220 0.2045
vn 0.8714 0.4285 0.2388
vn 0.0868 0.9645 0.2492
vn 0.0952 0.9499 0.2979
vn 0.1047 0.9376 0.3317
vn 0.1144 0.9254 0.3614
vn 0.1259 0.9048 0.4068
vn 0.1397 0.8752 0.4631
vn 0.1539 0.8441 0.5137
vn 0.9868 0.0990 0.1281
vn 0.1676 0.8094 0.5628
vn 0.9903 0.0758 0.1168
vn -0.1986 0.9585 0.2045
vn -0.1979 0.9457 0.2578
vn -0.1911 0.9351 0.2984
vn -0.1882 0.9265 0.3258
vn -0.1847 0.9110 0.3688
vn -0.1808 0.8854 0.4282
vn -0.1781 0.8563 0.4847
vn -0.1727 0.8261 0.5364
vn 0.9975 0.0117 0.0691
vn 0.9962 0.0245 0.0836
vn 0.6717 -0.5054 -0.5417
vn 0.6815 -0.5272 -0.5075
vn 0.9952 0.0334 0.0917
vn 0.6873 -0.5489 -0.4757
vn 0.9937 0.0476 0.1010
vn 0.6962 -0.5636 -0.4445
vn 0.9923 0.0604 0.1084
vn 0.7019 -0.5836 -0.4084
vn 0.7075 -0.6045 -0.3661
vn 0.7503 -0.5867 -0.3046
vn 0.1818 0.7720 0.6091
vn 0.1889 0.7386 0.6472
vn 0.1990 0.7080 0.6776
vn 0.2066 0.6728 0.7104
vn 0.2146 0.6352 0.7420
vn 0.2289 0.5945 0.7708
vn 0.9983 0.0052 0.0576
vn 0.3047 0.5440 0.7818
vn 0.9785 -0.1380 -0.1531
vn -0.1696 0.7906 0.5884
vn -0.1683 0.7583 0.6298
vn -0.1660 0.7285 0.6646
vn -0.1625 0.6978 0.6976
vn -0.1627 0.6591 0.7342
vn -0.1638 0.6214 0.7662
vn -0.1601 0.5820 0.7972
vn -0.1585 0.5488 0.8208
vn 0.2563 0.5149 0.8180
vn -0.1569 0.5122 0.8444
vn 0.2648 0.4845 0.8338
vn -0.1562 0.4715 0.8679
vn 0.3614 0.4334 0.8255
vn 0.1231 0.4264 0.8961
vn -0.1589 0.4288 0.8893
vn -0.1563 0.3908 0.9071
vn 0.2832 0.3617 0.8882
vn -0.1544 0.3383 0.9283
vn 0.2889 0.3112 0.9054
vn -0.1522 0.2894 0.9450
vn 0.2978 0.2560 0.9197
vn 0.9889 0.0049 0.1487
vn 0.9655 -0.1086 -0.2366
vn 0.9833 0.0466 0.1759
vn 0.9909 0.0473 0.1260
vn 0.9999 -0.0100 -0.0090
vn 0.9999 -0.0049 0.0165
vn 0.9997 0.0008 0.0264
vn 0.5743 -0.3164 -0.7550
vn 0.6008 -0.3508 -0.7183
vn 0.6262 -0.3759 -0.6831
vn 0.6432 -0.3998 -0.6530
vn 0.6533 -0.4253 -0.6263
vn 0.6635 -0.4495 -0.5982
vn 0.6702 -0.4754 -0.5700
vn 0.6335 -0.3680 -0.6806
vn 0.6706 -0.3875 -0.6325
vn 0.6786 -0.4159 -0.6054
vn 0.6901 -0.4343 -0.5789
vn 0.6962 -0.4606 -0.5506
vn 0.7026 -0.4850 -0.5207
vn 0.7090 -0.5080 -0.4891
vn 0.7155 -0.5278 -0.4578
vn 0.5543 -0.2383 -0.7975
vn 0.5752 -0.2794 -0.7689
vn 0.6470 -0.2552 -0.7185
vn 0.5930 -0.3176 -0.7399
vn 0.6063 -0.3484 -0.7148
vn 0.7727 -0.4082 -0.4861
vn 0.5007 -0.1097 -0.8586
vn 0.4741 -0.1157 -0.8728
vn 0.5122 -0.1570 -0.8444
vn 0.4860 -0.1619 -0.8588
vn 0.5310 -0.1998 -0.8235
vn 0.5103 -0.2066 -0.8348
vn 0.5386 -0.2500 -0.8046
vn 0.5538 -0.2851 -0.7823
vn 0.9916 -0.0720 -0.1074
vn 0.9222 -0.1134 -0.3697
vn 0.9858 -0.0725 -0.1512
vn 0.4795 -0.0577 -0.8756
vn 0.9919 -0.0813 0.0976
vn 0.9465 -0.0665 -0.3159
vn 0.4961 -0.0009 -0.8683
vn 0.3081 0.2004 0.9300
vn 0.3855 0.1269 0.9140
vn 0.2221 0.0745 0.9722
vn 0.3245 -0.0065 0.9459
vn 0.3200 -0.0773 0.9443
vn 0.3173 -0.1350 0.9387
vn 0.9882 -0.1089 0.1080
vn 0.3151 -0.1908 0.9297
vn 0.9549 -0.0448 -0.2935
vn -0.1514 0.2333 0.9605
vn -0.1507 0.1804 0.9720
vn -0.1509 0.1133 0.9820
vn -0.1504 0.0455 0.9876
vn -0.1512 -0.0319 0.9880
vn -0.1528 -0.0858 0.9845
vn -0.1512 -0.1456 0.9777
vn -0.1510 -0.1974 0.9686
vn 0.3146 -0.2439 0.9174
vn -0.1525 -0.2535 0.9553
vn 0.3030 -0.2944 0.9064
vn -0.1553 -0.3007 0.9410
vn 0.2916 -0.3410 0.8937
vn -0.1569 -0.3483 0.9242
vn 0.2841 -0.3819 0.8795
vn -0.1582 -0.3872 0.9083
vn 0.2738 -0.4194 0.8655
vn -0.1579 -0.4267 0.8905
vn 0.2631 -0.4531 0.8517
vn 0.9809 -0.0262 -0.1927
vn 0.9775 -0.1549 0.1432
vn 0.9661 -0.0285 -0.2566
vn 0.9848 -0.1309 0.1144
vn 0.5750 0.1739 -0.7995
vn 0.5570 0.1321 -0.8200
vn 0.5387 0.0870 -0.8380
vn 0.5180 0.0440 -0.8543
vn 0.6037 0.1581 -0.7814
vn 0.5922 0.1255 -0.7960
vn 0.5708 0.0842 -0.8168
vn 0.5431 0.0410 -0.8387
vn 0.5218 -0.0021 -0.8530
vn 0.5038 -0.0540 -0.8621
vn 0.6105 0.0261 -0.7916
vn 0.5896 -0.0120 -0.8076
vn 0.5774 -0.0588 -0.8144
vn 0.5724 -0.1081 -0.8128
vn 0.5786 -0.1484 -0.8020
vn 0.6677 -0.1055 -0.7369
vn 0.6677 -0.0635 -0.7418
vn 0.6807 -0.0253 -0.7322
vn 0.7030 0.0049 -0.7112
vn 0.6550 0.0563 -0.7535
vn 0.7424 0.0279 -0.6694
vn 0.7591 0.0566 -0.6485
vn 0.6678 0.0949 -0.7383
vn 0.8657 0.0242 -0.5000
vn 0.8309 0.0187 -0.5562
vn 0.8158 -0.0007 -0.5784
vn 0.7800 -0.0148 -0.6256
vn 0.7639 -0.0388 -0.6442
vn 0.7532 -0.0677 -0.6543
vn 0.7520 -0.1007 -0.6514
vn 0.7595 -0.1280 -0.6378
vn 0.8171 -0.0947 -0.5687
vn 0.8248 -0.1143 -0.5537
vn 0.8279 -0.1373 -0.5437
vn 0.8609 -0.0921 -0.5004
vn 0.8223 -0.0684 -0.5649
vn 0.8257 -0.0467 -0.5622
vn 0.8664 -0.0584 -0.4960
vn 0.8690 -0.0826 -0.4878
vn 0.8705 -0.1115 -0.4794
vn 0.8412 -0.0818 -0.5346
vn 0.8399 -0.1088 -0.5317
vn 0.7725 -0.1089 -0.6256
vn 0.7823 -0.0773 -0.6181
vn 0.7868 -0.0554 -0.6148
vn 0.8431 -0.0613 -0.5343
vn 0.8494 -0.0468 -0.5257
vn 0.8682 -0.0624 -0.4923
vn 0.8783 -0.0472 -0.4758
vn 0.7886 -0.0374 -0.6138
vn 0.8861 -0.0427 -0.4616
vn 0.8484 -0.0349 -0.5283
vn 0.8680 -0.0410 -0.4948
vn 0.8792 -0.0442 -0.4744
vn 0.8900 -0.0439 -0.4538
vn 0.8847 -0.0384 -0.4645
vn 0.8424 -0.0322 -0.5378
vn 0.8588 -0.0205 -0.5119
vn 0.8727 -0.0129 -0.4881
vn 0.9014 -0.0342 -0.4316
vn 0.9029 -0.0174 -0.4296
vn 0.9324 -0.0184 -0.3610
vn 0.8876 0.0309 -0.4597
vn 0.7941 0.0737 -0.6034
vn 0.8248 0.0798 -0.5597
vn 0.8217 0.1100 -0.5593
vn 0.7335 0.1774 -0.6562
vn 0.7294 0.1616 -0.6647
vn 0.7195 0.1411 -0.6800
vn 0.6931 0.1217 -0.7105
vn 0.3908 0.1622 -0.9061
vn 0.2909 0.1703 -0.9415
vn 0.3683 0.1585 -0.9161
vn 0.0271 0.1598 -0.9868
vn 0.1851 0.1670 -0.9684
vn 0.0592 0.1822 -0.9815
vn 0.1923 0.1784 -0.9650
vn 0.2761 0.1616 -0.9474
vn 0.3505 0.1525 -0.9240
vn 0.4680 0.1421 -0.8722
vn 0.4833 0.1440 -0.8635
vn 0.4890 0.1478 -0.8597
vn 0.4091 0.1593 -0.8985
vn 0.4079 0.1526 -0.9002
vn 0.4899 0.1441 -0.8598
vn 0.4864 0.1344 -0.8633
vn 0.2871 0.1522 -0.9457
vn 0.2168 0.1643 -0.9623
vn 0.1203 0.1607 -0.9796
vn 0.0235 0.1280 -0.9915
vn -0.0366 0.1392 -0.9896
vn -0.0704 0.1269 -0.9894
vn 0.0029 0.0766 -0.9971
vn -0.0563 0.0967 -0.9937
vn -0.0420 0.0754 -0.9963
vn 0.0270 0.0398 -0.9988
vn 0.0075 0.0392 -0.9992
vn 0.0344 0.0293 -0.9990
vn -0.0525 0.1825 -0.9818
vn -0.0926 0.1734 -0.9805
vn -0.1309 0.1667 -0.9773
vn -0.1415 0.1452 -0.9792
vn -0.1076 0.1049 -0.9886
vn -0.0655 0.0798 -0.9947
vn -0.0154 0.0445 -0.9989
vn 0.0260 0.0189 -0.9995
vn 0.0364 0.0228 -0.9991
vn -0.1151 0.0993 -0.9884
vn -0.1634 0.1349 -0.9773
vn -0.2281 0.1792 -0.9570
vn -0.2667 0.1737 -0.9480
vn -0.2655 0.1855 -0.9461
vn -0.2942 0.1823 -0.9382
vn -0.2213 0.1891 -0.9567
vn -0.1975 0.1844 -0.9628
vn -0.1517 0.1868 -0.9706
vn -0.0693 0.0605 -0.9958
vn -0.1809 0.1123 -0.9771
vn -0.2270 0.1489 -0.9625
vn -0.2862 0.1517 -0.9461
vn -0.2762 0.1807 -0.9440
vn -0.3224 0.1765 -0.9300
vn -0.3464 0.1706 -0.9224
vn -0.3072 0.1748 -0.9354
vn -0.2399 0.1186 -0.9635
vn -0.1537 0.0757 -0.9852
vn -0.2849 0.1231 -0.9506
vn -0.3428 0.1563 -0.9263
vn -0.3895 0.1540 -0.9081
vn -0.3288 0.1216 -0.9365
vn -0.2042 0.0724 -0.9763
vn -0.3642 0.1052 -0.9253
vn -0.4352 0.1376 -0.8897
vn -0.3484 0.1714 -0.9215
vn -0.3807 0.1668 -0.9095
vn -0.4145 0.1473 -0.8981
vn -0.4649 0.1090 -0.8786
vn -0.3955 0.0783 -0.9151
vn -0.2473 0.0278 -0.9685
vn -0.4230 0.0511 -0.9047
vn -0.4977 0.0830 -0.8634
vn -0.4840 0.0948 -0.8699
vn -0.5366 0.0595 -0.8417
vn -0.4497 0.0202 -0.8929
vn -0.2778 -0.0313 -0.9601
vn -0.4729 -0.0141 -0.8810
vn -0.4081 0.1157 -0.9056
vn -0.4508 0.1167 -0.8850
vn -0.4343 0.0987 -0.8954
vn -0.4690 0.0860 -0.8790
vn -0.5166 0.0746 -0.8530
vn -0.5644 0.0476 -0.8241
vn -0.5395 -0.1148 -0.8341
vn -0.5215 -0.0820 -0.8493
vn -0.6632 -0.0631 -0.7458
vn -0.6440 -0.0315 -0.7644
vn -0.6369 -0.0219 -0.7706
vn -0.6107 -0.0031 -0.7918
vn -0.4982 -0.0508 -0.8656
vn -0.2907 -0.1138 -0.9500
vn -0.5791 0.0280 -0.8148
vn -0.6096 0.0094 -0.7927
vn -0.5555 -0.0034 -0.8315
vn -0.5163 -0.3243 -0.7926
vn -0.5894 -0.2401 -0.7713
vn -0.5882 -0.2552 -0.7673
vn -0.6547 -0.1466 -0.7415
vn -0.4871 -0.2461 -0.8379
vn -0.5378 -0.1844 -0.8227
vn -0.2959 -0.2564 -0.9202
vn -0.5410 -0.1483 -0.8278
vn -0.6733 -0.0958 -0.7332
vn -0.6642 -0.0949 -0.7415
vn -0.3028 -0.1854 -0.9348
vn -0.2890 -0.2913 -0.9119
vn -0.2595 -0.3383 -0.9046
vn -0.0973 -0.3323 -0.9381
vn -0.0991 -0.3663 -0.9252
vn 0.0553 -0.3847 -0.9214
vn -0.0720 -0.4070 -0.9106
vn -0.2308 -0.3887 -0.8920
vn -0.3419 -0.3781 -0.8603
vn -0.4092 -0.3134 -0.8569
vn -0.4967 -0.3044 -0.8128
vn -0.4533 -0.4200 -0.7862
vn -0.2964 -0.4429 -0.8462
vn -0.4681 -0.3993 -0.7883
vn -0.4124 -0.3948 -0.8210
vn -0.2946 -0.4257 -0.8556
vn -0.3801 -0.3983 -0.8348
vn -0.4067 -0.3572 -0.8408
vn -0.4543 -0.3561 -0.8166
vn -0.4684 -0.3570 -0.8082
vn -0.4942 -0.3468 -0.7972
vn -0.4739 -0.3594 -0.8039
vn -0.4619 -0.3693 -0.8064
vn -0.4595 -0.3570 -0.8133
vn -0.4662 -0.3565 -0.8097
vn -0.4757 -0.3537 -0.8054
vn -0.4041 -0.3856 -0.8295
vn -0.3560 -0.4155 -0.8370
vn -0.3792 -0.3943 -0.8371
vn -0.4227 -0.3800 -0.8228
vn -0.4997 -0.3827 -0.7771
vn -0.1763 -0.4853 -0.8564
vn -0.2925 -0.4589 -0.8390
vn -0.0855 -0.4773 -0.8746
vn 0.0085 -0.5006 -0.8656
vn -0.0696 -0.4867 -0.8708
vn 0.0684 -0.4849 -0.8719
vn 0.0884 -0.4875 -0.8687
vn 0.1171 -0.4960 -0.8604
vn 0.0795 -0.5064 -0.8586
vn 0.1122 -0.5174 -0.8483
vn 0.1416 -0.5095 -0.8487
vn 0.1543 -0.5106 -0.8458
vn 0.1508 -0.4893 -0.8590
vn 0.1638 -0.4954 -0.8531
vn 0.1600 -0.5161 -0.8414
vn 0.1615 -0.5310 -0.8319
vn -0.0169 -0.5172 -0.8557
vn 0.0531 -0.5129 -0.8568
vn 0.1106 -0.5247 -0.8440
vn 0.1280 -0.5295 -0.8386
vn 0.1448 -0.5341 -0.8329
vn 0.1593 -0.5420 -0.8252
vn 0.1647 -0.5681 -0.8063
vn 0.1731 -0.6008 -0.7804
vn 0.1721 -0.6355 -0.7527
vn 0.1576 -0.5469 -0.8223
vn 0.1495 -0.5619 -0.8136
vn 0.1664 -0.6624 -0.7304
vn 0.1545 -0.6817 -0.7151
vn 0.1398 -0.5761 -0.8053
vn 0.1298 -0.5925 -0.7950
vn 0.1415 -0.7026 -0.6974
vn 0.1277 -0.7213 -0.6807
vn 0.1179 -0.6084 -0.7848
vn 0.1083 -0.6253 -0.7728
vn 0.1201 -0.7395 -0.6624
vn 0.1272 -0.7494 -0.6497
vn 0.1130 -0.6277 -0.7702
vn 0.1020 -0.5611 -0.8214
vn 0.1145 -0.5534 -0.8250
vn 0.1287 -0.5449 -0.8285
vn 0.1390 -0.5346 -0.8336
vn 0.1478 -0.5252 -0.8380
vn 0.1577 -0.5156 -0.8422
vn 0.1620 -0.5047 -0.8479
vn 0.1527 -0.5126 -0.8449
vn 0.1648 -0.5054 -0.8470
vn 0.1740 -0.4956 -0.8509
vn 0.1758 -0.4862 -0.8560
vn 0.1552 -0.4839 -0.8613
vn 0.1596 -0.4781 -0.8636
vn 0.1511 -0.4722 -0.8684
vn 0.1466 -0.5015 -0.8526
vn 0.1571 -0.4955 -0.8543
vn 0.1707 -0.4885 -0.8557
vn 0.1841 -0.4822 -0.8565
vn 0.1850 -0.4788 -0.8582
vn 0.1860 -0.4681 -0.8639
vn 0.1744 -0.4539 -0.8738
vn 0.1817 -0.4682 -0.8647
vn 0.1739 -0.4699 -0.8654
vn 0.1786 -0.4571 -0.8713
vn 0.1632 -0.4771 -0.8635
vn 0.1499 -0.4845 -0.8618
vn 0.1547 -0.4705 -0.8687
vn 0.1333 -0.4880 -0.8626
vn 0.1348 -0.5066 -0.8516
vn 0.1149 -0.5097 -0.8527
vn 0.1709 -0.4634 -0.8695
vn 0.1783 -0.4503 -0.8749
vn 0.1600 -0.4570 -0.8749
vn 0.1606 -0.4388 -0.8841
vn 0.1359 -0.4629 -0.8759
vn 0.1331 -0.4763 -0.8692
vn 0.1101 -0.4792 -0.8708
vn 0.1103 -0.4683 -0.8767
vn 0.1088 -0.4464 -0.8882
vn 0.0835 -0.4709 -0.8783
vn 0.1367 -0.4427 -0.8862
vn 0.1290 -0.4151 -0.9006
vn -0.0000 -0.4671 -0.8842
vn 0.0288 -0.4694 -0.8825
vn -0.0000 -0.4752 -0.8799
vn 0.0336 -0.4763 -0.8786
vn 0.0404 -0.4833 -0.8745
vn 0.0615 -0.4794 -0.8754
vn 0.0564 -0.4718 -0.8799
vn 0.0512 -0.4502 -0.8915
vn 0.0846 -0.4811 -0.8726
vn 0.0892 -0.4899 -0.8672
vn -0.1101 -0.4792 -0.8708
vn -0.0846 -0.4811 -0.8726
vn -0.0892 -0.4899 -0.8672
vn -0.0615 -0.4794 -0.8754
vn -0.0835 -0.4709 -0.8783
vn -0.0564 -0.4718 -0.8799
vn -0.0512 -0.4502 -0.8915
vn -0.0288 -0.4694 -0.8825
vn -0.0336 -0.4763 -0.8786
vn -0.0404 -0.4833 -0.8745
vn -0.0000 -0.4484 -0.8938
vn 0.0000 -0.4797 -0.8774
vn -0.0229 -0.4491 -0.8932
vn -0.0188 -0.4196 -0.9075
vn -0.0674 -0.4874 -0.8706
vn -0.0753 -0.5091 -0.8574
vn -0.1103 -0.4683 -0.8767
vn -0.1088 -0.4464 -0.8882
vn -0.1359 -0.4629 -0.8759
vn -0.1331 -0.4763 -0.8692
vn -0.1333 -0.4880 -0.8626
vn -0.1547 -0.4705 -0.8687
vn -0.1600 -0.4570 -0.8749
vn -0.1606 -0.4388 -0.8841
vn -0.1783 -0.4503 -0.8749
vn -0.1709 -0.4634 -0.8695
vn -0.1367 -0.4427 -0.8862
vn -0.1290 -0.4151 -0.9006
vn -0.1632 -0.4771 -0.8635
vn -0.1786 -0.4571 -0.8713
vn -0.1849 -0.4438 -0.8768
vn -0.1909 -0.4291 -0.8829
vn -0.1805 -0.4385 -0.8804
vn -0.1773 -0.4527 -0.8739
vn -0.1817 -0.4682 -0.8647
vn -0.1744 -0.4539 -0.8738
vn -0.1608 -0.4353 -0.8858
vn -0.1569 -0.4175 -0.8950
vn -0.0976 -0.4401 -0.8926
vn -0.1739 -0.4699 -0.8654
vn -0.1707 -0.4885 -0.8557
vn -0.1846 -0.4220 -0.8876
vn -0.1918 -0.4016 -0.8955
vn 0.2946 -0.4257 -0.8556
vn 0.1658 -0.4379 -0.8836
vn 0.2964 -0.4429 -0.8462
vn 0.1137 -0.4641 -0.8785
vn 0.0855 -0.4773 -0.8746
vn -0.0206 -0.4649 -0.8851
vn 0.0285 -0.4425 -0.8963
vn 0.0720 -0.4070 -0.9106
vn -0.1337 -0.4585 -0.8786
vn -0.1511 -0.4722 -0.8684
vn -0.0521 -0.4779 -0.8769
vn -0.0684 -0.4849 -0.8719
vn 0.3419 -0.3781 -0.8603
vn 0.2308 -0.3887 -0.8920
vn 0.2595 -0.3383 -0.9046
vn 0.4092 -0.3134 -0.8569
vn 0.4871 -0.2461 -0.8379
vn 0.4967 -0.3044 -0.8128
vn 0.5894 -0.2401 -0.7713
vn 0.5163 -0.3243 -0.7926
vn 0.5882 -0.2552 -0.7673
vn 0.6547 -0.1466 -0.7415
vn 0.5378 -0.1844 -0.8227
vn 0.4067 -0.3572 -0.8408
vn 0.4543 -0.3561 -0.8166
vn 0.4684 -0.3570 -0.8082
vn 0.4942 -0.3468 -0.7972
vn 0.4739 -0.3594 -0.8039
vn 0.5341 -0.2817 -0.7971
vn 0.4463 -0.3039 -0.8417
vn 0.4117 -0.3746 -0.8308
vn 0.3408 -0.3829 -0.8586
vn 0.3527 -0.3243 -0.8777
vn 0.2595 -0.3421 -0.9031
vn 0.4041 -0.3856 -0.8295
vn 0.4757 -0.3537 -0.8054
vn 0.4662 -0.3565 -0.8097
vn 0.4595 -0.3570 -0.8133
vn 0.4619 -0.3693 -0.8064
vn 0.4276 -0.3870 -0.8169
vn 0.3990 -0.3935 -0.8282
vn 0.3443 -0.4007 -0.8491
vn 0.2567 -0.4123 -0.8741
vn -0.2794 -0.4441 -0.8513
vn -0.1729 -0.4669 -0.8672
vn -0.2579 -0.4935 -0.8306
vn -0.2503 -0.5043 -0.8264
vn -0.1801 -0.4841 -0.8563
vn -0.0783 -0.4596 -0.8847
vn -0.0825 -0.4425 -0.8930
vn 0.0089 -0.4310 -0.9023
vn 0.0336 -0.4400 -0.8974
vn 0.0960 -0.4351 -0.8953
vn 0.0863 -0.4231 -0.9020
vn 0.1663 -0.4106 -0.8966
vn 0.1771 -0.4244 -0.8880
vn 0.2557 -0.3956 -0.8821
vn -0.1188 -0.3025 -0.9457
vn -0.1082 -0.3491 -0.9308
vn -0.1888 -0.3654 -0.9115
vn -0.0943 -0.4031 -0.9103
vn -0.1757 -0.4204 -0.8902
vn -0.0143 -0.3901 -0.9207
vn 0.0728 -0.3770 -0.9234
vn 0.1616 -0.3617 -0.9182
vn -0.0280 -0.3345 -0.9420
vn 0.0604 -0.3180 -0.9462
vn 0.1606 -0.2959 -0.9416
vn 0.2620 -0.2713 -0.9262
vn 0.3626 -0.2484 -0.8982
vn 0.4754 -0.2187 -0.8522
vn 0.5789 -0.1831 -0.7946
vn 0.6547 -0.1534 -0.7401
vn 0.0548 -0.2665 -0.9623
vn 0.1581 -0.2419 -0.9573
vn 0.2606 -0.2157 -0.9410
vn 0.3610 -0.1891 -0.9132
vn 0.4830 -0.1533 -0.8621
vn 0.5957 -0.1164 -0.7947
vn 0.6642 -0.0949 -0.7415
vn 0.0500 -0.2232 -0.9735
vn 0.1572 -0.1968 -0.9678
vn 0.2581 -0.1697 -0.9511
vn 0.3605 -0.1405 -0.9221
vn 0.4803 -0.1034 -0.8710
vn 0.5880 -0.0728 -0.8056
vn 0.6581 -0.0559 -0.7508
vn 0.6632 -0.0631 -0.7458
vn 0.6369 -0.0219 -0.7706
vn 0.5738 -0.0331 -0.8183
vn 0.4752 -0.0624 -0.8777
vn 0.3594 -0.0977 -0.9281
vn 0.2586 -0.1276 -0.9575
vn 0.1557 -0.1554 -0.9755
vn 0.1529 -0.1129 -0.9818
vn 0.2577 -0.0861 -0.9624
vn 0.2526 -0.0418 -0.9667
vn 0.1488 -0.0663 -0.9866
vn 0.5644 0.0476 -0.8241
vn 0.6107 -0.0031 -0.7918
vn 0.6096 0.0094 -0.7927
vn 0.5555 -0.0034 -0.8315
vn 0.4657 -0.0262 -0.8845
vn 0.3563 -0.0586 -0.9325
vn 0.3476 -0.0180 -0.9375
vn 0.3328 0.0192 -0.9428
vn 0.2455 0.0018 -0.9694
vn 0.5281 0.0191 -0.8490
vn 0.4449 0.0025 -0.8956
vn 0.4231 0.0385 -0.9052
vn 0.4125 0.0689 -0.9084
vn 0.3246 0.0551 -0.9442
vn 0.3093 0.0810 -0.9475
vn 0.4007 0.0908 -0.9117
vn 0.3728 0.1016 -0.9223
vn 0.2913 0.0981 -0.9516
vn 0.3295 0.1249 -0.9358
vn 0.4081 0.1157 -0.9056
vn 0.3462 0.1141 -0.9312
vn 0.4343 0.0987 -0.8954
vn 0.4840 0.0948 -0.8699
vn 0.4690 0.0860 -0.8790
vn 0.5018 0.0770 -0.8616
vn 0.4956 0.0502 -0.8671
vn 0.2788 0.1073 -0.9543
vn 0.2675 0.1184 -0.9563
vn 0.2648 0.1331 -0.9551
vn 0.3180 0.1427 -0.9373
vn 0.3135 0.1612 -0.9358
vn 0.2641 0.1569 -0.9516
vn 0.2453 0.1757 -0.9534
vn 0.2079 0.1507 -0.9665
vn 0.4145 0.1473 -0.8981
vn 0.3805 0.1282 -0.9158
vn 0.3614 0.1478 -0.9206
vn 0.3692 0.1657 -0.9145
vn 0.3484 0.1714 -0.9215
vn 0.3049 0.1747 -0.9362
vn 0.2762 0.1807 -0.9440
vn 0.2208 0.1853 -0.9575
vn 0.1955 0.1883 -0.9625
vn 0.1807 0.1882 -0.9654
vn 0.1986 0.1778 -0.9638
vn 0.1269 0.1718 -0.9769
vn 0.1204 0.1873 -0.9749
vn 0.1107 0.1922 -0.9751
vn 0.0122 0.1774 -0.9841
vn 0.3288 0.1216 -0.9365
vn 0.3895 0.1540 -0.9081
vn 0.2849 0.1231 -0.9506
vn 0.3428 0.1563 -0.9263
vn 0.2862 0.1517 -0.9461
vn 0.3464 0.1706 -0.9224
vn 0.3807 0.1668 -0.9095
vn 0.3224 0.1765 -0.9300
vn 0.2942 0.1823 -0.9382
vn 0.2042 0.0724 -0.9763
vn 0.3642 0.1052 -0.9253
vn 0.4352 0.1376 -0.8897
vn 0.4649 0.1090 -0.8786
vn 0.3955 0.0783 -0.9151
vn 0.2473 0.0278 -0.9685
vn 0.4230 0.0511 -0.9047
vn 0.4977 0.0830 -0.8634
vn 0.5366 0.0595 -0.8417
vn -0.0770 -0.0759 -0.9941
vn 0.0740 -0.0275 -0.9969
vn 0.0573 -0.0033 -0.9984
vn 0.2246 0.0535 -0.9730
vn 0.0921 -0.0507 -0.9945
vn -0.0563 -0.0932 -0.9941
vn -0.1402 -0.1230 -0.9825
vn -0.0484 -0.1188 -0.9917
vn 0.2690 0.0009 -0.9631
vn 0.2778 -0.0313 -0.9601
vn 0.6440 -0.0315 -0.7644
vn 0.5215 -0.0820 -0.8493
vn 0.4982 -0.0508 -0.8656
vn 0.2907 -0.1138 -0.9500
vn 0.4729 -0.0141 -0.8810
vn 0.5791 0.0280 -0.8148
vn 0.4497 0.0202 -0.8929
vn 0.2814 -0.0733 -0.9568
vn 0.0990 -0.1208 -0.9877
vn 0.1010 -0.0793 -0.9917
vn 0.2959 -0.2564 -0.9202
vn 0.5410 -0.1483 -0.8278
vn 0.6733 -0.0958 -0.7332
vn 0.5395 -0.1148 -0.8341
vn 0.3028 -0.1854 -0.9348
vn 0.2987 -0.2213 -0.9283
vn 0.0974 -0.2664 -0.9589
vn 0.1047 -0.1982 -0.9746
vn 0.1041 -0.2312 -0.9673
vn -0.0454 -0.2593 -0.9647
vn 0.3031 -0.1500 -0.9411
vn 0.1013 -0.1628 -0.9814
vn -0.0470 -0.1975 -0.9792
vn -0.0418 -0.2290 -0.9725
vn -0.1371 -0.2478 -0.9591
vn -0.0513 -0.2924 -0.9549
vn -0.1479 -0.3064 -0.9403
vn -0.0544 -0.3253 -0.9441
vn -0.1407 -0.2753 -0.9510
vn -0.1686 -0.2822 -0.9444
vn -0.1334 -0.2178 -0.9668
vn -0.1561 -0.2262 -0.9615
vn -0.1632 -0.2553 -0.9530
vn -0.1587 -0.2590 -0.9527
vn -0.1563 -0.3381 -0.9280
vn -0.1856 -0.3423 -0.9211
vn -0.1751 -0.3112 -0.9341
vn -0.1690 -0.3139 -0.9343
vn -0.1775 -0.3437 -0.9221
vn -0.1879 -0.3777 -0.9067
vn -0.1553 -0.3443 -0.9259
vn -0.1465 -0.3163 -0.9373
vn -0.1246 -0.3202 -0.9391
vn -0.1456 -0.2913 -0.9455
vn -0.1588 -0.3674 -0.9164
vn -0.1946 -0.3740 -0.9068
vn -0.1558 -0.3929 -0.9063
vn -0.0553 -0.3847 -0.9214
vn 0.0973 -0.3323 -0.9381
vn -0.0549 -0.3551 -0.9332
vn 0.0948 -0.3006 -0.9490
vn 0.2890 -0.2913 -0.9119
vn 0.0991 -0.3663 -0.9252
vn -0.0608 -0.4136 -0.9084
vn -0.8657 0.0243 -0.5000
vn -0.7591 0.0566 -0.6485
vn -0.7940 0.0737 -0.6034
vn -0.8126 0.1442 -0.5647
vn -0.9073 0.0686 -0.4147
vn -0.9210 0.0178 -0.3892
vn -0.9661 -0.0263 -0.2569
vn -0.9552 -0.0376 -0.2935
vn -0.9324 -0.0184 -0.3610
vn -0.9333 -0.0416 -0.3565
vn -0.9029 -0.0174 -0.4296
vn -0.8309 0.0187 -0.5562
vn -0.6678 0.0949 -0.7383
vn -0.6931 0.1217 -0.7105
vn -0.8369 0.1635 -0.5223
vn -0.7927 0.1903 -0.5791
vn -0.7214 0.2036 -0.6619
vn -0.7335 0.1774 -0.6562
vn -0.6629 0.2008 -0.7213
vn -0.7295 0.1616 -0.6647
vn -0.7195 0.1411 -0.6800
vn -0.8248 0.0798 -0.5597
vn -0.8217 0.1100 -0.5593
vn -0.8875 0.0309 -0.4597
vn -0.9122 0.1042 -0.3963
vn -0.9601 0.0330 -0.2778
vn -0.9317 0.1261 -0.3407
vn -0.9576 0.0830 -0.2760
vn -0.9398 0.1503 -0.3068
vn -0.9604 0.1121 -0.2553
vn -0.9476 0.1759 -0.2667
vn -0.9664 0.1231 -0.2258
vn -0.9719 0.1406 -0.1886
vn -0.9574 0.1890 -0.2181
vn -0.9546 0.2402 -0.1760
vn -0.9387 0.2348 -0.2525
vn -0.9220 0.2272 -0.3134
vn -0.9125 0.2017 -0.3560
vn -0.8900 0.1869 -0.4158
vn -0.8634 0.1790 -0.4717
vn -0.8356 0.1883 -0.5161
vn -0.9034 0.2255 -0.3646
vn -0.8883 0.2080 -0.4095
vn -0.8656 0.1954 -0.4611
vn -0.8259 0.2058 -0.5250
vn -0.7743 0.2160 -0.5948
vn -0.7110 0.2255 -0.6661
vn -0.6538 0.2173 -0.7248
vn -0.9198 0.2387 -0.3115
vn -0.9598 -0.2174 0.1775
vn -0.9685 -0.1944 0.1559
vn -0.9935 -0.1109 0.0241
vn -0.9856 -0.1473 0.0828
vn -0.9916 -0.1233 0.0396
vn -0.9627 -0.1872 0.1952
vn -0.2374 -0.5741 0.7836
vn -0.2445 -0.5286 0.8129
vn -0.2531 -0.4900 0.8342
vn -0.2625 -0.4559 0.8504
vn -0.2737 -0.4194 0.8655
vn -0.2841 -0.3819 0.8795
vn -0.2182 -0.6273 0.7476
vn 0.1577 -0.6065 0.7793
vn 0.1511 -0.5515 0.8204
vn 0.1598 -0.5049 0.8483
vn 0.1597 -0.4638 0.8714
vn 0.1579 -0.4284 0.8897
vn 0.1582 -0.3872 0.9083
vn 0.1569 -0.3483 0.9242
vn 0.1866 -0.8840 0.4286
vn 0.1831 -0.8610 0.4746
vn 0.1812 -0.8307 0.5264
vn -0.1449 -0.8185 0.5559
vn 0.1733 -0.7835 0.5968
vn -0.2809 -0.7568 0.5901
vn -0.1870 -0.7306 0.6567
vn 0.1698 -0.7187 0.6743
vn -0.2030 -0.6777 0.7067
vn 0.1670 -0.6608 0.7318
vn -0.8719 -0.3796 0.3095
vn -0.9024 -0.3247 0.2834
vn -0.9745 -0.1598 0.1578
vn -0.9434 -0.2535 0.2140
vn -0.9516 -0.2364 0.1962
vn -0.9946 0.0848 0.0592
vn -0.9873 0.1576 -0.0172
vn -0.9643 0.2392 -0.1136
vn -0.9432 0.2698 -0.1936
vn -0.9306 0.2601 -0.2574
vn -0.3385 -0.2394 -0.9100
vn -0.4839 -0.1946 -0.8532
vn -0.3607 -0.1865 -0.9138
vn -0.3878 -0.1376 -0.9114
vn -0.2984 -0.5117 -0.8057
vn -0.3004 -0.3856 -0.8724
vn -0.3121 -0.3366 -0.8884
vn -0.4326 -0.3546 -0.8290
vn -0.4438 -0.3059 -0.8423
vn -0.3219 -0.2881 -0.9019
vn -0.4585 -0.2510 -0.8525
vn -0.5903 -0.2553 -0.7657
vn -0.6201 -0.1991 -0.7588
vn -0.6441 -0.1483 -0.7504
vn -0.7610 -0.1468 -0.6319
vn -0.6630 -0.1059 -0.7411
vn -0.5280 -0.0986 -0.8435
vn -0.5077 -0.1432 -0.8495
vn -0.4126 -0.0912 -0.9063
vn -0.4299 -0.0523 -0.9014
vn -0.5442 -0.0608 -0.8367
vn -0.5526 -0.0315 -0.8329
vn -0.4428 -0.0208 -0.8964
vn -0.4500 -0.0006 -0.8930
vn -0.5579 -0.0112 -0.8298
vn -0.5642 0.0051 -0.8257
vn -0.4569 0.0157 -0.8894
vn -0.4654 0.0330 -0.8845
vn -0.5701 0.0234 -0.8213
vn -0.6849 -0.0448 -0.7272
vn -0.7886 -0.0374 -0.6138
vn -0.8158 -0.0007 -0.5784
vn -0.8424 -0.0322 -0.5378
vn -0.8847 -0.0384 -0.4645
vn -0.8900 -0.0439 -0.4538
vn -0.8792 -0.0442 -0.4744
vn -0.9014 -0.0342 -0.4316
vn -0.8727 -0.0129 -0.4881
vn -0.8588 -0.0205 -0.5119
vn -0.9169 -0.0500 -0.3960
vn -0.9048 -0.0395 -0.4239
vn -0.9092 -0.0349 -0.4149
vn -0.9367 -0.0450 -0.3473
vn -0.9627 -0.0520 -0.2654
vn -0.9753 -0.0510 -0.2147
vn -0.9774 -0.0299 -0.2093
vn -0.9694 0.0251 -0.2443
vn -0.9654 0.0702 -0.2511
vn -0.9673 0.0955 -0.2348
vn -0.4222 0.4287 -0.7987
vn -0.5746 0.3117 -0.7568
vn -0.5979 0.2955 -0.7451
vn -0.7031 0.2658 -0.6595
vn -0.7113 0.3027 -0.6344
vn -0.5811 0.4106 -0.7026
vn -0.3468 0.5474 -0.7617
vn 0.2704 0.6234 -0.7337
vn 0.2877 0.5359 -0.7938
vn 0.2916 0.4994 -0.8158
vn 0.2488 0.4939 -0.8331
vn 0.2593 0.5189 -0.8145
vn 0.2864 0.5544 -0.7814
vn 0.3198 0.5868 -0.7439
vn 0.4855 0.4913 -0.7232
vn 0.4881 0.4756 -0.7318
vn 0.4917 0.4945 -0.7167
vn 0.4827 0.5260 -0.7002
vn 0.4711 0.5655 -0.6770
vn 0.2672 0.6474 -0.7138
vn 0.4632 0.6303 -0.6230
vn 0.2511 0.7228 -0.6438
vn 0.4524 0.6906 -0.5643
vn 0.2349 0.7742 -0.5878
vn 0.4350 0.7330 -0.5230
vn -0.5977 0.5184 -0.6116
vn -0.6187 0.5687 -0.5420
vn -0.6373 0.6012 -0.4821
vn 0.2209 0.8028 -0.5539
vn -0.6600 0.6089 -0.4401
vn 0.2257 0.7974 -0.5597
vn -0.6756 0.5954 -0.4348
vn 0.2410 0.7624 -0.6006
vn -0.6912 0.5702 -0.4441
vn -0.9733 0.1099 -0.2017
vn -0.9802 0.1133 -0.1623
vn -0.9881 0.1013 -0.1154
vn -0.9955 0.0694 -0.0644
vn -0.9993 0.0357 -0.0124
vn -0.9996 0.0129 0.0263
vn 0.0018 0.6493 0.7605
vn 0.0523 0.7214 0.6906
vn 0.1617 0.9071 0.3886
vn 0.1424 0.8784 0.4562
vn -0.0393 0.9820 0.1847
vn -0.0298 0.9812 0.1908
vn 0.2208 0.9733 0.0620
vn 0.2236 0.9740 0.0363
vn -0.0198 0.9759 0.2171
vn 0.2258 0.9741 0.0112
vn -0.0082 0.9615 0.2747
vn 0.2192 0.9756 0.0135
vn 0.0038 0.9255 0.3787
vn 0.2107 0.9755 0.0636
vn 0.0097 0.8594 0.5112
vn 0.1939 0.9692 0.1516
vn 0.0050 0.7548 0.6559
vn 0.1753 0.9463 0.2717
vn -0.7151 0.3770 0.5887
vn -0.6189 0.3250 0.7151
vn -0.4998 0.2582 0.8267
vn -0.3947 0.1003 0.9133
vn -0.2699 0.1560 0.9502
vn -0.2396 -0.0083 0.9708
vn -0.2179 -0.0373 0.9753
vn -0.3585 -0.2711 0.8933
vn -0.4589 -0.3155 0.8306
vn -0.5589 -0.3481 0.7527
vn -0.6632 -0.3555 0.6586
vn -0.7670 -0.3390 0.5448
vn -0.8474 -0.3052 0.4344
vn -0.7734 0.4132 0.4807
vn -0.8960 -0.2798 0.3450
vn -0.8102 0.4247 0.4040
vn -0.9229 -0.2710 0.2736
vn -0.2891 -0.2399 0.9268
vn -0.3848 -0.2865 0.8774
vn -0.5175 -0.3276 0.7905
vn -0.6165 -0.3417 0.7094
vn -0.7159 -0.3388 0.6105
vn -0.8022 -0.3159 0.5066
vn -0.8759 -0.2943 0.3824
vn -0.9084 -0.2871 0.3039
vn -0.8443 -0.3425 0.4122
vn -0.7689 -0.3387 0.5423
vn -0.6704 -0.3369 0.6611
vn -0.5632 -0.3360 0.7549
vn -0.4201 -0.2982 0.8571
vn -0.4853 -0.3712 0.7917
vn -0.4018 -0.3068 0.8628
vn -0.5075 -0.3504 0.7872
vn -0.5325 -0.3340 0.7778
vn -0.4154 -0.3036 0.8575
vn -0.6323 -0.3576 0.6873
vn -0.7354 -0.3843 0.5581
vn -0.8087 -0.4000 0.4313
vn -0.8540 -0.4037 0.3281
vn -0.8872 -0.3383 0.3136
vn -0.9119 -0.3360 0.2357
vn -0.5785 -0.4112 0.7045
vn -0.6063 -0.3854 0.6956
vn -0.7046 -0.4210 0.5713
vn -0.7773 -0.4434 0.4464
vn -0.8224 -0.4509 0.3469
vn -0.8536 -0.4518 0.2591
vn -0.8834 -0.4016 0.2415
vn -0.9002 -0.3997 0.1729
vn -0.8746 -0.4491 0.1827
vn -0.6736 -0.4509 0.5856
vn -0.7455 -0.4772 0.4653
vn -0.7915 -0.4874 0.3687
vn -0.8252 -0.4907 0.2797
vn -0.8479 -0.4908 0.2003
vn -0.8863 -0.4462 0.1239
vn -0.8623 -0.4874 0.1372
vn -0.8716 -0.4836 0.0804
vn -0.8942 -0.4423 0.0691
vn -0.7954 -0.5253 0.3023
vn -0.7598 -0.5190 0.3916
vn -0.7132 -0.5052 0.4860
vn -0.6415 -0.4749 0.6025
vn -0.5505 -0.4313 0.7148
vn -0.4626 -0.3897 0.7963
vn -0.3733 -0.3372 0.8643
vn -0.3845 -0.3243 0.8643
vn -0.4421 -0.4049 0.8004
vn -0.5209 -0.4492 0.7259
vn -0.6081 -0.4958 0.6200
vn -0.6786 -0.5308 0.5077
vn -0.7262 -0.5475 0.4157
vn -0.7636 -0.5579 0.3249
vn -0.7907 -0.5639 0.2382
vn -0.8209 -0.5273 0.2191
vn -0.8366 -0.5253 0.1554
vn -0.8080 -0.5635 0.1721
vn -0.8201 -0.5632 0.1013
vn -0.8263 -0.5632 -0.0024
vn -0.8162 -0.5683 -0.1047
vn -0.8041 -0.5673 -0.1776
vn -0.8073 -0.5567 -0.1956
vn -0.8434 -0.5271 -0.1044
vn -0.8495 -0.5242 -0.0604
vn -0.8525 -0.5227 0.0081
vn -0.8481 -0.5217 0.0921
vn -0.8676 -0.4946 -0.0504
vn -0.8720 -0.4858 -0.0602
vn -0.8749 -0.4825 -0.0410
vn -0.8768 -0.4806 0.0134
vn -0.8971 -0.4416 0.0145
vn -0.8931 -0.4499 0.0022
vn -0.8950 -0.4449 -0.0315
vn -0.8969 -0.4416 -0.0243
vn -0.9180 -0.3963 -0.0154
vn -0.9168 -0.3987 -0.0215
vn -0.9087 -0.4173 -0.0056
vn -0.8867 -0.4623 -0.0021
vn -0.8949 -0.4462 0.0036
vn -0.8823 -0.4704 -0.0155
vn -0.8939 -0.4479 0.0197
vn -0.9052 -0.4247 0.0152
vn -0.9232 -0.3841 -0.0097
vn -0.9407 -0.3390 -0.0137
vn -0.9419 -0.3360 -0.0019
vn -0.9417 -0.3353 0.0291
vn -0.9578 -0.2872 0.0079
vn -0.8716 -0.4895 -0.0289
vn -0.8534 -0.5142 -0.0853
vn -0.8353 -0.5289 -0.1499
vn -0.8374 -0.5270 -0.1449
vn -0.8181 -0.5420 -0.1924
vn -0.7973 -0.5597 -0.2260
vn -0.8617 -0.5054 -0.0446
vn -0.8481 -0.5172 -0.1147
vn -0.8290 -0.5276 -0.1854
vn -0.8187 -0.5389 -0.1982
vn -0.8066 -0.5514 -0.2130
vn -0.7926 -0.5564 -0.2495
vn -0.7838 -0.5714 -0.2432
vn -0.7745 -0.5730 -0.2680
vn -0.7919 -0.5471 -0.2712
vn -0.7590 -0.5888 -0.2781
vn -0.7824 -0.5751 -0.2390
vn -0.7451 -0.6029 -0.2852
vn -0.9097 0.3055 0.2813
vn -0.8961 0.3937 0.2051
vn -0.9047 0.3704 0.2104
vn -0.8924 0.4080 0.1930
vn -0.8938 0.4193 0.1591
vn -0.9069 0.4037 0.1204
vn -0.9466 0.2365 0.2193
vn -0.8206 0.5316 0.2100
vn -0.7415 0.6627 0.1054
vn -0.7379 0.6611 0.1360
vn -0.7614 0.6270 0.1647
vn -0.8048 0.5643 0.1841
vn -0.8202 0.5412 0.1856
vn -0.0483 -0.1568 -0.9864
vn -0.1298 -0.1794 -0.9752
vn -0.1403 -0.1470 -0.9791
vn -0.1474 -0.1581 -0.9764
vn -0.1550 -0.1386 -0.9781
vn -0.1284 -0.1427 -0.9814
vn -0.1470 -0.1903 -0.9707
vn -0.1421 -0.1968 -0.9701
vn -0.1632 -0.1200 -0.9793
vn -0.1534 -0.1043 -0.9826
vn -0.1602 -0.0805 -0.9838
vn -0.1658 -0.0924 -0.9818
vn -0.1408 -0.0996 -0.9850
vn -0.1670 -0.0688 -0.9835
vn -0.1681 -0.0530 -0.9843
vn -0.1654 -0.0593 -0.9844
vn -0.0973 -0.0342 -0.9947
vn -0.0932 -0.0530 -0.9942
vn -0.1711 -0.0515 -0.9839
vn -0.1457 -0.0579 -0.9876
vn -0.1717 -0.0574 -0.9835
vn -0.1080 -0.1058 -0.9885
vn -0.1120 -0.1297 -0.9852
vn -0.0894 -0.1135 -0.9895
vn -0.1131 -0.0831 -0.9901
vn -0.1423 -0.0731 -0.9871
vn -0.1183 -0.0615 -0.9911
vn -0.0940 -0.0731 -0.9929
vn -0.0918 -0.0964 -0.9911
vn -0.0711 -0.1028 -0.9922
vn -0.1176 -0.0485 -0.9919
vn -0.1473 -0.0444 -0.9881
vn -0.1638 -0.0367 -0.9858
vn -0.1590 -0.0411 -0.9864
vn -0.1499 -0.0187 -0.9885
vn -0.1390 -0.0242 -0.9900
vn -0.1082 -0.0018 -0.9941
vn -0.1288 0.0012 -0.9917
vn -0.1191 0.0066 -0.9929
vn -0.0849 0.0167 -0.9962
vn -0.0570 0.0181 -0.9982
vn -0.0705 0.0002 -0.9975
vn -0.1001 -0.0571 -0.9933
vn -0.1087 -0.0481 -0.9929
vn -0.1311 -0.0455 -0.9903
vn -0.1561 -0.0386 -0.9870
vn -0.1545 -0.0157 -0.9879
vn -0.1372 0.0010 -0.9905
vn -0.1110 0.0121 -0.9937
vn -0.0693 0.0196 -0.9974
vn 0.1031 0.4568 -0.8836
vn 0.1727 0.4848 -0.8574
vn -0.0413 0.0283 -0.9987
vn 0.2277 0.4496 -0.8637
vn 0.2783 0.4120 -0.8676
vn 0.0860 0.2046 -0.9751
vn 0.0639 0.1808 -0.9814
vn 0.0594 0.1771 -0.9824
vn 0.0593 0.1862 -0.9807
vn 0.5237 0.6106 -0.5941
vn 0.5316 0.7591 -0.3757
vn 0.4263 0.8569 -0.2897
vn 0.3025 0.8928 -0.3337
vn 0.1958 0.8624 -0.4668
vn 0.0434 0.3854 -0.9217
vn 0.1056 0.7808 -0.6157
vn 0.0077 0.3379 -0.9411
vn 0.0308 0.7295 -0.6833
vn -0.0285 0.3417 -0.9394
vn -0.0414 0.7154 -0.6975
vn 0.4065 0.9060 -0.1175
vn 0.2894 0.9309 -0.2230
vn 0.1905 0.9021 -0.3872
vn 0.1013 0.8506 -0.5160
vn 0.0253 0.8424 -0.5382
vn -0.0390 0.8474 -0.5295
vn -0.1154 0.6998 -0.7049
vn -0.0940 0.8355 -0.5414
vn -0.1797 0.6622 -0.7274
vn -0.1364 0.8132 -0.5657
vn -0.0988 0.3446 -0.9335
vn -0.1860 0.3297 -0.9256
vn -0.2576 0.3127 -0.9143
vn -0.2282 0.6644 -0.7117
vn -0.3209 0.3217 -0.8908
vn -0.3577 0.1476 -0.9221
vn -0.3505 0.1525 -0.9240
vn -0.1706 0.8326 -0.5270
vn -0.4002 0.1236 -0.9080
vn -0.4037 0.1430 -0.9036
vn -0.2861 0.1525 -0.9460
vn -0.4079 0.1526 -0.9002
vn -0.2945 0.1630 -0.9417
vn -0.2986 0.1723 -0.9387
vn -0.4091 0.1593 -0.8985
vn -0.3908 0.1622 -0.9061
vn -0.2978 0.1796 -0.9376
vn -0.2909 0.1703 -0.9415
vn -0.3683 0.1585 -0.9161
vn -0.2761 0.1616 -0.9474
vn -0.2871 0.1522 -0.9457
vn -0.3946 0.0927 -0.9142
vn -0.3829 0.0606 -0.9218
vn -0.2784 0.1342 -0.9510
vn -0.2696 0.1014 -0.9576
vn -0.2583 0.0675 -0.9637
vn -0.2477 0.0483 -0.9676
vn -0.3702 0.0397 -0.9281
vn -0.3612 0.0234 -0.9322
vn -0.2391 0.0342 -0.9704
vn -0.2341 0.0199 -0.9720
vn -0.3535 0.0080 -0.9354
vn -0.3436 -0.0127 -0.9390
vn -0.2280 -0.0020 -0.9737
vn -0.2172 -0.0347 -0.9755
vn -0.1203 0.1127 -0.9863
vn -0.1144 0.0798 -0.9902
vn -0.1097 0.0604 -0.9921
vn -0.1072 0.0494 -0.9930
vn -0.1057 0.0353 -0.9938
vn -0.1040 0.0145 -0.9945
vn -0.1002 -0.0202 -0.9948
vn -0.0907 -0.0629 -0.9939
vn -0.2028 -0.0780 -0.9761
vn 0.0193 -0.0004 -0.9998
vn 0.0164 0.0334 -0.9993
vn 0.0166 0.0541 -0.9984
vn 0.0168 0.0666 -0.9976
vn 0.0182 0.0772 -0.9969
vn 0.0187 0.0943 -0.9954
vn 0.0170 0.1276 -0.9917
vn -0.1252 0.1472 -0.9812
vn 0.0155 0.1606 -0.9869
vn 0.1329 0.1416 -0.9810
vn 0.1322 0.1103 -0.9851
vn 0.1299 0.0944 -0.9870
vn 0.1298 0.0847 -0.9879
vn 0.1311 0.0734 -0.9887
vn 0.1328 0.0539 -0.9897
vn 0.1364 0.0215 -0.9904
vn 0.1425 -0.0202 -0.9896
vn 0.0246 -0.0437 -0.9987
vn 0.0319 -0.0912 -0.9953
vn 0.0391 -0.1395 -0.9894
vn 0.0452 -0.1816 -0.9823
vn -0.0792 -0.1119 -0.9906
vn -0.0665 -0.1591 -0.9850
vn -0.0546 -0.2026 -0.9777
vn -0.0469 -0.2441 -0.9686
vn -0.0391 -0.2865 -0.9573
vn -0.1832 -0.1243 -0.9752
vn -0.1620 -0.1733 -0.9715
vn -0.1448 -0.2173 -0.9653
vn -0.1295 -0.2604 -0.9568
vn -0.2009 -0.3174 -0.9268
vn -0.2160 -0.2736 -0.9373
vn -0.2334 -0.2278 -0.9453
vn -0.2592 -0.1810 -0.9487
vn -0.2859 -0.1327 -0.9490
vn -0.3099 -0.0860 -0.9469
vn -0.3311 -0.0452 -0.9425
vn 0.8749 -0.4825 -0.0410
vn 0.8720 -0.4859 -0.0602
vn 0.8950 -0.4449 -0.0315
vn 0.8676 -0.4946 -0.0503
vn 0.8931 -0.4499 0.0023
vn 0.8209 -0.5273 0.2191
vn 0.8366 -0.5253 0.1554
vn 0.8479 -0.4908 0.2003
vn 0.8623 -0.4874 0.1372
vn 0.8716 -0.4836 0.0804
vn 0.8481 -0.5217 0.0921
vn 0.8525 -0.5227 0.0081
vn 0.8768 -0.4806 0.0134
vn 0.8495 -0.5242 -0.0604
vn 0.8434 -0.5271 -0.1044
vn 0.8162 -0.5683 -0.1047
vn 0.8263 -0.5632 -0.0024
vn 0.8201 -0.5632 0.1013
vn 0.8080 -0.5635 0.1721
vn 0.7907 -0.5639 0.2382
vn 0.7954 -0.5253 0.3023
vn 0.7636 -0.5579 0.3249
vn 0.7262 -0.5475 0.4157
vn 0.7598 -0.5190 0.3916
vn 0.7131 -0.5052 0.4860
vn 0.6786 -0.5308 0.5077
vn 0.6081 -0.4958 0.6200
vn 0.5209 -0.4492 0.7259
vn 0.4421 -0.4049 0.8004
vn 0.3604 -0.3549 0.8626
vn 0.6415 -0.4749 0.6025
vn 0.5505 -0.4313 0.7148
vn 0.4626 -0.3897 0.7963
vn 0.3733 -0.3372 0.8643
vn 0.3004 -0.3015 0.9049
vn 0.2984 -0.2885 0.9098
vn 0.3042 -0.2792 0.9108
vn 0.3845 -0.3243 0.8643
vn 0.4018 -0.3068 0.8628
vn 0.3123 -0.2684 0.9113
vn 0.3262 -0.2557 0.9100
vn 0.2960 -0.2395 0.9247
vn 0.3225 -0.2608 0.9100
vn 0.2933 -0.2548 0.9215
vn 0.2842 -0.2569 0.9237
vn 0.2759 -0.2643 0.9241
vn 0.2777 -0.2703 0.9219
vn 0.2850 -0.2748 0.9183
vn 0.4154 -0.3036 0.8575
vn 0.4201 -0.2982 0.8571
vn 0.3078 -0.2458 0.9192
vn 0.3848 -0.2865 0.8774
vn 0.2891 -0.2399 0.9268
vn 0.3585 -0.2711 0.8933
vn 0.4589 -0.3155 0.8306
vn 0.5175 -0.3276 0.7905
vn 0.5588 -0.3481 0.7527
vn 0.6165 -0.3417 0.7094
vn 0.6632 -0.3555 0.6586
vn 0.7159 -0.3388 0.6105
vn 0.6189 0.3250 0.7151
vn 0.4998 0.2582 0.8267
vn 0.3947 0.1003 0.9133
vn 0.2699 0.1560 0.9502
vn 0.2396 -0.0083 0.9708
vn 0.2179 -0.0373 0.9753
vn 0.2694 -0.2105 0.9397
vn 0.2882 -0.2124 0.9337
vn -0.0524 0.7214 0.6905
vn -0.0018 0.6493 0.7605
vn -0.0050 0.7548 0.6559
vn -0.0097 0.8594 0.5112
vn -0.0038 0.9255 0.3787
vn 0.0082 0.9615 0.2747
vn 0.0198 0.9759 0.2171
vn 0.7150 0.3770 0.5887
vn 0.0298 0.9812 0.1908
vn 0.7734 0.4133 0.4807
vn -0.1424 0.8784 0.4562
vn -0.1618 0.9071 0.3886
vn -0.1753 0.9463 0.2717
vn -0.1938 0.9692 0.1517
vn -0.2107 0.9755 0.0637
vn -0.2192 0.9756 0.0135
vn -0.2258 0.9741 0.0112
vn -0.2236 0.9740 0.0363
vn -0.2208 0.9733 0.0620
vn 0.0393 0.9820 0.1847
vn -0.2180 0.9720 0.0877
vn 0.0474 0.9811 0.1877
vn -0.2146 0.9708 0.1073
vn 0.0554 0.9799 0.1918
vn -0.2102 0.9699 0.1230
vn 0.0622 0.9783 0.1978
vn -0.2066 0.9682 0.1408
vn 0.0734 0.9765 0.2024
vn -0.2002 0.9659 0.1641
vn 0.0814 0.9736 0.2134
vn 0.8546 0.4340 0.2852
vn 0.8415 0.4376 0.3168
vn 0.8319 0.4307 0.3499
vn 0.8102 0.4246 0.4040
vn 0.9481 -0.2577 0.1864
vn 0.9389 -0.2595 0.2262
vn 0.9229 -0.2710 0.2736
vn 0.8960 -0.2798 0.3450
vn 0.8474 -0.3052 0.4344
vn 0.7670 -0.3390 0.5448
vn 0.9509 -0.2784 0.1349
vn 0.9418 -0.2813 0.1840
vn 0.9328 -0.2741 0.2339
vn 0.9084 -0.2871 0.3039
vn 0.8759 -0.2943 0.3824
vn 0.8022 -0.3159 0.5066
vn 0.9269 -0.3343 0.1703
vn 0.9119 -0.3360 0.2357
vn 0.8872 -0.3383 0.3136
vn 0.8443 -0.3425 0.4122
vn 0.7689 -0.3387 0.5423
vn 0.6704 -0.3369 0.6611
vn 0.8540 -0.4037 0.3281
vn 0.8834 -0.4016 0.2415
vn 0.9002 -0.3997 0.1729
vn 0.9106 -0.3970 0.1152
vn 0.9159 -0.3956 0.0679
vn 0.9186 -0.3946 0.0198
vn 0.8971 -0.4416 0.0145
vn 0.9180 -0.3963 -0.0154
vn 0.8087 -0.4000 0.4313
vn 0.7773 -0.4434 0.4464
vn 0.8224 -0.4509 0.3469
vn 0.8536 -0.4518 0.2591
vn 0.8746 -0.4491 0.1827
vn 0.8863 -0.4462 0.1239
vn 0.8942 -0.4423 0.0691
vn 0.7915 -0.4874 0.3687
vn 0.8252 -0.4907 0.2797
vn 0.7455 -0.4772 0.4653
vn 0.6736 -0.4509 0.5856
vn 0.5785 -0.4112 0.7045
vn 0.4853 -0.3712 0.7917
vn 0.7354 -0.3843 0.5581
vn 0.7046 -0.4210 0.5713
vn 0.6063 -0.3854 0.6956
vn 0.6323 -0.3575 0.6873
vn 0.5325 -0.3340 0.7778
vn 0.5075 -0.3504 0.7872
vn 0.5632 -0.3360 0.7549
vn -0.1203 0.1607 -0.9796
vn -0.1851 0.1670 -0.9684
vn -0.2168 0.1643 -0.9623
vn -0.0235 0.1280 -0.9915
vn -0.0029 0.0766 -0.9971
vn -0.0270 0.0398 -0.9988
vn -0.0344 0.0293 -0.9990
vn -0.0271 0.1598 -0.9868
vn 0.0366 0.1392 -0.9896
vn 0.0704 0.1269 -0.9894
vn 0.0563 0.0967 -0.9937
vn 0.0420 0.0754 -0.9963
vn -0.0075 0.0392 -0.9992
vn -0.0364 0.0228 -0.9991
vn 0.0926 0.1734 -0.9805
vn 0.1309 0.1667 -0.9773
vn 0.1415 0.1452 -0.9792
vn 0.1076 0.1049 -0.9886
vn 0.0655 0.0798 -0.9947
vn 0.0154 0.0445 -0.9989
vn -0.0260 0.0189 -0.9995
vn -0.0108 0.0117 -0.9999
vn 0.0693 0.0605 -0.9958
vn 0.0085 0.0187 -0.9998
vn 0.1234 0.0717 -0.9898
vn 0.1537 0.0757 -0.9852
vn 0.1809 0.1123 -0.9771
vn 0.1151 0.0993 -0.9884
vn 0.1634 0.1349 -0.9773
vn 0.2270 0.1489 -0.9625
vn 0.2667 0.1737 -0.9480
vn 0.2281 0.1792 -0.9570
vn 0.2399 0.1186 -0.9635
vn 0.2213 0.1891 -0.9567
vn 0.2474 0.1850 -0.9511
vn 0.2655 0.1855 -0.9461
vn 0.3072 0.1748 -0.9354
vn 0.1975 0.1844 -0.9628
vn 0.1517 0.1868 -0.9706
vn 0.1717 0.1918 -0.9663
vn 0.1452 0.1948 -0.9700
vn 0.1284 0.1913 -0.9731
vn 0.0776 0.1930 -0.9781
vn 0.0988 0.1959 -0.9756
vn 0.1623 0.1930 -0.9677
vn 0.0086 0.1855 -0.9826
vn -0.0065 0.1917 -0.9814
vn -0.0288 0.1908 -0.9812
vn -0.0592 0.1822 -0.9815
vn 0.0525 0.1825 -0.9818
vn -0.1307 0.1646 -0.9777
vn -0.1394 0.1747 -0.9747
vn -0.1502 0.1844 -0.9713
vn -0.1711 0.1866 -0.9674
vn -0.1923 0.1784 -0.9650
vn 0.8263 -0.5118 -0.2349
vn 0.8235 -0.5223 -0.2213
vn 0.8083 -0.5180 -0.2798
vn 0.8168 -0.5207 -0.2484
vn 0.8325 -0.5040 -0.2300
vn 0.8305 -0.5169 -0.2076
vn 0.8437 -0.4835 -0.2333
vn 0.8260 -0.5182 -0.2217
vn 0.8320 -0.5300 -0.1638
vn 0.8362 -0.5134 -0.1931
vn 0.8719 -0.4727 -0.1278
vn 0.8450 -0.4928 -0.2079
vn 0.8275 -0.5105 -0.2339
vn 0.8406 -0.4880 -0.2353
vn 0.8146 -0.5121 -0.2723
vn 0.8228 -0.5531 -0.1304
vn 0.8256 -0.5421 -0.1567
vn 0.8227 -0.5217 -0.2258
vn 0.8435 -0.5306 -0.0830
vn 0.8597 -0.5041 -0.0823
vn 0.8917 -0.4523 -0.0171
vn 0.9331 -0.3596 -0.0065
vn 0.9336 -0.3582 0.0009
vn 0.9230 -0.3841 0.0241
vn 0.9252 -0.3777 0.0361
vn 0.9165 -0.3999 -0.0078
vn 0.9277 -0.3730 -0.0157
vn 0.9028 -0.4223 -0.0810
vn 0.8938 -0.4400 -0.0872
vn 0.8551 -0.4873 -0.1774
vn 0.8514 -0.4940 -0.1760
vn 0.9147 -0.3982 -0.0683
vn 0.8062 -0.5437 -0.2335
vn 0.8777 -0.4641 -0.1196
vn 0.9399 -0.3405 -0.0234
vn 0.9431 -0.3231 -0.0781
vn 0.8781 -0.4451 -0.1758
vn 0.8850 -0.4162 -0.2087
vn 0.9404 -0.3030 -0.1540
vn 0.9252 -0.3039 -0.2273
vn 0.8703 -0.4237 -0.2511
vn 0.8539 -0.4401 -0.2779
vn 0.7844 -0.5555 -0.2759
vn 0.7746 -0.5705 -0.2731
vn 0.7741 -0.5728 -0.2695
vn 0.8368 -0.4609 -0.2957
vn 0.8249 -0.4820 -0.2954
vn 0.7838 -0.5715 -0.2432
vn 0.7973 -0.5597 -0.2260
vn 0.7590 -0.5888 -0.2781
vn 0.7824 -0.5751 -0.2390
vn 0.7454 -0.6017 -0.2871
vn 0.7449 -0.6034 -0.2846
vn 0.7373 -0.6085 -0.2936
vn 0.8073 -0.5567 -0.1956
vn 0.8181 -0.5420 -0.1924
vn 0.8198 -0.5183 -0.2436
vn 0.8353 -0.5289 -0.1499
vn 0.8374 -0.5271 -0.1449
vn 0.8715 -0.4895 -0.0289
vn 0.8534 -0.5142 -0.0853
vn 0.8398 -0.5210 -0.1527
vn 0.8258 -0.5207 -0.2168
vn 0.8148 -0.5173 -0.2617
vn 0.8233 -0.5277 -0.2093
vn 0.8160 -0.5279 -0.2356
vn 0.8045 -0.5253 -0.2772
vn 0.8093 -0.4883 -0.3266
vn 0.8125 -0.4942 -0.3091
vn 0.8245 -0.4521 -0.3403
vn 0.8141 -0.4552 -0.3605
vn 0.8462 -0.3978 -0.3546
vn 0.8479 -0.3969 -0.3516
vn 0.8199 -0.5056 -0.2686
vn 0.8766 -0.3551 -0.3248
vn 0.9037 -0.3199 -0.2845
vn 0.8749 -0.3450 -0.3400
vn 0.9058 -0.3118 -0.2868
vn 0.9276 -0.2935 -0.2312
vn 0.9467 -0.2865 -0.1475
vn 0.9510 -0.3027 -0.0635
vn 0.9419 -0.3356 -0.0173
vn 0.7905 0.2217 0.5710
vn 0.9145 0.0336 0.4032
vn 0.6868 -0.1540 0.7103
vn 0.8480 -0.2004 0.4906
vn 0.7507 -0.5847 0.3075
vn 0.9095 -0.3535 0.2185
vn 0.8206 0.5315 0.2100
vn 0.9466 0.2365 0.2193
vn -0.7905 0.2218 0.5710
vn -0.6868 -0.1540 0.7104
vn -0.9145 0.0336 0.4032
vn -0.8480 -0.2004 0.4907
vn -0.7507 -0.5847 0.3075
vn -0.9095 -0.3536 0.2185
vn 0.4533 -0.4200 -0.7862
vn 0.2925 -0.4589 -0.8390
vn 0.1763 -0.4853 -0.8564
vn 0.0696 -0.4867 -0.8708
vn -0.0085 -0.5006 -0.8656
vn 0.0169 -0.5172 -0.8557
vn -0.0531 -0.5129 -0.8568
vn -0.0795 -0.5064 -0.8586
vn -0.1122 -0.5175 -0.8483
vn -0.1106 -0.5247 -0.8440
vn -0.1416 -0.5095 -0.8487
vn -0.1543 -0.5106 -0.8458
vn -0.1600 -0.5161 -0.8414
vn -0.1615 -0.5310 -0.8319
vn -0.1495 -0.5619 -0.8136
vn -0.1576 -0.5469 -0.8223
vn -0.1577 -0.5156 -0.8422
vn -0.1620 -0.5047 -0.8479
vn -0.1740 -0.4956 -0.8509
vn -0.1638 -0.4954 -0.8531
vn -0.1508 -0.4893 -0.8590
vn -0.1171 -0.4960 -0.8604
vn -0.0884 -0.4875 -0.8687
vn -0.1552 -0.4839 -0.8613
vn -0.1758 -0.4862 -0.8560
vn -0.1850 -0.4788 -0.8582
vn -0.1596 -0.4781 -0.8636
vn -0.1860 -0.4681 -0.8639
vn -0.1841 -0.4822 -0.8565
vn -0.1527 -0.5126 -0.8449
vn -0.1648 -0.5054 -0.8470
vn -0.1466 -0.5015 -0.8526
vn -0.1571 -0.4955 -0.8543
vn -0.1499 -0.4845 -0.8618
vn -0.1149 -0.5097 -0.8527
vn -0.1348 -0.5066 -0.8516
vn -0.1323 -0.5256 -0.8404
vn -0.1435 -0.5190 -0.8426
vn -0.1390 -0.5346 -0.8336
vn -0.1478 -0.5252 -0.8380
vn -0.1145 -0.5534 -0.8250
vn -0.1298 -0.5925 -0.7950
vn -0.1287 -0.5449 -0.8285
vn -0.1162 -0.5320 -0.8387
vn -0.0990 -0.5336 -0.8399
vn -0.1020 -0.5611 -0.8214
vn -0.0809 -0.5365 -0.8400
vn -0.0896 -0.5707 -0.8162
vn -0.0709 -0.5423 -0.8372
vn -0.0734 -0.5473 -0.8337
vn -0.0736 -0.5667 -0.8206
vn -0.1294 -0.5301 -0.8380
vn -0.1064 -0.5508 -0.8278
vn -0.0870 -0.5586 -0.8249
vn -0.0974 -0.5435 -0.8338
vn -0.0844 -0.5528 -0.8290
vn -0.0876 -0.5850 -0.8063
vn -0.0944 -0.6134 -0.7841
vn -0.0918 -0.6327 -0.7689
vn -0.1130 -0.6277 -0.7702
vn -0.1083 -0.6253 -0.7728
vn -0.1179 -0.6084 -0.7848
vn -0.0924 -0.6627 -0.7431
vn -0.1076 -0.5934 -0.7977
vn -0.0932 -0.5564 -0.8257
vn -0.1040 -0.5360 -0.8378
vn -0.1243 -0.5362 -0.8349
vn -0.1688 -0.5191 -0.8379
vn -0.1697 -0.4929 -0.8534
vn -0.1964 -0.4808 -0.8546
vn -0.1660 -0.4525 -0.8762
vn -0.1956 -0.4102 -0.8908
vn -0.1345 -0.3774 -0.9162
vn -0.1577 -0.3041 -0.9395
vn -0.0816 -0.3081 -0.9479
vn -0.0843 -0.2325 -0.9689
vn 0.0000 -0.2647 -0.9643
vn -0.0932 -0.5353 -0.8395
vn -0.1272 -0.4730 -0.8718
vn -0.0796 -0.4306 -0.8990
vn 0.0000 -0.4126 -0.9109
vn 0.0816 -0.3081 -0.9479
vn 0.0796 -0.4306 -0.8990
vn 0.1345 -0.3774 -0.9162
vn 0.1272 -0.4730 -0.8718
vn 0.1660 -0.4525 -0.8762
vn -0.0833 -0.5214 -0.8493
vn -0.0547 -0.5037 -0.8622
vn 0.0000 -0.5012 -0.8653
vn 0.0547 -0.5037 -0.8622
vn 0.0833 -0.5214 -0.8493
vn 0.0932 -0.5353 -0.8395
vn 0.0734 -0.5473 -0.8337
vn -0.0522 -0.5253 -0.8493
vn -0.0640 -0.5342 -0.8429
vn -0.0000 -0.5256 -0.8507
vn 0.0640 -0.5342 -0.8429
vn 0.0709 -0.5423 -0.8372
vn 0.0809 -0.5365 -0.8400
vn 0.0522 -0.5253 -0.8493
vn -0.0000 -0.5191 -0.8547
vn 0.0870 -0.5586 -0.8249
vn 0.0736 -0.5667 -0.8206
vn 0.0896 -0.5707 -0.8162
vn 0.0990 -0.5336 -0.8399
vn 0.1162 -0.5320 -0.8387
vn 0.1323 -0.5256 -0.8404
vn 0.1435 -0.5190 -0.8426
vn 0.0962 -0.5114 -0.8539
vn 0.0753 -0.5091 -0.8574
vn 0.0472 -0.5044 -0.8622
vn -0.0000 -0.5016 -0.8651
vn 0.1119 -0.4905 -0.8642
vn 0.0674 -0.4874 -0.8706
vn -0.0472 -0.5044 -0.8622
vn -0.0962 -0.5114 -0.8539
vn -0.1119 -0.4905 -0.8642
vn -0.9106 -0.3970 0.1152
vn -0.9159 -0.3956 0.0679
vn -0.9269 -0.3343 0.1703
vn -0.9345 -0.3351 0.1202
vn -0.9394 -0.3351 0.0722
vn -0.9186 -0.3946 0.0197
vn -0.9591 -0.2801 0.0399
vn -0.9548 -0.2860 0.0812
vn -0.9509 -0.2784 0.1349
vn -0.9418 -0.2813 0.1840
vn -0.9328 -0.2740 0.2339
vn -0.9389 -0.2595 0.2262
vn -0.9481 -0.2577 0.1864
vn -0.9563 -0.2600 0.1334
vn -0.9604 -0.2676 0.0778
vn -0.9630 -0.2669 0.0386
vn -0.9630 -0.2693 0.0099
vn -0.9593 -0.2823 -0.0091
vn -0.8714 0.4285 0.2388
vn -0.8546 0.4340 0.2852
vn -0.8415 0.4376 0.3168
vn -0.8319 0.4307 0.3499
vn -0.0814 0.9736 0.2134
vn -0.0734 0.9765 0.2024
vn -0.0622 0.9783 0.1978
vn -0.0554 0.9799 0.1918
vn -0.0474 0.9811 0.1877
vn 0.1986 0.9585 0.2045
vn 0.2002 0.9659 0.1641
vn 0.2066 0.9682 0.1408
vn 0.2102 0.9699 0.1230
vn 0.2146 0.9708 0.1073
vn 0.2180 0.9720 0.0877
vn -0.1084 -0.0288 -0.9937
vn -0.1063 -0.0297 -0.9939
vn 0.0331 0.0207 -0.9992
vn 0.0428 0.0141 -0.9990
vn 0.1775 0.0751 -0.9812
vn 0.0220 0.0197 -0.9996
vn -0.1710 -0.0512 -0.9839
vn -0.0910 -0.0153 -0.9957
vn -0.1081 -0.0286 -0.9937
vn -0.6581 -0.0559 -0.7508
vn -0.5880 -0.0728 -0.8056
vn -0.5957 -0.1164 -0.7947
vn -0.4830 -0.1533 -0.8621
vn -0.4803 -0.1034 -0.8710
vn -0.3605 -0.1405 -0.9221
vn -0.3610 -0.1891 -0.9132
vn -0.2606 -0.2157 -0.9410
vn -0.2581 -0.1697 -0.9511
vn -0.1572 -0.1968 -0.9678
vn -0.1581 -0.2419 -0.9573
vn -0.0548 -0.2665 -0.9623
vn -0.0500 -0.2232 -0.9735
vn -0.0452 -0.1816 -0.9823
vn -0.1557 -0.1554 -0.9755
vn -0.1529 -0.1129 -0.9818
vn -0.3626 -0.2484 -0.8982
vn -0.2620 -0.2713 -0.9262
vn -0.1606 -0.2959 -0.9416
vn -0.0604 -0.3180 -0.9462
vn 0.0280 -0.3345 -0.9420
vn 0.0391 -0.2865 -0.9573
vn 0.0469 -0.2441 -0.9686
vn 0.0546 -0.2026 -0.9777
vn 0.0665 -0.1591 -0.9850
vn -0.0391 -0.1395 -0.9894
vn -0.0319 -0.0912 -0.9953
vn 0.1188 -0.3025 -0.9457
vn 0.1082 -0.3491 -0.9308
vn 0.0943 -0.4031 -0.9103
vn 0.0143 -0.3901 -0.9207
vn -0.0728 -0.3770 -0.9234
vn -0.1616 -0.3617 -0.9182
vn -0.2595 -0.3421 -0.9031
vn -0.3527 -0.3243 -0.8777
vn -0.4463 -0.3039 -0.8417
vn -0.5341 -0.2817 -0.7971
vn -0.4117 -0.3746 -0.8308
vn -0.3408 -0.3829 -0.8586
vn -0.2557 -0.3956 -0.8821
vn -0.1663 -0.4106 -0.8966
vn -0.0863 -0.4231 -0.9020
vn -0.0089 -0.4310 -0.9023
vn -0.0960 -0.4351 -0.8953
vn -0.1771 -0.4244 -0.8880
vn -0.2567 -0.4123 -0.8741
vn -0.3443 -0.4007 -0.8491
vn -0.3990 -0.3935 -0.8282
vn -0.4276 -0.3870 -0.8169
vn 0.2160 -0.2736 -0.9373
vn 0.3121 -0.3366 -0.8884
vn 0.2009 -0.3174 -0.9268
vn 0.1888 -0.3654 -0.9115
vn 0.3004 -0.3856 -0.8724
vn 0.2793 -0.4441 -0.8513
vn 0.1757 -0.4204 -0.8902
vn 0.1729 -0.4669 -0.8672
vn 0.2579 -0.4935 -0.8306
vn 0.2503 -0.5043 -0.8264
vn 0.1801 -0.4841 -0.8563
vn 0.0783 -0.4596 -0.8847
vn 0.0825 -0.4425 -0.8930
vn -0.0336 -0.4400 -0.8974
vn 0.1295 -0.2604 -0.9568
vn 0.1448 -0.2173 -0.9653
vn 0.2334 -0.2278 -0.9453
vn 0.2592 -0.1810 -0.9487
vn 0.1620 -0.1733 -0.9715
vn 0.1832 -0.1243 -0.9752
vn 0.2341 0.0199 -0.9720
vn 0.2280 -0.0020 -0.9737
vn 0.1040 0.0145 -0.9945
vn 0.2172 -0.0347 -0.9755
vn 0.1002 -0.0202 -0.9948
vn 0.0907 -0.0629 -0.9939
vn 0.2027 -0.0780 -0.9761
vn 0.0792 -0.1119 -0.9906
vn 0.2859 -0.1327 -0.9490
vn 0.3099 -0.0860 -0.9469
vn 0.3311 -0.0452 -0.9425
vn 0.3436 -0.0127 -0.9390
vn 0.3535 0.0080 -0.9354
vn 0.3612 0.0234 -0.9322
vn 0.2391 0.0342 -0.9704
vn 0.2477 0.0483 -0.9676
vn 0.3702 0.0397 -0.9281
vn 0.3829 0.0606 -0.9218
vn 0.4569 0.0157 -0.8894
vn 0.4654 0.0330 -0.8845
vn 0.4747 0.0552 -0.8784
vn 0.4815 0.0855 -0.8723
vn 0.3946 0.0927 -0.9142
vn 0.4002 0.1236 -0.9080
vn 0.4854 0.1154 -0.8666
vn 0.4037 0.1429 -0.9036
vn 0.2583 0.0675 -0.9637
vn 0.2696 0.1014 -0.9576
vn 0.2784 0.1342 -0.9510
vn 0.2861 0.1525 -0.9460
vn 0.2945 0.1630 -0.9417
vn 0.2986 0.1723 -0.9387
vn 0.2978 0.1796 -0.9376
vn -0.1284 0.1913 -0.9731
vn -0.0776 0.1930 -0.9781
vn 0.0288 0.1908 -0.9812
vn 0.1711 0.1866 -0.9674
vn 0.1502 0.1844 -0.9713
vn 0.1394 0.1747 -0.9747
vn 0.0065 0.1917 -0.9814
vn -0.0086 0.1855 -0.9826
vn -0.0122 0.1774 -0.9841
vn 0.1307 0.1646 -0.9777
vn 0.1252 0.1472 -0.9812
vn -0.0155 0.1606 -0.9869
vn -0.0170 0.1276 -0.9917
vn 0.1203 0.1127 -0.9863
vn 0.1144 0.0798 -0.9902
vn -0.0187 0.0943 -0.9954
vn -0.0182 0.0772 -0.9969
vn -0.1452 0.1948 -0.9700
vn -0.0988 0.1959 -0.9756
vn -0.1107 0.1922 -0.9751
vn -0.1204 0.1873 -0.9749
vn -0.1269 0.1718 -0.9769
vn -0.1329 0.1416 -0.9810
vn -0.1322 0.1103 -0.9851
vn -0.1299 0.0944 -0.9870
vn -0.1298 0.0847 -0.9879
vn -0.1807 0.1882 -0.9654
vn -0.1986 0.1778 -0.9638
vn -0.2079 0.1507 -0.9665
vn -0.2109 0.1238 -0.9696
vn -0.2104 0.1080 -0.9716
vn -0.2121 0.0985 -0.9723
vn -0.2180 0.0873 -0.9720
vn -0.1311 0.0734 -0.9887
vn -0.1328 0.0539 -0.9897
vn -0.2254 0.0708 -0.9717
vn -0.2354 0.0394 -0.9711
vn -0.2648 0.1331 -0.9551
vn -0.2675 0.1184 -0.9563
vn -0.2788 0.1073 -0.9543
vn -0.2913 0.0981 -0.9516
vn -0.3093 0.0810 -0.9475
vn -0.3246 0.0551 -0.9442
vn -0.3328 0.0192 -0.9428
vn -0.2455 0.0018 -0.9694
vn -0.2526 -0.0418 -0.9667
vn -0.3295 0.1249 -0.9358
vn -0.3462 0.1141 -0.9312
vn -0.3728 0.1016 -0.9223
vn -0.4007 0.0908 -0.9117
vn -0.4125 0.0689 -0.9084
vn -0.4231 0.0385 -0.9052
vn -0.4449 0.0025 -0.8956
vn -0.3476 -0.0180 -0.9375
vn -0.3563 -0.0586 -0.9325
vn -0.4657 -0.0262 -0.8845
vn -0.5281 0.0191 -0.8490
vn -0.4956 0.0502 -0.8671
vn -0.5017 0.0770 -0.8616
vn -0.4752 -0.0624 -0.8777
vn -0.5738 -0.0331 -0.8183
vn -0.3594 -0.0977 -0.9281
vn -0.2586 -0.1276 -0.9575
vn -0.2577 -0.0861 -0.9624
vn -0.1488 -0.0663 -0.9866
vn -0.1425 -0.0202 -0.9896
vn -0.1364 0.0215 -0.9904
vn -0.0246 -0.0437 -0.9987
vn -0.0193 -0.0004 -0.9998
vn -0.0164 0.0334 -0.9993
vn -0.0166 0.0541 -0.9984
vn -0.0168 0.0666 -0.9976
vn 0.1057 0.0353 -0.9938
vn 0.1072 0.0494 -0.9930
vn 0.1097 0.0604 -0.9921
vn -0.0573 -0.0033 -0.9984
vn 0.0770 -0.0759 -0.9941
vn 0.0932 -0.0530 -0.9942
vn 0.1602 -0.0805 -0.9838
vn 0.0973 -0.0342 -0.9947
vn 0.1402 -0.1230 -0.9825
vn 0.1534 -0.1043 -0.9826
vn 0.1632 -0.1200 -0.9793
vn -0.0921 -0.0507 -0.9945
vn 0.0484 -0.1188 -0.9917
vn 0.0563 -0.0932 -0.9941
vn 0.1298 -0.1794 -0.9752
vn 0.1284 -0.1427 -0.9814
vn 0.1474 -0.1581 -0.9764
vn 0.1550 -0.1386 -0.9781
vn 0.1403 -0.1470 -0.9791
vn -0.0990 -0.1208 -0.9877
vn 0.0470 -0.1975 -0.9792
vn 0.0483 -0.1568 -0.9864
vn -0.1010 -0.0793 -0.9917
vn -0.2814 -0.0733 -0.9568
vn -0.1013 -0.1628 -0.9814
vn -0.1047 -0.1982 -0.9746
vn -0.3031 -0.1500 -0.9411
vn -0.1041 -0.2312 -0.9673
vn 0.0454 -0.2593 -0.9647
vn -0.0974 -0.2664 -0.9589
vn -0.2987 -0.2213 -0.9283
vn -0.0948 -0.3006 -0.9490
vn 0.0544 -0.3253 -0.9441
vn 0.0513 -0.2924 -0.9549
vn 0.1479 -0.3064 -0.9403
vn 0.1407 -0.2753 -0.9510
vn 0.1686 -0.2822 -0.9444
vn 0.1371 -0.2478 -0.9591
vn 0.1632 -0.2553 -0.9530
vn 0.1587 -0.2590 -0.9527
vn 0.1561 -0.2262 -0.9615
vn 0.1334 -0.2178 -0.9668
vn 0.0418 -0.2290 -0.9725
vn 0.1470 -0.1903 -0.9707
vn 0.1421 -0.1968 -0.9701
vn 0.1505 -0.2298 -0.9615
vn 0.1326 -0.2310 -0.9639
vn 0.1384 -0.1683 -0.9760
vn 0.1179 -0.1726 -0.9779
vn 0.1224 -0.2000 -0.9721
vn 0.1000 -0.2035 -0.9740
vn 0.1165 -0.2657 -0.9570
vn 0.1069 -0.2321 -0.9668
vn 0.0805 -0.2355 -0.9685
vn 0.1456 -0.2913 -0.9455
vn 0.1424 -0.2621 -0.9545
vn 0.1690 -0.3139 -0.9343
vn 0.1634 -0.2859 -0.9442
vn 0.1856 -0.3423 -0.9211
vn 0.1751 -0.3112 -0.9341
vn 0.1588 -0.3674 -0.9164
vn 0.1563 -0.3381 -0.9280
vn 0.0549 -0.3551 -0.9332
vn 0.1553 -0.3443 -0.9259
vn 0.1775 -0.3437 -0.9221
vn 0.1879 -0.3777 -0.9067
vn 0.1946 -0.3740 -0.9068
vn 0.1918 -0.4016 -0.8955
vn 0.1558 -0.3929 -0.9063
vn 0.1569 -0.4175 -0.8950
vn 0.1805 -0.4385 -0.8804
vn 0.1909 -0.4291 -0.8829
vn 0.1846 -0.4220 -0.8876
vn 0.1784 -0.4122 -0.8934
vn 0.1942 -0.4094 -0.8914
vn 0.1427 -0.3796 -0.9141
vn 0.1683 -0.3797 -0.9097
vn 0.1337 -0.4585 -0.8786
vn 0.0976 -0.4401 -0.8926
vn 0.1607 -0.4353 -0.8858
vn 0.1773 -0.4527 -0.8738
vn 0.1849 -0.4438 -0.8768
vn 0.0206 -0.4649 -0.8851
vn -0.0285 -0.4425 -0.8963
vn 0.0608 -0.4136 -0.9084
vn -0.1658 -0.4379 -0.8836
vn -0.1137 -0.4641 -0.8785
vn 0.0521 -0.4779 -0.8769
vn -0.0331 0.0207 -0.9992
vn 0.1063 -0.0297 -0.9939
vn 0.1681 -0.0530 -0.9843
vn 0.1084 -0.0288 -0.9937
vn -0.1234 0.0717 -0.9898
vn -0.0085 0.0187 -0.9998
vn -0.0220 0.0197 -0.9996
vn -0.1775 0.0751 -0.9812
vn -0.0428 0.0141 -0.9990
vn -0.2246 0.0535 -0.9730
vn -0.0740 -0.0275 -0.9969
vn -0.2690 0.0009 -0.9631
vn 0.1654 -0.0593 -0.9844
vn 0.1670 -0.0688 -0.9835
vn 0.1658 -0.0924 -0.9818
vn 0.1408 -0.0996 -0.9850
vn 0.1423 -0.0731 -0.9871
vn 0.1457 -0.0579 -0.9876
vn 0.1717 -0.0574 -0.9835
vn 0.1711 -0.0515 -0.9839
vn 0.0202 -0.1159 -0.9931
vn 0.0317 -0.1129 -0.9931
vn 0.0298 -0.1165 -0.9927
vn 0.0364 -0.1123 -0.9930
vn 0.0402 -0.1072 -0.9934
vn 0.0547 -0.0961 -0.9939
vn 0.0508 -0.1080 -0.9929
vn 0.0711 -0.1028 -0.9922
vn 0.0714 -0.0855 -0.9938
vn 0.0940 -0.0731 -0.9929
vn 0.0918 -0.0964 -0.9911
vn 0.1131 -0.0831 -0.9901
vn 0.1183 -0.0615 -0.9911
vn 0.1176 -0.0485 -0.9919
vn 0.1001 -0.0571 -0.9933
vn 0.0777 -0.0745 -0.9942
vn 0.0679 -0.0935 -0.9933
vn 0.0493 -0.1083 -0.9929
vn 0.0379 -0.1205 -0.9920
vn 0.0194 -0.1220 -0.9923
vn 0.0190 -0.1152 -0.9932
vn -0.0000 -0.1147 -0.9934
vn 0.1561 -0.0386 -0.9870
vn 0.1473 -0.0444 -0.9881
vn 0.1311 -0.0455 -0.9903
vn 0.1087 -0.0481 -0.9929
vn 0.0933 -0.0613 -0.9937
vn 0.0789 -0.0790 -0.9937
vn 0.0655 -0.1008 -0.9927
vn 0.0480 -0.1163 -0.9920
vn 0.0269 -0.1231 -0.9920
vn -0.0594 0.1771 -0.9824
vn -0.0593 0.1862 -0.9807
vn -0.0410 0.1773 -0.9833
vn -0.0195 0.1614 -0.9867
vn -0.0051 0.1472 -0.9891
vn 0.0016 0.1336 -0.9910
vn 0.0000 0.1294 -0.9916
vn -0.0042 0.1312 -0.9913
vn -0.0000 -0.1272 -0.9919
vn -0.5237 0.6106 -0.5941
vn -0.0860 0.2045 -0.9751
vn -0.4473 0.4981 -0.7428
vn -0.0639 0.1808 -0.9814
vn -0.4239 0.4915 -0.7607
vn -0.4059 0.5346 -0.7412
vn -0.3522 0.5584 -0.7511
vn -0.2719 0.5532 -0.7874
vn -0.1948 0.5425 -0.8172
vn -0.1381 0.5371 -0.8321
vn -0.5299 0.6146 -0.5844
vn -0.4841 0.6712 -0.5613
vn -0.4036 0.6939 -0.5963
vn -0.3026 0.6926 -0.6548
vn -0.2147 0.6815 -0.6996
vn -0.1556 0.6862 -0.7106
vn -0.0986 0.5390 -0.8365
vn -0.1084 0.6843 -0.7211
vn -0.0686 0.5409 -0.8383
vn -0.0656 0.6932 -0.7178
vn -0.0358 0.5550 -0.8311
vn -0.0000 0.2225 -0.9749
vn -0.0000 0.5611 -0.8277
vn 0.0358 0.5550 -0.8311
vn 0.0042 0.1312 -0.9913
vn 0.0686 0.5408 -0.8383
vn -0.0000 0.1294 -0.9916
vn 0.0986 0.5390 -0.8365
vn -0.0016 0.1336 -0.9910
vn 0.1381 0.5371 -0.8321
vn -0.0000 0.7034 -0.7108
vn 0.0656 0.6931 -0.7178
vn 0.1084 0.6843 -0.7211
vn 0.1556 0.6862 -0.7106
vn 0.2147 0.6815 -0.6996
vn 0.1947 0.5424 -0.8172
vn 0.3026 0.6926 -0.6548
vn 0.2719 0.5532 -0.7874
vn 0.4036 0.6939 -0.5963
vn 0.0051 0.1472 -0.9891
vn 0.0195 0.1614 -0.9867
vn 0.0410 0.1773 -0.9833
vn 0.3522 0.5584 -0.7511
vn 0.4059 0.5346 -0.7412
vn 0.4239 0.4915 -0.7607
vn 0.4473 0.4981 -0.7428
vn 0.4841 0.6713 -0.5613
vn 0.5299 0.6146 -0.5844
vn 0.5607 0.5820 -0.5889
vn 0.6149 0.6273 -0.4779
vn 0.6345 0.7348 -0.2397
vn 0.5408 0.8354 -0.0981
vn -0.8530 -0.4475 -0.2687
vn -0.7693 -0.4789 -0.4229
vn -0.7812 -0.4619 -0.4200
vn -0.8336 -0.4936 -0.2479
vn -0.8294 -0.5113 -0.2253
vn -0.8357 -0.4938 -0.2405
vn 0.1164 -0.1512 -0.9816
vn 0.0939 -0.1548 -0.9835
vn 0.1120 -0.1297 -0.9852
vn 0.0958 -0.1772 -0.9795
vn 0.0755 -0.1855 -0.9797
vn 0.0759 -0.1611 -0.9840
vn 0.0733 -0.1382 -0.9877
vn 0.0902 -0.1326 -0.9870
vn 0.0894 -0.1135 -0.9895
vn 0.0722 -0.1202 -0.9901
vn 0.0522 -0.1239 -0.9909
vn 0.0545 -0.1442 -0.9880
vn 0.0374 -0.1511 -0.9878
vn 0.0377 -0.1285 -0.9910
vn 0.0301 -0.1328 -0.9907
vn 0.0306 -0.1590 -0.9868
vn 0.0203 -0.1661 -0.9859
vn 0.0547 -0.1695 -0.9840
vn 0.0377 -0.1785 -0.9832
vn 0.0269 -0.1878 -0.9818
vn 0.0173 -0.1970 -0.9802
vn 0.0000 -0.1992 -0.9800
vn 0.0000 -0.1711 -0.9853
vn -0.0203 -0.1661 -0.9859
vn -0.0173 -0.1970 -0.9802
vn -0.0269 -0.1878 -0.9818
vn 0.0345 -0.2042 -0.9783
vn 0.0230 -0.2138 -0.9766
vn 0.0134 -0.2199 -0.9754
vn -0.0000 -0.2240 -0.9746
vn -0.0134 -0.2199 -0.9754
vn -0.0230 -0.2138 -0.9766
vn -0.0345 -0.2042 -0.9783
vn -0.0377 -0.1785 -0.9832
vn -0.0547 -0.1695 -0.9840
vn 0.0512 -0.2154 -0.9752
vn 0.0294 -0.2229 -0.9744
vn 0.0189 -0.2289 -0.9733
vn 0.0102 -0.2333 -0.9723
vn -0.0000 -0.2337 -0.9723
vn -0.0102 -0.2333 -0.9723
vn -0.0189 -0.2289 -0.9733
vn -0.0294 -0.2229 -0.9744
vn -0.0512 -0.2154 -0.9752
vn 0.0296 -0.2429 -0.9696
vn 0.0183 -0.2467 -0.9689
vn 0.0115 -0.2474 -0.9689
vn -0.0000 -0.2474 -0.9689
vn -0.0115 -0.2474 -0.9689
vn -0.0183 -0.2467 -0.9689
vn -0.0296 -0.2429 -0.9696
vn -0.0523 -0.2392 -0.9696
vn -0.0805 -0.2355 -0.9685
vn -0.0614 -0.2724 -0.9602
vn -0.0358 -0.2743 -0.9610
vn -0.0457 -0.3054 -0.9511
vn -0.0233 -0.2755 -0.9610
vn -0.0153 -0.2774 -0.9606
vn -0.0000 -0.2778 -0.9606
vn -0.0155 -0.3087 -0.9510
vn -0.0287 -0.3054 -0.9518
vn -0.0314 -0.3280 -0.9442
vn -0.0145 -0.3307 -0.9436
vn -0.0139 -0.3526 -0.9357
vn 0.0000 -0.3319 -0.9433
vn -0.0000 -0.3117 -0.9502
vn 0.0155 -0.3087 -0.9510
vn 0.0145 -0.3307 -0.9436
vn 0.0314 -0.3280 -0.9442
vn 0.0153 -0.2774 -0.9606
vn 0.0233 -0.2755 -0.9610
vn 0.0358 -0.2743 -0.9610
vn 0.0614 -0.2724 -0.9602
vn 0.0457 -0.3054 -0.9511
vn 0.0287 -0.3054 -0.9518
vn 0.0527 -0.3268 -0.9436
vn 0.0769 -0.3260 -0.9422
vn 0.0580 -0.3492 -0.9353
vn 0.0340 -0.3506 -0.9359
vn 0.0390 -0.3839 -0.9226
vn 0.0139 -0.3526 -0.9357
vn 0.0150 -0.3853 -0.9227
vn 0.0000 -0.3854 -0.9227
vn 0.0000 -0.3547 -0.9350
vn 0.0188 -0.4196 -0.9075
vn 0.0446 -0.4200 -0.9064
vn 0.0743 -0.4184 -0.9052
vn 0.0229 -0.4491 -0.8932
vn -0.0000 -0.4192 -0.9079
vn -0.0390 -0.3839 -0.9226
vn -0.0150 -0.3853 -0.9227
vn -0.0743 -0.4184 -0.9052
vn -0.0446 -0.4200 -0.9064
vn -0.0802 -0.4497 -0.8896
vn -0.1028 -0.4163 -0.9034
vn -0.0924 -0.3809 -0.9200
vn -0.0659 -0.3824 -0.9217
vn -0.0580 -0.3492 -0.9353
vn -0.1427 -0.3796 -0.9141
vn -0.1171 -0.3798 -0.9176
vn -0.1064 -0.3463 -0.9321
vn -0.0825 -0.3479 -0.9339
vn -0.0769 -0.3260 -0.9422
vn -0.1784 -0.4122 -0.8934
vn -0.1556 -0.4139 -0.8969
vn -0.1828 -0.4347 -0.8818
vn -0.1942 -0.4094 -0.8914
vn -0.1683 -0.3797 -0.9097
vn -0.1009 -0.3240 -0.9407
vn -0.0979 -0.3018 -0.9483
vn -0.1295 -0.3448 -0.9297
vn -0.1224 -0.2969 -0.9470
vn -0.1165 -0.2657 -0.9570
vn -0.0903 -0.2697 -0.9587
vn -0.1326 -0.2310 -0.9639
vn -0.1000 -0.2035 -0.9740
vn -0.1069 -0.2321 -0.9668
vn -0.1634 -0.2859 -0.9442
vn -0.1424 -0.2621 -0.9545
vn -0.1505 -0.2298 -0.9615
vn -0.1224 -0.2000 -0.9721
vn -0.1179 -0.1726 -0.9779
vn -0.1384 -0.1683 -0.9760
vn -0.1164 -0.1512 -0.9816
vn -0.0939 -0.1548 -0.9835
vn -0.1421 -0.1283 -0.9815
vn -0.0306 -0.1590 -0.9868
vn -0.0374 -0.1511 -0.9878
vn -0.0545 -0.1442 -0.9880
vn -0.0733 -0.1382 -0.9877
vn -0.0759 -0.1611 -0.9840
vn -0.0902 -0.1326 -0.9870
vn -0.0722 -0.1202 -0.9901
vn -0.0522 -0.1239 -0.9909
vn -0.0377 -0.1285 -0.9910
vn -0.0301 -0.1328 -0.9907
vn -0.0231 -0.1370 -0.9903
vn -0.0000 -0.1376 -0.9905
vn 0.0231 -0.1370 -0.9903
vn -0.0000 -0.1148 -0.9934
vn -0.0202 -0.1159 -0.9931
vn -0.0298 -0.1165 -0.9927
vn -0.0364 -0.1123 -0.9930
vn -0.0508 -0.1080 -0.9929
vn -0.0715 -0.0855 -0.9938
vn -0.0547 -0.0961 -0.9939
vn -0.0402 -0.1072 -0.9934
vn -0.0317 -0.1129 -0.9931
vn -0.0190 -0.1152 -0.9932
vn -0.0777 -0.0745 -0.9942
vn -0.0679 -0.0935 -0.9933
vn -0.0493 -0.1083 -0.9929
vn -0.0379 -0.1205 -0.9920
vn -0.0194 -0.1220 -0.9923
vn 0.0000 -0.1226 -0.9925
vn -0.0269 -0.1231 -0.9920
vn -0.0480 -0.1163 -0.9920
vn -0.0655 -0.1008 -0.9927
vn -0.0789 -0.0790 -0.9937
vn -0.0933 -0.0613 -0.9937
vn 0.5166 0.0746 -0.8530
vn 0.4508 0.1167 -0.8850
vn 0.1590 -0.0411 -0.9864
vn 0.1710 -0.0512 -0.9839
vn 0.1638 -0.0367 -0.9858
vn 0.1499 -0.0187 -0.9885
vn 0.1390 -0.0242 -0.9900
vn 0.1082 -0.0018 -0.9941
vn 0.1288 0.0012 -0.9917
vn 0.1191 0.0066 -0.9929
vn 0.0849 0.0167 -0.9962
vn 0.0570 0.0181 -0.9982
vn 0.0705 0.0002 -0.9975
vn 0.1545 -0.0157 -0.9879
vn 0.1372 0.0010 -0.9905
vn 0.1110 0.0121 -0.9937
vn 0.0693 0.0196 -0.9974
vn 0.0413 0.0283 -0.9987
vn -0.2783 0.4120 -0.8676
vn -0.2277 0.4496 -0.8637
vn -0.1727 0.4848 -0.8574
vn -0.1031 0.4568 -0.8836
vn -0.0434 0.3854 -0.9217
vn -0.5316 0.7591 -0.3757
vn -0.4263 0.8569 -0.2897
vn -0.3025 0.8928 -0.3337
vn -0.1958 0.8624 -0.4668
vn -0.1056 0.7808 -0.6158
vn -0.0077 0.3379 -0.9411
vn -0.0308 0.7295 -0.6833
vn 0.0285 0.3417 -0.9394
vn 0.0414 0.7154 -0.6975
vn -0.1905 0.9021 -0.3872
vn -0.1013 0.8506 -0.5159
vn -0.0253 0.8425 -0.5382
vn 0.0390 0.8474 -0.5295
vn 0.1154 0.6998 -0.7049
vn 0.0940 0.8355 -0.5414
vn 0.1797 0.6623 -0.7274
vn 0.1364 0.8132 -0.5657
vn 0.2282 0.6644 -0.7117
vn 0.1706 0.8326 -0.5270
vn 0.2885 0.6833 -0.6707
vn 0.2299 0.8319 -0.5050
vn 0.0988 0.3446 -0.9335
vn 0.1860 0.3297 -0.9256
vn 0.2576 0.3127 -0.9143
vn 0.3209 0.3217 -0.8908
vn 0.4027 0.3510 -0.8453
vn 0.3577 0.1476 -0.9221
vn 0.4573 0.1376 -0.8786
vn 0.4380 0.1405 -0.8879
vn 0.9212 -0.2033 0.3316
vn 0.9236 -0.2155 0.3172
vn 0.9526 -0.1239 0.2780
vn 0.9387 -0.1913 0.2867
vn 0.9304 -0.1866 0.3155
vn 0.9821 -0.1032 0.1577
vn 0.9747 -0.1788 0.1340
vn 0.9583 -0.1308 0.2540
vn 0.9847 -0.1500 0.0885
vn 0.9887 -0.1436 0.0425
vn 0.9920 -0.0943 0.0837
vn 0.9966 -0.0818 0.0100
vn 0.9911 -0.0997 0.0886
vn 0.9822 -0.1139 0.1492
vn 0.9863 -0.1505 0.0670
vn 0.9908 -0.1350 0.0071
vn 0.9796 -0.1939 -0.0535
vn 0.9804 -0.1971 0.0027
vn 0.9782 -0.2072 0.0135
vn 0.9827 -0.1768 0.0545
vn 0.9844 -0.1751 0.0188
vn 0.9861 -0.1655 -0.0138
vn 0.9808 -0.1941 -0.0184
vn 0.9839 -0.1531 -0.0924
vn 0.9777 -0.1822 -0.1044
vn 0.9679 -0.2295 -0.1020
vn 0.9378 -0.3334 -0.0972
vn 0.9562 -0.2468 -0.1572
vn 0.9084 -0.3579 -0.2159
vn 0.9164 -0.3424 -0.2073
vn 0.9333 -0.3063 -0.1874
vn 0.9718 -0.1928 -0.1359
vn 0.8584 -0.3292 -0.3934
vn 0.8613 -0.3479 -0.3703
vn 0.8757 -0.3471 -0.3356
vn 0.8831 -0.3536 -0.3083
vn 0.8910 -0.3575 -0.2800
vn 0.8991 -0.3622 -0.2459
vn 0.8124 -0.4993 -0.3011
vn 0.8148 -0.4793 -0.3262
vn 0.8002 -0.4715 -0.3707
vn 0.7919 -0.4615 -0.3998
vn 0.7841 -0.4477 -0.4298
vn 0.7777 -0.4294 -0.4591
vn 0.7222 -0.5434 -0.4281
vn 0.7284 -0.5623 -0.3915
vn 0.7433 -0.5734 -0.3444
vn 0.8370 -0.4752 -0.2715
vn 0.7572 -0.5734 -0.3128
vn 0.8193 -0.5121 -0.2580
vn 0.8794 -0.4423 -0.1763
vn 0.8781 -0.4205 -0.2282
vn 0.9044 -0.3871 -0.1795
vn 0.9495 -0.2779 -0.1456
vn -0.0713 -0.3056 -0.9495
vn -0.0527 -0.3268 -0.9436
vn -0.0340 -0.3506 -0.9359
vn 0.1421 -0.1283 -0.9815
vn 0.1080 -0.1058 -0.9885
vn 0.0747 -0.2084 -0.9752
vn 0.0539 -0.1947 -0.9794
vn 0.0903 -0.2697 -0.9587
vn 0.0523 -0.2392 -0.9696
vn 0.0979 -0.3018 -0.9483
vn 0.1224 -0.2969 -0.9470
vn 0.1246 -0.3202 -0.9391
vn 0.1064 -0.3463 -0.9321
vn 0.1009 -0.3240 -0.9407
vn 0.0713 -0.3056 -0.9495
vn 0.0924 -0.3809 -0.9200
vn 0.0825 -0.3479 -0.9339
vn 0.1171 -0.3798 -0.9176
vn 0.1295 -0.3448 -0.9297
vn 0.1556 -0.4139 -0.8969
vn 0.1828 -0.4347 -0.8818
vn 0.1028 -0.4163 -0.9034
vn 0.0802 -0.4497 -0.8896
vn 0.0659 -0.3824 -0.9217
vn 0.1465 -0.3163 -0.9373
vn 0.9394 -0.3426 -0.0145
vn 0.9232 -0.3841 -0.0097
vn 0.9041 -0.4258 0.0357
vn 0.8949 -0.4462 0.0036
vn 0.8901 -0.4554 -0.0167
vn 0.8732 -0.4835 -0.0605
vn 0.8867 -0.4623 -0.0021
vn 0.9052 -0.4247 0.0152
vn 0.9158 -0.4011 0.0227
vn 0.9181 -0.3884 0.0793
vn 0.8763 -0.4775 -0.0642
vn 0.8519 -0.5051 -0.1382
vn 0.8451 -0.5105 -0.1589
vn 0.8596 -0.4993 -0.1088
vn 0.8953 -0.4447 0.0275
vn 0.9005 -0.4328 0.0437
vn 0.8781 -0.4277 0.2146
vn 0.9763 -0.1982 0.0865
vn 0.9600 -0.2246 0.1670
vn 0.9304 -0.2462 0.2715
vn -0.1193 -0.9424 0.3126
vn -0.0415 -0.9433 0.3293
vn -0.0334 -0.9463 0.3215
vn 0.0281 -0.0447 0.9986
vn 0.0122 0.0000 0.9999
vn 0.0000 0.0822 0.9966
vn -0.0122 0.0000 0.9999
vn -0.0177 -0.0867 0.9961
vn -0.0269 -0.1113 0.9934
vn -0.0257 -0.1774 0.9838
vn -0.3925 -0.9159 0.0844
vn -0.2980 -0.7086 0.6396
vn -0.2837 -0.6632 0.6926
vn -0.2005 -0.7077 0.6774
vn -0.2229 -0.6560 0.7211
vn -0.1832 -0.7352 0.6526
vn -0.1967 -0.6829 0.7035
vn -0.2287 -0.6274 0.7444
vn -0.2446 -0.6022 0.7600
vn -0.2656 -0.5555 0.7880
vn -0.2657 -0.6103 0.7463
vn -0.2720 -0.6333 0.7245
vn -0.2747 -0.6234 0.7320
vn -0.2905 -0.6720 0.6812
vn -0.3239 -0.7525 0.5734
vn -0.2840 -0.5007 0.8177
vn -0.3146 -0.4664 0.8268
vn -0.3290 -0.4512 0.8296
vn -0.3451 -0.4501 0.8236
vn -0.1738 -0.7512 0.6368
vn -0.1499 -0.7875 0.5978
vn -0.1246 -0.8099 0.5731
vn -0.1596 -0.7816 0.6031
vn -0.1418 -0.8107 0.5680
vn -0.1191 -0.8372 0.5338
vn -0.0968 -0.8517 0.5151
vn -0.0984 -0.8280 0.5520
vn -0.0737 -0.8344 0.5462
vn -0.0754 -0.8616 0.5020
vn -0.0579 -0.8641 0.5000
vn -0.0563 -0.8378 0.5430
vn -0.0351 -0.8399 0.5415
vn -0.0359 -0.8665 0.4979
vn 0.0000 -0.8410 0.5410
vn 0.0351 -0.8399 0.5415
vn 0.0563 -0.8378 0.5430
vn 0.0737 -0.8344 0.5462
vn 0.1499 -0.7875 0.5978
vn 0.1246 -0.8099 0.5731
vn 0.1418 -0.8107 0.5680
vn 0.1191 -0.8372 0.5338
vn 0.0968 -0.8517 0.5151
vn 0.0984 -0.8280 0.5520
vn 0.0754 -0.8616 0.5020
vn 0.0579 -0.8641 0.5000
vn 0.0359 -0.8665 0.4979
vn 0.0000 -0.8679 0.4967
vn 0.1738 -0.7512 0.6368
vn 0.2005 -0.7077 0.6774
vn 0.1596 -0.7816 0.6031
vn 0.1832 -0.7352 0.6526
vn 0.1967 -0.6829 0.7035
vn 0.2287 -0.6274 0.7444
vn 0.2720 -0.6333 0.7245
vn -0.9394 -0.3426 -0.0145
vn -0.9254 -0.3789 0.0112
vn -0.9540 -0.2996 -0.0085
vn -0.9524 -0.3045 0.0147
vn -0.9643 -0.2642 -0.0208
vn -0.9673 -0.2515 -0.0319
vn -0.9684 -0.2483 -0.0235
vn -0.9701 -0.2403 -0.0346
vn -0.9717 -0.2346 -0.0294
vn -0.9782 -0.2071 0.0135
vn 0.9059 0.3133 0.2850
vn 0.9055 0.3686 0.2102
vn 0.8923 0.4080 0.1930
vn 0.8938 0.4193 0.1591
vn 0.9069 0.4037 0.1204
vn 0.7415 0.6626 0.1055
vn 0.7379 0.6610 0.1360
vn 0.7614 0.6270 0.1647
vn 0.8004 0.5709 0.1826
vn 0.9933 0.0072 0.1155
vn 0.6295 0.1151 -0.7684
vn 0.6147 0.1224 -0.7792
vn 0.6397 0.1178 -0.7596
vn 0.6761 0.1068 -0.7290
vn 0.6120 0.1266 -0.7807
vn 0.5716 0.1246 -0.8110
vn 0.5692 0.1351 -0.8110
vn 0.5680 0.1382 -0.8114
vn 0.5646 0.1340 -0.8144
vn 0.5598 0.1277 -0.8188
vn 0.5441 0.1253 -0.8296
vn 0.5638 0.1225 -0.8168
vn 0.3578 0.7134 -0.6025
vn 0.5050 0.3671 -0.7812
vn 0.8270 0.3124 -0.4675
vn 0.7392 0.3295 -0.5874
vn 0.6210 0.3587 -0.6969
vn 0.6686 0.6822 -0.2959
vn 0.6185 0.6942 -0.3681
vn 0.5278 0.7227 -0.4463
vn 0.4337 0.7332 -0.5238
vn 0.5644 0.8053 -0.1816
vn 0.5421 0.8103 -0.2228
vn 0.5127 0.8132 -0.2754
vn 0.4418 0.8331 -0.3327
vn 0.3555 0.8516 -0.3851
vn 0.2815 0.8543 -0.4370
vn -0.1717 0.1918 -0.9663
vn -0.1623 0.1930 -0.9677
vn -0.1955 0.1883 -0.9625
vn -0.2474 0.1850 -0.9511
vn -0.2208 0.1853 -0.9575
vn -0.2641 0.1569 -0.9516
vn -0.2453 0.1757 -0.9534
vn -0.3049 0.1747 -0.9362
vn -0.3135 0.1612 -0.9358
vn -0.3180 0.1427 -0.9373
vn -0.3805 0.1282 -0.9158
vn -0.3614 0.1478 -0.9206
vn -0.3692 0.1657 -0.9145
vn 0.2204 -0.9004 -0.3752
vn 0.2108 -0.8549 -0.4740
vn 0.2362 -0.9123 -0.3344
vn 0.2132 -0.8465 -0.4879
vn 0.2189 -0.8401 -0.4962
vn 0.2431 -0.9247 -0.2929
vn 0.2454 -0.9299 -0.2740
vn 0.1990 -0.8383 -0.5075
vn 0.2082 -0.8304 -0.5169
vn 0.2707 -0.9314 -0.2434
vn 0.2047 -0.9170 -0.3425
vn 0.2029 -0.9041 -0.3762
vn 0.2276 -0.9201 -0.3188
vn 0.2469 -0.9288 -0.2762
vn 0.2524 -0.9377 -0.2390
vn 0.2590 -0.9431 -0.2084
vn 0.2692 -0.9536 -0.1347
vn 0.2591 -0.9545 -0.1472
vn 0.2571 -0.9532 -0.1589
vn 0.2504 -0.9489 -0.1919
vn 0.2329 -0.9469 -0.2217
vn 0.2080 -0.9519 -0.2251
vn 0.1818 -0.9286 -0.3236
vn 0.1830 -0.9590 -0.2166
vn 0.1579 -0.9658 -0.2054
vn 0.2255 -0.9686 0.1044
vn 0.2405 -0.9633 0.1194
vn 0.2426 -0.9587 0.1488
vn 0.2395 -0.9569 0.1643
vn 0.2325 -0.9562 0.1778
vn 0.2084 -0.9602 0.1862
vn 0.2171 -0.9125 0.3467
vn 0.2162 -0.9002 0.3779
vn 0.2078 -0.8939 0.3972
vn 0.1956 -0.8946 0.4017
vn 0.1295 -0.9067 0.4013
vn 0.0653 -0.9348 0.3492
vn -0.0249 -0.9742 0.2244
vn 0.2077 -0.9259 0.3156
vn 0.1884 -0.9343 0.3026
vn 0.2030 -0.9745 0.0953
vn 0.1785 -0.9798 0.0899
vn 0.1664 -0.9440 0.2848
vn 0.1395 -0.9383 0.3165
vn 0.1522 -0.9827 0.1055
vn 0.1237 -0.9870 0.1031
vn 0.1121 -0.9378 0.3286
vn 0.0934 -0.9545 0.2833
vn 0.1008 -0.9900 0.0986
vn 0.0943 -0.9918 0.0863
vn 0.0894 -0.9671 0.2381
vn 0.1294 -0.9729 -0.1916
vn 0.1072 -0.9825 -0.1522
vn 0.0984 -0.9878 -0.1205
vn 0.1029 -0.9788 -0.1771
vn 0.1099 -0.9717 -0.2091
vn 0.1161 -0.9644 -0.2375
vn 0.1575 -0.9394 -0.3046
vn 0.1321 -0.9566 -0.2597
vn 0.1360 -0.9450 -0.2976
vn 0.1396 -0.9203 -0.3654
vn 0.1225 -0.9398 -0.3190
vn 0.1255 -0.8762 -0.4653
vn 0.1382 -0.8488 -0.5103
vn 0.1559 -0.8305 -0.5347
vn 0.1613 -0.9014 -0.4017
vn 0.1816 -0.8858 -0.4271
vn 0.1815 -0.9127 -0.3662
vn 0.1603 -0.9283 -0.3356
vn 0.1979 -0.8677 -0.4559
vn 0.1734 -0.8122 -0.5570
vn 0.1881 -0.7896 -0.5840
vn 0.1944 -0.7637 -0.6157
vn 0.1914 -0.7228 -0.6640
vn 0.1814 -0.6799 -0.7105
vn 0.1698 -0.6497 -0.7409
vn 0.1607 -0.6105 -0.7755
vn 0.1212 -0.9114 -0.3934
vn 0.1161 -0.9499 -0.2902
vn 0.1086 -0.9795 -0.1694
vn 0.8253 -0.5347 0.1818
vn 0.8900 -0.4045 0.2104
vn 0.6585 -0.7405 0.1344
vn 0.8021 -0.5684 0.1832
vn 0.9166 -0.2663 0.2982
vn 0.7517 -0.6501 0.1110
vn 0.7470 -0.6497 0.1407
vn 0.5868 -0.8022 0.1106
vn 0.6126 -0.7841 0.0998
vn -0.7517 -0.6501 0.1110
vn -0.6125 -0.7841 0.0998
vn -0.7470 -0.6497 0.1407
vn -0.5868 -0.8022 0.1106
vn -0.6585 -0.7404 0.1344
vn -0.8252 -0.5348 0.1818
vn -0.8908 -0.4028 0.2103
vn -0.7988 -0.5735 0.1817
vn -0.9075 -0.3502 0.2320
vn -0.8337 -0.5115 0.2080
vn -0.9207 -0.2444 0.3044
vn -0.7374 -0.6091 -0.2920
vn -0.7442 -0.6028 -0.2877
vn -0.8062 -0.5437 -0.2335
vn -0.7844 -0.5555 -0.2759
vn -0.7741 -0.5704 -0.2746
vn -0.7983 -0.5357 -0.2753
vn -0.8008 -0.5328 -0.2735
vn -0.8050 -0.5316 -0.2632
vn -0.8078 -0.5330 -0.2518
vn -0.8911 -0.4421 -0.1025
vn -0.8777 -0.4641 -0.1196
vn -0.8514 -0.4940 -0.1760
vn -0.9028 -0.4223 -0.0810
vn -0.9253 -0.3785 -0.0238
vn -0.9138 -0.4055 -0.0251
vn -0.8889 -0.4477 -0.0967
vn -0.8555 -0.4862 -0.1780
vn -0.8275 -0.5105 -0.2339
vn -0.8502 -0.4889 -0.1953
vn -0.8325 -0.5040 -0.2300
vn -0.8406 -0.4880 -0.2353
vn 0.7334 -0.4561 -0.5040
vn 0.7994 -0.4475 -0.4009
vn 0.8368 -0.4447 -0.3194
vn 0.8447 -0.4603 -0.2732
vn 0.8719 -0.3992 -0.2836
vn 0.8643 -0.4336 -0.2549
vn 0.8539 -0.4695 -0.2246
vn 0.7535 -0.5072 -0.4182
vn 0.7931 -0.5035 -0.3427
vn 0.8530 -0.4475 -0.2687
vn 0.8679 -0.4045 -0.2884
vn 0.8478 -0.4571 -0.2688
vn 0.8357 -0.4938 -0.2405
vn 0.8746 -0.3792 -0.3022
vn 0.8755 -0.3912 -0.2835
vn 0.8545 -0.4277 -0.2947
vn 0.8470 -0.4636 -0.2602
vn 0.8929 -0.3125 -0.3242
vn 0.9097 -0.3114 -0.2746
vn -0.7262 -0.1592 0.6688
vn -0.6685 -0.1803 0.7216
vn -0.4894 -0.1950 0.8500
vn -0.4681 -0.2014 0.8604
vn -0.7393 -0.3588 0.5698
vn -0.8781 -0.4277 0.2146
vn -0.9031 -0.4240 0.0673
vn -0.9070 -0.4191 0.0408
vn 0.3826 -0.5159 -0.7665
vn 0.4714 -0.5061 -0.7223
vn 0.4261 -0.5070 -0.7492
vn 0.5077 -0.5248 -0.6832
vn 0.5368 -0.5119 -0.6707
vn 0.5958 -0.5229 -0.6096
vn 0.5583 -0.5264 -0.6412
vn 0.6177 -0.5383 -0.5733
vn 0.6887 -0.5128 -0.5126
vn 0.6663 -0.5350 -0.5195
vn 0.7316 -0.5278 -0.4315
vn 0.7830 -0.5202 -0.3411
vn 0.4135 -0.5091 -0.7549
vn 0.3414 -0.5044 -0.7931
vn 0.3904 -0.4647 -0.7948
vn 0.3219 -0.2881 -0.9019
vn 0.2984 -0.5117 -0.8057
vn 0.1243 -0.5363 -0.8349
vn 0.0974 -0.5435 -0.8338
vn 0.0844 -0.5528 -0.8290
vn 0.0876 -0.5850 -0.8063
vn 0.0944 -0.6134 -0.7841
vn 0.0918 -0.6327 -0.7689
vn 0.0924 -0.6627 -0.7431
vn 0.1064 -0.5508 -0.8278
vn 0.1294 -0.5301 -0.8380
vn 0.1697 -0.4929 -0.8534
vn 0.0000 -0.2270 -0.9739
vn 0.0843 -0.2325 -0.9689
vn 0.1577 -0.3041 -0.9395
vn 0.1956 -0.4102 -0.8908
vn 0.1964 -0.4808 -0.8546
vn 0.1688 -0.5191 -0.8379
vn -0.3042 -0.2792 0.9108
vn -0.2984 -0.2885 0.9098
vn -0.2777 -0.2703 0.9219
vn -0.3004 -0.3015 0.9049
vn -0.2850 -0.2748 0.9183
vn -0.3604 -0.3549 0.8626
vn -0.3123 -0.2684 0.9113
vn -0.3225 -0.2608 0.9100
vn -0.3262 -0.2557 0.9100
vn -0.3078 -0.2458 0.9192
vn -0.2759 -0.2643 0.9241
vn -0.2842 -0.2569 0.9237
vn -0.2933 -0.2548 0.9215
vn -0.2960 -0.2395 0.9247
vn -0.2882 -0.2124 0.9337
vn -0.2694 -0.2105 0.9397
vn -0.2895 0.9309 -0.2230
vn -0.4065 0.9061 -0.1174
vn -0.5408 0.8354 -0.0982
vn -0.6345 0.7348 -0.2397
vn -0.6149 0.6273 -0.4779
vn -0.5608 0.5820 -0.5889
vn 0.4319 0.7472 -0.5052
vn 0.4385 0.7263 -0.5293
vn 0.4512 0.6853 -0.5716
vn 0.4671 0.6195 -0.6309
vn 0.4918 0.4682 -0.7341
vn 0.5104 0.2772 -0.8140
vn 0.0523 0.8042 0.5921
vn 0.1491 0.9423 0.2999
vn 0.2548 0.9669 0.0153
vn 0.3783 0.8628 -0.3355
vn 0.4598 0.6354 -0.6204
vn 0.4755 0.5345 -0.6988
vn 0.0031 0.5973 0.8020
vn 0.2020 0.6625 0.7213
vn -0.0523 0.8042 0.5921
vn 0.1297 0.8702 0.4753
vn -0.1491 0.9423 0.2999
vn 0.0295 0.9847 0.1720
vn -0.2548 0.9669 0.0153
vn -0.0787 0.9875 -0.1368
vn -0.3783 0.8628 -0.3355
vn -0.2042 0.8375 -0.5069
vn -0.4597 0.6354 -0.6204
vn -0.2703 0.6234 -0.7337
vn 0.8903 0.4521 0.0536
vn 0.8156 0.5710 -0.0935
vn 0.7408 0.6153 -0.2696
vn 0.7294 0.4909 -0.4764
vn 0.9026 -0.0467 -0.4279
vn 0.8993 -0.0455 -0.4350
vn 0.9048 -0.0395 -0.4239
vn 0.9092 -0.0349 -0.4149
vn -0.0667 -0.5378 0.8404
vn -0.0953 -0.3201 0.9426
vn -0.1034 -0.1838 0.9775
vn -0.1038 -0.1294 0.9861
vn -0.1049 -0.1011 0.9893
vn -0.1088 -0.0884 0.9901
vn -0.5067 -0.7800 -0.3674
vn -0.5428 -0.7501 -0.3779
vn -0.5764 -0.7340 -0.3591
vn -0.6046 -0.7156 -0.3497
vn -0.6417 -0.7023 -0.3081
vn -0.6289 -0.7020 -0.3341
vn -0.1398 -0.5761 -0.8053
vn 0.3801 -0.3983 -0.8348
vn 0.3560 -0.4155 -0.8370
vn 0.3792 -0.3943 -0.8371
vn 0.4124 -0.3948 -0.8210
vn 0.4227 -0.3800 -0.8228
vn 0.4996 -0.3827 -0.7771
vn 0.4681 -0.3993 -0.7883
vn 0.8041 -0.5673 -0.1776
vn 0.0108 0.0117 -0.9999
vn 0.0910 -0.0153 -0.9957
vn 0.1081 -0.0286 -0.9937
vn -0.7062 -0.2338 -0.6683
vn -0.7143 -0.2815 -0.6407
vn -0.7813 -0.2575 -0.5685
vn 0.9960 -0.0884 0.0100
vn 0.9842 -0.1262 -0.1240
vn 0.9866 -0.1604 0.0288
vn 0.9928 -0.0784 -0.0906
vn 0.9924 -0.1233 -0.0024
vn 0.9839 -0.1664 -0.0654
vn -0.0539 -0.1947 -0.9794
vn -0.0755 -0.1855 -0.9797
vn -0.0958 -0.1772 -0.9795
vn -0.0747 -0.2084 -0.9752
vn 0.2354 0.0394 -0.9711
vn 0.2254 0.0708 -0.9717
vn 0.2180 0.0873 -0.9720
vn 0.2121 0.0985 -0.9723
vn 0.2104 0.1080 -0.9716
vn 0.2109 0.1238 -0.9696
vn -0.4754 -0.2187 -0.8522
vn -0.5789 -0.1831 -0.7946
vn -0.6547 -0.1534 -0.7401
vn 0.9168 -0.3987 -0.0215
vn 0.9087 -0.4173 -0.0056
vn 0.8969 -0.4416 -0.0243
vn 0.8286 -0.5275 -0.1874
vn 0.8367 -0.5199 -0.1718
vn 0.8540 -0.5105 -0.1001
vn 0.8896 -0.4567 0.0100
vn 0.8450 -0.5331 -0.0416
vn 0.8849 -0.4642 0.0390
# 4957 vertex normals

vt 0.0064 0.9405 0.0000
vt 0.0080 0.9516 0.0000
vt 0.0074 0.9524 0.0000
vt 0.0070 0.9403 0.0000
vt 0.0043 0.9143 0.0000
vt 0.0049 0.9143 0.0000
vt 0.0029 0.8889 0.0000
vt 0.0035 0.8890 0.0000
vt 0.0030 0.8877 0.0000
vt 0.0036 0.8879 0.0000
vt 0.0038 0.8863 0.0000
vt 0.0044 0.8878 0.0000
vt 0.0048 0.8874 0.0000
vt 0.0111 0.8794 0.0000
vt 0.0119 0.8812 0.0000
vt 0.0191 0.8731 0.0000
vt 0.0199 0.8749 0.0000
vt 0.0058 0.9138 0.0000
vt 0.0044 0.8889 0.0000
vt 0.0051 0.8883 0.0000
vt 0.0121 0.8823 0.0000
vt 0.0200 0.8761 0.0000
vt 0.0274 0.8690 0.0000
vt 0.0279 0.8700 0.0000
vt 0.0344 0.8634 0.0000
vt 0.0350 0.8642 0.0000
vt 0.0065 0.9137 0.0000
vt 0.0142 0.9126 0.0000
vt 0.0233 0.9111 0.0000
vt 0.0318 0.8785 0.0000
vt 0.0390 0.8698 0.0000
vt 0.0411 0.8590 0.0000
vt 0.0444 0.8642 0.0000
vt 0.0477 0.8530 0.0000
vt 0.0501 0.8564 0.0000
vt 0.0340 0.9093 0.0000
vt 0.0441 0.8807 0.0000
vt 0.0483 0.8691 0.0000
vt 0.0530 0.8608 0.0000
vt 0.0572 0.8482 0.0000
vt 0.0595 0.8520 0.0000
vt 0.0676 0.8421 0.0000
vt 0.0655 0.8386 0.0000
vt 0.0749 0.8270 0.0000
vt 0.0769 0.8304 0.0000
vt 0.0865 0.8175 0.0000
vt 0.0525 0.8719 0.0000
vt 0.0563 0.8645 0.0000
vt 0.0622 0.8558 0.0000
vt 0.0698 0.8458 0.0000
vt 0.0789 0.8341 0.0000
vt 0.0886 0.8211 0.0000
vt 0.0979 0.8073 0.0000
vt 0.0955 0.8040 0.0000
vt 0.1039 0.7894 0.0000
vt 0.0557 0.8732 0.0000
vt 0.0588 0.8670 0.0000
vt 0.0640 0.8585 0.0000
vt 0.0713 0.8482 0.0000
vt 0.0803 0.8365 0.0000
vt 0.0900 0.8235 0.0000
vt 0.0994 0.8094 0.0000
vt 0.1081 0.7942 0.0000
vt 0.1065 0.7923 0.0000
vt 0.1158 0.7777 0.0000
vt 0.0569 0.8737 0.0000
vt 0.0597 0.8682 0.0000
vt 0.0649 0.8600 0.0000
vt 0.0721 0.8498 0.0000
vt 0.0811 0.8381 0.0000
vt 0.0909 0.8251 0.0000
vt 0.1004 0.8108 0.0000
vt 0.1093 0.7953 0.0000
vt 0.6904 0.2626 0.0000
vt 0.6904 0.2472 0.0000
vt 0.6921 0.2627 0.0000
vt 0.6921 0.2474 0.0000
vt 0.6904 0.2324 0.0000
vt 0.6921 0.2326 0.0000
vt 0.6904 0.2189 0.0000
vt 0.6921 0.2191 0.0000
vt 0.6904 0.2077 0.0000
vt 0.6921 0.2078 0.0000
vt 0.6904 0.1992 0.0000
vt 0.6921 0.1993 0.0000
vt 0.6904 0.1939 0.0000
vt 0.6921 0.1940 0.0000
vt 0.6904 0.1901 0.0000
vt 0.6921 0.1902 0.0000
vt 0.6889 0.1901 0.0000
vt 0.6889 0.1938 0.0000
vt 0.6889 0.1991 0.0000
vt 0.6889 0.2075 0.0000
vt 0.6889 0.2188 0.0000
vt 0.6889 0.2323 0.0000
vt 0.6889 0.2471 0.0000
vt 0.6889 0.2624 0.0000
vt 0.6889 0.2779 0.0000
vt 0.6904 0.2781 0.0000
vt 0.6889 0.2936 0.0000
vt 0.6905 0.2937 0.0000
vt 0.6889 0.3011 0.0000
vt 0.6904 0.3012 0.0000
vt 0.6889 0.3086 0.0000
vt 0.6905 0.3087 0.0000
vt 0.6889 0.3221 0.0000
vt 0.6905 0.3222 0.0000
vt 0.6905 0.3345 0.0000
vt 0.6889 0.3344 0.0000
vt 0.6905 0.3456 0.0000
vt 0.6889 0.3455 0.0000
vt 0.6921 0.3455 0.0000
vt 0.6921 0.3344 0.0000
vt 0.6921 0.3222 0.0000
vt 0.6921 0.3088 0.0000
vt 0.6921 0.3013 0.0000
vt 0.6921 0.2938 0.0000
vt 0.6921 0.2782 0.0000
vt 0.1170 0.7785 0.0000
vt 0.1204 0.7702 0.0000
vt 0.1194 0.7690 0.0000
vt 0.1236 0.7617 0.0000
vt 0.1228 0.7600 0.0000
vt 0.1293 0.7463 0.0000
vt 0.1281 0.7454 0.0000
vt 0.1329 0.7319 0.0000
vt 0.1342 0.7322 0.0000
vt 0.1385 0.7175 0.0000
vt 0.1391 0.7198 0.0000
vt 0.1432 0.7079 0.0000
vt 0.1433 0.7106 0.0000
vt 0.1461 0.7063 0.0000
vt 0.1142 0.7761 0.0000
vt 0.1181 0.7669 0.0000
vt 0.1218 0.7575 0.0000
vt 0.1312 0.7314 0.0000
vt 0.1378 0.7109 0.0000
vt 0.1436 0.6990 0.0000
vt 0.1456 0.7013 0.0000
vt 0.1459 0.7041 0.0000
vt 0.1368 0.7066 0.0000
vt 0.1287 0.7303 0.0000
vt 0.1259 0.7294 0.0000
vt 0.1225 0.7419 0.0000
vt 0.1191 0.7544 0.0000
vt 0.1153 0.7644 0.0000
vt 0.1115 0.7736 0.0000
vt 0.0843 0.8143 0.0000
vt 0.0930 0.8008 0.0000
vt 0.1011 0.7866 0.0000
vt 0.1086 0.7711 0.0000
vt 0.1126 0.7618 0.0000
vt 0.1162 0.7521 0.0000
vt 0.1200 0.7407 0.0000
vt 0.1234 0.7291 0.0000
vt 0.1063 0.7694 0.0000
vt 0.1103 0.7601 0.0000
vt 0.1140 0.7506 0.0000
vt 0.1180 0.7394 0.0000
vt 0.1216 0.7280 0.0000
vt 0.1268 0.7170 0.0000
vt 0.1251 0.7162 0.0000
vt 0.1284 0.7041 0.0000
vt 0.1301 0.7047 0.0000
vt 0.1313 0.6924 0.0000
vt 0.1329 0.6931 0.0000
vt 0.1244 0.7157 0.0000
vt 0.1208 0.7276 0.0000
vt 0.1172 0.7389 0.0000
vt 0.1132 0.7500 0.0000
vt 0.1096 0.7596 0.0000
vt 0.1054 0.7690 0.0000
vt 0.0987 0.7849 0.0000
vt 0.0978 0.7846 0.0000
vt 0.0909 0.7990 0.0000
vt 0.0902 0.7983 0.0000
vt 0.1164 0.7382 0.0000
vt 0.1125 0.7492 0.0000
vt 0.1088 0.7587 0.0000
vt 0.1047 0.7680 0.0000
vt 0.0971 0.7834 0.0000
vt 0.0895 0.7972 0.0000
vt 0.0812 0.8100 0.0000
vt 0.0820 0.8112 0.0000
vt 0.0729 0.8238 0.0000
vt 0.0720 0.8225 0.0000
vt 0.1136 0.7357 0.0000
vt 0.1097 0.7466 0.0000
vt 0.1062 0.7557 0.0000
vt 0.1021 0.7651 0.0000
vt 0.0947 0.7805 0.0000
vt 0.0871 0.7942 0.0000
vt 0.0790 0.8070 0.0000
vt 0.0700 0.8194 0.0000
vt 0.0627 0.8338 0.0000
vt 0.0607 0.8307 0.0000
vt 0.0540 0.8431 0.0000
vt 0.0521 0.8399 0.0000
vt 0.0463 0.8505 0.0000
vt 0.0445 0.8474 0.0000
vt 0.0398 0.8564 0.0000
vt 0.0380 0.8533 0.0000
vt 0.0335 0.8617 0.0000
vt 0.0318 0.8586 0.0000
vt 0.0266 0.8672 0.0000
vt 0.0250 0.8642 0.0000
vt 0.0174 0.8702 0.0000
vt 0.0635 0.8351 0.0000
vt 0.0547 0.8446 0.0000
vt 0.0471 0.8521 0.0000
vt 0.0406 0.8581 0.0000
vt 0.0555 0.8455 0.0000
vt 0.0641 0.8361 0.0000
vt 0.0734 0.8247 0.0000
vt 0.0826 0.8120 0.0000
vt 0.5268 0.1149 0.0000
vt 0.5257 0.1167 0.0000
vt 0.5261 0.1123 0.0000
vt 0.5286 0.1007 0.0000
vt 0.5291 0.1012 0.0000
vt 0.5264 0.1005 0.0000
vt 0.5289 0.1017 0.0000
vt 0.5290 0.1024 0.0000
vt 0.5271 0.1023 0.0000
vt 0.5270 0.1035 0.0000
vt 0.5288 0.1036 0.0000
vt 0.5269 0.1055 0.0000
vt 0.5287 0.1054 0.0000
vt 0.5285 0.1077 0.0000
vt 0.5267 0.1083 0.0000
vt 0.5281 0.1103 0.0000
vt 0.5277 0.1128 0.0000
vt 0.4664 0.1011 0.0000
vt 0.4670 0.1006 0.0000
vt 0.4692 0.1003 0.0000
vt 0.4698 0.1166 0.0000
vt 0.4687 0.1149 0.0000
vt 0.4694 0.1123 0.0000
vt 0.4679 0.1127 0.0000
vt 0.4674 0.1103 0.0000
vt 0.4671 0.1076 0.0000
vt 0.4689 0.1083 0.0000
vt 0.4686 0.1054 0.0000
vt 0.4668 0.1054 0.0000
vt 0.4667 0.1035 0.0000
vt 0.4685 0.1035 0.0000
vt 0.4666 0.1024 0.0000
vt 0.4685 0.1022 0.0000
vt 0.4666 0.1016 0.0000
vt 0.1022 0.9126 0.0000
vt 0.0968 0.9110 0.0000
vt 0.1022 0.9110 0.0000
vt 0.1092 0.9126 0.0000
vt 0.1092 0.9110 0.0000
vt 0.1167 0.9125 0.0000
vt 0.1167 0.9110 0.0000
vt 0.1233 0.9126 0.0000
vt 0.1233 0.9110 0.0000
vt 0.1288 0.9126 0.0000
vt 0.1288 0.9110 0.0000
vt 0.1326 0.9126 0.0000
vt 0.1326 0.9110 0.0000
vt 0.1356 0.9126 0.0000
vt 0.1356 0.9110 0.0000
vt 0.1388 0.9126 0.0000
vt 0.1388 0.9110 0.0000
vt 0.1234 0.9144 0.0000
vt 0.1288 0.9144 0.0000
vt 0.1326 0.9144 0.0000
vt 0.1356 0.9144 0.0000
vt 0.1388 0.9144 0.0000
vt 0.6980 0.3651 0.0000
vt 0.6960 0.3651 0.0000
vt 0.6980 0.3610 0.0000
vt 0.6960 0.3611 0.0000
vt 0.6980 0.3572 0.0000
vt 0.6959 0.3573 0.0000
vt 0.6980 0.3519 0.0000
vt 0.6959 0.3520 0.0000
vt 0.9363 0.9038 0.0000
vt 0.9355 0.9018 0.0000
vt 0.9406 0.8969 0.0000
vt 0.9396 0.8956 0.0000
vt 0.9430 0.8915 0.0000
vt 0.9421 0.8907 0.0000
vt 0.9445 0.8864 0.0000
vt 0.9433 0.8862 0.0000
vt 0.9436 0.8810 0.0000
vt 0.9448 0.8808 0.0000
vt 0.9444 0.8756 0.0000
vt 0.9431 0.8758 0.0000
vt 0.9430 0.8706 0.0000
vt 0.9418 0.8712 0.0000
vt 0.9399 0.8643 0.0000
vt 0.9389 0.8657 0.0000
vt 0.9652 0.9067 0.0000
vt 0.9541 0.9050 0.0000
vt 0.9547 0.8780 0.0000
vt 0.9459 0.9036 0.0000
vt 0.9402 0.9138 0.0000
vt 0.9483 0.8854 0.0000
vt 0.9479 0.8753 0.0000
vt 0.9462 0.8692 0.0000
vt 0.9423 0.8618 0.0000
vt 0.9505 0.8663 0.0000
vt 0.9456 0.8580 0.0000
vt 0.9363 0.8532 0.0000
vt 0.9390 0.8492 0.0000
vt 0.9308 0.8393 0.0000
vt 0.9286 0.8431 0.0000
vt 0.9193 0.8314 0.0000
vt 0.9213 0.8277 0.0000
vt 0.9116 0.8148 0.0000
vt 0.9094 0.8185 0.0000
vt 0.9760 0.9084 0.0000
vt 0.9672 0.8756 0.0000
vt 0.9598 0.8669 0.0000
vt 0.9543 0.8613 0.0000
vt 0.9485 0.8536 0.0000
vt 0.9413 0.8454 0.0000
vt 0.9328 0.8358 0.0000
vt 0.9233 0.8243 0.0000
vt 0.9509 0.8501 0.0000
vt 0.9576 0.8560 0.0000
vt 0.9639 0.8612 0.0000
vt 0.9711 0.8669 0.0000
vt 0.9791 0.8729 0.0000
vt 0.9872 0.8790 0.0000
vt 0.9853 0.9097 0.0000
vt 0.9943 0.8850 0.0000
vt 0.9930 0.9107 0.0000
vt 0.9938 0.9108 0.0000
vt 0.9950 0.8856 0.0000
vt 0.9958 0.8846 0.0000
vt 0.9950 0.8845 0.0000
vt 0.9946 0.8841 0.0000
vt 0.9873 0.8779 0.0000
vt 0.9792 0.8717 0.0000
vt 0.9715 0.8659 0.0000
vt 0.9644 0.8604 0.0000
vt 0.9581 0.8551 0.0000
vt 0.9515 0.8493 0.0000
vt 0.9881 0.8761 0.0000
vt 0.9800 0.8698 0.0000
vt 0.9724 0.8641 0.0000
vt 0.9653 0.8586 0.0000
vt 0.9590 0.8534 0.0000
vt 0.9523 0.8476 0.0000
vt 0.9445 0.8402 0.0000
vt 0.9438 0.8418 0.0000
vt 0.9357 0.8309 0.0000
vt 0.9541 0.8444 0.0000
vt 0.9607 0.8502 0.0000
vt 0.9670 0.8555 0.0000
vt 0.9740 0.8610 0.0000
vt 0.9817 0.8669 0.0000
vt 0.9899 0.8734 0.0000
vt 0.9955 0.8830 0.0000
vt 0.9978 0.8802 0.0000
vt 0.9964 0.8844 0.0000
vt 0.9990 0.8815 0.0000
vt 0.9925 0.9501 0.0000
vt 0.9920 0.9493 0.0000
vt 0.9927 0.9478 0.0000
vt 0.9921 0.9477 0.0000
vt 0.9934 0.9379 0.0000
vt 0.9928 0.9377 0.0000
vt 0.9952 0.9113 0.0000
vt 0.9946 0.9113 0.0000
vt 0.9965 0.8857 0.0000
vt 0.9958 0.8858 0.0000
vt 0.9642 0.9334 0.0000
vt 0.9748 0.9345 0.0000
vt 0.9638 0.9440 0.0000
vt 0.9743 0.9455 0.0000
vt 0.9838 0.9360 0.0000
vt 0.9832 0.9467 0.0000
vt 0.9913 0.9374 0.0000
vt 0.9904 0.9474 0.0000
vt 0.9920 0.9375 0.0000
vt 0.9913 0.9475 0.0000
vt 0.9520 0.9319 0.0000
vt 0.9339 0.9206 0.0000
vt 0.9351 0.9304 0.0000
vt 0.9218 0.9291 0.0000
vt 0.9720 0.9723 0.0000
vt 0.9603 0.9871 0.0000
vt 0.9620 0.9695 0.0000
vt 0.9496 0.9838 0.0000
vt 0.9505 0.9661 0.0000
vt 0.9382 0.9803 0.0000
vt 0.9418 0.9631 0.0000
vt 0.9408 0.9612 0.0000
vt 0.9365 0.9552 0.0000
vt 0.9420 0.9431 0.0000
vt 0.9431 0.9413 0.0000
vt 0.9517 0.9423 0.0000
vt 0.9239 0.9525 0.0000
vt 0.9260 0.9771 0.0000
vt 0.9382 0.9820 0.0000
vt 0.9495 0.9853 0.0000
vt 0.9602 0.9884 0.0000
vt 0.9698 0.9913 0.0000
vt 0.9699 0.9901 0.0000
vt 0.9781 0.9939 0.0000
vt 0.9783 0.9926 0.0000
vt 0.9852 0.9947 0.0000
vt 0.9806 0.9747 0.0000
vt 0.9876 0.9768 0.0000
vt 0.9885 0.9771 0.0000
vt 0.9860 0.9950 0.0000
vt 0.9858 0.9961 0.0000
vt 0.9868 0.9952 0.0000
vt 0.9894 0.9770 0.0000
vt 0.9895 0.9757 0.0000
vt 0.9899 0.9770 0.0000
vt 0.9901 0.9751 0.0000
vt 0.9849 0.9959 0.0000
vt 0.9850 0.9970 0.0000
vt 0.9864 0.9973 0.0000
vt 0.9874 0.9953 0.0000
vt 0.9869 0.9982 0.0000
vt 0.9851 0.9980 0.0000
vt 0.9785 0.9961 0.0000
vt 0.9783 0.9951 0.0000
vt 0.9697 0.9926 0.0000
vt 0.9600 0.9897 0.0000
vt 0.9494 0.9865 0.0000
vt 0.9381 0.9833 0.0000
vt 0.9380 0.9842 0.0000
vt 0.9493 0.9874 0.0000
vt 0.9599 0.9905 0.0000
vt 0.9697 0.9935 0.0000
vt 0.9003 0.9748 0.0000
vt 0.9128 0.9774 0.0000
vt 0.9004 0.9757 0.0000
vt 0.9128 0.9783 0.0000
vt 0.9259 0.9803 0.0000
vt 0.9258 0.9811 0.0000
vt 0.8815 0.9712 0.0000
vt 0.8815 0.9699 0.0000
vt 0.8903 0.9728 0.0000
vt 0.8904 0.9716 0.0000
vt 0.9005 0.9734 0.0000
vt 0.9129 0.9761 0.0000
vt 0.9260 0.9789 0.0000
vt 0.9129 0.9745 0.0000
vt 0.9127 0.9518 0.0000
vt 0.8814 0.9684 0.0000
vt 0.8908 0.9702 0.0000
vt 0.9008 0.9721 0.0000
vt 0.8853 0.9506 0.0000
vt 0.8941 0.9511 0.0000
vt 0.8854 0.9356 0.0000
vt 0.8950 0.9357 0.0000
vt 0.9018 0.9341 0.0000
vt 0.9049 0.9515 0.0000
vt 0.9072 0.9319 0.0000
vt 0.9124 0.9289 0.0000
vt 0.9121 0.9263 0.0000
vt 0.9074 0.9295 0.0000
vt 0.9021 0.9319 0.0000
vt 0.8952 0.9335 0.0000
vt 0.8854 0.9334 0.0000
vt 0.8766 0.9317 0.0000
vt 0.8767 0.9340 0.0000
vt 0.8681 0.9293 0.0000
vt 0.8683 0.9317 0.0000
vt 0.8600 0.9264 0.0000
vt 0.8601 0.9287 0.0000
vt 0.0968 0.9126 0.0000
vt 0.0968 0.9144 0.0000
vt 0.0920 0.9126 0.0000
vt 0.0920 0.9144 0.0000
vt 0.0868 0.9126 0.0000
vt 0.0868 0.9144 0.0000
vt 0.0803 0.9126 0.0000
vt 0.0803 0.9144 0.0000
vt 0.3768 0.0844 0.0000
vt 0.3768 0.0826 0.0000
vt 0.3872 0.0844 0.0000
vt 0.3872 0.0826 0.0000
vt 0.3967 0.0844 0.0000
vt 0.3967 0.0826 0.0000
vt 0.4061 0.0844 0.0000
vt 0.4061 0.0826 0.0000
vt 0.4151 0.0844 0.0000
vt 0.4150 0.0826 0.0000
vt 0.3768 0.0861 0.0000
vt 0.3872 0.0861 0.0000
vt 0.3967 0.0861 0.0000
vt 0.4060 0.0861 0.0000
vt 0.4151 0.0861 0.0000
vt 0.4224 0.0844 0.0000
vt 0.4224 0.0861 0.0000
vt 0.4285 0.0844 0.0000
vt 0.4285 0.0861 0.0000
vt 0.4338 0.0844 0.0000
vt 0.4338 0.0861 0.0000
vt 0.4224 0.0826 0.0000
vt 0.4284 0.0826 0.0000
vt 0.4337 0.0826 0.0000
vt 0.4387 0.0844 0.0000
vt 0.4386 0.0826 0.0000
vt 0.4439 0.0844 0.0000
vt 0.4438 0.0826 0.0000
vt 0.4509 0.0844 0.0000
vt 0.4509 0.0826 0.0000
vt 0.6803 0.1695 0.0000
vt 0.6822 0.1695 0.0000
vt 0.6803 0.1795 0.0000
vt 0.6822 0.1795 0.0000
vt 0.8535 0.9234 0.0000
vt 0.8535 0.9257 0.0000
vt 0.8484 0.9199 0.0000
vt 0.8482 0.9222 0.0000
vt 0.8444 0.9156 0.0000
vt 0.8441 0.9180 0.0000
vt 0.8415 0.9104 0.0000
vt 0.8407 0.9118 0.0000
vt 0.8387 0.9040 0.0000
vt 0.8398 0.9038 0.0000
vt 0.8389 0.8943 0.0000
vt 0.8377 0.8939 0.0000
vt 0.8372 0.8807 0.0000
vt 0.8385 0.8807 0.0000
vt 0.8419 0.9399 0.0000
vt 0.8372 0.9383 0.0000
vt 0.8360 0.9111 0.0000
vt 0.8353 0.8874 0.0000
vt 0.8349 0.8635 0.0000
vt 0.8372 0.8628 0.0000
vt 0.8345 0.8399 0.0000
vt 0.8374 0.8400 0.0000
vt 0.8375 0.8152 0.0000
vt 0.8339 0.8150 0.0000
vt 0.8306 0.8642 0.0000
vt 0.8312 0.8882 0.0000
vt 0.8318 0.9119 0.0000
vt 0.8324 0.9374 0.0000
vt 0.8385 0.8627 0.0000
vt 0.8387 0.8401 0.0000
vt 0.8388 0.8152 0.0000
vt 0.8387 0.7903 0.0000
vt 0.8375 0.7903 0.0000
vt 0.8384 0.7656 0.0000
vt 0.8371 0.7656 0.0000
vt 0.8376 0.7415 0.0000
vt 0.8363 0.7416 0.0000
vt 0.8370 0.7228 0.0000
vt 0.8357 0.7227 0.0000
vt 0.6803 0.1927 0.0000
vt 0.6822 0.1927 0.0000
vt 0.6803 0.2093 0.0000
vt 0.6822 0.2093 0.0000
vt 0.6803 0.2277 0.0000
vt 0.6822 0.2276 0.0000
vt 0.6803 0.2462 0.0000
vt 0.6822 0.2461 0.0000
vt 0.6803 0.2646 0.0000
vt 0.6822 0.2645 0.0000
vt 0.6803 0.2825 0.0000
vt 0.6822 0.2824 0.0000
vt 0.6803 0.2964 0.0000
vt 0.6822 0.2963 0.0000
vt 0.6785 0.2277 0.0000
vt 0.6785 0.2462 0.0000
vt 0.6785 0.2646 0.0000
vt 0.6785 0.2825 0.0000
vt 0.6785 0.2964 0.0000
vt 0.6802 0.3026 0.0000
vt 0.6785 0.3026 0.0000
vt 0.6785 0.3054 0.0000
vt 0.6803 0.3054 0.0000
vt 0.6785 0.3085 0.0000
vt 0.6803 0.3085 0.0000
vt 0.6822 0.3025 0.0000
vt 0.6822 0.3053 0.0000
vt 0.6822 0.3085 0.0000
vt 0.6803 0.3118 0.0000
vt 0.6822 0.3117 0.0000
vt 0.6803 0.3151 0.0000
vt 0.6822 0.3151 0.0000
vt 0.6959 0.1861 0.0000
vt 0.6980 0.1861 0.0000
vt 0.6959 0.1896 0.0000
vt 0.6980 0.1896 0.0000
vt 0.6960 0.1925 0.0000
vt 0.6980 0.1925 0.0000
vt 0.8372 0.7144 0.0000
vt 0.8360 0.7142 0.0000
vt 0.8371 0.7096 0.0000
vt 0.8380 0.7107 0.0000
vt 0.8396 0.7071 0.0000
vt 0.8390 0.7050 0.0000
vt 0.8419 0.7042 0.0000
vt 0.8414 0.7020 0.0000
vt 0.8449 0.7026 0.0000
vt 0.8446 0.7004 0.0000
vt 0.8480 0.7025 0.0000
vt 0.8479 0.7003 0.0000
vt 0.8507 0.7016 0.0000
vt 0.8505 0.7037 0.0000
vt 0.8343 0.6898 0.0000
vt 0.8277 0.6923 0.0000
vt 0.8295 0.7171 0.0000
vt 0.8310 0.7413 0.0000
vt 0.8322 0.7655 0.0000
vt 0.8332 0.7902 0.0000
vt 0.8186 0.6689 0.0000
vt 0.8209 0.6932 0.0000
vt 0.8229 0.7172 0.0000
vt 0.8246 0.7413 0.0000
vt 0.8262 0.7656 0.0000
vt 0.8276 0.7901 0.0000
vt 0.8288 0.8149 0.0000
vt 0.8298 0.8397 0.0000
vt 0.8268 0.9365 0.0000
vt 0.8264 0.9129 0.0000
vt 0.8258 0.8887 0.0000
vt 0.8251 0.8643 0.0000
vt 0.8241 0.8396 0.0000
vt 0.8229 0.8149 0.0000
vt 0.8215 0.7903 0.0000
vt 0.8200 0.7659 0.0000
vt 0.8183 0.7416 0.0000
vt 0.8116 0.7423 0.0000
vt 0.8133 0.7663 0.0000
vt 0.8148 0.7906 0.0000
vt 0.8162 0.8150 0.0000
vt 0.8175 0.8396 0.0000
vt 0.8186 0.8643 0.0000
vt 0.8195 0.8889 0.0000
vt 0.8202 0.9132 0.0000
vt 0.8206 0.9365 0.0000
vt 0.8211 0.9580 0.0000
vt 0.8272 0.9587 0.0000
vt 0.8272 0.9601 0.0000
vt 0.8211 0.9595 0.0000
vt 0.8273 0.9614 0.0000
vt 0.8211 0.9608 0.0000
vt 0.8211 0.9615 0.0000
vt 0.8273 0.9622 0.0000
vt 0.8334 0.9621 0.0000
vt 0.8334 0.9630 0.0000
vt 0.8395 0.9630 0.0000
vt 0.8396 0.9639 0.0000
vt 0.8334 0.9609 0.0000
vt 0.8395 0.9617 0.0000
vt 0.8464 0.9641 0.0000
vt 0.8464 0.9629 0.0000
vt 0.8548 0.9658 0.0000
vt 0.8548 0.9646 0.0000
vt 0.8639 0.9677 0.0000
vt 0.8639 0.9664 0.0000
vt 0.8728 0.9694 0.0000
vt 0.8727 0.9681 0.0000
vt 0.8464 0.9650 0.0000
vt 0.8548 0.9667 0.0000
vt 0.8640 0.9685 0.0000
vt 0.8728 0.9703 0.0000
vt 0.8815 0.9721 0.0000
vt 0.8904 0.9737 0.0000
vt 0.8726 0.9666 0.0000
vt 0.8638 0.9650 0.0000
vt 0.8548 0.9632 0.0000
vt 0.8465 0.9616 0.0000
vt 0.8397 0.9603 0.0000
vt 0.8333 0.9592 0.0000
vt 0.8704 0.9488 0.0000
vt 0.8620 0.9465 0.0000
vt 0.8543 0.9441 0.0000
vt 0.8475 0.9415 0.0000
vt 0.8777 0.9496 0.0000
vt 0.4978 0.1107 0.0000
vt 0.5112 0.1183 0.0000
vt 0.5093 0.1190 0.0000
vt 0.4939 0.1238 0.0000
vt 0.4920 0.1228 0.0000
vt 0.4959 0.1244 0.0000
vt 0.4978 0.1245 0.0000
vt 0.4998 0.1244 0.0000
vt 0.5076 0.1200 0.0000
vt 0.5017 0.1238 0.0000
vt 0.5036 0.1228 0.0000
vt 0.5056 0.1214 0.0000
vt 0.4819 0.1181 0.0000
vt 0.4845 0.1183 0.0000
vt 0.4864 0.1189 0.0000
vt 0.4881 0.1200 0.0000
vt 0.4900 0.1214 0.0000
vt 0.4712 0.1176 0.0000
vt 0.4733 0.1180 0.0000
vt 0.4775 0.1181 0.0000
vt 0.4978 0.0989 0.0000
vt 0.4978 0.1007 0.0000
vt 0.4978 0.1019 0.0000
vt 0.4978 0.1039 0.0000
vt 0.4978 0.1066 0.0000
vt 0.4452 0.0963 0.0000
vt 0.4453 0.0965 0.0000
vt 0.4139 0.0977 0.0000
vt 0.5137 0.1181 0.0000
vt 0.5180 0.1181 0.0000
vt 0.5223 0.1181 0.0000
vt 0.5244 0.1177 0.0000
vt 0.1528 0.5839 0.0000
vt 0.1503 0.5964 0.0000
vt 0.1509 0.5837 0.0000
vt 0.1514 0.5722 0.0000
vt 0.1490 0.5833 0.0000
vt 0.1495 0.5708 0.0000
vt 0.1518 0.5607 0.0000
vt 0.1533 0.5716 0.0000
vt 0.1535 0.5588 0.0000
vt 0.1518 0.5514 0.0000
vt 0.1535 0.5472 0.0000
vt 0.1518 0.5411 0.0000
vt 0.1531 0.5352 0.0000
vt 0.1509 0.5144 0.0000
vt 0.1501 0.5355 0.0000
vt 0.1500 0.5466 0.0000
vt 0.1523 0.4881 0.0000
vt 0.1533 0.4986 0.0000
vt 0.1490 0.4896 0.0000
vt 0.1500 0.5013 0.0000
vt 0.1540 0.5097 0.0000
vt 0.1554 0.5323 0.0000
vt 0.1556 0.5453 0.0000
vt 0.1556 0.5581 0.0000
vt 0.1554 0.5710 0.0000
vt 0.1811 0.5375 0.0000
vt 0.1763 0.5644 0.0000
vt 0.1729 0.5318 0.0000
vt 0.1682 0.5606 0.0000
vt 0.1600 0.5542 0.0000
vt 0.1583 0.5851 0.0000
vt 0.1591 0.5414 0.0000
vt 0.1585 0.5282 0.0000
vt 0.1578 0.5064 0.0000
vt 0.1569 0.4969 0.0000
vt 0.1650 0.5257 0.0000
vt 0.1696 0.4958 0.0000
vt 0.1620 0.4912 0.0000
vt 0.1559 0.4872 0.0000
vt 0.1557 0.4648 0.0000
vt 0.1662 0.4669 0.0000
vt 0.1783 0.4647 0.0000
vt 0.1853 0.4766 0.0000
vt 0.1788 0.5030 0.0000
vt 0.1863 0.5109 0.0000
vt 0.1923 0.4858 0.0000
vt 0.1985 0.4619 0.0000
vt 0.1929 0.4517 0.0000
vt 0.1867 0.4391 0.0000
vt 0.1708 0.4506 0.0000
vt 0.1628 0.4387 0.0000
vt 0.1537 0.4544 0.0000
vt 0.1520 0.4442 0.0000
vt 0.1906 0.4002 0.0000
vt 0.1958 0.4151 0.0000
vt 0.2006 0.4277 0.0000
vt 0.2056 0.4381 0.0000
vt 0.2109 0.4459 0.0000
vt 0.2045 0.4691 0.0000
vt 0.1986 0.4927 0.0000
vt 0.1933 0.5170 0.0000
vt 0.1882 0.5423 0.0000
vt 0.2127 0.4172 0.0000
vt 0.2181 0.4254 0.0000
vt 0.2235 0.4320 0.0000
vt 0.2168 0.4523 0.0000
vt 0.2107 0.4747 0.0000
vt 0.2050 0.4980 0.0000
vt 0.1998 0.5219 0.0000
vt 0.1949 0.5463 0.0000
vt 0.1905 0.5709 0.0000
vt 0.1837 0.5678 0.0000
vt 0.2228 0.4578 0.0000
vt 0.2171 0.4797 0.0000
vt 0.2115 0.5025 0.0000
vt 0.2063 0.5260 0.0000
vt 0.2015 0.5497 0.0000
vt 0.1971 0.5738 0.0000
vt 0.1931 0.5983 0.0000
vt 0.1866 0.5958 0.0000
vt 0.1831 0.6208 0.0000
vt 0.1896 0.6231 0.0000
vt 0.1866 0.6480 0.0000
vt 0.1820 0.6962 0.0000
vt 0.1841 0.6726 0.0000
vt 0.1909 0.6741 0.0000
vt 0.1934 0.6499 0.0000
vt 0.1965 0.6253 0.0000
vt 0.2000 0.6008 0.0000
vt 0.2040 0.5766 0.0000
vt 0.2084 0.5528 0.0000
vt 0.2132 0.5295 0.0000
vt 0.1801 0.6460 0.0000
vt 0.1776 0.6710 0.0000
vt 0.1755 0.6953 0.0000
vt 0.1737 0.7191 0.0000
vt 0.1801 0.7196 0.0000
vt 0.1784 0.7434 0.0000
vt 0.1722 0.7431 0.0000
vt 0.1708 0.7673 0.0000
vt 0.1769 0.7675 0.0000
vt 0.1756 0.7917 0.0000
vt 0.1695 0.7917 0.0000
vt 0.1685 0.8163 0.0000
vt 0.1658 0.7433 0.0000
vt 0.1647 0.7673 0.0000
vt 0.1640 0.7918 0.0000
vt 0.1634 0.8165 0.0000
vt 0.1631 0.8412 0.0000
vt 0.1676 0.8409 0.0000
vt 0.1670 0.8652 0.0000
vt 0.1599 0.8167 0.0000
vt 0.1598 0.7920 0.0000
vt 0.1599 0.7675 0.0000
vt 0.1605 0.7436 0.0000
vt 0.1610 0.7248 0.0000
vt 0.1671 0.7191 0.0000
vt 0.1606 0.7164 0.0000
vt 0.1595 0.7119 0.0000
vt 0.1687 0.6945 0.0000
vt 0.1595 0.7166 0.0000
vt 0.1598 0.7250 0.0000
vt 0.1592 0.7436 0.0000
vt 0.1587 0.7675 0.0000
vt 0.1585 0.7920 0.0000
vt 0.1586 0.8167 0.0000
vt 0.1602 0.8413 0.0000
vt 0.1589 0.8414 0.0000
vt 0.1604 0.8640 0.0000
vt 0.6749 0.2753 0.0000
vt 0.6749 0.2570 0.0000
vt 0.6765 0.2754 0.0000
vt 0.6765 0.2570 0.0000
vt 0.6749 0.2384 0.0000
vt 0.6765 0.2385 0.0000
vt 0.6749 0.2201 0.0000
vt 0.6765 0.2202 0.0000
vt 0.6749 0.2021 0.0000
vt 0.6765 0.2023 0.0000
vt 0.6749 0.1882 0.0000
vt 0.6765 0.1884 0.0000
vt 0.6748 0.1820 0.0000
vt 0.6765 0.1822 0.0000
vt 0.6749 0.1792 0.0000
vt 0.6765 0.1793 0.0000
vt 0.3992 0.0899 0.0000
vt 0.3992 0.0916 0.0000
vt 0.3939 0.0899 0.0000
vt 0.3939 0.0916 0.0000
vt 0.3890 0.0899 0.0000
vt 0.3890 0.0916 0.0000
vt 0.3838 0.0899 0.0000
vt 0.3838 0.0916 0.0000
vt 0.3768 0.0899 0.0000
vt 0.3768 0.0916 0.0000
vt 0.6749 0.3151 0.0000
vt 0.6733 0.3151 0.0000
vt 0.6749 0.3052 0.0000
vt 0.6733 0.3052 0.0000
vt 0.6733 0.2920 0.0000
vt 0.6749 0.2920 0.0000
vt 0.6733 0.2753 0.0000
vt 0.6733 0.2569 0.0000
vt 0.6733 0.2384 0.0000
vt 0.6733 0.2201 0.0000
vt 0.6733 0.2021 0.0000
vt 0.6733 0.1882 0.0000
vt 0.6733 0.1821 0.0000
vt 0.6733 0.1793 0.0000
vt 0.1605 0.8817 0.0000
vt 0.1590 0.8952 0.0000
vt 0.1593 0.8817 0.0000
vt 0.6765 0.3052 0.0000
vt 0.6765 0.3151 0.0000
vt 0.3768 0.0882 0.0000
vt 0.3839 0.0882 0.0000
vt 0.3891 0.0882 0.0000
vt 0.3940 0.0882 0.0000
vt 0.3993 0.0882 0.0000
vt 0.4053 0.0882 0.0000
vt 0.4053 0.0899 0.0000
vt 0.4126 0.0882 0.0000
vt 0.1497 0.9206 0.0000
vt 0.1537 0.9164 0.0000
vt 0.1499 0.9228 0.0000
vt 0.1540 0.9187 0.0000
vt 0.1565 0.9111 0.0000
vt 0.1573 0.9125 0.0000
vt 0.1593 0.9048 0.0000
vt 0.1581 0.9045 0.0000
vt 0.1301 0.9325 0.0000
vt 0.1382 0.9295 0.0000
vt 0.1364 0.9472 0.0000
vt 0.1441 0.9447 0.0000
vt 0.1447 0.9264 0.0000
vt 0.1508 0.9420 0.0000
vt 0.1563 0.9404 0.0000
vt 0.1609 0.9388 0.0000
vt 0.1619 0.9118 0.0000
vt 0.1602 0.8948 0.0000
vt 0.1649 0.9596 0.0000
vt 0.1586 0.9607 0.0000
vt 0.1519 0.9620 0.0000
vt 0.1437 0.9637 0.0000
vt 0.1348 0.9656 0.0000
vt 0.1281 0.9495 0.0000
vt 0.1260 0.9673 0.0000
vt 0.1208 0.9505 0.0000
vt 0.1174 0.9692 0.0000
vt 0.1134 0.9515 0.0000
vt 0.1081 0.9711 0.0000
vt 0.1347 0.9669 0.0000
vt 0.1259 0.9688 0.0000
vt 0.1172 0.9706 0.0000
vt 0.1085 0.9724 0.0000
vt 0.0985 0.9744 0.0000
vt 0.0982 0.9731 0.0000
vt 0.0863 0.9772 0.0000
vt 0.0862 0.9757 0.0000
vt 0.0733 0.9802 0.0000
vt 0.0732 0.9784 0.0000
vt 0.0613 0.9834 0.0000
vt 0.1437 0.9650 0.0000
vt 0.1346 0.9682 0.0000
vt 0.1259 0.9700 0.0000
vt 0.1173 0.9719 0.0000
vt 0.1085 0.9737 0.0000
vt 0.0986 0.9757 0.0000
vt 0.0863 0.9785 0.0000
vt 0.0734 0.9815 0.0000
vt 0.0614 0.9847 0.0000
vt 0.0397 0.9913 0.0000
vt 0.0502 0.9880 0.0000
vt 0.0503 0.9889 0.0000
vt 0.0615 0.9855 0.0000
vt 0.0735 0.9823 0.0000
vt 0.0864 0.9793 0.0000
vt 0.0986 0.9766 0.0000
vt 0.1085 0.9745 0.0000
vt 0.1173 0.9727 0.0000
vt 0.1259 0.9709 0.0000
vt 0.0501 0.9868 0.0000
vt 0.0396 0.9901 0.0000
vt 0.0302 0.9943 0.0000
vt 0.0302 0.9931 0.0000
vt 0.0219 0.9970 0.0000
vt 0.0220 0.9956 0.0000
vt 0.0140 0.9988 0.0000
vt 0.0146 0.9976 0.0000
vt 0.0151 0.9963 0.0000
vt 0.0218 0.9944 0.0000
vt 0.0300 0.9919 0.0000
vt 0.0124 0.9791 0.0000
vt 0.0117 0.9793 0.0000
vt 0.0106 0.9778 0.0000
vt 0.0099 0.9773 0.0000
vt 0.0136 0.9997 0.0000
vt 0.0217 0.9979 0.0000
vt 0.0303 0.9952 0.0000
vt 0.0398 0.9921 0.0000
vt 0.0560 0.9431 0.0000
vt 0.0639 0.9322 0.0000
vt 0.0572 0.9448 0.0000
vt 0.0627 0.9568 0.0000
vt 0.0585 0.9628 0.0000
vt 0.0612 0.9818 0.0000
vt 0.0576 0.9647 0.0000
vt 0.0490 0.9677 0.0000
vt 0.0500 0.9854 0.0000
vt 0.0376 0.9713 0.0000
vt 0.0395 0.9888 0.0000
vt 0.0278 0.9742 0.0000
vt 0.0193 0.9767 0.0000
vt 0.0752 0.9541 0.0000
vt 0.0771 0.9308 0.0000
vt 0.0651 0.9226 0.0000
vt 0.0473 0.9340 0.0000
vt 0.0476 0.9443 0.0000
vt 0.0352 0.9356 0.0000
vt 0.0356 0.9461 0.0000
vt 0.0247 0.9369 0.0000
vt 0.0253 0.9478 0.0000
vt 0.0158 0.9385 0.0000
vt 0.0165 0.9491 0.0000
vt 0.0085 0.9400 0.0000
vt 0.0094 0.9497 0.0000
vt 0.0077 0.9401 0.0000
vt 0.0086 0.9499 0.0000
vt 0.0450 0.9074 0.0000
vt 0.0588 0.9160 0.0000
vt 0.0531 0.9059 0.0000
vt 0.0626 0.9059 0.0000
vt 0.0583 0.8992 0.0000
vt 0.0559 0.8939 0.0000
vt 0.0506 0.8879 0.0000
vt 0.0543 0.8888 0.0000
vt 0.0540 0.8833 0.0000
vt 0.0509 0.8779 0.0000
vt 0.0543 0.8782 0.0000
vt 0.0688 0.9107 0.0000
vt 0.0634 0.9039 0.0000
vt 0.0593 0.8978 0.0000
vt 0.0568 0.8931 0.0000
vt 0.0556 0.8886 0.0000
vt 0.0552 0.8835 0.0000
vt 0.0557 0.8783 0.0000
vt 0.6904 0.1861 0.0000
vt 0.6921 0.1861 0.0000
vt 0.2676 0.2985 0.0000
vt 0.2676 0.2968 0.0000
vt 0.2708 0.2967 0.0000
vt 0.2708 0.2985 0.0000
vt 0.2738 0.2967 0.0000
vt 0.2738 0.2985 0.0000
vt 0.2776 0.2967 0.0000
vt 0.2776 0.2985 0.0000
vt 0.2830 0.2967 0.0000
vt 0.2830 0.2985 0.0000
vt 0.2897 0.2967 0.0000
vt 0.2897 0.2985 0.0000
vt 0.2971 0.2967 0.0000
vt 0.2971 0.2985 0.0000
vt 0.6889 0.1861 0.0000
vt 0.2676 0.2951 0.0000
vt 0.2708 0.2951 0.0000
vt 0.2738 0.2951 0.0000
vt 0.2776 0.2951 0.0000
vt 0.2830 0.2951 0.0000
vt 0.2897 0.2951 0.0000
vt 0.2971 0.2951 0.0000
vt 0.3042 0.2951 0.0000
vt 0.3042 0.2967 0.0000
vt 0.3096 0.2951 0.0000
vt 0.3042 0.2985 0.0000
vt 0.0753 0.9176 0.0000
vt 0.0817 0.9236 0.0000
vt 0.0807 0.9252 0.0000
vt 0.0745 0.9195 0.0000
vt 0.0681 0.9127 0.0000
vt 0.0862 0.9532 0.0000
vt 0.0865 0.9304 0.0000
vt 0.0867 0.9279 0.0000
vt 0.3096 0.2985 0.0000
vt 0.3096 0.2967 0.0000
vt 0.3144 0.2951 0.0000
vt 0.3144 0.2967 0.0000
vt 0.3196 0.2951 0.0000
vt 0.3196 0.2967 0.0000
vt 0.3144 0.2985 0.0000
vt 0.0913 0.9310 0.0000
vt 0.0916 0.9333 0.0000
vt 0.0940 0.9528 0.0000
vt 0.1047 0.9521 0.0000
vt 0.3196 0.2985 0.0000
vt 0.0966 0.9333 0.0000
vt 0.0969 0.9354 0.0000
vt 0.1037 0.9368 0.0000
vt 0.1132 0.9366 0.0000
vt 0.1218 0.9349 0.0000
vt 0.1035 0.9347 0.0000
vt 0.1132 0.9346 0.0000
vt 0.1219 0.9328 0.0000
vt 0.1303 0.9302 0.0000
vt 0.1383 0.9273 0.0000
vt 0.1447 0.9242 0.0000
vt 0.4126 0.0899 0.0000
vt 0.4216 0.0882 0.0000
vt 0.4216 0.0899 0.0000
vt 0.4310 0.0882 0.0000
vt 0.4310 0.0899 0.0000
vt 0.4405 0.0882 0.0000
vt 0.4405 0.0899 0.0000
vt 0.4509 0.0882 0.0000
vt 0.4509 0.0899 0.0000
vt 0.3261 0.2968 0.0000
vt 0.3261 0.2985 0.0000
vt 0.3261 0.2951 0.0000
vt 0.4509 0.0916 0.0000
vt 0.4405 0.0916 0.0000
vt 0.4310 0.0916 0.0000
vt 0.4217 0.0916 0.0000
vt 0.4126 0.0916 0.0000
vt 0.4053 0.0916 0.0000
vt 0.9301 0.9087 0.0000
vt 0.9308 0.9107 0.0000
vt 0.9244 0.9177 0.0000
vt 0.9182 0.9235 0.0000
vt 0.9235 0.9157 0.0000
vt 0.9171 0.9219 0.0000
vt 0.1092 0.9144 0.0000
vt 0.1022 0.9144 0.0000
vt 0.1167 0.9144 0.0000
vt 0.0920 0.9110 0.0000
vt 0.0868 0.9110 0.0000
vt 0.0803 0.9110 0.0000
vt 0.8084 0.5091 0.0000
vt 0.8219 0.5297 0.0000
vt 0.8139 0.5355 0.0000
vt 0.8189 0.5623 0.0000
vt 0.8068 0.5404 0.0000
vt 0.8016 0.5153 0.0000
vt 0.7961 0.4912 0.0000
vt 0.8024 0.4842 0.0000
vt 0.7960 0.4604 0.0000
vt 0.7901 0.4677 0.0000
vt 0.7836 0.4446 0.0000
vt 0.7888 0.4367 0.0000
vt 0.7938 0.4263 0.0000
vt 0.8016 0.4503 0.0000
vt 0.8077 0.4376 0.0000
vt 0.7985 0.4137 0.0000
vt 0.7898 0.4966 0.0000
vt 0.7840 0.4734 0.0000
vt 0.7778 0.4510 0.0000
vt 0.7709 0.4309 0.0000
vt 0.7762 0.4241 0.0000
vt 0.7815 0.4157 0.0000
vt 0.7855 0.4039 0.0000
vt 0.7897 0.3929 0.0000
vt 0.8037 0.3989 0.0000
vt 0.7718 0.4567 0.0000
vt 0.7652 0.4366 0.0000
vt 0.7573 0.4179 0.0000
vt 0.7625 0.4132 0.0000
vt 0.7674 0.4074 0.0000
vt 0.7712 0.4010 0.0000
vt 0.7754 0.3927 0.0000
vt 0.7781 0.3851 0.0000
vt 0.7807 0.3752 0.0000
vt 0.7831 0.3632 0.0000
vt 0.7779 0.3159 0.0000
vt 0.7803 0.3208 0.0000
vt 0.7770 0.3167 0.0000
vt 0.7790 0.3221 0.0000
vt 0.7841 0.3263 0.0000
vt 0.7822 0.3278 0.0000
vt 0.7910 0.3365 0.0000
vt 0.7897 0.3385 0.0000
vt 0.7992 0.3476 0.0000
vt 0.7885 0.3441 0.0000
vt 0.7822 0.3480 0.0000
vt 0.7793 0.3335 0.0000
vt 0.7743 0.3403 0.0000
vt 0.7735 0.3506 0.0000
vt 0.7724 0.3598 0.0000
vt 0.7707 0.3681 0.0000
vt 0.7685 0.3758 0.0000
vt 0.7658 0.3829 0.0000
vt 0.7626 0.3891 0.0000
vt 0.7586 0.3944 0.0000
vt 0.7542 0.3987 0.0000
vt 0.7930 0.3785 0.0000
vt 0.7956 0.3613 0.0000
vt 0.7977 0.3534 0.0000
vt 0.8073 0.3655 0.0000
vt 0.8292 0.3627 0.0000
vt 0.8291 0.3635 0.0000
vt 0.8238 0.3598 0.0000
vt 0.8236 0.3605 0.0000
vt 0.8233 0.3612 0.0000
vt 0.8290 0.3644 0.0000
vt 0.8302 0.3702 0.0000
vt 0.8200 0.3638 0.0000
vt 0.8173 0.3764 0.0000
vt 0.8071 0.3826 0.0000
vt 0.8086 0.3505 0.0000
vt 0.8168 0.3562 0.0000
vt 0.8085 0.3513 0.0000
vt 0.8165 0.3569 0.0000
vt 0.8171 0.3554 0.0000
vt 0.8174 0.3544 0.0000
vt 0.8242 0.3588 0.0000
vt 0.8251 0.3575 0.0000
vt 0.8176 0.3530 0.0000
vt 0.8174 0.3503 0.0000
vt 0.8256 0.3555 0.0000
vt 0.8153 0.3372 0.0000
vt 0.8222 0.3454 0.0000
vt 0.8135 0.3400 0.0000
vt 0.8198 0.3475 0.0000
vt 0.8112 0.3419 0.0000
vt 0.8081 0.3416 0.0000
vt 0.8092 0.3451 0.0000
vt 0.8094 0.3472 0.0000
vt 0.8091 0.3485 0.0000
vt 0.8089 0.3495 0.0000
vt 0.8001 0.3413 0.0000
vt 0.8008 0.3404 0.0000
vt 0.8008 0.3385 0.0000
vt 0.8033 0.3356 0.0000
vt 0.8052 0.3337 0.0000
vt 0.8069 0.3314 0.0000
vt 0.8083 0.3288 0.0000
vt 0.8168 0.3345 0.0000
vt 0.8044 0.3210 0.0000
vt 0.8034 0.3230 0.0000
vt 0.8022 0.3249 0.0000
vt 0.8008 0.3267 0.0000
vt 0.7994 0.3283 0.0000
vt 0.7976 0.3297 0.0000
vt 0.7951 0.3316 0.0000
vt 0.7936 0.3328 0.0000
vt 0.7926 0.3336 0.0000
vt 0.8179 0.3318 0.0000
vt 0.8105 0.3240 0.0000
vt 0.8095 0.3264 0.0000
vt 0.8053 0.3190 0.0000
vt 0.8061 0.3168 0.0000
vt 0.8190 0.3289 0.0000
vt 0.8198 0.3261 0.0000
vt 0.8265 0.3333 0.0000
vt 0.8205 0.3236 0.0000
vt 0.8124 0.3188 0.0000
vt 0.8115 0.3214 0.0000
vt 0.8067 0.3144 0.0000
vt 0.8072 0.3118 0.0000
vt 0.8131 0.3162 0.0000
vt 0.8138 0.3134 0.0000
vt 0.8267 0.3308 0.0000
vt 0.8276 0.3295 0.0000
vt 0.8307 0.3358 0.0000
vt 0.8212 0.3212 0.0000
vt 0.8219 0.3190 0.0000
vt 0.8145 0.3109 0.0000
vt 0.8137 0.3063 0.0000
vt 0.8222 0.3168 0.0000
vt 0.8229 0.3155 0.0000
vt 0.8160 0.3062 0.0000
vt 0.8166 0.3050 0.0000
vt 0.8235 0.3142 0.0000
vt 0.8241 0.3131 0.0000
vt 0.8173 0.3039 0.0000
vt 0.8172 0.3008 0.0000
vt 0.8115 0.2962 0.0000
vt 0.8282 0.3277 0.0000
vt 0.8289 0.3260 0.0000
vt 0.8294 0.3247 0.0000
vt 0.8299 0.3236 0.0000
vt 0.8305 0.3225 0.0000
vt 0.8321 0.3202 0.0000
vt 0.8355 0.3309 0.0000
vt 0.8350 0.3318 0.0000
vt 0.8344 0.3327 0.0000
vt 0.8338 0.3338 0.0000
vt 0.8331 0.3353 0.0000
vt 0.8321 0.3362 0.0000
vt 0.8358 0.3429 0.0000
vt 0.8366 0.3411 0.0000
vt 0.8390 0.3448 0.0000
vt 0.8375 0.3402 0.0000
vt 0.8382 0.3395 0.0000
vt 0.8388 0.3389 0.0000
vt 0.8394 0.3382 0.0000
vt 0.8431 0.3380 0.0000
vt 0.8423 0.3446 0.0000
vt 0.8417 0.3449 0.0000
vt 0.8434 0.3503 0.0000
vt 0.8410 0.3452 0.0000
vt 0.8402 0.3451 0.0000
vt 0.8416 0.3495 0.0000
vt 0.8444 0.3560 0.0000
vt 0.8438 0.3556 0.0000
vt 0.8429 0.3601 0.0000
vt 0.8432 0.3552 0.0000
vt 0.8428 0.3502 0.0000
vt 0.8421 0.3543 0.0000
vt 0.8415 0.3585 0.0000
vt 0.8400 0.3519 0.0000
vt 0.8395 0.3476 0.0000
vt 0.8409 0.3632 0.0000
vt 0.8404 0.3625 0.0000
vt 0.8424 0.3595 0.0000
vt 0.8397 0.3614 0.0000
vt 0.8371 0.3630 0.0000
vt 0.8383 0.3596 0.0000
vt 0.8398 0.3565 0.0000
vt 0.8367 0.3530 0.0000
vt 0.8354 0.3563 0.0000
vt 0.8554 0.3637 0.0000
vt 0.8499 0.3661 0.0000
vt 0.8514 0.3604 0.0000
vt 0.8453 0.3619 0.0000
vt 0.8479 0.3717 0.0000
vt 0.8432 0.3664 0.0000
vt 0.8399 0.3693 0.0000
vt 0.8414 0.3641 0.0000
vt 0.8435 0.3608 0.0000
vt 0.8378 0.3649 0.0000
vt 0.8419 0.4428 0.0000
vt 0.8436 0.4250 0.0000
vt 0.8461 0.4475 0.0000
vt 0.8486 0.4294 0.0000
vt 0.8513 0.4126 0.0000
vt 0.8463 0.4081 0.0000
vt 0.8493 0.3913 0.0000
vt 0.8539 0.3970 0.0000
vt 0.8561 0.3827 0.0000
vt 0.8521 0.3769 0.0000
vt 0.8446 0.3773 0.0000
vt 0.8587 0.3709 0.0000
vt 0.8604 0.3738 0.0000
vt 0.8583 0.3856 0.0000
vt 0.8563 0.3989 0.0000
vt 0.8540 0.4140 0.0000
vt 0.8517 0.4306 0.0000
vt 0.8493 0.4486 0.0000
vt 0.8473 0.4670 0.0000
vt 0.8439 0.4662 0.0000
vt 0.8429 0.4767 0.0000
vt 0.8523 0.4498 0.0000
vt 0.8545 0.4326 0.0000
vt 0.8567 0.4153 0.0000
vt 0.8588 0.4002 0.0000
vt 0.8607 0.3866 0.0000
vt 0.8622 0.3745 0.0000
vt 0.8629 0.3631 0.0000
vt 0.8527 0.3539 0.0000
vt 0.8593 0.3558 0.0000
vt 0.8694 0.3419 0.0000
vt 0.8673 0.3570 0.0000
vt 0.8647 0.3724 0.0000
vt 0.8626 0.3867 0.0000
vt 0.8605 0.4011 0.0000
vt 0.8585 0.4174 0.0000
vt 0.8544 0.4519 0.0000
vt 0.8563 0.4342 0.0000
vt 0.8571 0.4355 0.0000
vt 0.8592 0.4186 0.0000
vt 0.8614 0.4023 0.0000
vt 0.8636 0.3868 0.0000
vt 0.8658 0.3721 0.0000
vt 0.8684 0.3567 0.0000
vt 0.8710 0.3419 0.0000
vt 0.8729 0.3306 0.0000
vt 0.8766 0.3105 0.0000
vt 0.8763 0.3212 0.0000
vt 0.8746 0.3208 0.0000
vt 0.8746 0.3309 0.0000
vt 0.8726 0.3422 0.0000
vt 0.8699 0.3566 0.0000
vt 0.8672 0.3722 0.0000
vt 0.8649 0.3871 0.0000
vt 0.8628 0.4022 0.0000
vt 0.8606 0.4183 0.0000
vt 0.8584 0.4352 0.0000
vt 0.8617 0.4357 0.0000
vt 0.8638 0.4188 0.0000
vt 0.8659 0.4026 0.0000
vt 0.8679 0.3876 0.0000
vt 0.8702 0.3728 0.0000
vt 0.8728 0.3571 0.0000
vt 0.8755 0.3426 0.0000
vt 0.8774 0.3315 0.0000
vt 0.8509 0.5219 0.0000
vt 0.8515 0.5114 0.0000
vt 0.8543 0.5221 0.0000
vt 0.8549 0.5117 0.0000
vt 0.8521 0.5012 0.0000
vt 0.8555 0.5015 0.0000
vt 0.8529 0.4908 0.0000
vt 0.8563 0.4912 0.0000
vt 0.8537 0.4809 0.0000
vt 0.8571 0.4813 0.0000
vt 0.8547 0.4706 0.0000
vt 0.8580 0.4711 0.0000
vt 0.8564 0.4526 0.0000
vt 0.8597 0.4530 0.0000
vt 0.8511 0.5011 0.0000
vt 0.8519 0.4908 0.0000
vt 0.8526 0.4811 0.0000
vt 0.8535 0.4710 0.0000
vt 0.8552 0.4529 0.0000
vt 0.8488 0.5320 0.0000
vt 0.8492 0.5215 0.0000
vt 0.8500 0.5220 0.0000
vt 0.8505 0.5115 0.0000
vt 0.8497 0.5107 0.0000
vt 0.8503 0.5003 0.0000
vt 0.8511 0.4903 0.0000
vt 0.8518 0.4803 0.0000
vt 0.8526 0.4701 0.0000
vt 0.8470 0.5203 0.0000
vt 0.8474 0.5094 0.0000
vt 0.8487 0.4891 0.0000
vt 0.8495 0.4787 0.0000
vt 0.8504 0.4687 0.0000
vt 0.8476 0.5670 0.0000
vt 0.8452 0.5550 0.0000
vt 0.8473 0.5547 0.0000
vt 0.8470 0.5428 0.0000
vt 0.8446 0.5329 0.0000
vt 0.8469 0.5314 0.0000
vt 0.8438 0.5113 0.0000
vt 0.8453 0.4879 0.0000
vt 0.8462 0.4778 0.0000
vt 0.8487 0.5435 0.0000
vt 0.8488 0.5547 0.0000
vt 0.8491 0.5671 0.0000
vt 0.8496 0.5795 0.0000
vt 0.8482 0.5796 0.0000
vt 0.8503 0.5924 0.0000
vt 0.8490 0.5926 0.0000
vt 0.8512 0.6051 0.0000
vt 0.8500 0.6054 0.0000
vt 0.8532 0.6174 0.0000
vt 0.8521 0.6049 0.0000
vt 0.8511 0.5922 0.0000
vt 0.8505 0.5794 0.0000
vt 0.8500 0.5670 0.0000
vt 0.8497 0.5547 0.0000
vt 0.8496 0.5436 0.0000
vt 0.8497 0.5326 0.0000
vt 0.8520 0.5921 0.0000
vt 0.8513 0.5793 0.0000
vt 0.8508 0.5670 0.0000
vt 0.8506 0.5546 0.0000
vt 0.8504 0.5435 0.0000
vt 0.8506 0.5324 0.0000
vt 0.8529 0.6048 0.0000
vt 0.8564 0.6039 0.0000
vt 0.8554 0.5914 0.0000
vt 0.8548 0.5788 0.0000
vt 0.8543 0.5666 0.0000
vt 0.8540 0.5544 0.0000
vt 0.8539 0.5434 0.0000
vt 0.8540 0.5324 0.0000
vt 0.8668 0.6885 0.0000
vt 0.8641 0.6767 0.0000
vt 0.8700 0.6864 0.0000
vt 0.8672 0.6747 0.0000
vt 0.8615 0.6651 0.0000
vt 0.8648 0.6632 0.0000
vt 0.8593 0.6533 0.0000
vt 0.8626 0.6516 0.0000
vt 0.8573 0.6414 0.0000
vt 0.8606 0.6399 0.0000
vt 0.8556 0.6294 0.0000
vt 0.8590 0.6281 0.0000
vt 0.8540 0.6172 0.0000
vt 0.8575 0.6161 0.0000
vt 0.8608 0.6656 0.0000
vt 0.8585 0.6538 0.0000
vt 0.8565 0.6418 0.0000
vt 0.8548 0.6297 0.0000
vt 0.8524 0.6176 0.0000
vt 0.8539 0.6300 0.0000
vt 0.8557 0.6421 0.0000
vt 0.8577 0.6541 0.0000
vt 0.8599 0.6659 0.0000
vt 0.8633 0.6772 0.0000
vt 0.8625 0.6776 0.0000
vt 0.8653 0.6895 0.0000
vt 0.8661 0.6890 0.0000
vt 0.8691 0.7007 0.0000
vt 0.8637 0.6902 0.0000
vt 0.8610 0.6783 0.0000
vt 0.8585 0.6666 0.0000
vt 0.8564 0.6547 0.0000
vt 0.8544 0.6426 0.0000
vt 0.8527 0.6304 0.0000
vt 0.8512 0.6180 0.0000
vt 0.8524 0.6433 0.0000
vt 0.8508 0.6310 0.0000
vt 0.8493 0.6185 0.0000
vt 0.8481 0.6059 0.0000
vt 0.8471 0.5931 0.0000
vt 0.8463 0.5804 0.0000
vt 0.8456 0.5679 0.0000
vt 0.8524 0.6561 0.0000
vt 0.8505 0.6440 0.0000
vt 0.8543 0.6555 0.0000
vt 0.8489 0.6317 0.0000
vt 0.8474 0.6191 0.0000
vt 0.8463 0.6064 0.0000
vt 0.8452 0.5936 0.0000
vt 0.8444 0.5808 0.0000
vt 0.8437 0.5694 0.0000
vt 0.8486 0.6446 0.0000
vt 0.8471 0.6323 0.0000
vt 0.8456 0.6196 0.0000
vt 0.8444 0.6069 0.0000
vt 0.8433 0.5940 0.0000
vt 0.8425 0.5811 0.0000
vt 0.8452 0.6329 0.0000
vt 0.8436 0.6202 0.0000
vt 0.8426 0.6073 0.0000
vt 0.8413 0.5944 0.0000
vt 0.8405 0.5813 0.0000
vt 0.8397 0.5681 0.0000
vt 0.8418 0.5687 0.0000
vt 0.8414 0.5555 0.0000
vt 0.8393 0.5550 0.0000
vt 0.8393 0.5303 0.0000
vt 0.8349 0.5517 0.0000
vt 0.8370 0.5825 0.0000
vt 0.8393 0.6084 0.0000
vt 0.8420 0.6341 0.0000
vt 0.8269 0.5583 0.0000
vt 0.8305 0.5850 0.0000
vt 0.8334 0.6106 0.0000
vt 0.8264 0.6134 0.0000
vt 0.8364 0.6363 0.0000
vt 0.8296 0.6390 0.0000
vt 0.8322 0.6654 0.0000
vt 0.8395 0.6625 0.0000
vt 0.8226 0.6416 0.0000
vt 0.8194 0.6161 0.0000
vt 0.8157 0.5909 0.0000
vt 0.8126 0.6187 0.0000
vt 0.8250 0.4939 0.0000
vt 0.8158 0.5011 0.0000
vt 0.8092 0.4750 0.0000
vt 0.8297 0.5235 0.0000
vt 0.8362 0.5260 0.0000
vt 0.8229 0.5880 0.0000
vt 0.8366 0.5041 0.0000
vt 0.8324 0.4894 0.0000
vt 0.8384 0.4855 0.0000
vt 0.8385 0.4628 0.0000
vt 0.8282 0.4654 0.0000
vt 0.8421 0.4865 0.0000
vt 0.8404 0.5071 0.0000
vt 0.8386 0.3770 0.0000
vt 0.8369 0.3977 0.0000
vt 0.8343 0.4151 0.0000
vt 0.8312 0.4366 0.0000
vt 0.8236 0.4490 0.0000
vt 0.8162 0.4632 0.0000
vt 0.8272 0.3862 0.0000
vt 0.8210 0.4037 0.0000
vt 0.8136 0.4224 0.0000
vt 0.8354 0.3687 0.0000
vt 0.8340 0.3658 0.0000
vt 0.8338 0.3649 0.0000
vt 0.8338 0.3641 0.0000
vt 0.8297 0.3618 0.0000
vt 0.8338 0.3632 0.0000
vt 0.8340 0.3623 0.0000
vt 0.8309 0.3607 0.0000
vt 0.8381 0.3657 0.0000
vt 0.8375 0.3640 0.0000
vt 0.8362 0.3615 0.0000
vt 0.8328 0.3586 0.0000
vt 0.8251 0.3525 0.0000
vt 0.8282 0.3522 0.0000
vt 0.8304 0.3504 0.0000
vt 0.8316 0.3472 0.0000
vt 0.8320 0.3431 0.0000
vt 0.8252 0.3398 0.0000
vt 0.8239 0.3428 0.0000
vt 0.8366 0.3483 0.0000
vt 0.8314 0.3389 0.0000
vt 0.8260 0.3365 0.0000
vt 0.2775 0.1714 0.0000
vt 0.2929 0.1676 0.0000
vt 0.2797 0.1778 0.0000
vt 0.2616 0.1746 0.0000
vt 0.2630 0.1832 0.0000
vt 0.2653 0.1913 0.0000
vt 0.2780 0.1872 0.0000
vt 0.2705 0.1951 0.0000
vt 0.2635 0.2017 0.0000
vt 0.2482 0.1956 0.0000
vt 0.2496 0.2040 0.0000
vt 0.2505 0.2126 0.0000
vt 0.2646 0.2108 0.0000
vt 0.2722 0.2012 0.0000
vt 0.2800 0.1923 0.0000
vt 0.2858 0.1796 0.0000
vt 0.2881 0.1838 0.0000
vt 0.2971 0.1754 0.0000
vt 0.2948 0.1722 0.0000
vt 0.3065 0.1632 0.0000
vt 0.2362 0.2608 0.0000
vt 0.2365 0.2507 0.0000
vt 0.2427 0.2465 0.0000
vt 0.2366 0.2356 0.0000
vt 0.2498 0.2334 0.0000
vt 0.2505 0.2234 0.0000
vt 0.2571 0.2215 0.0000
vt 0.2365 0.2252 0.0000
vt 0.2351 0.2168 0.0000
vt 0.2337 0.2084 0.0000
vt 0.2321 0.1997 0.0000
vt 0.3076 0.1669 0.0000
vt 0.3189 0.1588 0.0000
vt 0.3183 0.1549 0.0000
vt 0.3304 0.1475 0.0000
vt 0.3306 0.1516 0.0000
vt 0.3398 0.1419 0.0000
vt 0.3423 0.1447 0.0000
vt 0.3437 0.1397 0.0000
vt 0.3440 0.1437 0.0000
vt 0.3429 0.1451 0.0000
vt 0.3432 0.1456 0.0000
vt 0.3443 0.1472 0.0000
vt 0.3432 0.1482 0.0000
vt 0.3430 0.1515 0.0000
vt 0.3451 0.1355 0.0000
vt 0.3431 0.1358 0.0000
vt 0.3392 0.1374 0.0000
vt 0.3295 0.1420 0.0000
vt 0.3176 0.1500 0.0000
vt 0.3054 0.1583 0.0000
vt 0.2914 0.1608 0.0000
vt 0.3040 0.1516 0.0000
vt 0.3160 0.1431 0.0000
vt 0.3279 0.1347 0.0000
vt 0.3383 0.1338 0.0000
vt 0.3424 0.1332 0.0000
vt 0.3430 0.1337 0.0000
vt 0.3436 0.1340 0.0000
vt 0.3102 0.1131 0.0000
vt 0.3229 0.1057 0.0000
vt 0.3115 0.1205 0.0000
vt 0.3240 0.1125 0.0000
vt 0.3252 0.1201 0.0000
vt 0.3130 0.1281 0.0000
vt 0.3145 0.1357 0.0000
vt 0.3266 0.1277 0.0000
vt 0.3025 0.1439 0.0000
vt 0.2899 0.1528 0.0000
vt 0.2761 0.1631 0.0000
vt 0.3060 0.0865 0.0000
vt 0.3074 0.0971 0.0000
vt 0.2944 0.1033 0.0000
vt 0.3088 0.1054 0.0000
vt 0.2963 0.1122 0.0000
vt 0.2979 0.1204 0.0000
vt 0.2994 0.1283 0.0000
vt 0.3009 0.1361 0.0000
vt 0.2884 0.1448 0.0000
vt 0.2868 0.1366 0.0000
vt 0.2853 0.1282 0.0000
vt 0.2836 0.1195 0.0000
vt 0.2817 0.1105 0.0000
vt 0.2791 0.0997 0.0000
vt 0.2921 0.0927 0.0000
vt 0.2747 0.1548 0.0000
vt 0.2733 0.1462 0.0000
vt 0.2718 0.1372 0.0000
vt 0.2703 0.1280 0.0000
vt 0.2683 0.1188 0.0000
vt 0.2657 0.1079 0.0000
vt 0.2621 0.0936 0.0000
vt 0.2513 0.1173 0.0000
vt 0.2540 0.1284 0.0000
vt 0.2559 0.1379 0.0000
vt 0.2575 0.1475 0.0000
vt 0.2588 0.1570 0.0000
vt 0.2602 0.1660 0.0000
vt 0.2357 0.1282 0.0000
vt 0.2385 0.1396 0.0000
vt 0.2406 0.1492 0.0000
vt 0.2423 0.1591 0.0000
vt 0.2438 0.1689 0.0000
vt 0.2453 0.1781 0.0000
vt 0.2468 0.1870 0.0000
vt 0.2316 0.1129 0.0000
vt 0.2201 0.1398 0.0000
vt 0.2230 0.1515 0.0000
vt 0.2251 0.1612 0.0000
vt 0.2271 0.1713 0.0000
vt 0.2288 0.1813 0.0000
vt 0.2305 0.1907 0.0000
vt 0.2160 0.1241 0.0000
vt 0.2111 0.1058 0.0000
vt 0.2266 0.0955 0.0000
vt 0.2213 0.0777 0.0000
vt 0.2059 0.0874 0.0000
vt 0.2003 0.0686 0.0000
vt 0.2156 0.0600 0.0000
vt 0.2317 0.0520 0.0000
vt 0.2373 0.0690 0.0000
vt 0.2529 0.0614 0.0000
vt 0.2477 0.0456 0.0000
vt 0.2639 0.0405 0.0000
vt 0.2679 0.0554 0.0000
vt 0.2822 0.0504 0.0000
vt 0.2963 0.0461 0.0000
vt 0.2996 0.0591 0.0000
vt 0.2858 0.0645 0.0000
vt 0.2721 0.0703 0.0000
vt 0.2577 0.0774 0.0000
vt 0.2425 0.0857 0.0000
vt 0.2474 0.1026 0.0000
vt 0.2759 0.0859 0.0000
vt 0.2892 0.0792 0.0000
vt 0.3030 0.0731 0.0000
vt 0.3188 0.0669 0.0000
vt 0.3146 0.0539 0.0000
vt 0.3303 0.0489 0.0000
vt 0.3350 0.0613 0.0000
vt 0.3504 0.0560 0.0000
vt 0.3208 0.0782 0.0000
vt 0.3211 0.0852 0.0000
vt 0.3215 0.0918 0.0000
vt 0.3221 0.0991 0.0000
vt 0.3338 0.0834 0.0000
vt 0.3327 0.0889 0.0000
vt 0.3325 0.0948 0.0000
vt 0.3329 0.1005 0.0000
vt 0.3336 0.1067 0.0000
vt 0.3348 0.1143 0.0000
vt 0.3361 0.1219 0.0000
vt 0.3373 0.1287 0.0000
vt 0.3381 0.1124 0.0000
vt 0.3394 0.1200 0.0000
vt 0.3406 0.1265 0.0000
vt 0.3417 0.1313 0.0000
vt 0.3434 0.1331 0.0000
vt 0.3427 0.1328 0.0000
vt 0.3420 0.1310 0.0000
vt 0.3409 0.1264 0.0000
vt 0.3396 0.1199 0.0000
vt 0.3384 0.1123 0.0000
vt 0.3374 0.1047 0.0000
vt 0.3371 0.1049 0.0000
vt 0.3365 0.0989 0.0000
vt 0.3368 0.0987 0.0000
vt 0.3368 0.0934 0.0000
vt 0.3422 0.1306 0.0000
vt 0.3411 0.1261 0.0000
vt 0.3399 0.1197 0.0000
vt 0.3387 0.1122 0.0000
vt 0.3378 0.1048 0.0000
vt 0.3372 0.0987 0.0000
vt 0.3372 0.0934 0.0000
vt 0.3377 0.0883 0.0000
vt 0.3373 0.0883 0.0000
vt 0.3364 0.0935 0.0000
vt 0.3368 0.0882 0.0000
vt 0.3384 0.0836 0.0000
vt 0.3379 0.0833 0.0000
vt 0.3396 0.0793 0.0000
vt 0.3402 0.0798 0.0000
vt 0.3450 0.0757 0.0000
vt 0.3445 0.0752 0.0000
vt 0.3549 0.0693 0.0000
vt 0.3554 0.0701 0.0000
vt 0.3691 0.0640 0.0000
vt 0.3689 0.0632 0.0000
vt 0.3839 0.0573 0.0000
vt 0.3388 0.0838 0.0000
vt 0.3405 0.0802 0.0000
vt 0.3452 0.0762 0.0000
vt 0.3554 0.0707 0.0000
vt 0.3691 0.0647 0.0000
vt 0.3840 0.0588 0.0000
vt 0.3840 0.0581 0.0000
vt 0.3997 0.0527 0.0000
vt 0.3997 0.0534 0.0000
vt 0.3995 0.0519 0.0000
vt 0.4155 0.0473 0.0000
vt 0.4156 0.0482 0.0000
vt 0.4317 0.0444 0.0000
vt 0.4316 0.0435 0.0000
vt 0.4480 0.0406 0.0000
vt 0.4481 0.0415 0.0000
vt 0.4646 0.0395 0.0000
vt 0.4645 0.0386 0.0000
vt 0.4811 0.0373 0.0000
vt 0.4811 0.0382 0.0000
vt 0.4976 0.0378 0.0000
vt 0.4156 0.0488 0.0000
vt 0.4317 0.0451 0.0000
vt 0.4481 0.0422 0.0000
vt 0.4646 0.0403 0.0000
vt 0.4812 0.0390 0.0000
vt 0.4977 0.0385 0.0000
vt 0.5141 0.0388 0.0000
vt 0.5141 0.0381 0.0000
vt 0.4976 0.0369 0.0000
vt 0.5142 0.0372 0.0000
vt 0.5306 0.0392 0.0000
vt 0.5307 0.0383 0.0000
vt 0.5472 0.0403 0.0000
vt 0.5471 0.0412 0.0000
vt 0.5634 0.0441 0.0000
vt 0.5635 0.0432 0.0000
vt 0.5798 0.0468 0.0000
vt 0.5796 0.0477 0.0000
vt 0.5956 0.0522 0.0000
vt 0.5958 0.0513 0.0000
vt 0.6115 0.0566 0.0000
vt 0.5306 0.0399 0.0000
vt 0.5470 0.0419 0.0000
vt 0.5634 0.0448 0.0000
vt 0.5796 0.0484 0.0000
vt 0.5956 0.0529 0.0000
vt 0.6113 0.0581 0.0000
vt 0.6113 0.0574 0.0000
vt 0.6263 0.0633 0.0000
vt 0.6263 0.0639 0.0000
vt 0.6266 0.0624 0.0000
vt 0.6407 0.0685 0.0000
vt 0.6402 0.0693 0.0000
vt 0.6507 0.0747 0.0000
vt 0.6512 0.0742 0.0000
vt 0.6564 0.0783 0.0000
vt 0.6557 0.0788 0.0000
vt 0.6577 0.0828 0.0000
vt 0.6582 0.0824 0.0000
vt 0.6593 0.0876 0.0000
vt 0.6588 0.0877 0.0000
vt 0.6593 0.0931 0.0000
vt 0.6401 0.0699 0.0000
vt 0.6505 0.0752 0.0000
vt 0.6554 0.0792 0.0000
vt 0.6572 0.0830 0.0000
vt 0.6585 0.0879 0.0000
vt 0.6589 0.0934 0.0000
vt 0.6586 0.0980 0.0000
vt 0.6590 0.0982 0.0000
vt 0.6597 0.0933 0.0000
vt 0.6594 0.0983 0.0000
vt 0.6584 0.1041 0.0000
vt 0.6587 0.1043 0.0000
vt 0.6577 0.1117 0.0000
vt 0.6574 0.1116 0.0000
vt 0.6561 0.1192 0.0000
vt 0.6564 0.1193 0.0000
vt 0.6551 0.1259 0.0000
vt 0.6549 0.1257 0.0000
vt 0.6538 0.1304 0.0000
vt 0.6540 0.1306 0.0000
vt 0.6533 0.1326 0.0000
vt 0.6581 0.1041 0.0000
vt 0.6571 0.1115 0.0000
vt 0.6559 0.1190 0.0000
vt 0.6546 0.1254 0.0000
vt 0.6535 0.1299 0.0000
vt 0.6527 0.1317 0.0000
vt 0.6530 0.1322 0.0000
vt 0.6523 0.1325 0.0000
vt 0.6521 0.1320 0.0000
vt 0.6527 0.1331 0.0000
vt 0.6521 0.1334 0.0000
vt 0.6516 0.1326 0.0000
vt 0.6500 0.1322 0.0000
vt 0.6503 0.1329 0.0000
vt 0.6469 0.1317 0.0000
vt 0.6468 0.1310 0.0000
vt 0.6403 0.1285 0.0000
vt 0.6403 0.1291 0.0000
vt 0.6289 0.1253 0.0000
vt 0.6290 0.1246 0.0000
vt 0.6152 0.1202 0.0000
vt 0.6513 0.1321 0.0000
vt 0.6498 0.1316 0.0000
vt 0.6466 0.1304 0.0000
vt 0.6402 0.1279 0.0000
vt 0.6290 0.1240 0.0000
vt 0.6152 0.1196 0.0000
vt 0.6015 0.1154 0.0000
vt 0.6014 0.1160 0.0000
vt 0.6151 0.1209 0.0000
vt 0.6013 0.1167 0.0000
vt 0.5873 0.1121 0.0000
vt 0.5873 0.1129 0.0000
vt 0.5728 0.1095 0.0000
vt 0.5728 0.1087 0.0000
vt 0.5582 0.1059 0.0000
vt 0.5581 0.1066 0.0000
vt 0.5435 0.1043 0.0000
vt 0.5436 0.1036 0.0000
vt 0.5874 0.1116 0.0000
vt 0.5729 0.1082 0.0000
vt 0.5582 0.1053 0.0000
vt 0.5436 0.1030 0.0000
vt 0.5434 0.1055 0.0000
vt 0.5433 0.1074 0.0000
vt 0.5431 0.1097 0.0000
vt 0.5429 0.1124 0.0000
vt 0.5424 0.1159 0.0000
vt 0.5573 0.1185 0.0000
vt 0.5576 0.1148 0.0000
vt 0.5722 0.1179 0.0000
vt 0.5721 0.1216 0.0000
vt 0.5865 0.1254 0.0000
vt 0.5872 0.1141 0.0000
vt 0.5727 0.1107 0.0000
vt 0.5580 0.1078 0.0000
vt 0.5579 0.1097 0.0000
vt 0.5577 0.1121 0.0000
vt 0.5724 0.1151 0.0000
vt 0.5868 0.1187 0.0000
vt 0.6012 0.1180 0.0000
vt 0.6010 0.1201 0.0000
vt 0.5870 0.1161 0.0000
vt 0.5726 0.1127 0.0000
vt 0.6008 0.1228 0.0000
vt 0.6145 0.1274 0.0000
vt 0.6148 0.1245 0.0000
vt 0.6150 0.1222 0.0000
vt 0.6288 0.1266 0.0000
vt 0.6402 0.1306 0.0000
vt 0.6469 0.1333 0.0000
vt 0.6506 0.1349 0.0000
vt 0.6514 0.1466 0.0000
vt 0.6498 0.1424 0.0000
vt 0.6517 0.1432 0.0000
vt 0.6520 0.1392 0.0000
vt 0.6501 0.1382 0.0000
vt 0.6465 0.1367 0.0000
vt 0.6398 0.1338 0.0000
vt 0.6285 0.1294 0.0000
vt 0.6282 0.1327 0.0000
vt 0.6394 0.1374 0.0000
vt 0.6462 0.1405 0.0000
vt 0.6494 0.1454 0.0000
vt 0.6457 0.1436 0.0000
vt 0.6390 0.1407 0.0000
vt 0.6279 0.1359 0.0000
vt 0.6143 0.1306 0.0000
vt 0.6006 0.1258 0.0000
vt 0.5867 0.1216 0.0000
vt 0.6005 0.1297 0.0000
vt 0.6141 0.1345 0.0000
vt 0.6275 0.1397 0.0000
vt 0.6386 0.1444 0.0000
vt 0.6453 0.1473 0.0000
vt 0.6490 0.1489 0.0000
vt 0.6513 0.1500 0.0000
vt 0.6527 0.1510 0.0000
vt 0.6526 0.1476 0.0000
vt 0.6525 0.1451 0.0000
vt 0.6528 0.1445 0.0000
vt 0.6534 0.1441 0.0000
vt 0.6559 0.1413 0.0000
vt 0.6652 0.1511 0.0000
vt 0.6654 0.1469 0.0000
vt 0.6770 0.1583 0.0000
vt 0.6775 0.1544 0.0000
vt 0.6894 0.1627 0.0000
vt 0.7179 0.1866 0.0000
vt 0.7100 0.1791 0.0000
vt 0.7162 0.1772 0.0000
vt 0.7030 0.1670 0.0000
vt 0.7011 0.1716 0.0000
vt 0.6905 0.1577 0.0000
vt 0.6782 0.1494 0.0000
vt 0.6663 0.1414 0.0000
vt 0.6566 0.1368 0.0000
vt 0.6526 0.1352 0.0000
vt 0.6575 0.1332 0.0000
vt 0.6679 0.1341 0.0000
vt 0.6798 0.1425 0.0000
vt 0.6919 0.1510 0.0000
vt 0.7045 0.1603 0.0000
vt 0.7184 0.1709 0.0000
vt 0.6633 0.0941 0.0000
vt 0.6730 0.1050 0.0000
vt 0.6630 0.0999 0.0000
vt 0.6622 0.1061 0.0000
vt 0.6719 0.1119 0.0000
vt 0.6706 0.1194 0.0000
vt 0.6610 0.1136 0.0000
vt 0.6597 0.1212 0.0000
vt 0.6692 0.1271 0.0000
vt 0.6814 0.1351 0.0000
vt 0.6934 0.1433 0.0000
vt 0.7060 0.1522 0.0000
vt 0.6871 0.1047 0.0000
vt 0.6857 0.1124 0.0000
vt 0.6843 0.1198 0.0000
vt 0.6829 0.1275 0.0000
vt 0.6949 0.1355 0.0000
vt 0.6965 0.1277 0.0000
vt 0.6980 0.1197 0.0000
vt 0.6996 0.1115 0.0000
vt 0.7015 0.1026 0.0000
vt 0.6886 0.0963 0.0000
vt 0.6900 0.0856 0.0000
vt 0.7039 0.0920 0.0000
vt 0.7168 0.0990 0.0000
vt 0.7143 0.1099 0.0000
vt 0.7123 0.1189 0.0000
vt 0.7106 0.1276 0.0000
vt 0.7091 0.1360 0.0000
vt 0.7075 0.1442 0.0000
vt 0.7198 0.1626 0.0000
vt 0.7212 0.1542 0.0000
vt 0.7226 0.1456 0.0000
vt 0.7241 0.1366 0.0000
vt 0.7257 0.1275 0.0000
vt 0.7276 0.1182 0.0000
vt 0.7303 0.1073 0.0000
vt 0.7306 0.1907 0.0000
vt 0.7329 0.1826 0.0000
vt 0.7343 0.1741 0.0000
vt 0.7357 0.1654 0.0000
vt 0.7370 0.1564 0.0000
vt 0.7384 0.1470 0.0000
vt 0.7400 0.1373 0.0000
vt 0.7461 0.2328 0.0000
vt 0.7388 0.2209 0.0000
vt 0.7454 0.2228 0.0000
vt 0.7313 0.2102 0.0000
vt 0.7453 0.2120 0.0000
vt 0.7323 0.2012 0.0000
vt 0.7462 0.2035 0.0000
vt 0.7476 0.1951 0.0000
vt 0.7491 0.1865 0.0000
vt 0.7506 0.1776 0.0000
vt 0.7520 0.1684 0.0000
vt 0.7607 0.2162 0.0000
vt 0.7593 0.2246 0.0000
vt 0.7592 0.2350 0.0000
vt 0.7532 0.2460 0.0000
vt 0.7595 0.2501 0.0000
vt 0.7598 0.2601 0.0000
vt 0.7758 0.1395 0.0000
vt 0.7729 0.1511 0.0000
vt 0.7574 0.1391 0.0000
vt 0.7707 0.1608 0.0000
vt 0.7553 0.1487 0.0000
vt 0.7536 0.1586 0.0000
vt 0.7687 0.1708 0.0000
vt 0.7670 0.1808 0.0000
vt 0.7653 0.1902 0.0000
vt 0.7637 0.1992 0.0000
vt 0.7621 0.2079 0.0000
vt 0.7419 0.1279 0.0000
vt 0.7446 0.1168 0.0000
vt 0.7602 0.1278 0.0000
vt 0.7644 0.1125 0.0000
vt 0.7486 0.1021 0.0000
vt 0.7536 0.0852 0.0000
vt 0.7694 0.0951 0.0000
vt 0.7748 0.0774 0.0000
vt 0.7589 0.0685 0.0000
vt 0.7799 0.1238 0.0000
vt 0.7849 0.1056 0.0000
vt 0.7902 0.0872 0.0000
vt 0.7958 0.0685 0.0000
vt 0.7806 0.0598 0.0000
vt 0.7645 0.0515 0.0000
vt 0.7433 0.0608 0.0000
vt 0.7485 0.0451 0.0000
vt 0.7323 0.0399 0.0000
vt 0.7384 0.0768 0.0000
vt 0.7239 0.0696 0.0000
vt 0.7282 0.0547 0.0000
vt 0.7139 0.0495 0.0000
vt 0.7102 0.0637 0.0000
vt 0.6964 0.0576 0.0000
vt 0.6998 0.0445 0.0000
vt 0.6849 0.0395 0.0000
vt 0.6812 0.0516 0.0000
vt 0.6653 0.0473 0.0000
vt 0.6692 0.0362 0.0000
vt 0.6525 0.0327 0.0000
vt 0.6491 0.0432 0.0000
vt 0.7178 0.0360 0.0000
vt 0.7034 0.0316 0.0000
vt 0.6883 0.0279 0.0000
vt 0.6726 0.0254 0.0000
vt 0.6558 0.0230 0.0000
vt 0.6384 0.0196 0.0000
vt 0.6355 0.0288 0.0000
vt 0.6185 0.0246 0.0000
vt 0.6327 0.0385 0.0000
vt 0.6161 0.0339 0.0000
vt 0.5995 0.0295 0.0000
vt 0.6014 0.0207 0.0000
vt 0.5843 0.0170 0.0000
vt 0.5827 0.0256 0.0000
vt 0.5658 0.0223 0.0000
vt 0.5670 0.0138 0.0000
vt 0.5498 0.0113 0.0000
vt 0.5488 0.0198 0.0000
vt 0.5318 0.0180 0.0000
vt 0.5324 0.0097 0.0000
vt 0.4976 0.0017 0.0000
vt 0.5153 0.0010 0.0000
vt 0.5150 0.0089 0.0000
vt 0.5330 0.0016 0.0000
vt 0.5507 0.0032 0.0000
vt 0.5683 0.0061 0.0000
vt 0.5860 0.0088 0.0000
vt 0.6035 0.0122 0.0000
vt 0.6210 0.0159 0.0000
vt 0.5147 0.0171 0.0000
vt 0.4976 0.0169 0.0000
vt 0.4976 0.0088 0.0000
vt 0.4802 0.0090 0.0000
vt 0.4805 0.0172 0.0000
vt 0.4633 0.0182 0.0000
vt 0.4627 0.0098 0.0000
vt 0.4453 0.0116 0.0000
vt 0.4463 0.0200 0.0000
vt 0.4293 0.0227 0.0000
vt 0.4280 0.0142 0.0000
vt 0.4108 0.0175 0.0000
vt 0.4125 0.0262 0.0000
vt 0.4798 0.0010 0.0000
vt 0.4621 0.0017 0.0000
vt 0.4443 0.0035 0.0000
vt 0.4267 0.0065 0.0000
vt 0.4091 0.0093 0.0000
vt 0.3916 0.0130 0.0000
vt 0.3937 0.0214 0.0000
vt 0.3768 0.0255 0.0000
vt 0.3958 0.0302 0.0000
vt 0.3791 0.0348 0.0000
vt 0.3627 0.0395 0.0000
vt 0.3598 0.0298 0.0000
vt 0.3428 0.0339 0.0000
vt 0.3464 0.0443 0.0000
vt 0.3263 0.0380 0.0000
vt 0.3110 0.0419 0.0000
vt 0.2785 0.0367 0.0000
vt 0.2932 0.0334 0.0000
vt 0.3076 0.0306 0.0000
vt 0.3228 0.0274 0.0000
vt 0.3395 0.0242 0.0000
vt 0.3569 0.0206 0.0000
vt 0.3742 0.0169 0.0000
vt 0.1505 0.4261 0.0000
vt 0.1546 0.3702 0.0000
vt 0.1498 0.3783 0.0000
vt 0.1465 0.3726 0.0000
vt 0.1450 0.3922 0.0000
vt 0.1558 0.3780 0.0000
vt 0.1574 0.3989 0.0000
vt 0.1643 0.3713 0.0000
vt 0.1672 0.3874 0.0000
vt 0.1771 0.3777 0.0000
vt 0.1733 0.4050 0.0000
vt 0.1599 0.4166 0.0000
vt 0.1591 0.3697 0.0000
vt 0.1605 0.3668 0.0000
vt 0.1564 0.3667 0.0000
vt 0.1531 0.3650 0.0000
vt 0.1567 0.3658 0.0000
vt 0.1606 0.3659 0.0000
vt 0.1654 0.3646 0.0000
vt 0.1607 0.3651 0.0000
vt 0.1570 0.3650 0.0000
vt 0.1541 0.3634 0.0000
vt 0.1575 0.3639 0.0000
vt 0.1607 0.3642 0.0000
vt 0.1605 0.3633 0.0000
vt 0.1583 0.3625 0.0000
vt 0.1562 0.3606 0.0000
vt 0.1617 0.3597 0.0000
vt 0.1636 0.3617 0.0000
vt 0.1648 0.3629 0.0000
vt 0.1653 0.3638 0.0000
vt 0.1747 0.3488 0.0000
vt 0.1695 0.3537 0.0000
vt 0.1724 0.3466 0.0000
vt 0.1663 0.3534 0.0000
vt 0.1642 0.3515 0.0000
vt 0.1689 0.3566 0.0000
vt 0.1694 0.3586 0.0000
vt 0.1703 0.3600 0.0000
vt 0.1708 0.3609 0.0000
vt 0.1769 0.3543 0.0000
vt 0.1852 0.3485 0.0000
vt 0.1772 0.3557 0.0000
vt 0.1855 0.3498 0.0000
vt 0.1857 0.3508 0.0000
vt 0.1774 0.3566 0.0000
vt 0.1777 0.3574 0.0000
vt 0.1772 0.3516 0.0000
vt 0.1833 0.3433 0.0000
vt 0.1810 0.3414 0.0000
vt 0.1892 0.3353 0.0000
vt 0.1876 0.3330 0.0000
vt 0.1862 0.3305 0.0000
vt 0.1792 0.3386 0.0000
vt 0.1778 0.3359 0.0000
vt 0.1864 0.3430 0.0000
vt 0.1853 0.3464 0.0000
vt 0.1911 0.3370 0.0000
vt 0.1937 0.3399 0.0000
vt 0.1937 0.3416 0.0000
vt 0.1945 0.3425 0.0000
vt 0.1947 0.3435 0.0000
vt 0.1950 0.3447 0.0000
vt 0.2026 0.3350 0.0000
vt 0.2019 0.3343 0.0000
vt 0.2009 0.3335 0.0000
vt 0.1992 0.3325 0.0000
vt 0.1965 0.3310 0.0000
vt 0.1947 0.3299 0.0000
vt 0.1932 0.3285 0.0000
vt 0.1920 0.3269 0.0000
vt 0.1909 0.3251 0.0000
vt 0.1900 0.3232 0.0000
vt 0.1707 0.3440 0.0000
vt 0.1694 0.3410 0.0000
vt 0.1767 0.3332 0.0000
vt 0.1757 0.3302 0.0000
vt 0.1841 0.3256 0.0000
vt 0.1851 0.3281 0.0000
vt 0.1893 0.3212 0.0000
vt 0.1887 0.3190 0.0000
vt 0.1589 0.3439 0.0000
vt 0.1640 0.3369 0.0000
vt 0.1632 0.3399 0.0000
vt 0.1682 0.3344 0.0000
vt 0.1626 0.3442 0.0000
vt 0.1687 0.3376 0.0000
vt 0.1750 0.3274 0.0000
vt 0.1743 0.3249 0.0000
vt 0.1825 0.3205 0.0000
vt 0.1833 0.3231 0.0000
vt 0.1883 0.3166 0.0000
vt 0.1879 0.3139 0.0000
vt 0.1819 0.3178 0.0000
vt 0.1813 0.3150 0.0000
vt 0.1878 0.3111 0.0000
vt 0.1877 0.3081 0.0000
vt 0.1807 0.3124 0.0000
vt 0.1817 0.3079 0.0000
vt 0.1883 0.3053 0.0000
vt 0.1897 0.3025 0.0000
vt 0.1883 0.3020 0.0000
vt 0.1731 0.3202 0.0000
vt 0.1737 0.3225 0.0000
vt 0.1672 0.3306 0.0000
vt 0.1616 0.3363 0.0000
vt 0.1660 0.3270 0.0000
vt 0.1666 0.3288 0.0000
vt 0.1728 0.3181 0.0000
vt 0.1721 0.3166 0.0000
vt 0.1793 0.3077 0.0000
vt 0.1786 0.3065 0.0000
vt 0.1716 0.3154 0.0000
vt 0.1709 0.3143 0.0000
vt 0.1649 0.3246 0.0000
vt 0.1655 0.3257 0.0000
vt 0.1603 0.3337 0.0000
vt 0.1598 0.3328 0.0000
vt 0.1592 0.3318 0.0000
vt 0.1559 0.3398 0.0000
vt 0.1705 0.3112 0.0000
vt 0.1629 0.3211 0.0000
vt 0.1644 0.3236 0.0000
vt 0.1565 0.3304 0.0000
vt 0.1494 0.3276 0.0000
vt 0.1516 0.3388 0.0000
vt 0.1553 0.3391 0.0000
vt 0.1523 0.3454 0.0000
vt 0.1492 0.3461 0.0000
vt 0.1484 0.3523 0.0000
vt 0.1414 0.3486 0.0000
vt 0.1421 0.3390 0.0000
vt 0.1416 0.3230 0.0000
vt 0.1556 0.3090 0.0000
vt 0.1377 0.3155 0.0000
vt 0.1528 0.3014 0.0000
vt 0.1507 0.2933 0.0000
vt 0.1358 0.3067 0.0000
vt 0.1338 0.2973 0.0000
vt 0.1487 0.2845 0.0000
vt 0.1468 0.2751 0.0000
vt 0.1486 0.3577 0.0000
vt 0.1431 0.3612 0.0000
vt 0.1418 0.3546 0.0000
vt 0.1352 0.3564 0.0000
vt 0.1252 0.3423 0.0000
vt 0.1230 0.3301 0.0000
vt 0.1212 0.3203 0.0000
vt 0.1193 0.3100 0.0000
vt 0.1174 0.2991 0.0000
vt 0.1307 0.3875 0.0000
vt 0.1285 0.3727 0.0000
vt 0.1317 0.3874 0.0000
vt 0.1296 0.3730 0.0000
vt 0.1261 0.3571 0.0000
vt 0.1271 0.3574 0.0000
vt 0.1236 0.3423 0.0000
vt 0.1218 0.3309 0.0000
vt 0.1201 0.3211 0.0000
vt 0.1183 0.3107 0.0000
vt 0.1164 0.2997 0.0000
vt 0.1184 0.3214 0.0000
vt 0.1201 0.3312 0.0000
vt 0.1220 0.3425 0.0000
vt 0.1245 0.3570 0.0000
vt 0.1271 0.3727 0.0000
vt 0.1293 0.3877 0.0000
vt 0.1313 0.4030 0.0000
vt 0.1327 0.4031 0.0000
vt 0.1334 0.4192 0.0000
vt 0.1348 0.4194 0.0000
vt 0.1157 0.3219 0.0000
vt 0.1173 0.3317 0.0000
vt 0.1191 0.3429 0.0000
vt 0.1216 0.3575 0.0000
vt 0.1241 0.3733 0.0000
vt 0.1263 0.3883 0.0000
vt 0.1282 0.4034 0.0000
vt 0.1302 0.4196 0.0000
vt 0.1407 0.4734 0.0000
vt 0.1398 0.4640 0.0000
vt 0.1416 0.4725 0.0000
vt 0.1407 0.4631 0.0000
vt 0.1388 0.4545 0.0000
vt 0.1396 0.4535 0.0000
vt 0.1378 0.4453 0.0000
vt 0.1387 0.4443 0.0000
vt 0.1368 0.4360 0.0000
vt 0.1376 0.4350 0.0000
vt 0.1356 0.4183 0.0000
vt 0.1336 0.4019 0.0000
vt 0.1354 0.4359 0.0000
vt 0.1365 0.4452 0.0000
vt 0.1376 0.4544 0.0000
vt 0.1386 0.4639 0.0000
vt 0.1395 0.4733 0.0000
vt 0.1405 0.4833 0.0000
vt 0.1417 0.4834 0.0000
vt 0.1414 0.4932 0.0000
vt 0.1425 0.4933 0.0000
vt 0.1322 0.4365 0.0000
vt 0.1332 0.4457 0.0000
vt 0.1343 0.4549 0.0000
vt 0.1352 0.4643 0.0000
vt 0.1362 0.4737 0.0000
vt 0.1371 0.4837 0.0000
vt 0.1380 0.4936 0.0000
vt 0.1388 0.5040 0.0000
vt 0.1422 0.5036 0.0000
vt 0.1396 0.5142 0.0000
vt 0.1430 0.5139 0.0000
vt 0.1402 0.5247 0.0000
vt 0.1436 0.5245 0.0000
vt 0.1440 0.5351 0.0000
vt 0.1406 0.5352 0.0000
vt 0.1408 0.5462 0.0000
vt 0.1443 0.5462 0.0000
vt 0.1408 0.5574 0.0000
vt 0.1443 0.5575 0.0000
vt 0.1408 0.5697 0.0000
vt 0.1443 0.5699 0.0000
vt 0.1451 0.5700 0.0000
vt 0.1452 0.5576 0.0000
vt 0.1451 0.5463 0.0000
vt 0.1449 0.5353 0.0000
vt 0.1446 0.5246 0.0000
vt 0.1440 0.5140 0.0000
vt 0.1433 0.5037 0.0000
vt 0.1460 0.5462 0.0000
vt 0.1458 0.5347 0.0000
vt 0.1454 0.5241 0.0000
vt 0.1448 0.5132 0.0000
vt 0.1441 0.5028 0.0000
vt 0.1433 0.4925 0.0000
vt 0.1425 0.4825 0.0000
vt 0.1476 0.5229 0.0000
vt 0.1472 0.5118 0.0000
vt 0.1465 0.5013 0.0000
vt 0.1457 0.4909 0.0000
vt 0.1448 0.4810 0.0000
vt 0.1438 0.4710 0.0000
vt 0.1428 0.4615 0.0000
vt 0.1418 0.4519 0.0000
vt 0.1475 0.5698 0.0000
vt 0.1477 0.5575 0.0000
vt 0.1499 0.5582 0.0000
vt 0.1478 0.5456 0.0000
vt 0.1478 0.5341 0.0000
vt 0.1482 0.4799 0.0000
vt 0.1456 0.6084 0.0000
vt 0.1444 0.6082 0.0000
vt 0.1464 0.5956 0.0000
vt 0.1452 0.5954 0.0000
vt 0.1471 0.5826 0.0000
vt 0.1457 0.5825 0.0000
vt 0.1460 0.5700 0.0000
vt 0.1461 0.5576 0.0000
vt 0.1448 0.5824 0.0000
vt 0.1443 0.5952 0.0000
vt 0.1436 0.6080 0.0000
vt 0.1434 0.6206 0.0000
vt 0.1426 0.6204 0.0000
vt 0.1412 0.6327 0.0000
vt 0.1420 0.6330 0.0000
vt 0.1440 0.5824 0.0000
vt 0.1435 0.5951 0.0000
vt 0.1427 0.6079 0.0000
vt 0.1418 0.6202 0.0000
vt 0.1404 0.6324 0.0000
vt 0.1388 0.6445 0.0000
vt 0.1396 0.6448 0.0000
vt 0.1369 0.6564 0.0000
vt 0.1377 0.6567 0.0000
vt 0.1405 0.5820 0.0000
vt 0.1400 0.5946 0.0000
vt 0.1393 0.6071 0.0000
vt 0.1383 0.6192 0.0000
vt 0.1370 0.6312 0.0000
vt 0.1354 0.6430 0.0000
vt 0.1336 0.6547 0.0000
vt 0.1316 0.6663 0.0000
vt 0.1348 0.6681 0.0000
vt 0.1292 0.6778 0.0000
vt 0.1324 0.6797 0.0000
vt 0.1266 0.6895 0.0000
vt 0.1298 0.6915 0.0000
vt 0.1238 0.7010 0.0000
vt 0.1269 0.7031 0.0000
vt 0.1206 0.7129 0.0000
vt 0.1236 0.7151 0.0000
vt 0.1171 0.7246 0.0000
vt 0.1200 0.7269 0.0000
vt 0.1276 0.7036 0.0000
vt 0.1305 0.6920 0.0000
vt 0.1332 0.6801 0.0000
vt 0.1356 0.6685 0.0000
vt 0.1340 0.6805 0.0000
vt 0.1364 0.6689 0.0000
vt 0.1385 0.6571 0.0000
vt 0.1404 0.6451 0.0000
vt 0.1355 0.6812 0.0000
vt 0.1378 0.6695 0.0000
vt 0.1399 0.6576 0.0000
vt 0.1417 0.6455 0.0000
vt 0.1432 0.6334 0.0000
vt 0.1446 0.6210 0.0000
vt 0.1437 0.6462 0.0000
vt 0.1451 0.6340 0.0000
vt 0.1465 0.6215 0.0000
vt 0.1475 0.6089 0.0000
vt 0.1484 0.5961 0.0000
vt 0.1493 0.6093 0.0000
vt 0.1484 0.6220 0.0000
vt 0.1470 0.6345 0.0000
vt 0.1456 0.6468 0.0000
vt 0.1419 0.6583 0.0000
vt 0.1438 0.6590 0.0000
vt 0.1420 0.6707 0.0000
vt 0.1399 0.6704 0.0000
vt 0.1419 0.6822 0.0000
vt 0.1440 0.6706 0.0000
vt 0.1458 0.6595 0.0000
vt 0.1475 0.6474 0.0000
vt 0.1489 0.6351 0.0000
vt 0.1502 0.6225 0.0000
vt 0.1512 0.6097 0.0000
vt 0.1522 0.5968 0.0000
vt 0.1531 0.6101 0.0000
vt 0.1542 0.5971 0.0000
vt 0.1548 0.5841 0.0000
vt 0.1563 0.6111 0.0000
vt 0.1522 0.6230 0.0000
vt 0.1507 0.6357 0.0000
vt 0.1539 0.6368 0.0000
vt 0.1622 0.6132 0.0000
vt 0.1649 0.5875 0.0000
vt 0.1693 0.6157 0.0000
vt 0.1725 0.5903 0.0000
vt 0.1797 0.5931 0.0000
vt 0.1763 0.6183 0.0000
vt 0.1733 0.6438 0.0000
vt 0.1664 0.6414 0.0000
vt 0.1640 0.6677 0.0000
vt 0.1596 0.6389 0.0000
vt 0.1567 0.6650 0.0000
vt 0.1708 0.6693 0.0000
vt 0.1551 0.7044 0.0000
vt 0.1622 0.6921 0.0000
vt 0.1576 0.7073 0.0000
vt 0.1581 0.6897 0.0000
vt 0.1541 0.6865 0.0000
vt 0.1509 0.6620 0.0000
vt 0.1495 0.6481 0.0000
vt 0.1478 0.6602 0.0000
vt 0.1462 0.6713 0.0000
vt 0.1492 0.6733 0.0000
vt 0.1442 0.6822 0.0000
vt 0.1415 0.6964 0.0000
vt 0.1393 0.6942 0.0000
vt 0.1398 0.6823 0.0000
vt 0.1374 0.6940 0.0000
vt 0.1344 0.7055 0.0000
vt 0.1293 0.7167 0.0000
vt 0.1324 0.7049 0.0000
vt 0.1352 0.6935 0.0000
vt 0.1376 0.6821 0.0000
vt 0.1851 0.8896 0.0000
vt 0.1906 0.9135 0.0000
vt 0.1843 0.9136 0.0000
vt 0.1998 0.9353 0.0000
vt 0.1947 0.9360 0.0000
vt 0.1994 0.9131 0.0000
vt 0.1954 0.9135 0.0000
vt 0.1898 0.9362 0.0000
vt 0.1837 0.9365 0.0000
vt 0.1776 0.9136 0.0000
vt 0.1782 0.8896 0.0000
vt 0.1789 0.8651 0.0000
vt 0.1861 0.8651 0.0000
vt 0.1872 0.8407 0.0000
vt 0.1799 0.8406 0.0000
vt 0.1810 0.8162 0.0000
vt 0.1891 0.9570 0.0000
vt 0.1943 0.9567 0.0000
vt 0.1994 0.9565 0.0000
vt 0.2050 0.9563 0.0000
vt 0.2041 0.9353 0.0000
vt 0.2089 0.9351 0.0000
vt 0.2116 0.9554 0.0000
vt 0.2140 0.9343 0.0000
vt 0.2190 0.9343 0.0000
vt 0.2191 0.9539 0.0000
vt 0.2254 0.9338 0.0000
vt 0.2269 0.9512 0.0000
vt 0.2030 0.9126 0.0000
vt 0.2071 0.9124 0.0000
vt 0.2125 0.9121 0.0000
vt 0.2186 0.9122 0.0000
vt 0.2229 0.9124 0.0000
vt 0.2267 0.9128 0.0000
vt 0.2320 0.9125 0.0000
vt 0.2384 0.9113 0.0000
vt 0.2323 0.9321 0.0000
vt 0.2337 0.8914 0.0000
vt 0.2294 0.8918 0.0000
vt 0.2264 0.8902 0.0000
vt 0.2328 0.8686 0.0000
vt 0.2287 0.8676 0.0000
vt 0.2331 0.8449 0.0000
vt 0.2236 0.8675 0.0000
vt 0.2206 0.8896 0.0000
vt 0.2151 0.8911 0.0000
vt 0.2390 0.8904 0.0000
vt 0.2409 0.8685 0.0000
vt 0.2366 0.8690 0.0000
vt 0.2435 0.8457 0.0000
vt 0.2304 0.8197 0.0000
vt 0.2380 0.8196 0.0000
vt 0.2452 0.8193 0.0000
vt 0.2388 0.8456 0.0000
vt 0.2482 0.8448 0.0000
vt 0.2538 0.8426 0.0000
vt 0.2560 0.8177 0.0000
vt 0.2508 0.8190 0.0000
vt 0.2591 0.7863 0.0000
vt 0.2648 0.7846 0.0000
vt 0.2707 0.7808 0.0000
vt 0.2735 0.7492 0.0000
vt 0.2673 0.7512 0.0000
vt 0.2435 0.7917 0.0000
vt 0.2524 0.7879 0.0000
vt 0.2592 0.7519 0.0000
vt 0.2746 0.7172 0.0000
vt 0.2810 0.7149 0.0000
vt 0.2869 0.7112 0.0000
vt 0.2878 0.6813 0.0000
vt 0.2812 0.6835 0.0000
vt 0.2733 0.6845 0.0000
vt 0.2876 0.6494 0.0000
vt 0.2942 0.6472 0.0000
vt 0.3001 0.6436 0.0000
vt 0.3004 0.6130 0.0000
vt 0.2582 0.7128 0.0000
vt 0.2671 0.7167 0.0000
vt 0.2634 0.6845 0.0000
vt 0.2686 0.6561 0.0000
vt 0.2793 0.6517 0.0000
vt 0.2848 0.6162 0.0000
vt 0.3160 0.5130 0.0000
vt 0.3114 0.5453 0.0000
vt 0.3094 0.5152 0.0000
vt 0.3049 0.5464 0.0000
vt 0.2974 0.5463 0.0000
vt 0.2997 0.5803 0.0000
vt 0.3062 0.5787 0.0000
vt 0.3118 0.5758 0.0000
vt 0.2937 0.6151 0.0000
vt 0.2922 0.5792 0.0000
vt 0.2837 0.5745 0.0000
vt 0.3152 0.3982 0.0000
vt 0.3201 0.4219 0.0000
vt 0.3114 0.4296 0.0000
vt 0.3168 0.4546 0.0000
vt 0.3270 0.4175 0.0000
vt 0.3238 0.4498 0.0000
vt 0.3294 0.4457 0.0000
vt 0.3202 0.4814 0.0000
vt 0.3133 0.4851 0.0000
vt 0.3054 0.4886 0.0000
vt 0.3216 0.5099 0.0000
vt 0.3325 0.4135 0.0000
vt 0.3352 0.3808 0.0000
vt 0.3374 0.4100 0.0000
vt 0.3400 0.3775 0.0000
vt 0.3448 0.3747 0.0000
vt 0.3423 0.3440 0.0000
vt 0.3375 0.3470 0.0000
vt 0.3317 0.3512 0.0000
vt 0.3297 0.3856 0.0000
vt 0.3226 0.3918 0.0000
vt 0.3350 0.2436 0.0000
vt 0.3368 0.2789 0.0000
vt 0.3336 0.2787 0.0000
vt 0.3312 0.3085 0.0000
vt 0.3350 0.3126 0.0000
vt 0.3285 0.3302 0.0000
vt 0.3251 0.3552 0.0000
vt 0.3177 0.3602 0.0000
vt 0.3117 0.3646 0.0000
vt 0.3085 0.4039 0.0000
vt 0.3022 0.4093 0.0000
vt 0.3041 0.3756 0.0000
vt 0.3085 0.3678 0.0000
vt 0.3125 0.3596 0.0000
vt 0.3159 0.3514 0.0000
vt 0.3189 0.3429 0.0000
vt 0.3216 0.3338 0.0000
vt 0.3245 0.3210 0.0000
vt 0.3277 0.3019 0.0000
vt 0.3313 0.2762 0.0000
vt 0.3382 0.2109 0.0000
vt 0.3381 0.2427 0.0000
vt 0.3421 0.2418 0.0000
vt 0.3438 0.1842 0.0000
vt 0.3430 0.2101 0.0000
vt 0.3473 0.2097 0.0000
vt 0.3475 0.1835 0.0000
vt 0.3473 0.1642 0.0000
vt 0.3443 0.1653 0.0000
vt 0.3445 0.1553 0.0000
vt 0.3470 0.1542 0.0000
vt 0.3508 0.1525 0.0000
vt 0.3513 0.1627 0.0000
vt 0.3580 0.1602 0.0000
vt 0.3575 0.1498 0.0000
vt 0.3685 0.1452 0.0000
vt 0.3405 0.1850 0.0000
vt 0.3420 0.1667 0.0000
vt 0.3427 0.1566 0.0000
vt 0.3444 0.1505 0.0000
vt 0.3467 0.1494 0.0000
vt 0.3504 0.1477 0.0000
vt 0.3571 0.1448 0.0000
vt 0.3681 0.1401 0.0000
vt 0.3815 0.1348 0.0000
vt 0.3818 0.1401 0.0000
vt 0.3953 0.1354 0.0000
vt 0.3951 0.1299 0.0000
vt 0.4090 0.1256 0.0000
vt 0.4092 0.1311 0.0000
vt 0.4236 0.1273 0.0000
vt 0.4235 0.1218 0.0000
vt 0.4382 0.1186 0.0000
vt 0.4386 0.1240 0.0000
vt 0.4541 0.1211 0.0000
vt 0.4531 0.1159 0.0000
vt 0.4659 0.1191 0.0000
vt 0.4551 0.1318 0.0000
vt 0.4390 0.1349 0.0000
vt 0.4239 0.1384 0.0000
vt 0.4095 0.1423 0.0000
vt 0.3957 0.1465 0.0000
vt 0.3822 0.1511 0.0000
vt 0.3690 0.1560 0.0000
vt 0.3962 0.1674 0.0000
vt 0.3828 0.1721 0.0000
vt 0.3695 0.1767 0.0000
vt 0.3584 0.1804 0.0000
vt 0.3517 0.1824 0.0000
vt 0.3518 0.2089 0.0000
vt 0.3514 0.2391 0.0000
vt 0.4102 0.1896 0.0000
vt 0.3964 0.1944 0.0000
vt 0.3831 0.1993 0.0000
vt 0.3698 0.2037 0.0000
vt 0.3586 0.2072 0.0000
vt 0.3583 0.2371 0.0000
vt 0.3575 0.2696 0.0000
vt 0.3696 0.2334 0.0000
vt 0.3830 0.2288 0.0000
vt 0.3824 0.2600 0.0000
vt 0.3963 0.2238 0.0000
vt 0.4101 0.2187 0.0000
vt 0.4097 0.2493 0.0000
vt 0.4250 0.2135 0.0000
vt 0.4248 0.1851 0.0000
vt 0.4400 0.1811 0.0000
vt 0.3958 0.2548 0.0000
vt 0.3949 0.2865 0.0000
vt 0.4091 0.2804 0.0000
vt 0.4081 0.3116 0.0000
vt 0.4245 0.2739 0.0000
vt 0.4249 0.2433 0.0000
vt 0.4405 0.2377 0.0000
vt 0.4402 0.2677 0.0000
vt 0.4397 0.2978 0.0000
vt 0.4555 0.2623 0.0000
vt 0.4237 0.3046 0.0000
vt 0.4226 0.3349 0.0000
vt 0.4978 0.2542 0.0000
vt 0.4841 0.2553 0.0000
vt 0.4978 0.2260 0.0000
vt 0.4844 0.2269 0.0000
vt 0.4845 0.2000 0.0000
vt 0.4705 0.2293 0.0000
vt 0.4702 0.2581 0.0000
vt 0.4697 0.2871 0.0000
vt 0.4558 0.2330 0.0000
vt 0.4558 0.2048 0.0000
vt 0.5552 0.2376 0.0000
vt 0.5399 0.2329 0.0000
vt 0.5398 0.2047 0.0000
vt 0.5251 0.2293 0.0000
vt 0.5401 0.2623 0.0000
vt 0.5255 0.2581 0.0000
vt 0.5260 0.2871 0.0000
vt 0.5115 0.2553 0.0000
vt 0.5113 0.2269 0.0000
vt 0.5111 0.2000 0.0000
vt 0.4978 0.2829 0.0000
vt 0.4978 0.1994 0.0000
vt 0.5118 0.2840 0.0000
vt 0.5121 0.3122 0.0000
vt 0.5249 0.2018 0.0000
vt 0.5243 0.1750 0.0000
vt 0.5554 0.2676 0.0000
vt 0.5560 0.2978 0.0000
vt 0.5712 0.2739 0.0000
vt 0.5708 0.2433 0.0000
vt 0.5707 0.2134 0.0000
vt 0.5859 0.2492 0.0000
vt 0.5866 0.2804 0.0000
vt 0.5876 0.3116 0.0000
vt 0.6008 0.2865 0.0000
vt 0.5999 0.2547 0.0000
vt 0.5719 0.3046 0.0000
vt 0.5730 0.3349 0.0000
vt 0.5993 0.2237 0.0000
vt 0.6133 0.2600 0.0000
vt 0.6144 0.2925 0.0000
vt 0.6159 0.3251 0.0000
vt 0.6282 0.2987 0.0000
vt 0.6269 0.2652 0.0000
vt 0.6261 0.2333 0.0000
vt 0.6383 0.2695 0.0000
vt 0.6398 0.3039 0.0000
vt 0.6417 0.3382 0.0000
vt 0.6468 0.3069 0.0000
vt 0.6127 0.2286 0.0000
vt 0.6125 0.1991 0.0000
vt 0.6299 0.3323 0.0000
vt 0.6318 0.3646 0.0000
vt 0.6608 0.3126 0.0000
vt 0.6563 0.3119 0.0000
vt 0.6590 0.2789 0.0000
vt 0.6548 0.2764 0.0000
vt 0.6537 0.2417 0.0000
vt 0.6500 0.2741 0.0000
vt 0.6515 0.3091 0.0000
vt 0.6534 0.3441 0.0000
vt 0.6453 0.2721 0.0000
vt 0.6444 0.2390 0.0000
vt 0.6490 0.2403 0.0000
vt 0.6485 0.2095 0.0000
vt 0.6641 0.3513 0.0000
vt 0.6582 0.3472 0.0000
vt 0.6603 0.3810 0.0000
vt 0.6659 0.3858 0.0000
vt 0.6683 0.4178 0.0000
vt 0.6729 0.3921 0.0000
vt 0.6752 0.4222 0.0000
vt 0.6802 0.3987 0.0000
vt 0.6838 0.4300 0.0000
vt 0.6784 0.4547 0.0000
vt 0.6715 0.4499 0.0000
vt 0.6707 0.3554 0.0000
vt 0.6781 0.3606 0.0000
vt 0.6840 0.3652 0.0000
vt 0.6868 0.4045 0.0000
vt 0.6929 0.4100 0.0000
vt 0.6922 0.4375 0.0000
vt 0.6998 0.4431 0.0000
vt 0.6991 0.4160 0.0000
vt 0.7058 0.4209 0.0000
vt 0.7079 0.4471 0.0000
vt 0.7158 0.4497 0.0000
vt 0.6771 0.3430 0.0000
vt 0.6801 0.3516 0.0000
vt 0.6834 0.3602 0.0000
vt 0.6872 0.3687 0.0000
vt 0.6914 0.3769 0.0000
vt 0.6958 0.3842 0.0000
vt 0.7004 0.3906 0.0000
vt 0.7053 0.3961 0.0000
vt 0.7105 0.4005 0.0000
vt 0.7590 0.4414 0.0000
vt 0.7450 0.4249 0.0000
vt 0.7515 0.4218 0.0000
vt 0.7442 0.4048 0.0000
vt 0.7389 0.4070 0.0000
vt 0.7333 0.4082 0.0000
vt 0.7381 0.4269 0.0000
vt 0.7316 0.4277 0.0000
vt 0.7275 0.4078 0.0000
vt 0.7216 0.4063 0.0000
vt 0.7253 0.4275 0.0000
vt 0.7190 0.4265 0.0000
vt 0.7159 0.4039 0.0000
vt 0.7126 0.4244 0.0000
vt 0.7547 0.4895 0.0000
vt 0.7491 0.4683 0.0000
vt 0.7572 0.4653 0.0000
vt 0.7437 0.4478 0.0000
vt 0.7514 0.4451 0.0000
vt 0.7366 0.4496 0.0000
vt 0.7299 0.4505 0.0000
vt 0.7231 0.4507 0.0000
vt 0.7416 0.4704 0.0000
vt 0.7344 0.4718 0.0000
vt 0.7273 0.4726 0.0000
vt 0.7198 0.4725 0.0000
vt 0.7114 0.4713 0.0000
vt 0.7028 0.4687 0.0000
vt 0.6944 0.4647 0.0000
vt 0.6864 0.4598 0.0000
vt 0.7391 0.4934 0.0000
vt 0.7318 0.4945 0.0000
vt 0.7241 0.4950 0.0000
vt 0.7157 0.4950 0.0000
vt 0.7069 0.4940 0.0000
vt 0.6983 0.4916 0.0000
vt 0.6898 0.4885 0.0000
vt 0.7440 0.5156 0.0000
vt 0.7364 0.5169 0.0000
vt 0.7286 0.5179 0.0000
vt 0.7201 0.5186 0.0000
vt 0.7113 0.5187 0.0000
vt 0.7023 0.5179 0.0000
vt 0.6937 0.5165 0.0000
vt 0.6859 0.5150 0.0000
vt 0.6980 0.5459 0.0000
vt 0.7068 0.5448 0.0000
vt 0.7158 0.5434 0.0000
vt 0.7247 0.5421 0.0000
vt 0.7332 0.5410 0.0000
vt 0.7411 0.5398 0.0000
vt 0.7459 0.5627 0.0000
vt 0.7379 0.5641 0.0000
vt 0.7426 0.5873 0.0000
vt 0.7506 0.5859 0.0000
vt 0.7108 0.6155 0.0000
vt 0.6959 0.5798 0.0000
vt 0.7034 0.5786 0.0000
vt 0.7118 0.5739 0.0000
vt 0.7207 0.5685 0.0000
vt 0.7294 0.5656 0.0000
vt 0.7342 0.5890 0.0000
vt 0.7389 0.6124 0.0000
vt 0.7473 0.6108 0.0000
vt 0.7166 0.5954 0.0000
vt 0.7257 0.5924 0.0000
vt 0.7305 0.6137 0.0000
vt 0.7342 0.6351 0.0000
vt 0.7434 0.6356 0.0000
vt 0.7477 0.6589 0.0000
vt 0.7384 0.6586 0.0000
vt 0.7429 0.6830 0.0000
vt 0.7517 0.6820 0.0000
vt 0.7515 0.7299 0.0000
vt 0.7380 0.7119 0.0000
vt 0.7472 0.7072 0.0000
vt 0.7327 0.6837 0.0000
vt 0.7227 0.6838 0.0000
vt 0.7273 0.6552 0.0000
vt 0.7236 0.6306 0.0000
vt 0.7209 0.6150 0.0000
vt 0.7556 0.7045 0.0000
vt 0.7594 0.7267 0.0000
vt 0.7632 0.7491 0.0000
vt 0.7553 0.7503 0.0000
vt 0.7587 0.7709 0.0000
vt 0.7668 0.7717 0.0000
vt 0.7702 0.7949 0.0000
vt 0.7736 0.7707 0.0000
vt 0.7372 0.7512 0.0000
vt 0.7428 0.7329 0.0000
vt 0.7466 0.7509 0.0000
vt 0.7495 0.7683 0.0000
vt 0.7532 0.7911 0.0000
vt 0.7625 0.7943 0.0000
vt 0.7665 0.8191 0.0000
vt 0.7735 0.8185 0.0000
vt 0.7765 0.8426 0.0000
vt 0.7798 0.8178 0.0000
vt 0.7768 0.7941 0.0000
vt 0.7824 0.7933 0.0000
vt 0.7851 0.8171 0.0000
vt 0.7877 0.8412 0.0000
vt 0.7902 0.8165 0.0000
vt 0.7317 0.7841 0.0000
vt 0.7375 0.7858 0.0000
vt 0.7407 0.8174 0.0000
vt 0.7460 0.8186 0.0000
vt 0.7534 0.8454 0.0000
vt 0.7516 0.8188 0.0000
vt 0.7442 0.7874 0.0000
vt 0.7589 0.8191 0.0000
vt 0.7639 0.8445 0.0000
vt 0.7258 0.7804 0.0000
vt 0.7228 0.7487 0.0000
vt 0.7290 0.7507 0.0000
vt 0.7216 0.7165 0.0000
vt 0.7151 0.7144 0.0000
vt 0.7092 0.7107 0.0000
vt 0.7082 0.6807 0.0000
vt 0.7148 0.6828 0.0000
vt 0.7082 0.6488 0.0000
vt 0.6980 0.7015 0.0000
vt 0.7035 0.7059 0.0000
vt 0.7111 0.7399 0.0000
vt 0.7168 0.7447 0.0000
vt 0.6967 0.6728 0.0000
vt 0.6913 0.6684 0.0000
vt 0.6827 0.6624 0.0000
vt 0.6849 0.6350 0.0000
vt 0.7022 0.6769 0.0000
vt 0.6957 0.6431 0.0000
vt 0.6905 0.5460 0.0000
vt 0.6840 0.5449 0.0000
vt 0.6894 0.5783 0.0000
vt 0.6837 0.5754 0.0000
vt 0.6953 0.6124 0.0000
vt 0.7019 0.6145 0.0000
vt 0.7016 0.6467 0.0000
vt 0.6894 0.6090 0.0000
vt 0.6841 0.6054 0.0000
vt 0.6902 0.6388 0.0000
vt 0.6660 0.4458 0.0000
vt 0.6752 0.4814 0.0000
vt 0.6820 0.4850 0.0000
vt 0.6793 0.5128 0.0000
vt 0.6737 0.5097 0.0000
vt 0.6696 0.4777 0.0000
vt 0.6645 0.4743 0.0000
vt 0.6733 0.5389 0.0000
vt 0.6686 0.5064 0.0000
vt 0.6636 0.5033 0.0000
vt 0.6785 0.5422 0.0000
vt 0.6784 0.5720 0.0000
vt 0.6732 0.5684 0.0000
vt 0.6682 0.5358 0.0000
vt 0.6604 0.5311 0.0000
vt 0.6596 0.4711 0.0000
vt 0.6521 0.4668 0.0000
vt 0.6561 0.4391 0.0000
vt 0.6560 0.4989 0.0000
vt 0.6431 0.4914 0.0000
vt 0.6653 0.5636 0.0000
vt 0.6516 0.5552 0.0000
vt 0.6472 0.5233 0.0000
vt 0.6312 0.5137 0.0000
vt 0.6487 0.4349 0.0000
vt 0.6364 0.4279 0.0000
vt 0.6395 0.4596 0.0000
vt 0.6245 0.4511 0.0000
vt 0.6217 0.4198 0.0000
vt 0.6194 0.3884 0.0000
vt 0.6073 0.4118 0.0000
vt 0.6097 0.4427 0.0000
vt 0.5944 0.4339 0.0000
vt 0.6123 0.4734 0.0000
vt 0.6460 0.4030 0.0000
vt 0.6339 0.3963 0.0000
vt 0.6437 0.3711 0.0000
vt 0.6508 0.3749 0.0000
vt 0.6580 0.4102 0.0000
vt 0.6532 0.4071 0.0000
vt 0.6610 0.4423 0.0000
vt 0.6629 0.4137 0.0000
vt 0.6555 0.3777 0.0000
vt 0.6487 0.3417 0.0000
vt 0.8545 0.6795 0.0000
vt 0.8543 0.6679 0.0000
vt 0.8567 0.6795 0.0000
vt 0.8710 0.7267 0.0000
vt 0.8683 0.7276 0.0000
vt 0.8599 0.7039 0.0000
vt 0.8657 0.7288 0.0000
vt 0.8589 0.7082 0.0000
vt 0.8551 0.6937 0.0000
vt 0.8530 0.6964 0.0000
vt 0.8522 0.6795 0.0000
vt 0.8523 0.6679 0.0000
vt 0.8564 0.6675 0.0000
vt 0.8588 0.6792 0.0000
vt 0.8746 0.7391 0.0000
vt 0.8736 0.7263 0.0000
vt 0.8701 0.7142 0.0000
vt 0.8675 0.7139 0.0000
vt 0.8667 0.7019 0.0000
vt 0.8643 0.7021 0.0000
vt 0.8614 0.6907 0.0000
vt 0.8592 0.6913 0.0000
vt 0.8623 0.7027 0.0000
vt 0.8572 0.6915 0.0000
vt 0.8781 0.7517 0.0000
vt 0.8755 0.7548 0.0000
vt 0.8821 0.7617 0.0000
vt 0.8792 0.7643 0.0000
vt 0.8860 0.7710 0.0000
vt 0.8833 0.7735 0.0000
vt 0.8938 0.7868 0.0000
vt 0.8912 0.7897 0.0000
vt 0.8999 0.8047 0.0000
vt 0.9023 0.8013 0.0000
vt 0.9137 0.8116 0.0000
vt 0.9048 0.7981 0.0000
vt 0.8966 0.7838 0.0000
vt 0.8889 0.7684 0.0000
vt 0.8848 0.7591 0.0000
vt 0.8811 0.7493 0.0000
vt 0.8772 0.7379 0.0000
vt 0.8912 0.7666 0.0000
vt 0.8870 0.7573 0.0000
vt 0.8832 0.7477 0.0000
vt 0.8792 0.7366 0.0000
vt 0.8754 0.7252 0.0000
vt 0.8717 0.7133 0.0000
vt 0.8683 0.7013 0.0000
vt 0.8990 0.7822 0.0000
vt 0.8921 0.7663 0.0000
vt 0.8878 0.7568 0.0000
vt 0.8840 0.7472 0.0000
vt 0.8800 0.7360 0.0000
vt 0.8762 0.7247 0.0000
vt 0.8725 0.7128 0.0000
vt 0.8886 0.7559 0.0000
vt 0.8848 0.7464 0.0000
vt 0.8807 0.7353 0.0000
vt 0.8770 0.7241 0.0000
vt 0.8733 0.7122 0.0000
vt 0.8699 0.7002 0.0000
vt 0.8928 0.7652 0.0000
vt 0.8953 0.7623 0.0000
vt 0.8912 0.7529 0.0000
vt 0.8875 0.7437 0.0000
vt 0.8836 0.7328 0.0000
vt 0.8799 0.7216 0.0000
vt 0.8763 0.7099 0.0000
vt 0.8729 0.6980 0.0000
vt 0.9463 0.8370 0.0000
vt 0.9377 0.8278 0.0000
vt 0.9282 0.8165 0.0000
vt 0.9261 0.8196 0.0000
vt 0.9190 0.8041 0.0000
vt 0.9168 0.8072 0.0000
vt 0.9084 0.7944 0.0000
vt 0.9107 0.7913 0.0000
vt 0.9006 0.7807 0.0000
vt 0.9030 0.7776 0.0000
vt 0.9348 0.8323 0.0000
vt 0.9253 0.8210 0.0000
vt 0.9160 0.8084 0.0000
vt 0.9077 0.7956 0.0000
vt 0.8999 0.7819 0.0000
vt 0.9430 0.8426 0.0000
vt 0.9342 0.8333 0.0000
vt 0.9248 0.8219 0.0000
vt 0.9154 0.8093 0.0000
vt 0.9070 0.7962 0.0000
vt 0.7818 0.5280 0.0000
vt 0.7937 0.5481 0.0000
vt 0.7868 0.5513 0.0000
vt 0.7914 0.5749 0.0000
vt 0.7494 0.4021 0.0000
vt 0.7651 0.4615 0.0000
vt 0.7707 0.4828 0.0000
vt 0.7776 0.4785 0.0000
vt 0.7833 0.5011 0.0000
vt 0.7764 0.5051 0.0000
vt 0.7887 0.5245 0.0000
vt 0.7952 0.5203 0.0000
vt 0.8001 0.5445 0.0000
vt 0.8048 0.5690 0.0000
vt 0.8115 0.5658 0.0000
vt 0.8089 0.5937 0.0000
vt 0.8024 0.5964 0.0000
vt 0.7982 0.5720 0.0000
vt 0.7956 0.5990 0.0000
vt 0.7993 0.6235 0.0000
vt 0.8061 0.6211 0.0000
vt 0.8093 0.6460 0.0000
vt 0.8025 0.6480 0.0000
vt 0.8053 0.6722 0.0000
vt 0.8121 0.6706 0.0000
vt 0.8144 0.6943 0.0000
vt 0.8076 0.6955 0.0000
vt 0.8097 0.7186 0.0000
vt 0.8164 0.7177 0.0000
vt 0.8159 0.6439 0.0000
vt 0.8254 0.6671 0.0000
vt 0.8504 0.6567 0.0000
vt 0.8466 0.6453 0.0000
vt 0.8453 0.6593 0.0000
vt 0.8424 0.6840 0.0000
vt 0.8383 0.6873 0.0000
vt 0.8471 0.6707 0.0000
vt 0.8501 0.6686 0.0000
vt 0.8484 0.6575 0.0000
vt 0.8510 0.6987 0.0000
vt 0.8465 0.6820 0.0000
vt 0.8491 0.6809 0.0000
vt 0.8535 0.7053 0.0000
vt 0.8583 0.7149 0.0000
vt 0.8641 0.7293 0.0000
vt 0.8690 0.7428 0.0000
vt 0.8745 0.7574 0.0000
vt 0.8780 0.7664 0.0000
vt 0.8817 0.7751 0.0000
vt 0.8534 0.7080 0.0000
vt 0.8577 0.7172 0.0000
vt 0.8628 0.7296 0.0000
vt 0.8678 0.7437 0.0000
vt 0.8736 0.7592 0.0000
vt 0.8770 0.7677 0.0000
vt 0.8805 0.7760 0.0000
vt 0.6960 0.1971 0.0000
vt 0.6980 0.1971 0.0000
vt 0.6960 0.2056 0.0000
vt 0.6980 0.2057 0.0000
vt 0.6960 0.2168 0.0000
vt 0.6980 0.2168 0.0000
vt 0.6960 0.2290 0.0000
vt 0.6980 0.2290 0.0000
vt 0.6960 0.2425 0.0000
vt 0.6980 0.2425 0.0000
vt 0.6980 0.2499 0.0000
vt 0.6960 0.2500 0.0000
vt 0.6980 0.2574 0.0000
vt 0.6960 0.2575 0.0000
vt 0.6940 0.2169 0.0000
vt 0.6940 0.2291 0.0000
vt 0.6940 0.2426 0.0000
vt 0.6940 0.2501 0.0000
vt 0.6940 0.2577 0.0000
vt 0.6960 0.2731 0.0000
vt 0.6940 0.2733 0.0000
vt 0.6959 0.2887 0.0000
vt 0.6940 0.2888 0.0000
vt 0.6959 0.3040 0.0000
vt 0.6940 0.3042 0.0000
vt 0.6980 0.2730 0.0000
vt 0.6980 0.2886 0.0000
vt 0.6980 0.3039 0.0000
vt 0.6959 0.3188 0.0000
vt 0.6980 0.3187 0.0000
vt 0.6959 0.3323 0.0000
vt 0.6980 0.3322 0.0000
vt 0.6959 0.3435 0.0000
vt 0.6980 0.3434 0.0000
vt 0.8884 0.7928 0.0000
vt 0.8896 0.7917 0.0000
vt 0.8974 0.8083 0.0000
vt 0.8984 0.8069 0.0000
vt 0.9071 0.8225 0.0000
vt 0.9080 0.8209 0.0000
vt 0.9171 0.8355 0.0000
vt 0.9179 0.8339 0.0000
vt 0.9263 0.8472 0.0000
vt 0.9271 0.8456 0.0000
vt 0.9336 0.8575 0.0000
vt 0.9345 0.8559 0.0000
vt 0.8874 0.1561 0.0000
vt 0.8870 0.1385 0.0000
vt 0.8884 0.1525 0.0000
vt 0.8882 0.1347 0.0000
vt 0.8868 0.2517 0.0000
vt 0.8877 0.2389 0.0000
vt 0.8890 0.2508 0.0000
vt 0.8898 0.2376 0.0000
vt 0.8883 0.2263 0.0000
vt 0.8901 0.2246 0.0000
vt 0.8885 0.2143 0.0000
vt 0.8900 0.2124 0.0000
vt 0.8884 0.2021 0.0000
vt 0.8897 0.1999 0.0000
vt 0.8881 0.1884 0.0000
vt 0.8892 0.1857 0.0000
vt 0.8877 0.1728 0.0000
vt 0.8887 0.1694 0.0000
vt 0.8868 0.2275 0.0000
vt 0.8873 0.2157 0.0000
vt 0.8873 0.2038 0.0000
vt 0.8872 0.1906 0.0000
vt 0.8867 0.1761 0.0000
vt 0.8863 0.1595 0.0000
vt 0.8857 0.1423 0.0000
vt 0.8860 0.1756 0.0000
vt 0.8866 0.1896 0.0000
vt 0.8869 0.2031 0.0000
vt 0.8868 0.2153 0.0000
vt 0.8863 0.2272 0.0000
vt 0.8855 0.2395 0.0000
vt 0.8861 0.2398 0.0000
vt 0.8845 0.2519 0.0000
vt 0.8851 0.2522 0.0000
vt 0.8831 0.2638 0.0000
vt 0.8853 0.1589 0.0000
vt 0.8758 0.1720 0.0000
vt 0.8755 0.1904 0.0000
vt 0.8743 0.2032 0.0000
vt 0.8728 0.2180 0.0000
vt 0.8716 0.2310 0.0000
vt 0.8703 0.2428 0.0000
vt 0.8688 0.2543 0.0000
vt 0.8560 0.2324 0.0000
vt 0.8575 0.2207 0.0000
vt 0.8589 0.2072 0.0000
vt 0.8612 0.1900 0.0000
vt 0.8641 0.1687 0.0000
vt 0.8215 0.1561 0.0000
vt 0.8386 0.1467 0.0000
vt 0.8348 0.1671 0.0000
vt 0.8481 0.1781 0.0000
vt 0.8513 0.1574 0.0000
vt 0.8454 0.1959 0.0000
vt 0.8435 0.2095 0.0000
vt 0.8418 0.2209 0.0000
vt 0.8399 0.2318 0.0000
vt 0.8542 0.2435 0.0000
vt 0.8524 0.2542 0.0000
vt 0.8180 0.1733 0.0000
vt 0.8317 0.1846 0.0000
vt 0.8295 0.1979 0.0000
vt 0.8277 0.2089 0.0000
vt 0.8257 0.2197 0.0000
vt 0.8236 0.2301 0.0000
vt 0.8379 0.2423 0.0000
vt 0.8359 0.2524 0.0000
vt 0.8216 0.2399 0.0000
vt 0.8155 0.1861 0.0000
vt 0.8135 0.1967 0.0000
vt 0.8114 0.2073 0.0000
vt 0.8094 0.2176 0.0000
vt 0.8074 0.2273 0.0000
vt 0.8196 0.2493 0.0000
vt 0.8055 0.2366 0.0000
vt 0.8036 0.2454 0.0000
vt 0.8176 0.2580 0.0000
vt 0.7952 0.2051 0.0000
vt 0.7972 0.1950 0.0000
vt 0.7994 0.1846 0.0000
vt 0.8015 0.1743 0.0000
vt 0.8042 0.1619 0.0000
vt 0.8080 0.1453 0.0000
vt 0.8125 0.1259 0.0000
vt 0.8256 0.1363 0.0000
vt 0.7943 0.1346 0.0000
vt 0.7903 0.1508 0.0000
vt 0.7874 0.1627 0.0000
vt 0.7852 0.1727 0.0000
vt 0.7832 0.1829 0.0000
vt 0.7812 0.1930 0.0000
vt 0.7795 0.2025 0.0000
vt 0.7934 0.2148 0.0000
vt 0.7916 0.2240 0.0000
vt 0.7778 0.2116 0.0000
vt 0.7761 0.2203 0.0000
vt 0.7745 0.2287 0.0000
vt 0.7729 0.2368 0.0000
vt 0.7738 0.2462 0.0000
vt 0.7789 0.2566 0.0000
vt 0.7857 0.2570 0.0000
vt 0.7862 0.2493 0.0000
vt 0.7881 0.2412 0.0000
vt 0.7898 0.2328 0.0000
vt 0.7970 0.2722 0.0000
vt 0.7979 0.2682 0.0000
vt 0.7997 0.2618 0.0000
vt 0.8017 0.2537 0.0000
vt 0.8156 0.2663 0.0000
vt 0.8090 0.2864 0.0000
vt 0.8112 0.2817 0.0000
vt 0.8135 0.2741 0.0000
vt 0.8278 0.2870 0.0000
vt 0.8261 0.2947 0.0000
vt 0.8162 0.2940 0.0000
vt 0.8038 0.2838 0.0000
vt 0.8073 0.2886 0.0000
vt 0.8021 0.2838 0.0000
vt 0.8062 0.2895 0.0000
vt 0.8123 0.2949 0.0000
vt 0.8251 0.3031 0.0000
vt 0.8394 0.3082 0.0000
vt 0.8422 0.3007 0.0000
vt 0.8444 0.2927 0.0000
vt 0.8572 0.3150 0.0000
vt 0.7996 0.2780 0.0000
vt 0.7947 0.2728 0.0000
vt 0.7896 0.2686 0.0000
vt 0.7875 0.2637 0.0000
vt 0.7844 0.2653 0.0000
vt 0.7798 0.2644 0.0000
vt 0.7983 0.2787 0.0000
vt 0.7941 0.2741 0.0000
vt 0.7900 0.2709 0.0000
vt 0.7859 0.2689 0.0000
vt 0.7822 0.2686 0.0000
vt 0.7790 0.2702 0.0000
vt 0.7765 0.2667 0.0000
vt 0.7744 0.2710 0.0000
vt 0.7765 0.2732 0.0000
vt 0.7690 0.2576 0.0000
vt 0.7722 0.2535 0.0000
vt 0.7686 0.2660 0.0000
vt 0.9912 0.9484 0.0000
vt 0.9905 0.9484 0.0000
vt 0.9831 0.9473 0.0000
vt 0.9742 0.9460 0.0000
vt 0.9638 0.9445 0.0000
vt 0.9519 0.9429 0.0000
vt 0.9437 0.9422 0.0000
vt 0.9442 0.9430 0.0000
vt 0.9519 0.9437 0.0000
vt 0.9638 0.9454 0.0000
vt 0.9742 0.9468 0.0000
vt 0.9832 0.9482 0.0000
vt 0.9906 0.9493 0.0000
vt 0.6787 0.6013 0.0000
vt 0.6706 0.5962 0.0000
vt 0.6491 0.6398 0.0000
vt 0.6619 0.6198 0.0000
vt 0.6675 0.6519 0.0000
vt 0.6763 0.6291 0.0000
vt 0.6566 0.5875 0.0000
vt 0.6394 0.5766 0.0000
vt 0.6735 0.6842 0.0000
vt 0.6890 0.6947 0.0000
vt 0.6960 0.7278 0.0000
vt 0.6798 0.7165 0.0000
vt 0.6600 0.7030 0.0000
vt 0.6869 0.7504 0.0000
vt 0.7123 0.7976 0.0000
vt 0.7039 0.7629 0.0000
vt 0.7136 0.7703 0.0000
vt 0.7053 0.7348 0.0000
vt 0.7030 0.8197 0.0000
vt 0.6726 0.7690 0.0000
vt 0.6947 0.7851 0.0000
vt 0.6393 0.6887 0.0000
vt 0.6346 0.6580 0.0000
vt 0.6183 0.6741 0.0000
vt 0.6443 0.7199 0.0000
vt 0.6659 0.7353 0.0000
vt 0.6492 0.7511 0.0000
vt 0.6261 0.7334 0.0000
vt 0.6222 0.7041 0.0000
vt 0.6006 0.6891 0.0000
vt 0.6551 0.7829 0.0000
vt 0.6801 0.8042 0.0000
vt 0.7135 0.8536 0.0000
vt 0.7293 0.8595 0.0000
vt 0.7279 0.8865 0.0000
vt 0.7384 0.8868 0.0000
vt 0.7465 0.9102 0.0000
vt 0.7396 0.9095 0.0000
vt 0.7462 0.9255 0.0000
vt 0.7523 0.9284 0.0000
vt 0.7581 0.9301 0.0000
vt 0.7526 0.9103 0.0000
vt 0.6300 0.7612 0.0000
vt 0.6339 0.7872 0.0000
vt 0.6607 0.8133 0.0000
vt 0.6895 0.8475 0.0000
vt 0.7170 0.8865 0.0000
vt 0.7388 0.9193 0.0000
vt 0.7485 0.9331 0.0000
vt 0.7558 0.9418 0.0000
vt 0.7711 0.9531 0.0000
vt 0.7635 0.9493 0.0000
vt 0.7632 0.9477 0.0000
vt 0.7561 0.9436 0.0000
vt 0.7490 0.9354 0.0000
vt 0.7374 0.9190 0.0000
vt 0.7159 0.8864 0.0000
vt 0.6891 0.8483 0.0000
vt 0.6611 0.8150 0.0000
vt 0.7487 0.9365 0.0000
vt 0.7559 0.9447 0.0000
vt 0.7633 0.9505 0.0000
vt 0.7710 0.9544 0.0000
vt 0.7790 0.9570 0.0000
vt 0.7789 0.9557 0.0000
vt 0.7866 0.9586 0.0000
vt 0.7864 0.9573 0.0000
vt 0.7930 0.9593 0.0000
vt 0.7928 0.9579 0.0000
vt 0.7986 0.9594 0.0000
vt 0.7632 0.9513 0.0000
vt 0.7709 0.9552 0.0000
vt 0.7791 0.9579 0.0000
vt 0.7867 0.9595 0.0000
vt 0.7931 0.9601 0.0000
vt 0.7986 0.9602 0.0000
vt 0.8037 0.9595 0.0000
vt 0.8037 0.9602 0.0000
vt 0.8090 0.9598 0.0000
vt 0.8090 0.9604 0.0000
vt 0.7984 0.9581 0.0000
vt 0.8036 0.9582 0.0000
vt 0.8089 0.9585 0.0000
vt 0.8149 0.9602 0.0000
vt 0.8149 0.9589 0.0000
vt 0.8148 0.9575 0.0000
vt 0.8142 0.9362 0.0000
vt 0.8149 0.9608 0.0000
vt 0.8073 0.7910 0.0000
vt 0.8088 0.8153 0.0000
vt 0.8016 0.8156 0.0000
vt 0.8101 0.8397 0.0000
vt 0.8031 0.8399 0.0000
vt 0.8045 0.8644 0.0000
vt 0.8114 0.8643 0.0000
vt 0.8125 0.8890 0.0000
vt 0.8059 0.8891 0.0000
vt 0.8071 0.9132 0.0000
vt 0.8134 0.9132 0.0000
vt 0.8081 0.9360 0.0000
vt 0.8089 0.9570 0.0000
vt 0.8057 0.7670 0.0000
vt 0.8041 0.7432 0.0000
vt 0.7999 0.7916 0.0000
vt 0.7983 0.7677 0.0000
vt 0.7965 0.7441 0.0000
vt 0.7946 0.7209 0.0000
vt 0.8022 0.7197 0.0000
vt 0.8002 0.6969 0.0000
vt 0.7924 0.6983 0.0000
vt 0.7899 0.6757 0.0000
vt 0.7978 0.6740 0.0000
vt 0.7950 0.6502 0.0000
vt 0.7871 0.6522 0.0000
vt 0.7838 0.6282 0.0000
vt 0.7915 0.7683 0.0000
vt 0.7894 0.7449 0.0000
vt 0.7872 0.7219 0.0000
vt 0.7847 0.6995 0.0000
vt 0.7820 0.6771 0.0000
vt 0.7790 0.6538 0.0000
vt 0.7755 0.6300 0.0000
vt 0.7715 0.6062 0.0000
vt 0.7799 0.6042 0.0000
vt 0.7672 0.6316 0.0000
vt 0.7709 0.6551 0.0000
vt 0.7743 0.6783 0.0000
vt 0.7773 0.7005 0.0000
vt 0.7801 0.7227 0.0000
vt 0.7828 0.7456 0.0000
vt 0.7854 0.7690 0.0000
vt 0.7936 0.7920 0.0000
vt 0.7878 0.7926 0.0000
vt 0.7796 0.7697 0.0000
vt 0.7766 0.7465 0.0000
vt 0.7735 0.7237 0.0000
vt 0.7704 0.7017 0.0000
vt 0.7670 0.6795 0.0000
vt 0.7634 0.6565 0.0000
vt 0.7595 0.6330 0.0000
vt 0.7552 0.6094 0.0000
vt 0.7631 0.6079 0.0000
vt 0.7586 0.5844 0.0000
vt 0.7538 0.5613 0.0000
vt 0.7489 0.5384 0.0000
vt 0.7670 0.5826 0.0000
vt 0.7623 0.5594 0.0000
vt 0.7573 0.5365 0.0000
vt 0.7520 0.5139 0.0000
vt 0.7468 0.4917 0.0000
vt 0.7756 0.5804 0.0000
vt 0.7708 0.5571 0.0000
vt 0.7658 0.5342 0.0000
vt 0.7603 0.5115 0.0000
vt 0.7629 0.4865 0.0000
vt 0.7686 0.5086 0.0000
vt 0.7741 0.5313 0.0000
vt 0.7791 0.5544 0.0000
vt 0.7837 0.5778 0.0000
vt 0.7880 0.6017 0.0000
vt 0.7918 0.6259 0.0000
vt 0.1957 0.2625 0.0000
vt 0.1976 0.2690 0.0000
vt 0.1842 0.2827 0.0000
vt 0.1985 0.2730 0.0000
vt 0.1865 0.2875 0.0000
vt 0.2023 0.2153 0.0000
vt 0.2041 0.2246 0.0000
vt 0.1882 0.2279 0.0000
vt 0.1901 0.2372 0.0000
vt 0.1919 0.2460 0.0000
vt 0.2058 0.2334 0.0000
vt 0.2076 0.2418 0.0000
vt 0.1938 0.2544 0.0000
vt 0.2094 0.2500 0.0000
vt 0.2099 0.2577 0.0000
vt 0.2229 0.2375 0.0000
vt 0.2213 0.2293 0.0000
vt 0.2196 0.2209 0.0000
vt 0.2180 0.2122 0.0000
vt 0.2163 0.2030 0.0000
vt 0.2005 0.2056 0.0000
vt 0.2145 0.1935 0.0000
vt 0.2126 0.1833 0.0000
vt 0.1985 0.1954 0.0000
vt 0.1963 0.1850 0.0000
vt 0.2106 0.1731 0.0000
vt 0.2084 0.1631 0.0000
vt 0.2056 0.1511 0.0000
vt 0.2016 0.1349 0.0000
vt 0.1968 0.1160 0.0000
vt 0.1942 0.1746 0.0000
vt 0.1916 0.1622 0.0000
vt 0.1878 0.1455 0.0000
vt 0.1833 0.1260 0.0000
vt 0.1918 0.0967 0.0000
vt 0.1786 0.1060 0.0000
vt 0.1657 0.1156 0.0000
vt 0.1701 0.1363 0.0000
vt 0.1570 0.1467 0.0000
vt 0.1532 0.1255 0.0000
vt 0.1294 0.1451 0.0000
vt 0.1268 0.1230 0.0000
vt 0.1409 0.1357 0.0000
vt 0.1375 0.1133 0.0000
vt 0.1490 0.1035 0.0000
vt 0.1612 0.0943 0.0000
vt 0.1737 0.0855 0.0000
vt 0.1866 0.0771 0.0000
vt 0.1443 0.1574 0.0000
vt 0.1314 0.1686 0.0000
vt 0.1189 0.1524 0.0000
vt 0.1196 0.1718 0.0000
vt 0.1101 0.1586 0.0000
vt 0.1094 0.1754 0.0000
vt 0.1088 0.1895 0.0000
vt 0.1199 0.1903 0.0000
vt 0.1084 0.2031 0.0000
vt 0.1210 0.2032 0.0000
vt 0.1085 0.2153 0.0000
vt 0.1225 0.2181 0.0000
vt 0.1080 0.2157 0.0000
vt 0.1080 0.2037 0.0000
vt 0.1081 0.1905 0.0000
vt 0.1087 0.1759 0.0000
vt 0.1092 0.1593 0.0000
vt 0.1098 0.1420 0.0000
vt 0.1110 0.1405 0.0000
vt 0.1180 0.1323 0.0000
vt 0.1085 0.1382 0.0000
vt 0.1080 0.1559 0.0000
vt 0.1077 0.1726 0.0000
vt 0.1072 0.1883 0.0000
vt 0.1069 0.2020 0.0000
vt 0.1068 0.2142 0.0000
vt 0.1070 0.2262 0.0000
vt 0.1084 0.2275 0.0000
vt 0.1075 0.2389 0.0000
vt 0.1091 0.2398 0.0000
vt 0.1073 0.1343 0.0000
vt 0.1070 0.1522 0.0000
vt 0.1067 0.1692 0.0000
vt 0.1061 0.1855 0.0000
vt 0.1056 0.1998 0.0000
vt 0.1053 0.2123 0.0000
vt 0.1052 0.2246 0.0000
vt 0.1054 0.2376 0.0000
vt 0.1062 0.2508 0.0000
vt 0.1084 0.2517 0.0000
vt 0.1072 0.2634 0.0000
vt 0.1096 0.2640 0.0000
vt 0.1086 0.2757 0.0000
vt 0.1111 0.2760 0.0000
vt 0.1102 0.2881 0.0000
vt 0.1128 0.2881 0.0000
vt 0.1121 0.3000 0.0000
vt 0.1147 0.2999 0.0000
vt 0.1139 0.3113 0.0000
vt 0.1166 0.3109 0.0000
vt 0.1145 0.2881 0.0000
vt 0.1128 0.2761 0.0000
vt 0.1113 0.2643 0.0000
vt 0.1101 0.2522 0.0000
vt 0.1154 0.2875 0.0000
vt 0.1136 0.2756 0.0000
vt 0.1120 0.2638 0.0000
vt 0.1107 0.2519 0.0000
vt 0.1097 0.2395 0.0000
vt 0.1090 0.2272 0.0000
vt 0.1319 0.2873 0.0000
vt 0.1300 0.2767 0.0000
vt 0.1281 0.2657 0.0000
vt 0.1264 0.2545 0.0000
vt 0.1249 0.2430 0.0000
vt 0.1237 0.2310 0.0000
vt 0.1448 0.2651 0.0000
vt 0.1429 0.2546 0.0000
vt 0.1411 0.2438 0.0000
vt 0.1394 0.2326 0.0000
vt 0.1379 0.2209 0.0000
vt 0.1365 0.2072 0.0000
vt 0.1555 0.2322 0.0000
vt 0.1575 0.2428 0.0000
vt 0.1595 0.2529 0.0000
vt 0.1614 0.2625 0.0000
vt 0.1634 0.2716 0.0000
vt 0.1654 0.2800 0.0000
vt 0.1798 0.2672 0.0000
vt 0.1675 0.2879 0.0000
vt 0.1536 0.2212 0.0000
vt 0.1679 0.2092 0.0000
vt 0.1699 0.2200 0.0000
vt 0.1719 0.2305 0.0000
vt 0.1739 0.2404 0.0000
vt 0.1759 0.2499 0.0000
vt 0.1778 0.2588 0.0000
vt 0.1842 0.2077 0.0000
vt 0.1862 0.2181 0.0000
vt 0.1821 0.1971 0.0000
vt 0.1801 0.1863 0.0000
vt 0.1777 0.1735 0.0000
vt 0.1742 0.1563 0.0000
vt 0.1520 0.2097 0.0000
vt 0.1660 0.1981 0.0000
vt 0.1638 0.1848 0.0000
vt 0.1500 0.1961 0.0000
vt 0.1474 0.1781 0.0000
vt 0.1608 0.1672 0.0000
vt 0.1342 0.1900 0.0000
vt 0.7984 0.9566 0.0000
vt 0.8030 0.9359 0.0000
vt 0.8036 0.9568 0.0000
vt 0.7928 0.9564 0.0000
vt 0.7861 0.9555 0.0000
vt 0.7785 0.9541 0.0000
vt 0.7707 0.9515 0.0000
vt 0.7979 0.9352 0.0000
vt 0.7936 0.9352 0.0000
vt 0.7887 0.9351 0.0000
vt 0.7836 0.9343 0.0000
vt 0.7785 0.9344 0.0000
vt 0.7721 0.9340 0.0000
vt 0.7651 0.9324 0.0000
vt 0.7904 0.9122 0.0000
vt 0.7850 0.9120 0.0000
vt 0.7788 0.9121 0.0000
vt 0.7745 0.9124 0.0000
vt 0.7706 0.9128 0.0000
vt 0.7653 0.9126 0.0000
vt 0.7589 0.9114 0.0000
vt 0.7521 0.8893 0.0000
vt 0.7581 0.8904 0.0000
vt 0.7447 0.8652 0.0000
vt 0.7507 0.8673 0.0000
vt 0.7431 0.8424 0.0000
vt 0.7561 0.8684 0.0000
vt 0.7635 0.8913 0.0000
vt 0.7678 0.8917 0.0000
vt 0.7604 0.8688 0.0000
vt 0.7643 0.8684 0.0000
vt 0.7709 0.8900 0.0000
vt 0.7487 0.8445 0.0000
vt 0.7736 0.8671 0.0000
vt 0.7702 0.8435 0.0000
vt 0.7685 0.8673 0.0000
vt 0.7582 0.8453 0.0000
vt 0.7768 0.8894 0.0000
vt 0.7823 0.8909 0.0000
vt 0.7794 0.8668 0.0000
vt 0.7851 0.8661 0.0000
vt 0.7878 0.8904 0.0000
vt 0.7924 0.8898 0.0000
vt 0.7901 0.8654 0.0000
vt 0.7825 0.8418 0.0000
vt 0.7925 0.8406 0.0000
vt 0.7946 0.8649 0.0000
vt 0.7966 0.8894 0.0000
vt 0.7982 0.9129 0.0000
vt 0.7946 0.9124 0.0000
vt 0.7955 0.8160 0.0000
vt 0.7974 0.8402 0.0000
vt 0.7992 0.8646 0.0000
vt 0.8009 0.8892 0.0000
vt 0.8022 0.9132 0.0000
vt 0.2062 0.3452 0.0000
vt 0.2132 0.3291 0.0000
vt 0.2124 0.3494 0.0000
vt 0.2159 0.3349 0.0000
vt 0.2185 0.3259 0.0000
vt 0.2051 0.3394 0.0000
vt 0.1954 0.3487 0.0000
vt 0.2041 0.3367 0.0000
vt 0.2117 0.3266 0.0000
vt 0.2168 0.3236 0.0000
vt 0.2190 0.3183 0.0000
vt 0.2202 0.3191 0.0000
vt 0.2220 0.3170 0.0000
vt 0.2212 0.3301 0.0000
vt 0.2207 0.3423 0.0000
vt 0.2102 0.3243 0.0000
vt 0.2110 0.3253 0.0000
vt 0.2036 0.3356 0.0000
vt 0.2147 0.3209 0.0000
vt 0.2156 0.3219 0.0000
vt 0.2181 0.3174 0.0000
vt 0.2207 0.3049 0.0000
vt 0.2213 0.3055 0.0000
vt 0.2189 0.3105 0.0000
vt 0.2196 0.3113 0.0000
vt 0.2202 0.3121 0.0000
vt 0.2220 0.3061 0.0000
vt 0.2224 0.3076 0.0000
vt 0.2208 0.3130 0.0000
vt 0.2213 0.3148 0.0000
vt 0.2235 0.3042 0.0000
vt 0.2234 0.2991 0.0000
vt 0.2262 0.2907 0.0000
vt 0.2237 0.3007 0.0000
vt 0.2227 0.2989 0.0000
vt 0.2234 0.2926 0.0000
vt 0.2242 0.2923 0.0000
vt 0.2239 0.2870 0.0000
vt 0.2232 0.2874 0.0000
vt 0.2222 0.2829 0.0000
vt 0.2230 0.2823 0.0000
vt 0.2214 0.2780 0.0000
vt 0.2252 0.2830 0.0000
vt 0.2236 0.2773 0.0000
vt 0.2215 0.2721 0.0000
vt 0.2193 0.2743 0.0000
vt 0.2167 0.2712 0.0000
vt 0.2194 0.2676 0.0000
vt 0.2161 0.2652 0.0000
vt 0.2269 0.2585 0.0000
vt 0.2237 0.2542 0.0000
vt 0.2273 0.2672 0.0000
vt 0.2263 0.2768 0.0000
vt 0.2305 0.2759 0.0000
vt 0.2168 0.2574 0.0000
vt 0.2113 0.2661 0.0000
vt 0.2096 0.2698 0.0000
vt 0.2059 0.2693 0.0000
vt 0.2081 0.2645 0.0000
vt 0.1959 0.2788 0.0000
vt 0.2007 0.2736 0.0000
vt 0.2014 0.2750 0.0000
vt 0.2055 0.2717 0.0000
vt 0.2058 0.2729 0.0000
vt 0.2017 0.2762 0.0000
vt 0.2022 0.2775 0.0000
vt 0.2061 0.2742 0.0000
vt 0.2098 0.2724 0.0000
vt 0.2097 0.2710 0.0000
vt 0.2133 0.2707 0.0000
vt 0.2131 0.2722 0.0000
vt 0.2159 0.2736 0.0000
vt 0.2163 0.2722 0.0000
vt 0.2134 0.2695 0.0000
vt 0.2188 0.2751 0.0000
vt 0.2208 0.2788 0.0000
vt 0.2182 0.2762 0.0000
vt 0.2200 0.2797 0.0000
vt 0.2214 0.2837 0.0000
vt 0.2223 0.2880 0.0000
vt 0.2225 0.2928 0.0000
vt 0.2219 0.2988 0.0000
vt 0.0562 0.9462 0.0000
vt 0.0567 0.9456 0.0000
vt 0.0574 0.9617 0.0000
vt 0.0580 0.9622 0.0000
vt 0.0565 0.9635 0.0000
vt 0.0571 0.9642 0.0000
vt 0.0550 0.9449 0.0000
vt 0.0555 0.9440 0.0000
vt 0.9431 0.9444 0.0000
vt 0.9420 0.9601 0.0000
vt 0.9426 0.9438 0.0000
vt 0.9414 0.9605 0.0000
vt 0.9429 0.9618 0.0000
vt 0.9423 0.9626 0.0000
vt 0.6609 0.2436 0.0000
vt 0.6577 0.2427 0.0000
vt 0.6577 0.2107 0.0000
vt 0.6529 0.2099 0.0000
vt 0.6520 0.1839 0.0000
vt 0.6553 0.1847 0.0000
vt 0.6538 0.1662 0.0000
vt 0.6515 0.1649 0.0000
vt 0.6513 0.1549 0.0000
vt 0.6531 0.1561 0.0000
vt 0.6487 0.1537 0.0000
vt 0.6448 0.1521 0.0000
vt 0.6382 0.1493 0.0000
vt 0.6271 0.1449 0.0000
vt 0.6002 0.1351 0.0000
vt 0.6138 0.1398 0.0000
vt 0.6134 0.1508 0.0000
vt 0.6267 0.1556 0.0000
vt 0.6261 0.1764 0.0000
vt 0.6377 0.1598 0.0000
vt 0.6444 0.1623 0.0000
vt 0.6484 0.1638 0.0000
vt 0.6483 0.1832 0.0000
vt 0.6440 0.1821 0.0000
vt 0.6373 0.1801 0.0000
vt 0.6372 0.2070 0.0000
vt 0.6440 0.2087 0.0000
vt 0.6375 0.2370 0.0000
vt 0.6260 0.2035 0.0000
vt 0.5994 0.1672 0.0000
vt 0.6128 0.1719 0.0000
vt 0.5854 0.1895 0.0000
vt 0.5992 0.1942 0.0000
vt 0.5855 0.2186 0.0000
vt 0.5556 0.1811 0.0000
vt 0.5708 0.1850 0.0000
vt 0.5712 0.1588 0.0000
vt 0.5857 0.1628 0.0000
vt 0.5861 0.1421 0.0000
vt 0.5999 0.1463 0.0000
vt 0.5565 0.1349 0.0000
vt 0.5719 0.1272 0.0000
vt 0.5716 0.1383 0.0000
vt 0.5560 0.1552 0.0000
vt 0.5401 0.1521 0.0000
vt 0.5405 0.1318 0.0000
vt 0.5232 0.1485 0.0000
vt 0.5242 0.1256 0.0000
vt 0.5162 0.1318 0.0000
vt 0.5130 0.1269 0.0000
vt 0.5168 0.1241 0.0000
vt 0.5085 0.1226 0.0000
vt 0.5105 0.1213 0.0000
vt 0.5127 0.1230 0.0000
vt 0.5120 0.1198 0.0000
vt 0.5138 0.1207 0.0000
vt 0.5181 0.1211 0.0000
vt 0.5223 0.1210 0.0000
vt 0.5252 0.1202 0.0000
vt 0.5296 0.1191 0.0000
vt 0.5414 0.1211 0.0000
vt 0.5569 0.1239 0.0000
vt 0.5063 0.1237 0.0000
vt 0.5043 0.1248 0.0000
vt 0.5024 0.1256 0.0000
vt 0.5002 0.1261 0.0000
vt 0.4978 0.1263 0.0000
vt 0.5102 0.1250 0.0000
vt 0.5062 0.1265 0.0000
vt 0.5020 0.1281 0.0000
vt 0.4978 0.1284 0.0000
vt 0.4954 0.1261 0.0000
vt 0.4936 0.1281 0.0000
vt 0.4933 0.1256 0.0000
vt 0.4894 0.1265 0.0000
vt 0.4913 0.1248 0.0000
vt 0.5079 0.1293 0.0000
vt 0.5028 0.1309 0.0000
vt 0.4978 0.1312 0.0000
vt 0.4928 0.1309 0.0000
vt 0.4877 0.1293 0.0000
vt 0.4854 0.1250 0.0000
vt 0.4826 0.1268 0.0000
vt 0.5106 0.1527 0.0000
vt 0.5074 0.1371 0.0000
vt 0.4978 0.1386 0.0000
vt 0.4882 0.1371 0.0000
vt 0.4794 0.1318 0.0000
vt 0.4724 0.1485 0.0000
vt 0.4850 0.1527 0.0000
vt 0.4978 0.1548 0.0000
vt 0.4829 0.1229 0.0000
vt 0.4788 0.1240 0.0000
vt 0.4714 0.1256 0.0000
vt 0.4555 0.1522 0.0000
vt 0.4396 0.1553 0.0000
vt 0.4244 0.1589 0.0000
vt 0.4099 0.1630 0.0000
vt 0.4557 0.1778 0.0000
vt 0.4713 0.1750 0.0000
vt 0.4845 0.1753 0.0000
vt 0.4978 0.1751 0.0000
vt 0.4404 0.2087 0.0000
vt 0.4707 0.2018 0.0000
vt 0.5111 0.1753 0.0000
vt 0.5399 0.1778 0.0000
vt 0.5553 0.2086 0.0000
vt 0.8339 0.2619 0.0000
vt 0.8319 0.2709 0.0000
vt 0.8504 0.2646 0.0000
vt 0.8484 0.2746 0.0000
vt 0.8464 0.2840 0.0000
vt 0.8299 0.2793 0.0000
vt 0.8592 0.3063 0.0000
vt 0.8612 0.2969 0.0000
vt 0.8632 0.2869 0.0000
vt 0.8652 0.2764 0.0000
vt 0.8671 0.2654 0.0000
vt 0.8815 0.2755 0.0000
vt 0.8796 0.2874 0.0000
vt 0.8776 0.2989 0.0000
vt 0.8756 0.3098 0.0000
vt 0.8736 0.3201 0.0000
vt 0.8718 0.3298 0.0000
vt 0.8533 0.3224 0.0000
vt 0.8785 0.2995 0.0000
vt 0.8805 0.2879 0.0000
vt 0.8823 0.2760 0.0000
vt 0.8838 0.2642 0.0000
vt 0.8782 0.3108 0.0000
vt 0.8802 0.2997 0.0000
vt 0.8822 0.2880 0.0000
vt 0.8840 0.2759 0.0000
vt 0.8855 0.2639 0.0000
vt 0.8791 0.3217 0.0000
vt 0.8810 0.3112 0.0000
vt 0.8829 0.2999 0.0000
vt 0.8848 0.2880 0.0000
vt 0.8865 0.2757 0.0000
vt 0.8879 0.2634 0.0000
vt 0.7308 0.8355 0.0000
vt 0.7224 0.8048 0.0000
vt 0.7286 0.8095 0.0000
vt 0.7197 0.7753 0.0000
vt 0.7348 0.8139 0.0000
vt 0.7369 0.8390 0.0000
vt 0.7208 0.8298 0.0000
vt 0.7460 0.8878 0.0000
vt 0.7387 0.8629 0.0000
vt 0.3016 0.5168 0.0000
vt 0.2930 0.5183 0.0000
vt 0.2969 0.4918 0.0000
vt 0.2882 0.4943 0.0000
vt 0.2839 0.5191 0.0000
vt 0.2751 0.5191 0.0000
vt 0.2794 0.4953 0.0000
vt 0.2710 0.4955 0.0000
vt 0.2665 0.5185 0.0000
vt 0.2588 0.5177 0.0000
vt 0.2633 0.4950 0.0000
vt 0.2559 0.4940 0.0000
vt 0.2511 0.5165 0.0000
vt 0.2463 0.5394 0.0000
vt 0.2541 0.5407 0.0000
vt 0.2495 0.5638 0.0000
vt 0.2837 0.4714 0.0000
vt 0.2752 0.4727 0.0000
vt 0.2677 0.4729 0.0000
vt 0.2605 0.4723 0.0000
vt 0.2532 0.4710 0.0000
vt 0.2482 0.4925 0.0000
vt 0.2430 0.5148 0.0000
vt 0.2379 0.5376 0.0000
vt 0.2330 0.5607 0.0000
vt 0.2415 0.5624 0.0000
vt 0.2369 0.5856 0.0000
vt 0.2402 0.4904 0.0000
vt 0.2457 0.4690 0.0000
vt 0.2510 0.4483 0.0000
vt 0.2581 0.4499 0.0000
vt 0.2649 0.4506 0.0000
vt 0.2718 0.4506 0.0000
vt 0.2791 0.4495 0.0000
vt 0.2871 0.4468 0.0000
vt 0.2952 0.4427 0.0000
vt 0.3029 0.4371 0.0000
vt 0.2959 0.4153 0.0000
vt 0.2891 0.4203 0.0000
vt 0.2822 0.4239 0.0000
vt 0.2757 0.4262 0.0000
vt 0.2693 0.4273 0.0000
vt 0.2629 0.4277 0.0000
vt 0.2729 0.4054 0.0000
vt 0.2787 0.4028 0.0000
vt 0.2843 0.3992 0.0000
vt 0.2896 0.3946 0.0000
vt 0.2948 0.3891 0.0000
vt 0.2996 0.3827 0.0000
vt 0.2264 0.5098 0.0000
vt 0.2240 0.4840 0.0000
vt 0.2320 0.4875 0.0000
vt 0.2375 0.4662 0.0000
vt 0.2296 0.4625 0.0000
vt 0.2356 0.4423 0.0000
vt 0.2432 0.4458 0.0000
vt 0.2494 0.4253 0.0000
vt 0.2428 0.4225 0.0000
vt 0.2498 0.4052 0.0000
vt 0.2552 0.4071 0.0000
vt 0.2608 0.4079 0.0000
vt 0.2563 0.4271 0.0000
vt 0.2668 0.4072 0.0000
vt 0.2347 0.5126 0.0000
vt 0.2294 0.5354 0.0000
vt 0.2210 0.5326 0.0000
vt 0.2161 0.5558 0.0000
vt 0.2244 0.5585 0.0000
vt 0.2199 0.5819 0.0000
vt 0.2062 0.6773 0.0000
vt 0.2089 0.6538 0.0000
vt 0.2170 0.6553 0.0000
vt 0.2120 0.6298 0.0000
vt 0.2203 0.6315 0.0000
vt 0.2241 0.6076 0.0000
vt 0.2157 0.6057 0.0000
vt 0.2284 0.5839 0.0000
vt 0.2116 0.5794 0.0000
vt 0.2076 0.6034 0.0000
vt 0.2040 0.6277 0.0000
vt 0.2009 0.6519 0.0000
vt 0.1984 0.6757 0.0000
vt 0.1962 0.6986 0.0000
vt 0.2039 0.6999 0.0000
vt 0.2019 0.7224 0.0000
vt 0.1943 0.7214 0.0000
vt 0.1926 0.7447 0.0000
vt 0.1887 0.6973 0.0000
vt 0.1868 0.7203 0.0000
vt 0.1851 0.7439 0.0000
vt 0.1836 0.7679 0.0000
vt 0.1911 0.7684 0.0000
vt 0.1897 0.7923 0.0000
vt 0.1823 0.7920 0.0000
vt 0.1884 0.8164 0.0000
vt 0.2001 0.7455 0.0000
vt 0.1985 0.7690 0.0000
vt 0.1970 0.7927 0.0000
vt 0.1956 0.8166 0.0000
vt 0.1942 0.8408 0.0000
vt 0.1929 0.8651 0.0000
vt 0.1916 0.8896 0.0000
vt 0.2096 0.8907 0.0000
vt 0.2050 0.8902 0.0000
vt 0.2008 0.8898 0.0000
vt 0.1966 0.8896 0.0000
vt 0.1982 0.8652 0.0000
vt 0.1998 0.8410 0.0000
vt 0.2027 0.8655 0.0000
vt 0.2047 0.8413 0.0000
vt 0.2069 0.8174 0.0000
vt 0.2016 0.8169 0.0000
vt 0.2034 0.7931 0.0000
vt 0.2091 0.7936 0.0000
vt 0.2114 0.7701 0.0000
vt 0.2052 0.7696 0.0000
vt 0.2072 0.7462 0.0000
vt 0.2138 0.7469 0.0000
vt 0.2163 0.7240 0.0000
vt 0.2121 0.8665 0.0000
vt 0.2072 0.8659 0.0000
vt 0.2095 0.8418 0.0000
vt 0.2119 0.8179 0.0000
vt 0.2144 0.7942 0.0000
vt 0.2171 0.7708 0.0000
vt 0.2199 0.7476 0.0000
vt 0.2229 0.7249 0.0000
vt 0.2259 0.7029 0.0000
vt 0.2172 0.8186 0.0000
vt 0.2200 0.7949 0.0000
vt 0.2230 0.7716 0.0000
vt 0.2262 0.7487 0.0000
vt 0.2296 0.7261 0.0000
vt 0.2329 0.7041 0.0000
vt 0.2364 0.6819 0.0000
vt 0.2291 0.6808 0.0000
vt 0.2325 0.6578 0.0000
vt 0.2401 0.6589 0.0000
vt 0.2441 0.6355 0.0000
vt 0.2333 0.7500 0.0000
vt 0.2369 0.7277 0.0000
vt 0.2406 0.7055 0.0000
vt 0.2443 0.6830 0.0000
vt 0.2482 0.6600 0.0000
vt 0.2524 0.6367 0.0000
vt 0.2568 0.6133 0.0000
vt 0.2484 0.6119 0.0000
vt 0.2529 0.5884 0.0000
vt 0.2448 0.7309 0.0000
vt 0.2490 0.7081 0.0000
vt 0.2532 0.6840 0.0000
vt 0.2575 0.6596 0.0000
vt 0.2616 0.6360 0.0000
vt 0.2652 0.6146 0.0000
vt 0.2699 0.5932 0.0000
vt 0.2613 0.5900 0.0000
vt 0.2660 0.5665 0.0000
vt 0.2748 0.5692 0.0000
vt 0.2790 0.5961 0.0000
vt 0.2748 0.6158 0.0000
vt 0.2721 0.6314 0.0000
vt 0.2795 0.5440 0.0000
vt 0.2886 0.5454 0.0000
vt 0.2706 0.5428 0.0000
vt 0.2620 0.5418 0.0000
vt 0.2575 0.5650 0.0000
vt 0.2449 0.5870 0.0000
vt 0.2405 0.6106 0.0000
vt 0.2363 0.6342 0.0000
vt 0.2325 0.6092 0.0000
vt 0.2286 0.6329 0.0000
vt 0.2250 0.6565 0.0000
vt 0.2218 0.6797 0.0000
vt 0.2189 0.7019 0.0000
vt 0.2141 0.6786 0.0000
vt 0.2115 0.7010 0.0000
vt 0.2092 0.7233 0.0000
vt 0.2852 0.7404 0.0000
vt 0.2980 0.7020 0.0000
vt 0.2909 0.7353 0.0000
vt 0.3001 0.7282 0.0000
vt 0.2827 0.7707 0.0000
vt 0.3132 0.6628 0.0000
vt 0.3069 0.6951 0.0000
vt 0.3224 0.6845 0.0000
vt 0.2992 0.6733 0.0000
vt 0.3109 0.6355 0.0000
vt 0.3046 0.6689 0.0000
vt 0.3250 0.5966 0.0000
vt 0.3194 0.6295 0.0000
vt 0.3338 0.6201 0.0000
vt 0.3283 0.6523 0.0000
vt 0.3466 0.6401 0.0000
vt 0.3116 0.6059 0.0000
vt 0.3223 0.5687 0.0000
vt 0.3169 0.6017 0.0000
vt 0.3056 0.6393 0.0000
vt 0.3062 0.6095 0.0000
vt 0.3171 0.5724 0.0000
vt 0.3222 0.5392 0.0000
vt 0.3170 0.5425 0.0000
vt 0.3268 0.5066 0.0000
vt 0.3318 0.5034 0.0000
vt 0.3308 0.4743 0.0000
vt 0.3257 0.4777 0.0000
vt 0.3344 0.4422 0.0000
vt 0.3393 0.4390 0.0000
vt 0.3358 0.4711 0.0000
vt 0.3433 0.4668 0.0000
vt 0.3394 0.4990 0.0000
vt 0.3524 0.4914 0.0000
vt 0.3351 0.5313 0.0000
vt 0.3483 0.5234 0.0000
vt 0.3643 0.5138 0.0000
vt 0.3440 0.5554 0.0000
vt 0.3302 0.5639 0.0000
vt 0.3273 0.5360 0.0000
vt 0.3390 0.5878 0.0000
vt 0.3562 0.5768 0.0000
vt 0.3604 0.5453 0.0000
vt 0.3769 0.5350 0.0000
vt 0.3515 0.6086 0.0000
vt 0.3695 0.5967 0.0000
vt 0.3733 0.5659 0.0000
vt 0.3909 0.5544 0.0000
vt 0.3966 0.4941 0.0000
vt 0.3939 0.5243 0.0000
vt 0.4118 0.5124 0.0000
vt 0.3832 0.4735 0.0000
vt 0.3802 0.5042 0.0000
vt 0.3710 0.4511 0.0000
vt 0.3679 0.4824 0.0000
vt 0.3591 0.4278 0.0000
vt 0.3560 0.4596 0.0000
vt 0.3495 0.4028 0.0000
vt 0.3467 0.4347 0.0000
vt 0.3423 0.4069 0.0000
vt 0.3883 0.4118 0.0000
vt 0.3738 0.4197 0.0000
vt 0.3762 0.3884 0.0000
vt 0.3617 0.3962 0.0000
vt 0.3639 0.3645 0.0000
vt 0.3519 0.3709 0.0000
vt 0.3540 0.3382 0.0000
vt 0.3675 0.2987 0.0000
vt 0.3798 0.3251 0.0000
vt 0.3658 0.3322 0.0000
vt 0.3922 0.3497 0.0000
vt 0.3781 0.3570 0.0000
vt 0.4052 0.3731 0.0000
vt 0.3904 0.3808 0.0000
vt 0.3505 0.2722 0.0000
vt 0.3490 0.3068 0.0000
vt 0.3559 0.3038 0.0000
vt 0.3689 0.2653 0.0000
vt 0.3813 0.2925 0.0000
vt 0.3458 0.2741 0.0000
vt 0.3443 0.3091 0.0000
vt 0.3470 0.3416 0.0000
vt 0.3395 0.3118 0.0000
vt 0.3410 0.2764 0.0000
vt 0.3468 0.2404 0.0000
vt 0.2680 0.8098 0.0000
vt 0.2742 0.8051 0.0000
vt 0.2841 0.7978 0.0000
vt 0.2660 0.8356 0.0000
vt 0.2463 0.8673 0.0000
vt 0.2522 0.8653 0.0000
vt 0.2599 0.8392 0.0000
vt 0.2619 0.8142 0.0000
vt 0.2767 0.7757 0.0000
vt 0.2794 0.7452 0.0000
vt 0.2925 0.7064 0.0000
vt 0.2937 0.6775 0.0000
vt 0.2923 0.7632 0.0000
vt 0.3093 0.7506 0.0000
vt 0.3162 0.7168 0.0000
vt 0.3359 0.7032 0.0000
vt 0.3302 0.7354 0.0000
vt 0.3236 0.7691 0.0000
vt 0.3016 0.7853 0.0000
vt 0.2935 0.8197 0.0000
vt 0.4783 0.6513 0.0000
vt 0.4571 0.6847 0.0000
vt 0.4582 0.6563 0.0000
vt 0.4374 0.6645 0.0000
vt 0.4356 0.6928 0.0000
vt 0.4138 0.7038 0.0000
vt 0.4163 0.6756 0.0000
vt 0.3951 0.6891 0.0000
vt 0.3921 0.7175 0.0000
vt 0.3698 0.7333 0.0000
vt 0.3736 0.7042 0.0000
vt 0.3517 0.7200 0.0000
vt 0.3468 0.7511 0.0000
vt 0.3410 0.7828 0.0000
vt 0.3659 0.7611 0.0000
vt 0.3891 0.7442 0.0000
vt 0.4114 0.7308 0.0000
vt 0.4338 0.7203 0.0000
vt 0.4559 0.7129 0.0000
vt 0.4773 0.7079 0.0000
vt 0.4778 0.6797 0.0000
vt 0.4978 0.6781 0.0000
vt 0.3070 0.8472 0.0000
vt 0.3162 0.8042 0.0000
vt 0.3355 0.8131 0.0000
vt 0.3622 0.7870 0.0000
vt 0.3863 0.7687 0.0000
vt 0.4091 0.7560 0.0000
vt 0.4321 0.7466 0.0000
vt 0.4546 0.7400 0.0000
vt 0.4767 0.7350 0.0000
vt 0.3074 0.8480 0.0000
vt 0.3351 0.8148 0.0000
vt 0.3617 0.7885 0.0000
vt 0.3861 0.7698 0.0000
vt 0.4090 0.7569 0.0000
vt 0.4320 0.7474 0.0000
vt 0.4546 0.7409 0.0000
vt 0.4767 0.7360 0.0000
vt 0.4978 0.7335 0.0000
vt 0.2486 0.9361 0.0000
vt 0.2597 0.9185 0.0000
vt 0.2603 0.9192 0.0000
vt 0.2809 0.8861 0.0000
vt 0.2813 0.8872 0.0000
vt 0.3074 0.8496 0.0000
vt 0.3349 0.8164 0.0000
vt 0.3618 0.7897 0.0000
vt 0.3861 0.7709 0.0000
vt 0.4090 0.7579 0.0000
vt 0.3077 0.8501 0.0000
vt 0.3351 0.8169 0.0000
vt 0.3618 0.7903 0.0000
vt 0.3861 0.7717 0.0000
vt 0.4090 0.7587 0.0000
vt 0.4320 0.7493 0.0000
vt 0.4320 0.7484 0.0000
vt 0.4545 0.7427 0.0000
vt 0.4547 0.7419 0.0000
vt 0.4769 0.7379 0.0000
vt 0.4766 0.7371 0.0000
vt 0.4978 0.7344 0.0000
vt 0.4978 0.7356 0.0000
vt 0.5190 0.7371 0.0000
vt 0.5190 0.7360 0.0000
vt 0.5410 0.7419 0.0000
vt 0.5411 0.7409 0.0000
vt 0.5637 0.7486 0.0000
vt 0.5637 0.7476 0.0000
vt 0.5868 0.7581 0.0000
vt 0.4978 0.7364 0.0000
vt 0.5187 0.7379 0.0000
vt 0.5412 0.7428 0.0000
vt 0.5637 0.7494 0.0000
vt 0.5868 0.7589 0.0000
vt 0.6098 0.7712 0.0000
vt 0.6098 0.7719 0.0000
vt 0.6342 0.7899 0.0000
vt 0.6342 0.7906 0.0000
vt 0.5868 0.7570 0.0000
vt 0.6098 0.7700 0.0000
vt 0.6343 0.7887 0.0000
vt 0.6613 0.8167 0.0000
vt 0.6891 0.8499 0.0000
vt 0.7155 0.8875 0.0000
vt 0.7367 0.9194 0.0000
vt 0.6611 0.8172 0.0000
vt 0.6888 0.8504 0.0000
vt 0.7153 0.8881 0.0000
vt 0.7365 0.9202 0.0000
vt 0.7485 0.9372 0.0000
vt 0.7557 0.9455 0.0000
vt 0.8081 0.3556 0.0000
vt 0.7920 0.3344 0.0000
vt 0.7998 0.3423 0.0000
vt 0.7995 0.3434 0.0000
vt 0.7915 0.3354 0.0000
vt 0.7994 0.3445 0.0000
vt 0.3653 0.6276 0.0000
vt 0.3845 0.6145 0.0000
vt 0.3611 0.6581 0.0000
vt 0.3878 0.5846 0.0000
vt 0.4067 0.5717 0.0000
vt 0.4039 0.6013 0.0000
vt 0.4011 0.6306 0.0000
vt 0.3811 0.6444 0.0000
vt 0.3774 0.6742 0.0000
vt 0.3981 0.6599 0.0000
vt 0.4187 0.6468 0.0000
vt 0.4211 0.6179 0.0000
vt 0.4408 0.6073 0.0000
vt 0.4391 0.6359 0.0000
vt 0.4592 0.6278 0.0000
vt 0.4602 0.5993 0.0000
vt 0.4792 0.5944 0.0000
vt 0.4234 0.5888 0.0000
vt 0.4424 0.5785 0.0000
vt 0.4612 0.5708 0.0000
vt 0.4796 0.5660 0.0000
vt 0.4978 0.5642 0.0000
vt 0.4978 0.5927 0.0000
vt 0.5164 0.5944 0.0000
vt 0.5160 0.5660 0.0000
vt 0.5344 0.5708 0.0000
vt 0.4440 0.5496 0.0000
vt 0.4621 0.5421 0.0000
vt 0.4801 0.5375 0.0000
vt 0.4978 0.5357 0.0000
vt 0.5156 0.5375 0.0000
vt 0.5335 0.5421 0.0000
vt 0.5516 0.5496 0.0000
vt 0.5532 0.5785 0.0000
vt 0.5723 0.5888 0.0000
vt 0.4278 0.5302 0.0000
vt 0.4456 0.5206 0.0000
vt 0.4631 0.5135 0.0000
vt 0.4805 0.5089 0.0000
vt 0.4978 0.5072 0.0000
vt 0.5151 0.5089 0.0000
vt 0.5325 0.5134 0.0000
vt 0.5500 0.5206 0.0000
vt 0.5678 0.5302 0.0000
vt 0.4471 0.4918 0.0000
vt 0.4640 0.4849 0.0000
vt 0.4809 0.4804 0.0000
vt 0.4978 0.4787 0.0000
vt 0.5147 0.4804 0.0000
vt 0.5316 0.4849 0.0000
vt 0.5485 0.4918 0.0000
vt 0.5657 0.5010 0.0000
vt 0.5837 0.5123 0.0000
vt 0.5639 0.4720 0.0000
vt 0.5471 0.4632 0.0000
vt 0.5460 0.4349 0.0000
vt 0.5308 0.4564 0.0000
vt 0.5143 0.4519 0.0000
vt 0.4978 0.4502 0.0000
vt 0.5139 0.4235 0.0000
vt 0.5300 0.4280 0.0000
vt 0.5292 0.3997 0.0000
vt 0.5135 0.3954 0.0000
vt 0.5130 0.3676 0.0000
vt 0.4978 0.3937 0.0000
vt 0.4978 0.4218 0.0000
vt 0.4817 0.4235 0.0000
vt 0.4821 0.3954 0.0000
vt 0.4664 0.3997 0.0000
vt 0.4813 0.4519 0.0000
vt 0.4648 0.4564 0.0000
vt 0.4485 0.4632 0.0000
vt 0.4317 0.4720 0.0000
vt 0.4496 0.4349 0.0000
vt 0.4656 0.4280 0.0000
vt 0.4506 0.4065 0.0000
vt 0.4345 0.4150 0.0000
vt 0.4518 0.3779 0.0000
vt 0.4673 0.3715 0.0000
vt 0.4682 0.3434 0.0000
vt 0.4826 0.3676 0.0000
vt 0.4831 0.3400 0.0000
vt 0.4978 0.3389 0.0000
vt 0.4978 0.3662 0.0000
vt 0.4835 0.3122 0.0000
vt 0.4690 0.3154 0.0000
vt 0.4541 0.3207 0.0000
vt 0.4838 0.2840 0.0000
vt 0.4978 0.3111 0.0000
vt 0.5274 0.3434 0.0000
vt 0.5126 0.3400 0.0000
vt 0.5415 0.3207 0.0000
vt 0.5266 0.3154 0.0000
vt 0.5407 0.2918 0.0000
vt 0.5569 0.3274 0.0000
vt 0.5582 0.3567 0.0000
vt 0.5426 0.3492 0.0000
vt 0.5438 0.3779 0.0000
vt 0.5904 0.3731 0.0000
vt 0.5745 0.3649 0.0000
vt 0.5761 0.3948 0.0000
vt 0.5597 0.3860 0.0000
vt 0.5611 0.4151 0.0000
vt 0.6034 0.3498 0.0000
vt 0.5889 0.3425 0.0000
vt 0.6020 0.3184 0.0000
vt 0.6175 0.3570 0.0000
vt 0.6052 0.3809 0.0000
vt 0.5779 0.4244 0.0000
vt 0.5796 0.4537 0.0000
vt 0.5923 0.4036 0.0000
vt 0.5966 0.4640 0.0000
vt 0.5989 0.4941 0.0000
vt 0.5815 0.4829 0.0000
vt 0.6186 0.5349 0.0000
vt 0.6047 0.5543 0.0000
vt 0.6017 0.5242 0.0000
vt 0.6276 0.4824 0.0000
vt 0.6153 0.5042 0.0000
vt 0.6351 0.5451 0.0000
vt 0.6223 0.5658 0.0000
vt 0.6261 0.5965 0.0000
vt 0.6442 0.6084 0.0000
vt 0.6303 0.6274 0.0000
vt 0.6112 0.6144 0.0000
vt 0.6542 0.6710 0.0000
vt 0.5354 0.5993 0.0000
vt 0.5548 0.6073 0.0000
vt 0.5746 0.6178 0.0000
vt 0.5946 0.6306 0.0000
vt 0.5917 0.6012 0.0000
vt 0.6146 0.6443 0.0000
vt 0.5976 0.6598 0.0000
vt 0.5770 0.6468 0.0000
vt 0.5565 0.6359 0.0000
vt 0.5364 0.6278 0.0000
vt 0.5169 0.6228 0.0000
vt 0.4978 0.6211 0.0000
vt 0.4787 0.6228 0.0000
vt 0.4978 0.6497 0.0000
vt 0.5174 0.6513 0.0000
vt 0.5375 0.6563 0.0000
vt 0.5583 0.6645 0.0000
vt 0.5794 0.6756 0.0000
vt 0.6037 0.7176 0.0000
vt 0.5819 0.7038 0.0000
vt 0.5600 0.6928 0.0000
vt 0.5386 0.6848 0.0000
vt 0.5179 0.6797 0.0000
vt 0.6067 0.7443 0.0000
vt 0.5843 0.7309 0.0000
vt 0.5619 0.7204 0.0000
vt 0.5397 0.7129 0.0000
vt 0.5184 0.7079 0.0000
vt 0.4978 0.7063 0.0000
vt 0.5189 0.7350 0.0000
vt 0.5411 0.7400 0.0000
vt 0.5636 0.7467 0.0000
vt 0.5867 0.7561 0.0000
vt 0.6095 0.7689 0.0000
vt 0.7166 0.6510 0.0000
vt 0.7291 0.7160 0.0000
vt 0.2675 0.8594 0.0000
vt 0.2759 0.8299 0.0000
vt 0.2832 0.8535 0.0000
vt 0.2690 0.8862 0.0000
vt 0.2586 0.8866 0.0000
vt 0.2507 0.9100 0.0000
vt 0.2575 0.9092 0.0000
vt 0.2510 0.9253 0.0000
vt 0.2450 0.9280 0.0000
vt 0.2392 0.9299 0.0000
vt 0.2446 0.9101 0.0000
vt 0.2798 0.8861 0.0000
vt 0.2584 0.9189 0.0000
vt 0.2488 0.9327 0.0000
vt 0.2416 0.9414 0.0000
vt 0.2343 0.9473 0.0000
vt 0.2483 0.9351 0.0000
vt 0.2412 0.9432 0.0000
vt 0.2340 0.9489 0.0000
vt 0.2265 0.9527 0.0000
vt 0.2187 0.9554 0.0000
vt 0.2415 0.9443 0.0000
vt 0.2342 0.9500 0.0000
vt 0.2266 0.9540 0.0000
vt 0.2186 0.9567 0.0000
vt 0.2111 0.9583 0.0000
vt 0.2113 0.9570 0.0000
vt 0.2048 0.9590 0.0000
vt 0.2049 0.9577 0.0000
vt 0.1993 0.9592 0.0000
vt 0.2186 0.9575 0.0000
vt 0.2110 0.9592 0.0000
vt 0.2047 0.9599 0.0000
vt 0.1992 0.9601 0.0000
vt 0.1942 0.9594 0.0000
vt 0.1942 0.9601 0.0000
vt 0.1890 0.9597 0.0000
vt 0.1890 0.9603 0.0000
vt 0.1831 0.9602 0.0000
vt 0.1832 0.9608 0.0000
vt 0.1770 0.9608 0.0000
vt 0.1770 0.9615 0.0000
vt 0.1994 0.9579 0.0000
vt 0.1943 0.9581 0.0000
vt 0.1890 0.9584 0.0000
vt 0.1831 0.9589 0.0000
vt 0.1770 0.9596 0.0000
vt 0.1832 0.9576 0.0000
vt 0.1770 0.9582 0.0000
vt 0.1773 0.9368 0.0000
vt 0.1680 0.3320 0.0000
vt 0.1626 0.3372 0.0000
vt 0.1556 0.3457 0.0000
vt 0.1571 0.3411 0.0000
vt 0.1581 0.3420 0.0000
vt 0.1530 0.3503 0.0000
vt 0.1536 0.3460 0.0000
vt 0.1544 0.3460 0.0000
vt 0.1518 0.3511 0.0000
vt 0.1514 0.3560 0.0000
vt 0.1525 0.3551 0.0000
vt 0.1531 0.3593 0.0000
vt 0.1546 0.3529 0.0000
vt 0.1551 0.3485 0.0000
vt 0.1580 0.3492 0.0000
vt 0.1578 0.3539 0.0000
vt 0.1492 0.3628 0.0000
vt 0.1501 0.3568 0.0000
vt 0.1505 0.3512 0.0000
vt 0.1512 0.3511 0.0000
vt 0.1508 0.3564 0.0000
vt 0.1516 0.3610 0.0000
vt 0.1510 0.3617 0.0000
vt 0.1512 0.3673 0.0000
vt 0.1446 0.3669 0.0000
vt 0.1391 0.3644 0.0000
vt 0.1315 0.3637 0.0000
vt 0.1479 0.4092 0.0000
vt 0.1428 0.4136 0.0000
vt 0.1403 0.3979 0.0000
vt 0.1382 0.3835 0.0000
vt 0.1422 0.3777 0.0000
vt 0.1514 0.4786 0.0000
vt 0.1504 0.4686 0.0000
vt 0.1492 0.4589 0.0000
vt 0.1480 0.4493 0.0000
vt 0.1468 0.4401 0.0000
vt 0.1455 0.4303 0.0000
vt 0.1401 0.4150 0.0000
vt 0.1424 0.4315 0.0000
vt 0.1438 0.4415 0.0000
vt 0.1449 0.4507 0.0000
vt 0.1461 0.4603 0.0000
vt 0.1471 0.4699 0.0000
vt 0.1407 0.4426 0.0000
vt 0.1395 0.4335 0.0000
vt 0.1374 0.4162 0.0000
vt 0.1378 0.3998 0.0000
vt 0.1353 0.4011 0.0000
vt 0.1335 0.3874 0.0000
vt 0.1321 0.3752 0.0000
vt 0.1360 0.3863 0.0000
vt 0.1339 0.3745 0.0000
vt 0.1357 0.3716 0.0000
vt 0.5624 0.4436 0.0000
vt 0.5450 0.4066 0.0000
vt 0.5283 0.3715 0.0000
vt 0.3416 0.6713 0.0000
vt 0.3566 0.6888 0.0000
vt 0.4093 0.5420 0.0000
vt 0.4256 0.5596 0.0000
vt 0.4141 0.4829 0.0000
vt 0.4298 0.5010 0.0000
vt 0.4160 0.4537 0.0000
vt 0.3990 0.4641 0.0000
vt 0.4012 0.4339 0.0000
vt 0.4195 0.3948 0.0000
vt 0.4177 0.4244 0.0000
vt 0.4332 0.4436 0.0000
vt 0.4374 0.3567 0.0000
vt 0.4360 0.3860 0.0000
vt 0.4211 0.3649 0.0000
vt 0.4033 0.4036 0.0000
vt 0.4068 0.3425 0.0000
vt 0.3937 0.3184 0.0000
vt 0.4387 0.3274 0.0000
vt 0.4550 0.2918 0.0000
vt 0.4530 0.3492 0.0000
vt 0.3858 0.4427 0.0000
vt 0.1595 0.3158 0.0000
vt 0.1701 0.3042 0.0000
vt 0.1841 0.2975 0.0000
vt 0.1883 0.2897 0.0000
vt 0.1894 0.2906 0.0000
vt 0.1933 0.2848 0.0000
vt 0.1917 0.2848 0.0000
vt 0.1832 0.2962 0.0000
vt 0.1781 0.3020 0.0000
vt 0.1780 0.3053 0.0000
vt 0.1901 0.2916 0.0000
vt 0.1941 0.2856 0.0000
vt 0.1947 0.2866 0.0000
vt 0.1908 0.2927 0.0000
vt 0.1854 0.2999 0.0000
vt 0.1849 0.2986 0.0000
vt 0.1866 0.3005 0.0000
vt 0.1530 0.3457 0.0000
vt 0.1565 0.3404 0.0000
vt 0.1609 0.3348 0.0000
vt 0.0093 0.8767 0.0000
vt 0.0015 0.8836 0.0000
vt 0.0003 0.8849 0.0000
vt 0.4509 0.0960 0.0000
vt 0.4447 0.0937 0.0000
vt 0.4138 0.0961 0.0000
vt 0.3829 0.0951 0.0000
vt 0.3825 0.0977 0.0000
vt 0.3768 0.0977 0.0000
vt 0.3802 0.0988 0.0000
vt 0.6585 0.1280 0.0000
vt 0.6633 0.0882 0.0000
vt 0.6624 0.0823 0.0000
vt 0.6298 0.0497 0.0000
vt 0.6451 0.0550 0.0000
vt 0.6275 0.0588 0.0000
vt 0.6419 0.0646 0.0000
vt 0.6563 0.0718 0.0000
vt 0.6607 0.0599 0.0000
vt 0.6771 0.0649 0.0000
vt 0.6757 0.0763 0.0000
vt 0.6609 0.0780 0.0000
vt 0.6754 0.0838 0.0000
vt 0.6744 0.0909 0.0000
vt 0.6738 0.0983 0.0000
vt 0.6930 0.0717 0.0000
vt 0.7068 0.0784 0.0000
vt 0.7201 0.0852 0.0000
vt 0.7340 0.0930 0.0000
vt 0.6139 0.0444 0.0000
vt 0.5977 0.0396 0.0000
vt 0.5812 0.0354 0.0000
vt 0.6122 0.0530 0.0000
vt 0.5963 0.0479 0.0000
vt 0.5802 0.0434 0.0000
vt 0.5639 0.0398 0.0000
vt 0.5647 0.0320 0.0000
vt 0.5480 0.0292 0.0000
vt 0.5474 0.0370 0.0000
vt 0.5309 0.0351 0.0000
vt 0.5313 0.0274 0.0000
vt 0.5145 0.0263 0.0000
vt 0.5143 0.0339 0.0000
vt 0.4976 0.0261 0.0000
vt 0.4808 0.0264 0.0000
vt 0.4639 0.0276 0.0000
vt 0.4471 0.0295 0.0000
vt 0.3976 0.0403 0.0000
vt 0.4139 0.0359 0.0000
vt 0.3990 0.0485 0.0000
vt 0.4150 0.0439 0.0000
vt 0.4313 0.0402 0.0000
vt 0.4305 0.0323 0.0000
vt 0.4477 0.0373 0.0000
vt 0.4643 0.0353 0.0000
vt 0.4810 0.0341 0.0000
vt 0.4976 0.0337 0.0000
vt 0.3814 0.0452 0.0000
vt 0.3657 0.0506 0.0000
vt 0.3832 0.0538 0.0000
vt 0.3679 0.0596 0.0000
vt 0.3536 0.0655 0.0000
vt 0.3395 0.0729 0.0000
vt 0.3353 0.0792 0.0000
vt 0.8355 0.3150 0.0000
vt 0.8246 0.3101 0.0000
vt 0.8454 0.3269 0.0000
vt 0.8383 0.3295 0.0000
vt 0.8526 0.3384 0.0000
vt 0.8532 0.3479 0.0000
vt 0.8454 0.3453 0.0000
vt 0.8462 0.3515 0.0000
vt 0.8459 0.3569 0.0000
vt 0.8441 0.3504 0.0000
vt 0.0088 0.9507 0.0000
vt 0.0166 0.9496 0.0000
vt 0.0254 0.9482 0.0000
vt 0.0357 0.9467 0.0000
vt 0.0474 0.9449 0.0000
vt 0.0474 0.9457 0.0000
vt 0.0357 0.9475 0.0000
vt 0.0254 0.9491 0.0000
vt 0.0166 0.9505 0.0000
vt 0.6765 0.2920 0.0000
vt 0.1592 0.8638 0.0000
vt 0.1656 0.9379 0.0000
vt 0.1661 0.9125 0.0000
vt 0.1625 0.8883 0.0000
vt 0.1628 0.8646 0.0000
vt 0.1666 0.8890 0.0000
vt 0.1744 0.8162 0.0000
vt 0.1733 0.8407 0.0000
vt 0.1725 0.8652 0.0000
vt 0.1719 0.8895 0.0000
vt 0.1715 0.9134 0.0000
vt 0.1712 0.9369 0.0000
vt 0.1709 0.9589 0.0000
vt 0.1709 0.9615 0.0000
vt 0.1709 0.9603 0.0000
vt 0.1520 0.9632 0.0000
vt 0.1588 0.9620 0.0000
vt 0.1649 0.9611 0.0000
vt 0.1436 0.9662 0.0000
vt 0.1519 0.9645 0.0000
vt 0.1588 0.9632 0.0000
vt 0.1648 0.9623 0.0000
vt 0.1346 0.9690 0.0000
vt 0.1436 0.9671 0.0000
vt 0.1520 0.9653 0.0000
vt 0.1587 0.9641 0.0000
vt 0.1648 0.9632 0.0000
vt 0.1709 0.9623 0.0000
vt 0.2178 0.8672 0.0000
vt 0.2146 0.8425 0.0000
vt 0.2205 0.8432 0.0000
vt 0.2268 0.8440 0.0000
vt 0.2234 0.8192 0.0000
vt 0.2298 0.7726 0.0000
vt 0.2265 0.7957 0.0000
vt 0.2342 0.7951 0.0000
vt 0.2378 0.7717 0.0000
vt 0.2412 0.7512 0.0000
vt 0.2536 0.7337 0.0000
vt 0.2499 0.7517 0.0000
vt 0.2470 0.7690 0.0000
vt 0.3808 0.1248 0.0000
vt 0.3810 0.1277 0.0000
vt 0.3671 0.1298 0.0000
vt 0.3674 0.1331 0.0000
vt 0.3562 0.1380 0.0000
vt 0.3558 0.1343 0.0000
vt 0.3491 0.1372 0.0000
vt 0.3495 0.1410 0.0000
vt 0.3458 0.1429 0.0000
vt 0.3455 0.1388 0.0000
vt 0.3943 0.1182 0.0000
vt 0.3945 0.1204 0.0000
vt 0.3806 0.1225 0.0000
vt 0.3668 0.1270 0.0000
vt 0.3554 0.1312 0.0000
vt 0.3488 0.1339 0.0000
vt 0.3454 0.1335 0.0000
vt 0.3487 0.1323 0.0000
vt 0.3553 0.1297 0.0000
vt 0.3667 0.1256 0.0000
vt 0.3804 0.1212 0.0000
vt 0.3942 0.1170 0.0000
vt 0.4083 0.1143 0.0000
vt 0.4082 0.1131 0.0000
vt 0.4227 0.1096 0.0000
vt 0.3804 0.1205 0.0000
vt 0.3666 0.1250 0.0000
vt 0.3553 0.1291 0.0000
vt 0.3488 0.1316 0.0000
vt 0.3456 0.1328 0.0000
vt 0.3441 0.1332 0.0000
vt 0.3666 0.1244 0.0000
vt 0.3553 0.1285 0.0000
vt 0.3490 0.1310 0.0000
vt 0.3459 0.1323 0.0000
vt 0.3444 0.1327 0.0000
vt 0.3436 0.1326 0.0000
vt 0.3430 0.1323 0.0000
vt 0.3803 0.1200 0.0000
vt 0.3940 0.1157 0.0000
vt 0.3941 0.1163 0.0000
vt 0.4082 0.1124 0.0000
vt 0.4081 0.1118 0.0000
vt 0.4226 0.1083 0.0000
vt 0.4226 0.1089 0.0000
vt 0.4373 0.1059 0.0000
vt 0.4373 0.1054 0.0000
vt 0.4519 0.1030 0.0000
vt 0.4520 0.1036 0.0000
vt 0.4374 0.1067 0.0000
vt 0.4520 0.1043 0.0000
vt 0.4521 0.1054 0.0000
vt 0.4522 0.1073 0.0000
vt 0.4228 0.1108 0.0000
vt 0.4374 0.1078 0.0000
vt 0.4376 0.1098 0.0000
vt 0.4378 0.1122 0.0000
vt 0.4524 0.1097 0.0000
vt 0.4527 0.1124 0.0000
vt 0.4379 0.1149 0.0000
vt 0.4233 0.1180 0.0000
vt 0.4231 0.1152 0.0000
vt 0.4087 0.1189 0.0000
vt 0.4085 0.1163 0.0000
vt 0.4229 0.1128 0.0000
vt 0.3947 0.1231 0.0000
vt 0.4089 0.1218 0.0000
vt 0.3949 0.1261 0.0000
vt 0.3812 0.1309 0.0000
vt 0.3677 0.1363 0.0000
vt 0.3566 0.1412 0.0000
vt 0.3499 0.1442 0.0000
vt 0.3463 0.1460 0.0000
vt 0.0276 0.9735 0.0000
vt 0.0192 0.9760 0.0000
vt 0.0274 0.9726 0.0000
vt 0.0190 0.9752 0.0000
vt 0.0117 0.9785 0.0000
vt 0.0488 0.9670 0.0000
vt 0.0375 0.9705 0.0000
vt 0.0373 0.9696 0.0000
vt 0.0486 0.9660 0.0000
vt 0.9507 0.9653 0.0000
vt 0.9509 0.9643 0.0000
vt 0.9621 0.9687 0.0000
vt 0.9623 0.9678 0.0000
vt 0.9723 0.9707 0.0000
vt 0.9721 0.9716 0.0000
vt 0.9807 0.9739 0.0000
vt 0.9809 0.9731 0.0000
vt 0.9878 0.9760 0.0000
vt 0.9881 0.9751 0.0000
vt 0.9886 0.9762 0.0000
vt 0.7656 0.2749 0.0000
vt 0.7697 0.2756 0.0000
vt 0.7699 0.2892 0.0000
vt 0.7709 0.2818 0.0000
vt 0.7724 0.2761 0.0000
vt 0.7745 0.2768 0.0000
vt 0.7730 0.2810 0.0000
vt 0.7721 0.2855 0.0000
vt 0.7720 0.2908 0.0000
vt 0.7727 0.2974 0.0000
vt 0.7724 0.2990 0.0000
vt 0.7726 0.3024 0.0000
vt 0.7738 0.3059 0.0000
vt 0.7741 0.3042 0.0000
vt 0.7759 0.3102 0.0000
vt 0.7753 0.3113 0.0000
vt 0.7748 0.3130 0.0000
vt 0.7741 0.3153 0.0000
vt 0.7758 0.3175 0.0000
vt 0.7773 0.3244 0.0000
vt 0.7745 0.3283 0.0000
vt 0.2088 0.4053 0.0000
vt 0.2046 0.3943 0.0000
vt 0.2014 0.3799 0.0000
vt 0.1989 0.3626 0.0000
vt 0.1873 0.3839 0.0000
vt 0.1872 0.3668 0.0000
vt 0.1969 0.3546 0.0000
vt 0.2135 0.3769 0.0000
vt 0.2112 0.3647 0.0000
vt 0.1864 0.3569 0.0000
vt 0.1745 0.3650 0.0000
vt 0.1861 0.3526 0.0000
vt 0.1952 0.3457 0.0000
vt 0.1712 0.3624 0.0000
vt 0.1710 0.3617 0.0000
vt 0.1780 0.3581 0.0000
vt 0.1860 0.3517 0.0000
vt 0.1808 0.4238 0.0000
vt 0.1655 0.3654 0.0000
vt 0.8076 0.3090 0.0000
vt 0.8078 0.3062 0.0000
vt 0.8074 0.3035 0.0000
vt 0.8060 0.3008 0.0000
vt 0.8074 0.3004 0.0000
vt 0.8090 0.2990 0.0000
vt 0.8102 0.2985 0.0000
vt 0.8108 0.2974 0.0000
vt 0.2398 0.3997 0.0000
vt 0.2268 0.4087 0.0000
vt 0.2353 0.3956 0.0000
vt 0.2314 0.3906 0.0000
vt 0.2230 0.4024 0.0000
vt 0.2188 0.3943 0.0000
vt 0.2282 0.3846 0.0000
vt 0.2255 0.3777 0.0000
vt 0.2161 0.3866 0.0000
vt 0.2235 0.3702 0.0000
vt 0.2219 0.3618 0.0000
vt 0.2210 0.3527 0.0000
vt 0.2318 0.4143 0.0000
vt 0.2370 0.4188 0.0000
vt 0.2292 0.4376 0.0000
vt 0.2185 0.5064 0.0000
vt 0.2446 0.4028 0.0000
vt 0.4836 0.1197 0.0000
vt 0.4819 0.1207 0.0000
vt 0.4775 0.1211 0.0000
vt 0.4733 0.1210 0.0000
vt 0.4704 0.1202 0.0000
vt 0.4851 0.1212 0.0000
vt 0.4871 0.1226 0.0000
vt 0.4893 0.1237 0.0000
vt 0.8301 0.1156 0.0000
vt 0.8173 0.1060 0.0000
vt 0.8223 0.0855 0.0000
vt 0.8042 0.0966 0.0000
vt 0.8095 0.0771 0.0000
vt 0.7991 0.1159 0.0000
vt 0.8426 0.1256 0.0000
vt 0.8548 0.1358 0.0000
vt 0.8661 0.1453 0.0000
vt 0.8766 0.1526 0.0000
vt 0.8347 0.0945 0.0000
vt 0.8468 0.1037 0.0000
vt 0.8582 0.1135 0.0000
vt 0.8688 0.1233 0.0000
vt 0.8775 0.1325 0.0000
vt 0.8845 0.1408 0.0000
vt 0.2266 0.9548 0.0000
vt 0.2343 0.9509 0.0000
vt 0.2417 0.9450 0.0000
vt 0.2488 0.9368 0.0000
vt 0.2606 0.9199 0.0000
vt 0.2815 0.8878 0.0000
vt 0.6940 0.3190 0.0000
vt 0.6940 0.3324 0.0000
vt 0.6940 0.3437 0.0000
vt 0.6940 0.3522 0.0000
vt 0.6940 0.3574 0.0000
vt 0.6940 0.3611 0.0000
vt 0.6940 0.3651 0.0000
vt 0.6785 0.3117 0.0000
vt 0.6785 0.3151 0.0000
vt 0.6940 0.1861 0.0000
vt 0.6940 0.1897 0.0000
vt 0.6940 0.1926 0.0000
vt 0.6940 0.1972 0.0000
vt 0.6940 0.2057 0.0000
vt 0.6733 0.1762 0.0000
vt 0.6749 0.1761 0.0000
vt 0.6733 0.1729 0.0000
vt 0.6749 0.1729 0.0000
vt 0.6733 0.1695 0.0000
vt 0.6749 0.1695 0.0000
vt 0.6904 0.3651 0.0000
vt 0.6889 0.3651 0.0000
vt 0.6889 0.3615 0.0000
vt 0.6904 0.3616 0.0000
vt 0.6889 0.3587 0.0000
vt 0.6904 0.3588 0.0000
vt 0.6889 0.3541 0.0000
vt 0.6904 0.3542 0.0000
vt 0.6765 0.1762 0.0000
vt 0.6765 0.1729 0.0000
vt 0.6765 0.1695 0.0000
vt 0.6921 0.3651 0.0000
vt 0.6921 0.3616 0.0000
vt 0.6921 0.3587 0.0000
vt 0.6921 0.3541 0.0000
vt 0.1486 0.7050 0.0000
vt 0.1487 0.7028 0.0000
vt 0.1519 0.7029 0.0000
vt 0.1517 0.7051 0.0000
vt 0.1547 0.7066 0.0000
vt 0.1570 0.7094 0.0000
vt 0.1586 0.7130 0.0000
vt 0.1499 0.6846 0.0000
vt 0.1473 0.6836 0.0000
vt 0.4387 0.0861 0.0000
vt 0.4439 0.0861 0.0000
vt 0.4509 0.0861 0.0000
vt 0.6785 0.1695 0.0000
vt 0.6785 0.1795 0.0000
vt 0.6785 0.1927 0.0000
vt 0.6785 0.2093 0.0000
vt 0.6883 0.1663 0.0000
vt 0.6988 0.1748 0.0000
vt 0.7078 0.1832 0.0000
vt 0.7159 0.1918 0.0000
vt 0.7254 0.1945 0.0000
vt 0.7237 0.2007 0.0000
vt 0.5863 0.1309 0.0000
vt 0.6673 0.3303 0.0000
vt 0.6742 0.3337 0.0000
vt 0.6713 0.3210 0.0000
vt 0.6646 0.3085 0.0000
vt 0.6681 0.3020 0.0000
vt 0.6645 0.2763 0.0000
vt 0.6622 0.2787 0.0000
vt 0.2219 0.2469 0.0000
vt 0.2450 0.8892 0.0000
vt 0.2511 0.8877 0.0000
vt 0.2582 0.8630 0.0000
vt 0.8433 0.5577 0.0000
vt 0.8429 0.5390 0.0000
vt 0.8416 0.5329 0.0000
vt 0.1548 0.3574 0.0000
vt 0.1591 0.3572 0.0000
vt 0.1630 0.3482 0.0000
vt 0.1548 0.3623 0.0000
vt 0.1521 0.3604 0.0000
vt 0.1536 0.3641 0.0000
vt 0.5700 0.5595 0.0000
vt 0.5889 0.5716 0.0000
vt 0.6078 0.5844 0.0000
vt 0.5863 0.5420 0.0000
vt 0.7517 0.6344 0.0000
vt 0.7558 0.6578 0.0000
vt 0.7597 0.6807 0.0000
vt 0.7633 0.7029 0.0000
vt 0.7668 0.7250 0.0000
vt 0.7703 0.7476 0.0000
vt 0.2923 0.4687 0.0000
vt 0.3007 0.4646 0.0000
vt 0.3088 0.4597 0.0000
vt 0.1692 0.2957 0.0000
vt 0.1793 0.2952 0.0000
vt 0.1819 0.2751 0.0000
vt 0.1983 0.2817 0.0000
vt 0.1978 0.2805 0.0000
vt 0.1971 0.2796 0.0000
vt 0.2174 0.3164 0.0000
vt 0.2140 0.3198 0.0000
vt 0.2167 0.3154 0.0000
# 5046 texture coords

o Object318
g Object318
usemtl 01___Default
s off
f 1/1/1 2/2/2 3/3/3 
f 2/2/2 1/1/1 4/4/4 
f 4/4/4 1/1/1 5/5/5 
f 4/4/4 5/5/5 6/6/6 
f 6/6/6 5/5/5 7/7/7 
f 6/6/6 7/7/7 8/8/8 
f 8/8/8 7/7/7 9/9/9 
f 8/8/8 9/9/9 10/10/10 
f 10/10/10 9/9/9 11/11/11 
f 10/10/10 11/11/11 12/12/12 
f 12/12/12 11/11/11 13/13/13 
f 13/13/13 11/11/11 14/14/14 
f 13/13/13 14/14/14 15/15/15 
f 15/15/15 14/14/14 16/16/16 
f 15/15/15 16/16/16 17/17/17 
f 6/6/6 8/8/8 18/18/18 
f 18/18/18 8/8/8 19/19/19 
f 19/19/19 8/8/8 10/10/10 
f 19/19/19 10/10/10 12/12/12 
f 19/19/19 12/12/12 20/20/20 
f 20/20/20 12/12/12 13/13/13 
f 20/20/20 13/13/13 15/15/15 
f 20/20/20 15/15/15 21/21/21 
f 21/21/21 15/15/15 17/17/17 
f 21/21/21 17/17/17 22/22/22 
f 22/22/22 17/17/17 23/23/23 
f 22/22/22 23/23/23 24/24/24 
f 24/24/24 23/23/23 25/25/25 
f 24/24/24 25/25/25 26/26/26 
f 19/19/19 20/20/20 18/18/18 
f 18/18/18 20/20/20 27/27/27 
f 27/27/27 20/20/20 28/28/28 
f 28/28/28 20/20/20 21/21/21 
f 28/28/28 21/21/21 29/29/29 
f 29/29/29 21/21/21 22/22/22 
f 29/29/29 22/22/22 30/30/30 
f 30/30/30 22/22/22 24/24/24 
f 30/30/30 24/24/24 26/26/26 
f 30/30/30 26/26/26 31/31/31 
f 31/31/31 26/26/26 32/32/32 
f 31/31/31 32/32/32 33/33/33 
f 33/33/33 32/32/32 34/34/34 
f 33/33/33 34/34/34 35/35/35 
f 29/29/29 30/30/30 36/36/36 
f 36/36/36 30/30/30 37/37/37 
f 37/37/37 30/30/30 31/31/31 
f 37/37/37 31/31/31 33/33/33 
f 37/37/37 33/33/33 38/38/38 
f 38/38/38 33/33/33 39/39/39 
f 39/39/39 33/33/33 35/35/35 
f 39/39/39 35/35/35 40/40/40 
f 39/39/39 40/40/40 41/41/41 
f 41/41/41 40/40/40 42/42/42 
f 42/42/42 40/40/40 43/43/43 
f 42/42/42 43/43/43 44/44/44 
f 42/42/42 44/44/44 45/45/45 
f 45/45/45 44/44/44 46/46/46 
f 37/37/37 38/38/38 47/47/47 
f 47/47/47 38/38/38 39/39/39 
f 47/47/47 39/39/39 48/48/48 
f 48/48/48 39/39/39 49/49/49 
f 49/49/49 39/39/39 41/41/41 
f 49/49/49 41/41/41 42/42/42 
f 49/49/49 42/42/42 50/50/50 
f 50/50/50 42/42/42 51/51/51 
f 51/51/51 42/42/42 45/45/45 
f 51/51/51 45/45/45 46/46/46 
f 51/51/51 46/46/46 52/52/52 
f 52/52/52 46/46/46 53/53/53 
f 53/53/53 46/46/46 54/54/54 
f 53/53/53 54/54/54 55/55/55 
f 56/56/56 48/48/48 57/57/57 
f 57/57/57 48/48/48 49/49/49 
f 57/57/57 49/49/49 58/58/58 
f 58/58/58 49/49/49 59/59/59 
f 59/59/59 49/49/49 50/50/50 
f 59/59/59 50/50/50 60/60/60 
f 60/60/60 50/50/50 51/51/51 
f 60/60/60 51/51/51 61/61/61 
f 61/61/61 51/51/51 52/52/52 
f 61/61/61 52/52/52 62/62/62 
f 62/62/62 52/52/52 53/53/53 
f 62/62/62 53/53/53 63/63/63 
f 63/63/63 53/53/53 64/64/64 
f 63/63/63 64/64/64 65/65/65 
f 66/66/66 57/57/57 67/67/67 
f 67/67/67 57/57/57 58/58/58 
f 67/67/67 58/58/58 68/68/68 
f 68/68/68 58/58/58 59/59/59 
f 68/68/68 59/59/59 69/69/69 
f 69/69/69 59/59/59 60/60/60 
f 69/69/69 60/60/60 70/70/70 
f 70/70/70 60/60/60 61/61/61 
f 70/70/70 61/61/61 71/71/71 
f 71/71/71 61/61/61 62/62/62 
f 71/71/71 62/62/62 72/72/72 
f 72/72/72 62/62/62 63/63/63 
f 72/72/72 63/63/63 73/73/73 
f 73/73/73 63/63/63 65/65/65 
f 74/74/74 75/75/75 72/76/72 
f 72/76/72 75/75/75 71/77/71 
f 71/77/71 75/75/75 76/78/76 
f 71/77/71 76/78/76 70/79/70 
f 70/79/70 76/78/76 77/80/77 
f 70/79/70 77/80/77 69/81/69 
f 69/81/69 77/80/77 78/82/78 
f 69/81/69 78/82/78 68/83/68 
f 68/83/68 78/82/78 79/84/79 
f 68/83/68 79/84/79 67/85/67 
f 67/85/67 79/84/79 80/86/80 
f 67/85/67 80/86/80 66/87/66 
f 66/87/66 80/86/80 81/88/81 
f 66/87/66 81/88/81 82/89/82 
f 83/90/83 81/88/81 84/91/84 
f 84/91/84 81/88/81 80/86/80 
f 84/91/84 80/86/80 85/92/85 
f 85/92/85 80/86/80 79/84/79 
f 85/92/85 79/84/79 86/93/86 
f 86/93/86 79/84/79 78/82/78 
f 86/93/86 78/82/78 87/94/87 
f 87/94/87 78/82/78 77/80/77 
f 87/94/87 77/80/77 88/95/88 
f 88/95/88 77/80/77 76/78/76 
f 88/95/88 76/78/76 89/96/89 
f 89/96/89 76/78/76 75/75/75 
f 89/96/89 75/75/75 90/97/90 
f 90/97/90 75/75/75 74/74/74 
f 90/97/90 74/74/74 91/98/91 
f 91/98/91 74/74/74 92/99/92 
f 91/98/91 92/99/92 93/100/93 
f 93/100/93 92/99/92 94/101/94 
f 93/100/93 94/101/94 95/102/95 
f 95/102/95 94/101/94 96/103/96 
f 95/102/95 96/103/96 97/104/97 
f 97/104/97 96/103/96 98/105/98 
f 97/104/97 98/105/98 99/106/99 
f 99/106/99 98/105/98 100/107/100 
f 99/106/99 100/107/100 101/108/101 
f 99/106/99 101/108/101 102/109/102 
f 102/109/102 101/108/101 103/110/103 
f 102/109/102 103/110/103 104/111/104 
f 103/110/103 101/108/101 105/112/105 
f 105/112/105 101/108/101 106/113/106 
f 106/113/106 101/108/101 100/107/100 
f 106/113/106 100/107/100 107/114/107 
f 107/114/107 100/107/100 98/105/98 
f 107/114/107 98/105/98 108/115/108 
f 108/115/108 98/105/98 109/116/109 
f 109/116/109 98/105/98 96/103/96 
f 109/116/109 96/103/96 110/117/110 
f 110/117/110 96/103/96 94/101/94 
f 110/117/110 94/101/94 92/99/92 
f 110/117/110 92/99/92 73/118/73 
f 73/118/73 92/99/92 74/74/74 
f 73/118/73 74/74/74 72/76/72 
f 73/73/73 65/65/65 110/119/110 
f 110/119/110 65/65/65 109/120/109 
f 109/120/109 65/65/65 111/121/111 
f 109/120/109 111/121/111 108/122/108 
f 108/122/108 111/121/111 112/123/112 
f 108/122/108 112/123/112 107/124/107 
f 107/124/107 112/123/112 113/125/113 
f 107/124/107 113/125/113 114/126/114 
f 107/124/107 114/126/114 106/127/106 
f 106/127/106 114/126/114 115/128/115 
f 106/127/106 115/128/115 105/129/105 
f 105/129/105 115/128/115 116/130/116 
f 105/129/105 116/130/116 117/131/117 
f 117/131/117 116/130/116 118/132/118 
f 64/64/64 119/133/119 65/65/65 
f 65/65/65 119/133/119 111/121/111 
f 111/121/111 119/133/119 120/134/120 
f 111/121/111 120/134/120 112/123/112 
f 112/123/112 120/134/120 121/135/121 
f 112/123/112 121/135/121 113/125/113 
f 113/125/113 121/135/121 122/136/122 
f 113/125/113 122/136/122 114/126/114 
f 114/126/114 122/136/122 115/128/115 
f 115/128/115 122/136/122 123/137/123 
f 115/128/115 123/137/123 124/138/124 
f 115/128/115 124/138/124 116/130/116 
f 116/130/116 124/138/124 125/139/125 
f 116/130/116 125/139/125 126/140/126 
f 123/137/123 122/136/122 127/141/127 
f 127/141/127 122/136/122 128/142/128 
f 127/141/127 128/142/128 129/143/129 
f 129/143/129 128/142/128 130/144/130 
f 130/144/130 128/142/128 131/145/131 
f 131/145/131 128/142/128 122/136/122 
f 131/145/131 122/136/122 121/135/121 
f 131/145/131 121/135/121 132/146/132 
f 132/146/132 121/135/121 120/134/120 
f 132/146/132 120/134/120 133/147/133 
f 133/147/133 120/134/120 119/133/119 
f 133/147/133 119/133/119 55/55/55 
f 55/55/55 119/133/119 64/64/64 
f 55/55/55 64/64/64 53/53/53 
f 44/44/44 134/148/134 46/46/46 
f 46/46/46 134/148/134 135/149/135 
f 46/46/46 135/149/135 54/54/54 
f 54/54/54 135/149/135 55/55/55 
f 55/55/55 135/149/135 136/150/136 
f 55/55/55 136/150/136 137/151/137 
f 55/55/55 137/151/137 133/147/133 
f 133/147/133 137/151/137 132/146/132 
f 132/146/132 137/151/137 138/152/138 
f 132/146/132 138/152/138 131/145/131 
f 131/145/131 138/152/138 139/153/139 
f 131/145/131 139/153/139 130/144/130 
f 130/144/130 139/153/139 140/154/140 
f 130/144/130 140/154/140 141/155/141 
f 142/156/142 143/157/143 137/151/137 
f 137/151/137 143/157/143 138/152/138 
f 138/152/138 143/157/143 144/158/144 
f 138/152/138 144/158/144 139/153/139 
f 139/153/139 144/158/144 140/154/140 
f 140/154/140 144/158/144 145/159/145 
f 140/154/140 145/159/145 141/155/141 
f 141/155/141 145/159/145 146/160/146 
f 141/155/141 146/160/146 147/161/147 
f 147/161/147 146/160/146 148/162/148 
f 147/161/147 148/162/148 149/163/149 
f 147/161/147 149/163/149 150/164/150 
f 150/164/150 149/163/149 151/165/151 
f 150/164/150 151/165/151 152/166/152 
f 153/167/153 148/162/148 154/168/154 
f 154/168/154 148/162/148 146/160/146 
f 154/168/154 146/160/146 145/159/145 
f 154/168/154 145/159/145 155/169/155 
f 155/169/155 145/159/145 156/170/156 
f 156/170/156 145/159/145 144/158/144 
f 156/170/156 144/158/144 143/157/143 
f 156/170/156 143/157/143 157/171/157 
f 157/171/157 143/157/143 142/156/142 
f 157/171/157 142/156/142 158/172/158 
f 158/172/158 142/156/142 159/173/159 
f 158/172/158 159/173/159 160/174/160 
f 160/174/160 159/173/159 161/175/161 
f 160/174/160 161/175/161 162/176/162 
f 163/177/163 155/169/155 164/178/164 
f 164/178/164 155/169/155 156/170/156 
f 164/178/164 156/170/156 165/179/165 
f 165/179/165 156/170/156 157/171/157 
f 165/179/165 157/171/157 166/180/166 
f 166/180/166 157/171/157 158/172/158 
f 166/180/166 158/172/158 167/181/167 
f 167/181/167 158/172/158 160/174/160 
f 167/181/167 160/174/160 168/182/168 
f 168/182/168 160/174/160 162/176/162 
f 168/182/168 162/176/162 169/183/169 
f 169/183/169 162/176/162 170/184/170 
f 169/183/169 170/184/170 171/185/171 
f 169/183/169 171/185/171 172/186/172 
f 173/187/173 163/177/163 174/188/174 
f 174/188/174 163/177/163 164/178/164 
f 174/188/174 164/178/164 175/189/175 
f 175/189/175 164/178/164 165/179/165 
f 175/189/175 165/179/165 176/190/176 
f 176/190/176 165/179/165 166/180/166 
f 176/190/176 166/180/166 177/191/177 
f 177/191/177 166/180/166 167/181/167 
f 177/191/177 167/181/167 178/192/178 
f 178/192/178 167/181/167 168/182/168 
f 178/192/178 168/182/168 179/193/179 
f 179/193/179 168/182/168 169/183/169 
f 179/193/179 169/183/169 172/186/172 
f 179/193/179 172/186/172 180/194/180 
f 172/186/172 181/195/181 180/194/180 
f 180/194/180 181/195/181 182/196/182 
f 182/196/182 181/195/181 183/197/183 
f 182/196/182 183/197/183 184/198/184 
f 184/198/184 183/197/183 185/199/185 
f 184/198/184 185/199/185 186/200/186 
f 186/200/186 185/199/185 187/201/187 
f 186/200/186 187/201/187 188/202/188 
f 188/202/188 187/201/187 189/203/189 
f 188/202/188 189/203/189 190/204/190 
f 190/204/190 189/203/189 191/205/191 
f 190/204/190 191/205/191 192/206/192 
f 192/206/192 191/205/191 16/16/16 
f 192/206/192 16/16/16 193/207/193 
f 171/185/171 194/208/194 172/186/172 
f 172/186/172 194/208/194 181/195/181 
f 181/195/181 194/208/194 195/209/195 
f 181/195/181 195/209/195 183/197/183 
f 183/197/183 195/209/195 196/210/196 
f 183/197/183 196/210/196 185/199/185 
f 185/199/185 196/210/196 197/211/197 
f 185/199/185 197/211/197 187/201/187 
f 187/201/187 197/211/197 25/25/25 
f 187/201/187 25/25/25 189/203/189 
f 189/203/189 25/25/25 23/23/23 
f 189/203/189 23/23/23 191/205/191 
f 191/205/191 23/23/23 17/17/17 
f 191/205/191 17/17/17 16/16/16 
f 25/25/25 197/211/197 26/26/26 
f 26/26/26 197/211/197 32/32/32 
f 32/32/32 197/211/197 196/210/196 
f 32/32/32 196/210/196 34/34/34 
f 34/34/34 196/210/196 195/209/195 
f 34/34/34 195/209/195 198/212/198 
f 198/212/198 195/209/195 194/208/194 
f 198/212/198 194/208/194 199/213/199 
f 199/213/199 194/208/194 171/185/171 
f 199/213/199 171/185/171 200/214/200 
f 200/214/200 171/185/171 170/184/170 
f 200/214/200 170/184/170 201/215/201 
f 201/215/201 170/184/170 162/176/162 
f 201/215/201 162/176/162 161/175/161 
f 34/34/34 198/212/198 35/35/35 
f 35/35/35 198/212/198 40/40/40 
f 40/40/40 198/212/198 199/213/199 
f 40/40/40 199/213/199 43/43/43 
f 43/43/43 199/213/199 44/44/44 
f 44/44/44 199/213/199 200/214/200 
f 44/44/44 200/214/200 134/148/134 
f 134/148/134 200/214/200 201/215/201 
f 134/148/134 201/215/201 161/175/161 
f 134/148/134 161/175/161 135/149/135 
f 135/149/135 161/175/161 159/173/159 
f 135/149/135 159/173/159 136/150/136 
f 136/150/136 159/173/159 142/156/142 
f 136/150/136 142/156/142 137/151/137 
f 202/216/202 203/217/203 204/218/204 
f 205/219/205 206/220/206 207/221/207 
f 207/221/207 206/220/206 208/222/208 
f 207/221/207 208/222/208 209/223/209 
f 207/221/207 209/223/209 210/224/210 
f 210/224/210 209/223/209 211/225/211 
f 211/225/211 209/223/209 212/226/212 
f 211/225/211 212/226/212 213/227/213 
f 213/227/213 212/226/212 214/228/214 
f 213/227/213 214/228/214 215/229/215 
f 213/227/213 215/229/215 216/230/216 
f 216/230/216 215/229/215 204/218/204 
f 204/218/204 215/229/215 217/231/217 
f 204/218/204 217/231/217 218/232/218 
f 204/218/204 218/232/218 202/216/202 
f 219/233/219 220/234/220 221/235/221 
f 222/236/222 223/237/223 224/238/224 
f 224/238/224 223/237/223 225/239/225 
f 224/238/224 225/239/225 226/240/226 
f 224/238/224 226/240/226 227/241/227 
f 224/238/224 227/241/227 228/242/228 
f 228/242/228 227/241/227 229/243/229 
f 229/243/229 227/241/227 230/244/230 
f 229/243/229 230/244/230 231/245/231 
f 229/243/229 231/245/231 232/246/232 
f 232/246/232 231/245/231 233/247/233 
f 232/246/232 233/247/233 234/248/234 
f 234/248/234 233/247/233 221/235/221 
f 221/235/221 233/247/233 235/249/235 
f 221/235/221 235/249/235 219/233/219 
f 236/250/236 237/251/237 238/252/238 
f 236/250/236 238/252/238 239/253/239 
f 239/253/239 238/252/238 240/254/240 
f 239/253/239 240/254/240 241/255/241 
f 241/255/241 240/254/240 242/256/242 
f 241/255/241 242/256/242 243/257/243 
f 243/257/243 242/256/242 244/258/244 
f 243/257/243 244/258/244 245/259/245 
f 245/259/245 244/258/244 246/260/246 
f 245/259/245 246/260/246 247/261/247 
f 247/261/247 246/260/246 248/262/248 
f 247/261/247 248/262/248 249/263/249 
f 249/263/249 248/262/248 250/264/250 
f 249/263/249 250/264/250 251/265/251 
f 251/265/251 250/264/250 252/266/252 
f 253/267/253 243/257/243 254/268/254 
f 254/268/254 243/257/243 245/259/245 
f 254/268/254 245/259/245 255/269/255 
f 255/269/255 245/259/245 247/261/247 
f 255/269/255 247/261/247 256/270/256 
f 256/270/256 247/261/247 249/263/249 
f 256/270/256 249/263/249 257/271/257 
f 257/271/257 249/263/249 251/265/251 
f 257/272/257 251/273/251 258/274/258 
f 258/274/258 251/273/251 259/275/259 
f 258/274/258 259/275/259 260/276/260 
f 260/276/260 259/275/259 261/277/261 
f 260/276/260 261/277/261 262/278/262 
f 262/278/262 261/277/261 263/279/263 
f 264/280/264 253/281/253 265/282/265 
f 265/282/265 253/281/253 254/283/254 
f 265/282/265 254/283/254 266/284/266 
f 266/284/266 254/283/254 255/285/255 
f 266/284/266 255/285/255 267/286/267 
f 267/286/267 255/285/255 256/287/256 
f 267/286/267 256/287/256 257/288/257 
f 267/286/267 257/288/257 268/289/268 
f 268/289/268 257/288/257 269/290/269 
f 269/290/269 257/288/257 258/291/258 
f 269/290/269 258/291/258 270/292/270 
f 270/292/270 258/291/258 260/293/260 
f 270/292/270 260/293/260 271/294/271 
f 271/294/271 260/293/260 262/295/262 
f 272/296/272 273/297/273 274/298/274 
f 274/298/274 273/297/273 275/299/275 
f 275/299/275 273/297/273 276/300/276 
f 275/299/275 276/300/276 264/280/264 
f 275/299/275 264/280/264 265/282/265 
f 275/299/275 265/282/265 266/284/266 
f 275/299/275 266/284/266 277/301/277 
f 277/301/277 266/284/266 267/286/267 
f 277/301/277 267/286/267 268/289/268 
f 277/301/277 268/289/268 278/302/278 
f 278/302/278 268/289/268 269/290/269 
f 278/302/278 269/290/269 279/303/279 
f 279/303/279 269/290/269 270/292/270 
f 279/303/279 270/292/270 280/304/280 
f 275/299/275 277/301/277 274/298/274 
f 274/298/274 277/301/277 278/302/278 
f 274/298/274 278/302/278 279/303/279 
f 274/298/274 279/303/279 281/305/281 
f 281/305/281 279/303/279 282/306/282 
f 282/306/282 279/303/279 280/304/280 
f 282/306/282 280/304/280 283/307/283 
f 282/306/282 283/307/283 284/308/284 
f 284/308/284 283/307/283 285/309/285 
f 285/309/285 283/307/283 286/310/286 
f 285/309/285 286/310/286 287/311/287 
f 285/309/285 287/311/287 288/312/288 
f 288/312/288 287/311/287 289/313/289 
f 289/313/289 287/311/287 290/314/290 
f 291/315/291 272/296/272 292/316/292 
f 292/316/292 272/296/272 274/298/274 
f 292/316/292 274/298/274 293/317/293 
f 293/317/293 274/298/274 294/318/294 
f 294/318/294 274/298/274 281/305/281 
f 294/318/294 281/305/281 282/306/282 
f 294/318/294 282/306/282 295/319/295 
f 295/319/295 282/306/282 296/320/296 
f 296/320/296 282/306/282 284/308/284 
f 296/320/296 284/308/284 285/309/285 
f 296/320/296 285/309/285 297/321/297 
f 297/321/297 285/309/285 298/322/298 
f 298/322/298 285/309/285 288/312/288 
f 298/322/298 288/312/288 289/313/289 
f 295/319/295 299/323/299 294/318/294 
f 294/318/294 299/323/299 300/324/300 
f 294/318/294 300/324/300 293/317/293 
f 293/317/293 300/324/300 301/325/301 
f 293/317/293 301/325/301 292/316/292 
f 292/316/292 301/325/301 302/326/302 
f 292/316/292 302/326/302 303/327/303 
f 292/316/292 303/327/303 291/315/291 
f 291/315/291 303/327/303 304/328/304 
f 291/315/291 304/328/304 305/329/305 
f 305/329/305 304/328/304 306/330/306 
f 305/329/305 306/330/306 307/331/307 
f 307/331/307 306/330/306 308/332/308 
f 308/332/308 306/330/306 309/333/309 
f 310/334/310 309/333/309 311/335/311 
f 311/335/311 309/333/309 306/330/306 
f 311/335/311 306/330/306 312/336/312 
f 312/336/312 306/330/306 313/337/313 
f 313/337/313 306/330/306 304/328/304 
f 313/337/313 304/328/304 314/338/314 
f 314/338/314 304/328/304 303/327/303 
f 314/338/314 303/327/303 315/339/315 
f 315/339/315 303/327/303 302/326/302 
f 315/339/315 302/326/302 316/340/316 
f 316/340/316 302/326/302 301/325/301 
f 316/340/316 301/325/301 317/341/317 
f 317/341/317 301/325/301 300/324/300 
f 317/341/317 300/324/300 318/342/318 
f 312/336/312 313/337/313 319/343/319 
f 319/343/319 313/337/313 320/344/320 
f 320/344/320 313/337/313 314/338/314 
f 320/344/320 314/338/314 321/345/321 
f 321/345/321 314/338/314 315/339/315 
f 321/345/321 315/339/315 322/346/322 
f 322/346/322 315/339/315 316/340/316 
f 322/346/322 316/340/316 323/347/323 
f 323/347/323 316/340/316 317/341/317 
f 323/347/323 317/341/317 324/348/324 
f 324/348/324 317/341/317 318/342/318 
f 324/348/324 318/342/318 325/349/325 
f 325/349/325 318/342/318 326/350/326 
f 325/349/325 326/350/326 327/351/327 
f 324/348/324 328/352/328 323/347/323 
f 323/347/323 328/352/328 329/353/329 
f 323/347/323 329/353/329 322/346/322 
f 322/346/322 329/353/329 330/354/330 
f 322/346/322 330/354/330 321/345/321 
f 321/345/321 330/354/330 331/355/331 
f 321/345/321 331/355/331 320/344/320 
f 320/344/320 331/355/331 332/356/332 
f 320/344/320 332/356/332 319/343/319 
f 319/343/319 332/356/332 333/357/333 
f 319/343/319 333/357/333 334/358/334 
f 334/358/334 333/357/333 335/359/335 
f 334/358/334 335/359/335 336/360/336 
f 336/360/336 335/359/335 337/361/337 
f 338/362/338 339/363/339 340/364/340 
f 340/364/340 339/363/339 341/365/341 
f 340/364/340 341/365/341 342/366/342 
f 342/366/342 341/365/341 343/367/343 
f 342/366/342 343/367/343 344/368/344 
f 344/368/344 343/367/343 345/369/345 
f 344/368/344 345/369/345 346/370/346 
f 346/370/346 345/369/345 347/371/347 
f 346/370/346 347/371/347 336/360/336 
f 336/360/336 347/371/347 310/334/310 
f 336/360/336 310/334/310 334/358/334 
f 334/358/334 310/334/310 311/335/311 
f 334/358/334 311/335/311 312/336/312 
f 334/358/334 312/336/312 319/343/319 
f 348/372/348 349/373/349 350/374/350 
f 350/374/350 349/373/349 351/375/351 
f 351/375/351 349/373/349 352/376/352 
f 351/375/351 352/376/352 353/377/353 
f 353/377/353 352/376/352 354/378/354 
f 353/377/353 354/378/354 355/379/355 
f 355/379/355 354/378/354 356/380/356 
f 355/379/355 356/380/356 357/381/357 
f 357/381/357 356/380/356 343/367/343 
f 343/367/343 356/380/356 345/369/345 
f 345/369/345 356/380/356 308/332/308 
f 345/369/345 308/332/308 347/371/347 
f 347/371/347 308/332/308 309/333/309 
f 347/371/347 309/333/309 310/334/310 
f 356/380/356 354/378/354 308/332/308 
f 308/332/308 354/378/354 307/331/307 
f 307/331/307 354/378/354 352/376/352 
f 307/331/307 352/376/352 305/329/305 
f 305/329/305 352/376/352 349/373/349 
f 305/329/305 349/373/349 291/315/291 
f 291/315/291 349/373/349 348/372/348 
f 291/315/291 348/372/348 272/296/272 
f 272/296/272 348/372/348 273/297/273 
f 273/297/273 348/372/348 358/382/358 
f 273/297/273 358/382/358 276/300/276 
f 276/300/276 358/382/358 359/383/359 
f 359/383/359 358/382/358 360/384/360 
f 359/383/359 360/384/360 361/385/361 
f 362/386/362 363/387/363 364/388/364 
f 364/388/364 363/387/363 365/389/365 
f 364/388/364 365/389/365 366/390/366 
f 366/390/366 365/389/365 367/391/367 
f 366/390/366 367/391/367 368/392/368 
f 368/392/368 367/391/367 369/393/369 
f 369/393/369 367/391/367 370/394/370 
f 369/393/369 370/394/370 371/395/371 
f 371/395/371 370/394/370 360/384/360 
f 371/395/371 360/384/360 372/396/372 
f 372/396/372 360/384/360 358/382/358 
f 372/396/372 358/382/358 373/397/373 
f 373/397/373 358/382/358 348/372/348 
f 373/397/373 348/372/348 350/374/350 
f 361/385/361 360/384/360 374/398/374 
f 374/398/374 360/384/360 370/394/370 
f 374/398/374 370/394/370 375/399/375 
f 375/399/375 370/394/370 367/391/367 
f 375/399/375 367/391/367 376/400/376 
f 376/400/376 367/391/367 377/401/377 
f 377/401/377 367/391/367 365/389/365 
f 377/401/377 365/389/365 378/402/378 
f 378/402/378 365/389/365 363/387/363 
f 378/402/378 363/387/363 379/403/379 
f 379/403/379 363/387/363 380/404/380 
f 379/403/379 380/404/380 381/405/381 
f 381/405/381 380/404/380 382/406/382 
f 381/405/381 382/406/382 383/407/383 
f 363/387/363 362/386/362 380/404/380 
f 380/404/380 362/386/362 384/408/384 
f 380/404/380 384/408/384 382/406/382 
f 382/406/382 384/408/384 385/409/385 
f 382/406/382 385/409/385 383/407/383 
f 383/407/383 385/409/385 386/410/386 
f 383/407/383 386/410/386 387/411/387 
f 383/407/383 387/411/387 388/412/388 
f 388/412/388 387/411/387 389/413/389 
f 389/413/389 387/411/387 386/410/386 
f 389/413/389 386/410/386 390/414/390 
f 390/414/390 386/410/386 391/415/391 
f 390/414/390 391/415/391 392/416/392 
f 392/416/392 391/415/391 393/417/393 
f 381/405/381 383/407/383 394/418/394 
f 394/418/394 383/407/383 388/412/388 
f 394/418/394 388/412/388 395/419/395 
f 395/419/395 388/412/388 396/420/396 
f 396/420/396 388/412/388 389/413/389 
f 396/420/396 389/413/389 397/421/397 
f 397/421/397 389/413/389 390/414/390 
f 397/421/397 390/414/390 392/416/392 
f 397/421/397 398/422/398 396/420/396 
f 396/420/396 398/422/398 399/423/399 
f 396/420/396 399/423/399 395/419/395 
f 395/419/395 399/423/399 400/424/400 
f 395/419/395 400/424/400 401/425/401 
f 395/419/395 401/425/401 394/418/394 
f 394/418/394 401/425/401 381/405/381 
f 381/405/381 401/425/401 379/403/379 
f 379/403/379 401/425/401 402/426/402 
f 379/403/379 402/426/402 378/402/378 
f 378/402/378 402/426/402 403/427/403 
f 378/402/378 403/427/403 377/401/377 
f 377/401/377 403/427/403 404/428/404 
f 377/401/377 404/428/404 376/400/376 
f 376/400/376 404/428/404 405/429/405 
f 405/429/405 404/428/404 406/430/406 
f 406/430/406 404/428/404 407/431/407 
f 407/431/407 404/428/404 403/427/403 
f 407/431/407 403/427/403 408/432/408 
f 408/432/408 403/427/403 402/426/402 
f 408/432/408 402/426/402 409/433/409 
f 409/433/409 402/426/402 401/425/401 
f 409/433/409 401/425/401 400/424/400 
f 410/434/410 411/435/411 412/436/412 
f 412/436/412 411/435/411 413/437/413 
f 413/437/413 411/435/411 414/438/414 
f 413/437/413 414/438/414 415/439/415 
f 415/439/415 414/438/414 405/429/405 
f 415/439/415 405/429/405 406/430/406 
f 416/440/416 417/441/417 418/442/418 
f 418/442/418 417/441/417 419/443/419 
f 418/442/418 419/443/419 410/434/410 
f 410/434/410 419/443/419 420/444/420 
f 410/434/410 420/444/420 411/435/411 
f 411/435/411 420/444/420 421/445/421 
f 411/435/411 421/445/421 414/438/414 
f 414/438/414 421/445/421 422/446/422 
f 414/438/414 422/446/422 405/429/405 
f 405/429/405 422/446/422 376/400/376 
f 376/400/376 422/446/422 375/399/375 
f 375/399/375 422/446/422 423/447/423 
f 375/399/375 423/447/423 374/398/374 
f 374/398/374 423/447/423 424/448/424 
f 417/441/417 425/449/425 419/443/419 
f 419/443/419 425/449/425 426/450/426 
f 419/443/419 426/450/426 420/444/420 
f 420/444/420 426/450/426 427/451/427 
f 420/444/420 427/451/427 421/445/421 
f 421/445/421 427/451/427 423/447/423 
f 421/445/421 423/447/423 422/446/422 
f 425/449/425 428/452/428 426/450/426 
f 426/450/426 428/452/428 429/453/429 
f 429/453/429 428/452/428 430/454/430 
f 429/453/429 430/454/430 431/455/431 
f 429/453/429 431/455/431 432/456/432 
f 429/453/429 432/456/432 433/457/433 
f 433/457/433 432/456/432 434/458/434 
f 433/457/433 434/458/434 435/459/435 
f 433/457/433 435/459/435 424/448/424 
f 433/457/433 424/448/424 423/447/423 
f 433/457/433 423/447/423 427/451/427 
f 433/457/433 427/451/427 429/453/429 
f 429/453/429 427/451/427 426/450/426 
f 436/460/436 435/459/435 437/461/437 
f 437/461/437 435/459/435 434/458/434 
f 437/461/437 434/458/434 438/462/438 
f 438/462/438 434/458/434 432/456/432 
f 438/462/438 432/456/432 439/463/439 
f 439/463/439 432/456/432 431/455/431 
f 439/463/439 431/455/431 440/464/440 
f 440/464/440 431/455/431 430/454/430 
f 440/464/440 430/454/430 441/465/441 
f 441/465/441 430/454/430 442/466/442 
f 441/465/441 442/466/442 443/467/443 
f 443/467/443 442/466/442 444/468/444 
f 443/467/443 444/468/444 445/469/445 
f 445/469/445 444/468/444 446/470/446 
f 447/471/447 436/472/436 448/473/448 
f 448/473/448 436/472/436 437/474/437 
f 448/473/448 437/474/437 449/475/449 
f 449/475/449 437/474/437 438/476/438 
f 449/475/449 438/476/438 450/477/450 
f 450/477/450 438/476/438 439/478/439 
f 450/479/450 439/480/439 451/481/451 
f 451/481/451 439/480/439 440/482/440 
f 451/481/451 440/482/440 452/483/452 
f 452/483/452 440/482/440 441/484/441 
f 452/483/452 441/484/441 453/485/453 
f 453/485/453 441/484/441 443/486/443 
f 453/485/453 443/486/443 454/487/454 
f 454/487/454 443/486/443 445/488/445 
f 455/489/455 450/479/450 456/490/456 
f 456/490/456 450/479/450 451/481/451 
f 456/490/456 451/481/451 457/491/457 
f 457/491/457 451/481/451 452/483/452 
f 457/491/457 452/483/452 458/492/458 
f 458/492/458 452/483/452 453/485/453 
f 458/492/458 453/485/453 459/493/459 
f 459/493/459 453/485/453 454/487/454 
f 459/493/459 454/487/454 460/494/460 
f 459/493/459 460/494/460 461/495/461 
f 461/495/461 460/494/460 462/496/462 
f 461/495/461 462/496/462 463/497/463 
f 463/497/463 462/496/462 464/498/464 
f 463/497/463 464/498/464 465/499/465 
f 454/487/454 445/488/445 460/494/460 
f 460/494/460 445/488/445 466/500/466 
f 460/494/460 466/500/466 462/496/462 
f 462/496/462 466/500/466 467/501/467 
f 462/496/462 467/501/467 464/498/464 
f 464/498/464 467/501/467 468/502/468 
f 464/498/464 468/502/468 469/503/469 
f 469/503/469 468/502/468 470/504/470 
f 469/503/469 470/504/470 471/505/471 
f 471/505/471 470/504/470 472/506/472 
f 471/505/471 472/506/472 473/507/473 
f 473/507/473 472/506/472 474/508/474 
f 473/509/473 474/510/474 475/511/475 
f 475/511/475 474/510/474 476/512/476 
f 445/469/445 446/470/446 466/513/466 
f 466/513/466 446/470/446 477/514/477 
f 466/513/466 477/514/477 467/515/467 
f 467/515/467 477/514/477 478/516/478 
f 467/515/467 478/516/478 468/517/468 
f 468/517/468 478/516/478 479/518/479 
f 468/517/468 479/518/479 470/519/470 
f 470/519/470 479/518/479 480/520/480 
f 470/519/470 480/520/480 481/521/481 
f 470/519/470 481/521/481 472/522/472 
f 472/522/472 481/521/481 474/523/474 
f 474/523/474 481/521/481 482/524/482 
f 474/523/474 482/524/482 483/525/483 
f 474/523/474 483/525/483 476/526/476 
f 478/516/478 484/527/484 479/518/479 
f 479/518/479 484/527/484 485/528/485 
f 479/518/479 485/528/485 480/520/480 
f 480/520/480 485/528/485 486/529/486 
f 480/520/480 486/529/486 481/521/481 
f 481/521/481 486/529/486 482/524/482 
f 482/524/482 486/529/486 487/530/487 
f 482/524/482 487/530/487 483/525/483 
f 483/525/483 487/530/487 488/531/488 
f 483/525/483 488/531/488 489/532/489 
f 489/532/489 488/531/488 490/533/490 
f 489/532/489 490/533/490 491/534/491 
f 491/534/491 490/533/490 492/535/492 
f 492/535/492 490/533/490 493/536/493 
f 490/533/490 488/531/488 494/537/494 
f 494/537/494 488/531/488 487/530/487 
f 494/537/494 487/530/487 495/538/495 
f 495/538/495 487/530/487 496/539/496 
f 496/539/496 487/530/487 486/529/486 
f 496/539/496 486/529/486 485/528/485 
f 496/539/496 485/528/485 497/540/497 
f 476/526/476 483/525/483 498/541/498 
f 498/541/498 483/525/483 489/532/489 
f 498/541/498 489/532/489 499/542/499 
f 499/542/499 489/532/489 491/534/491 
f 499/542/499 491/534/491 500/543/500 
f 500/543/500 491/534/491 492/535/492 
f 500/543/500 492/535/492 501/544/501 
f 501/544/501 492/535/492 502/545/502 
f 501/544/501 502/545/502 503/546/503 
f 503/546/503 502/545/502 504/547/504 
f 503/546/503 504/547/504 505/548/505 
f 505/548/505 504/547/504 506/549/506 
f 505/548/505 506/549/506 507/550/507 
f 507/550/507 506/549/506 508/551/508 
f 475/511/475 476/512/476 509/552/509 
f 509/552/509 476/512/476 498/553/498 
f 509/552/509 498/553/498 510/554/510 
f 510/554/510 498/553/498 499/555/499 
f 510/554/510 499/555/499 511/556/511 
f 511/556/511 499/555/499 500/557/500 
f 511/556/511 500/557/500 512/558/512 
f 512/558/512 500/557/500 501/559/501 
f 512/558/512 501/559/501 513/560/513 
f 513/560/513 501/559/501 503/561/503 
f 513/560/513 503/561/503 514/562/514 
f 514/562/514 503/561/503 505/563/505 
f 514/562/514 505/563/505 515/564/515 
f 515/564/515 505/563/505 507/565/507 
f 511/556/511 512/558/512 516/566/516 
f 516/566/516 512/558/512 517/567/517 
f 517/567/517 512/558/512 513/560/513 
f 517/567/517 513/560/513 518/568/518 
f 518/568/518 513/560/513 514/562/514 
f 518/568/518 514/562/514 519/569/519 
f 519/569/519 514/562/514 515/564/515 
f 519/569/519 515/564/515 520/570/520 
f 520/570/520 515/564/515 521/571/521 
f 520/570/520 521/571/521 522/572/522 
f 522/572/522 521/571/521 523/573/523 
f 523/573/523 521/571/521 524/574/524 
f 523/573/523 524/574/524 525/575/525 
f 525/575/525 524/574/524 526/576/526 
f 515/564/515 507/565/507 521/571/521 
f 521/571/521 507/565/507 527/577/527 
f 521/571/521 527/577/527 524/574/524 
f 524/574/524 527/577/527 528/578/528 
f 524/574/524 528/578/528 526/576/526 
f 526/576/526 528/578/528 529/579/529 
f 526/576/526 529/579/529 530/580/530 
f 530/580/530 529/579/529 531/581/531 
f 530/580/530 531/581/531 532/582/532 
f 532/582/532 531/581/531 533/583/533 
f 532/584/532 533/585/533 534/586/534 
f 534/586/534 533/585/533 535/587/535 
f 534/586/534 535/587/535 536/588/536 
f 536/588/536 535/587/535 537/589/537 
f 507/550/507 508/551/508 527/590/527 
f 527/590/527 508/551/508 538/591/538 
f 527/590/527 538/591/538 539/592/539 
f 527/590/527 539/592/539 528/593/528 
f 528/593/528 539/592/539 529/594/529 
f 529/594/529 539/592/539 540/595/540 
f 529/594/529 540/595/540 531/596/531 
f 531/596/531 540/595/540 541/597/541 
f 531/596/531 541/597/541 533/598/533 
f 533/598/533 541/597/541 542/599/542 
f 533/598/533 542/599/542 535/600/535 
f 535/600/535 542/599/542 543/601/543 
f 535/600/535 543/601/543 544/602/544 
f 535/600/535 544/602/544 537/603/537 
f 541/597/541 540/595/540 545/604/545 
f 545/604/545 540/595/540 539/592/539 
f 545/604/545 539/592/539 546/605/546 
f 546/605/546 539/592/539 547/606/547 
f 547/606/547 539/592/539 538/591/538 
f 547/606/547 538/591/538 508/551/508 
f 547/606/547 508/551/508 548/607/548 
f 548/607/548 508/551/508 506/549/506 
f 548/607/548 506/549/506 549/608/549 
f 549/608/549 506/549/506 504/547/504 
f 549/608/549 504/547/504 550/609/550 
f 550/609/550 504/547/504 502/545/502 
f 550/609/550 502/545/502 493/536/493 
f 493/536/493 502/545/502 492/535/492 
f 551/610/551 546/605/546 552/611/552 
f 552/611/552 546/605/546 553/612/553 
f 553/612/553 546/605/546 547/606/547 
f 553/612/553 547/606/547 548/607/548 
f 553/612/553 548/607/548 554/613/554 
f 554/613/554 548/607/548 555/614/555 
f 555/614/555 548/607/548 549/608/549 
f 555/614/555 549/608/549 550/609/550 
f 555/614/555 550/609/550 556/615/556 
f 556/615/556 550/609/550 557/616/557 
f 557/616/557 550/609/550 493/536/493 
f 557/616/557 493/536/493 490/533/490 
f 557/616/557 490/533/490 558/617/558 
f 558/617/558 490/533/490 494/537/494 
f 559/618/559 560/619/560 496/539/496 
f 496/539/496 560/619/560 561/620/561 
f 496/539/496 561/620/561 495/538/495 
f 495/538/495 561/620/561 494/537/494 
f 494/537/494 561/620/561 562/621/562 
f 494/537/494 562/621/562 563/622/563 
f 494/537/494 563/622/563 558/617/558 
f 558/617/558 563/622/563 557/616/557 
f 557/616/557 563/622/563 564/623/564 
f 557/616/557 564/623/564 565/624/565 
f 557/616/557 565/624/565 556/615/556 
f 556/615/556 565/624/565 555/614/555 
f 555/614/555 565/624/565 566/625/566 
f 555/614/555 566/625/566 567/626/567 
f 568/627/568 567/626/567 569/628/569 
f 569/628/569 567/626/567 566/625/566 
f 569/628/569 566/625/566 565/624/565 
f 569/628/569 565/624/565 570/629/570 
f 570/629/570 565/624/565 571/630/571 
f 571/630/571 565/624/565 564/623/564 
f 571/630/571 564/623/564 563/622/563 
f 571/630/571 563/622/563 572/631/572 
f 572/631/572 563/622/563 573/632/573 
f 573/632/573 563/622/563 562/621/562 
f 573/632/573 562/621/562 561/620/561 
f 573/632/573 561/620/561 574/633/574 
f 574/633/574 561/620/561 575/634/575 
f 575/634/575 561/620/561 560/619/560 
f 560/619/560 559/618/559 575/634/575 
f 575/634/575 559/618/559 576/635/576 
f 576/635/576 559/618/559 577/636/577 
f 577/636/577 559/618/559 578/637/578 
f 577/636/577 578/637/578 579/638/579 
f 577/636/577 579/638/579 580/639/580 
f 580/639/580 579/638/579 581/640/581 
f 580/639/580 581/640/581 582/641/582 
f 582/641/582 581/640/581 583/642/583 
f 583/642/583 581/640/581 584/643/584 
f 584/643/584 581/640/581 585/644/585 
f 584/643/584 585/644/585 586/645/586 
f 586/645/586 585/644/585 587/646/587 
f 586/645/586 587/646/587 588/647/588 
f 581/640/581 579/638/579 585/644/585 
f 585/644/585 579/638/579 589/648/589 
f 585/644/585 589/648/589 587/646/587 
f 587/646/587 589/648/589 590/649/590 
f 587/646/587 590/649/590 591/650/591 
f 591/650/591 590/649/590 592/651/592 
f 591/650/591 592/651/592 593/652/593 
f 593/652/593 592/651/592 594/653/594 
f 593/652/593 594/653/594 595/654/595 
f 595/654/595 594/653/594 596/655/596 
f 595/654/595 596/655/596 597/656/597 
f 597/656/597 596/655/596 598/657/598 
f 597/656/597 598/657/598 416/440/416 
f 416/440/416 598/657/598 417/441/417 
f 587/646/587 591/650/591 588/647/588 
f 588/647/588 591/650/591 599/658/599 
f 599/658/599 591/650/591 593/652/593 
f 599/658/599 593/652/593 600/659/600 
f 600/659/600 593/652/593 595/654/595 
f 600/659/600 595/654/595 601/660/601 
f 601/660/601 595/654/595 597/656/597 
f 601/660/601 597/656/597 602/661/602 
f 602/661/602 597/656/597 416/440/416 
f 602/661/602 416/440/416 603/662/603 
f 603/662/603 416/440/416 418/442/418 
f 603/662/603 418/442/418 604/663/604 
f 604/663/604 418/442/418 410/434/410 
f 604/663/604 410/434/410 412/436/412 
f 425/449/425 417/441/417 605/664/605 
f 605/664/605 417/441/417 598/657/598 
f 605/664/605 598/657/598 606/665/606 
f 606/665/606 598/657/598 596/655/596 
f 606/665/606 596/655/596 607/666/607 
f 607/666/607 596/655/596 594/653/594 
f 607/666/607 594/653/594 608/667/608 
f 608/667/608 594/653/594 592/651/592 
f 608/667/608 592/651/592 609/668/609 
f 609/668/609 592/651/592 590/649/590 
f 609/668/609 590/649/590 610/669/610 
f 610/669/610 590/649/590 589/648/589 
f 610/669/610 589/648/589 578/637/578 
f 578/637/578 589/648/589 579/638/579 
f 605/664/605 606/665/606 611/670/611 
f 611/670/611 606/665/606 612/671/612 
f 612/671/612 606/665/606 607/666/607 
f 612/671/612 607/666/607 613/672/613 
f 613/672/613 607/666/607 608/667/608 
f 613/672/613 608/667/608 614/673/614 
f 614/673/614 608/667/608 609/668/609 
f 614/673/614 609/668/609 484/527/484 
f 484/527/484 609/668/609 485/528/485 
f 485/528/485 609/668/609 610/669/610 
f 485/528/485 610/669/610 497/540/497 
f 497/540/497 610/669/610 578/637/578 
f 497/540/497 578/637/578 559/618/559 
f 497/540/497 559/618/559 496/539/496 
f 484/527/484 478/516/478 614/673/614 
f 614/673/614 478/516/478 477/514/477 
f 614/673/614 477/514/477 613/672/613 
f 613/672/613 477/514/477 446/470/446 
f 613/672/613 446/470/446 612/671/612 
f 612/671/612 446/470/446 444/468/444 
f 612/671/612 444/468/444 611/670/611 
f 611/670/611 444/468/444 442/466/442 
f 611/670/611 442/466/442 615/674/615 
f 615/674/615 442/466/442 430/454/430 
f 615/674/615 430/454/430 428/452/428 
f 615/674/615 428/452/428 425/449/425 
f 615/674/615 425/449/425 605/664/605 
f 615/674/615 605/664/605 611/670/611 
f 616/675/616 617/676/617 618/677/618 
f 619/678/619 620/679/620 621/680/621 
f 621/680/621 620/679/620 616/675/616 
f 621/680/621 616/675/616 622/681/622 
f 622/681/622 616/675/616 623/682/623 
f 623/682/623 616/675/616 618/677/618 
f 623/682/623 618/677/618 624/683/624 
f 625/684/625 623/682/623 626/685/626 
f 626/685/626 623/682/623 624/683/624 
f 626/685/626 624/683/624 627/686/627 
f 628/687/628 222/236/629 629/688/630 
f 629/688/631 222/236/222 616/675/616 
f 629/688/631 616/675/616 630/689/632 
f 630/689/632 616/675/616 631/690/633 
f 631/690/633 616/675/616 620/679/620 
f 631/690/633 620/679/620 632/691/634 
f 633/692/635 222/236/629 634/693/636 
f 634/693/636 222/236/629 628/687/628 
f 634/693/636 628/687/628 635/694/637 
f 221/235/638 636/695/639 234/248/640 
f 234/248/640 636/695/639 637/696/641 
f 234/248/640 637/696/641 638/697/642 
f 234/248/640 638/697/642 232/246/643 
f 232/246/643 638/697/642 229/243/229 
f 229/243/229 638/697/642 639/698/644 
f 229/243/229 639/698/644 640/699/645 
f 229/243/229 640/699/645 228/242/228 
f 228/242/228 640/699/645 224/238/224 
f 224/238/224 640/699/645 616/675/616 
f 224/238/224 616/675/616 222/236/222 
f 641/700/646 207/701/647 636/702/648 
f 636/695/639 207/221/207 210/224/210 
f 636/695/639 210/224/210 637/696/641 
f 637/696/641 210/224/210 638/697/642 
f 638/697/642 210/224/210 211/225/211 
f 638/697/642 211/225/211 213/227/213 
f 638/697/642 213/227/213 639/698/644 
f 639/698/644 213/227/213 640/699/645 
f 640/699/645 213/227/213 216/230/216 
f 640/699/645 216/230/216 204/218/204 
f 640/699/645 204/218/204 616/675/616 
f 616/675/616 204/218/204 203/217/203 
f 616/675/616 203/217/203 642/703/649 
f 616/675/616 642/703/649 617/676/617 
f 643/704/650 642/703/651 644/705/652 
f 644/705/652 642/703/651 203/217/653 
f 644/705/652 203/217/653 645/706/654 
f 646/707/655 647/708/656 648/709/657 
f 646/707/655 648/709/657 649/710/658 
f 649/710/658 648/709/657 650/711/659 
f 649/710/658 650/711/659 651/712/660 
f 649/710/658 651/712/660 652/713/661 
f 649/710/658 652/713/661 653/714/662 
f 653/714/662 652/713/661 654/715/663 
f 654/715/663 652/713/661 655/716/664 
f 654/715/663 655/716/664 656/717/665 
f 656/717/665 655/716/664 657/718/666 
f 656/717/665 657/718/666 658/719/667 
f 658/719/667 657/718/666 659/720/668 
f 659/720/668 657/718/666 660/721/669 
f 660/721/669 657/718/666 661/722/670 
f 661/722/670 657/718/666 655/716/664 
f 662/723/671 663/724/672 664/725/673 
f 664/725/673 663/724/672 665/726/674 
f 665/726/674 663/724/672 666/727/675 
f 665/726/674 666/727/675 659/720/668 
f 659/720/668 666/727/675 667/728/676 
f 659/720/668 667/728/676 658/719/667 
f 658/719/667 667/728/676 668/729/677 
f 658/719/667 668/729/677 656/717/665 
f 656/717/665 668/729/677 669/730/678 
f 656/717/665 669/730/678 654/715/663 
f 654/715/663 669/730/678 670/731/679 
f 654/715/663 670/731/679 653/714/662 
f 653/714/662 670/731/679 646/707/655 
f 653/714/662 646/707/655 649/710/658 
f 671/732/680 672/733/681 673/734/682 
f 673/734/682 672/733/681 674/735/683 
f 673/734/682 674/735/683 675/736/684 
f 675/736/684 674/735/683 676/737/685 
f 675/736/684 676/737/685 670/731/679 
f 675/736/684 670/731/679 669/730/678 
f 675/736/684 669/730/678 668/729/677 
f 675/736/684 668/729/677 677/738/686 
f 677/738/686 668/729/677 667/728/676 
f 677/738/686 667/728/676 678/739/687 
f 678/739/687 667/728/676 679/740/688 
f 679/740/688 667/728/676 666/727/675 
f 679/740/688 666/727/675 663/724/672 
f 679/740/688 663/724/672 680/741/689 
f 675/736/684 677/738/686 681/742/690 
f 681/742/690 677/738/686 678/739/687 
f 681/742/690 678/739/687 682/743/691 
f 681/742/690 682/743/691 673/734/682 
f 681/742/690 673/734/682 675/736/684 
f 682/743/691 678/739/687 683/744/692 
f 683/744/692 678/739/687 679/740/688 
f 683/744/692 679/740/688 680/741/689 
f 683/744/692 680/741/689 684/745/693 
f 683/744/692 684/745/693 685/746/694 
f 683/744/692 685/746/694 686/747/695 
f 683/744/692 686/747/695 682/743/691 
f 682/743/691 686/747/695 687/748/696 
f 682/743/691 687/748/696 688/749/697 
f 682/743/691 688/749/697 689/750/698 
f 682/743/691 689/750/698 673/734/682 
f 671/732/680 673/734/682 690/751/699 
f 690/751/699 673/734/682 689/750/698 
f 690/751/699 689/750/698 688/749/697 
f 690/751/699 688/749/697 691/752/700 
f 691/752/700 688/749/697 692/753/701 
f 692/753/701 688/749/697 693/754/702 
f 693/754/702 688/749/697 694/755/703 
f 694/755/703 688/749/697 687/748/696 
f 694/755/703 687/748/696 695/756/704 
f 695/756/704 687/748/696 686/747/695 
f 695/756/704 686/747/695 685/746/694 
f 695/756/704 685/746/694 696/757/705 
f 696/757/705 685/746/694 697/758/706 
f 696/757/705 697/758/706 698/759/707 
f 699/760/708 700/761/709 694/755/703 
f 694/755/703 700/761/709 701/762/710 
f 694/755/703 701/762/710 693/754/702 
f 693/754/702 701/762/710 692/753/701 
f 692/753/701 701/762/710 702/763/711 
f 692/753/701 702/763/711 703/764/712 
f 692/753/701 703/764/712 704/765/713 
f 692/753/701 704/765/713 705/766/714 
f 692/753/701 705/766/714 691/752/700 
f 691/752/700 705/766/714 690/751/699 
f 690/751/699 705/766/714 706/767/715 
f 690/751/699 706/767/715 707/768/716 
f 690/751/699 707/768/716 671/732/680 
f 671/732/680 707/768/716 672/733/681 
f 708/769/717 709/770/718 703/764/712 
f 703/764/712 709/770/718 710/771/719 
f 703/764/712 710/771/719 711/772/720 
f 703/764/712 711/772/720 712/773/721 
f 703/764/712 712/773/721 704/765/713 
f 704/765/713 712/773/721 705/766/714 
f 705/766/714 712/773/721 713/774/722 
f 705/766/714 713/774/722 714/775/723 
f 705/766/714 714/775/723 706/767/715 
f 706/767/715 714/775/723 707/768/716 
f 707/768/716 714/775/723 715/776/724 
f 707/768/716 715/776/724 716/777/725 
f 707/768/716 716/777/725 717/778/726 
f 707/768/716 717/778/726 672/733/681 
f 718/779/727 719/780/728 712/773/721 
f 712/773/721 719/780/728 720/781/729 
f 712/773/721 720/781/729 713/774/722 
f 713/774/722 720/781/729 714/775/723 
f 714/775/723 720/781/729 721/782/730 
f 714/775/723 721/782/730 722/783/731 
f 714/775/723 722/783/731 715/776/724 
f 715/776/724 722/783/731 716/777/725 
f 716/777/725 722/783/731 723/784/732 
f 716/777/725 723/784/732 724/785/733 
f 716/777/725 724/785/733 725/786/734 
f 725/786/734 724/785/733 726/787/735 
f 726/787/735 724/785/733 727/788/736 
f 726/787/735 727/788/736 728/789/737 
f 729/790/738 730/791/739 731/792/740 
f 731/792/740 730/791/739 728/789/737 
f 731/792/740 728/789/737 732/793/741 
f 732/793/741 728/789/737 733/794/742 
f 733/794/742 728/789/737 727/788/736 
f 733/794/742 727/788/736 724/785/733 
f 733/794/742 724/785/733 734/795/743 
f 734/795/743 724/785/733 735/796/744 
f 735/796/744 724/785/733 723/784/732 
f 735/796/744 723/784/732 722/783/731 
f 735/796/744 722/783/731 736/797/745 
f 736/797/745 722/783/731 737/798/746 
f 737/798/746 722/783/731 721/782/730 
f 737/798/746 721/782/730 720/781/729 
f 726/787/735 728/789/737 738/799/747 
f 738/799/747 728/789/737 739/800/748 
f 739/800/748 728/789/737 730/791/739 
f 739/800/748 730/791/739 729/790/738 
f 739/800/748 729/790/738 740/801/749 
f 740/801/749 729/790/738 741/802/750 
f 741/802/750 729/790/738 742/803/751 
f 741/802/750 742/803/751 743/804/752 
f 741/802/750 743/804/752 744/805/753 
f 744/805/753 743/804/752 745/806/754 
f 745/806/754 743/804/752 746/807/755 
f 745/806/754 746/807/755 747/808/756 
f 745/806/754 747/808/756 748/809/757 
f 748/809/757 747/808/756 749/810/758 
f 741/802/750 744/805/753 750/811/759 
f 750/811/759 744/805/753 745/806/754 
f 750/811/759 745/806/754 751/812/760 
f 751/812/760 745/806/754 752/813/761 
f 752/813/761 745/806/754 748/809/757 
f 752/813/761 748/809/757 749/810/758 
f 752/813/761 749/810/758 753/814/762 
f 753/814/762 749/810/758 754/815/763 
f 754/815/763 749/810/758 755/816/764 
f 754/815/763 755/816/764 756/817/765 
f 754/815/763 757/818/766 753/814/762 
f 753/814/762 757/818/766 758/819/767 
f 753/814/762 758/819/767 752/813/761 
f 752/813/761 758/819/767 759/820/768 
f 752/813/761 759/820/768 751/812/760 
f 751/812/760 759/820/768 760/821/769 
f 751/812/760 760/821/769 750/811/759 
f 750/811/759 760/821/769 761/822/770 
f 750/811/759 761/822/770 762/823/771 
f 762/823/771 761/822/770 763/824/772 
f 762/823/771 763/824/772 764/825/773 
f 762/823/771 764/825/773 765/826/774 
f 762/823/771 765/826/774 741/802/750 
f 762/823/771 741/802/750 750/811/759 
f 766/827/775 761/822/770 767/828/776 
f 767/828/776 761/822/770 760/821/769 
f 767/828/776 760/821/769 768/829/777 
f 768/829/777 760/821/769 759/820/768 
f 768/829/777 759/820/768 769/830/778 
f 769/830/778 759/820/768 758/819/767 
f 769/830/778 758/819/767 770/831/779 
f 770/831/779 758/819/767 757/818/766 
f 770/831/779 757/818/766 771/832/780 
f 771/832/780 757/818/766 772/833/781 
f 771/832/780 772/833/781 773/834/782 
f 773/834/782 772/833/781 774/835/783 
f 774/835/783 772/833/781 754/815/763 
f 754/815/763 772/833/781 757/818/766 
f 775/836/784 776/837/785 773/838/782 
f 773/838/782 776/837/785 771/839/780 
f 771/839/780 776/837/785 777/840/786 
f 771/839/780 777/840/786 770/841/779 
f 770/841/779 777/840/786 778/842/787 
f 770/841/779 778/842/787 769/843/778 
f 769/843/778 778/842/787 779/844/788 
f 769/843/778 779/844/788 768/845/777 
f 768/845/777 779/844/788 780/846/789 
f 768/845/777 780/846/789 767/847/776 
f 767/847/776 780/846/789 781/848/790 
f 767/847/776 781/848/790 766/849/775 
f 766/849/775 781/848/790 782/850/791 
f 766/849/775 782/850/791 783/851/792 
f 784/852/793 785/853/794 786/854/795 
f 786/854/795 785/853/794 787/855/796 
f 786/854/795 787/855/796 788/856/797 
f 788/856/797 787/855/796 789/857/798 
f 788/856/797 789/857/798 790/858/799 
f 790/858/799 789/857/798 791/859/800 
f 790/858/799 791/859/800 792/860/801 
f 792/860/801 791/859/800 793/861/802 
f 792/862/801 793/863/802 794/864/803 
f 794/864/803 793/863/802 795/865/804 
f 794/864/803 795/865/804 796/866/805 
f 794/864/803 796/866/805 797/867/806 
f 797/867/806 796/866/805 775/836/784 
f 775/836/784 796/866/805 798/868/807 
f 775/836/784 798/868/807 776/837/785 
f 776/837/785 798/868/807 799/869/808 
f 776/837/785 799/869/808 777/840/786 
f 777/840/786 799/869/808 800/870/809 
f 777/840/786 800/870/809 778/842/787 
f 778/842/787 800/870/809 801/871/810 
f 778/842/787 801/871/810 779/844/788 
f 779/844/788 801/871/810 802/872/811 
f 779/844/788 802/872/811 780/846/789 
f 780/846/789 802/872/811 803/873/812 
f 780/846/789 803/873/812 781/848/790 
f 781/848/790 803/873/812 804/874/813 
f 781/848/790 804/874/813 805/875/814 
f 781/848/790 805/875/814 782/850/791 
f 806/876/815 807/877/816 808/878/817 
f 808/879/817 807/880/816 794/864/803 
f 794/864/803 807/880/816 792/862/801 
f 792/860/801 807/881/816 809/882/818 
f 792/860/801 809/882/818 790/858/799 
f 790/858/799 809/882/818 810/883/819 
f 790/858/799 810/883/819 788/856/797 
f 788/856/797 810/883/819 811/884/820 
f 788/856/797 811/884/820 786/854/795 
f 786/854/795 811/884/820 812/885/821 
f 786/854/795 812/885/821 784/852/793 
f 784/852/793 812/885/821 813/886/822 
f 784/852/793 813/886/822 814/887/823 
f 814/887/823 813/886/822 815/888/824 
f 812/889/821 811/890/820 816/891/825 
f 816/891/825 811/890/820 817/892/826 
f 817/892/826 811/890/820 810/893/819 
f 817/892/826 810/893/819 818/894/827 
f 818/894/827 810/893/819 819/895/828 
f 819/895/828 810/893/819 809/896/818 
f 819/895/828 809/896/818 807/877/816 
f 820/897/829 821/898/830 822/899/831 
f 822/899/831 821/898/830 823/900/832 
f 823/900/832 821/898/830 824/901/833 
f 823/900/832 824/901/833 825/902/834 
f 825/902/834 824/901/833 816/891/825 
f 825/902/834 816/891/825 826/903/835 
f 826/903/835 816/891/825 817/892/826 
f 826/903/835 817/892/826 827/904/836 
f 827/904/836 817/892/826 818/894/827 
f 827/904/836 818/894/827 828/905/837 
f 828/905/837 818/894/827 819/895/828 
f 828/905/837 819/895/828 829/906/838 
f 829/906/838 819/895/828 807/877/816 
f 829/906/838 807/877/816 806/876/815 
f 830/907/839 831/908/840 827/904/836 
f 827/904/836 831/908/840 826/903/835 
f 826/903/835 831/908/840 825/902/834 
f 825/902/834 831/908/840 832/909/841 
f 825/902/834 832/909/841 823/900/832 
f 823/900/832 832/909/841 833/910/842 
f 823/900/832 833/910/842 822/899/831 
f 822/899/831 833/910/842 834/911/843 
f 822/899/831 834/911/843 835/912/844 
f 835/912/844 834/911/843 836/913/845 
f 835/912/844 836/913/845 837/914/846 
f 837/914/846 836/913/845 838/915/847 
f 837/914/846 838/915/847 839/916/848 
f 839/916/848 838/915/847 840/917/849 
f 833/910/842 841/918/850 834/911/843 
f 834/911/843 841/918/850 842/919/851 
f 834/911/843 842/919/851 836/913/845 
f 836/913/845 842/919/851 843/920/852 
f 836/913/845 843/920/852 838/915/847 
f 838/915/847 843/920/852 844/921/853 
f 838/915/847 844/921/853 840/917/849 
f 840/917/849 844/921/853 845/922/854 
f 840/917/849 845/922/854 846/923/855 
f 846/923/855 845/922/854 847/924/856 
f 846/923/855 847/924/856 848/925/857 
f 848/925/857 847/924/856 849/926/858 
f 848/925/857 849/926/858 850/927/859 
f 850/927/859 849/926/858 851/928/860 
f 852/929/861 853/930/862 841/918/850 
f 841/918/850 853/930/862 854/931/863 
f 841/918/850 854/931/863 842/919/851 
f 842/919/851 854/931/863 855/932/864 
f 842/919/851 855/932/864 843/920/852 
f 843/920/852 855/932/864 856/933/865 
f 843/920/852 856/933/865 844/921/853 
f 844/921/853 856/933/865 857/934/866 
f 844/921/853 857/934/866 845/922/854 
f 845/922/854 857/934/866 858/935/867 
f 845/922/854 858/935/867 847/924/856 
f 847/924/856 858/935/867 859/936/868 
f 847/924/856 859/936/868 849/926/858 
f 849/926/858 859/936/868 860/937/869 
f 861/938/870 862/939/871 863/940/872 
f 863/940/872 862/939/871 864/941/873 
f 864/941/873 862/939/871 860/937/869 
f 864/941/873 860/937/869 865/942/874 
f 865/942/874 860/937/869 859/936/868 
f 865/942/874 859/936/868 866/943/875 
f 866/943/875 859/936/868 858/935/867 
f 866/943/875 858/935/867 867/944/876 
f 867/944/876 858/935/867 857/934/866 
f 867/944/876 857/934/866 868/945/877 
f 868/945/877 857/934/866 856/933/865 
f 868/945/877 856/933/865 869/946/878 
f 869/946/878 856/933/865 855/932/864 
f 869/946/878 855/932/864 870/947/879 
f 849/926/858 860/937/869 851/928/860 
f 851/928/860 860/937/869 862/939/871 
f 851/928/860 862/939/871 871/948/880 
f 871/948/880 862/939/871 861/938/870 
f 871/948/880 861/938/870 872/949/881 
f 872/949/881 861/938/870 873/950/882 
f 872/949/881 873/950/882 874/951/883 
f 874/951/883 873/950/882 875/952/884 
f 874/951/883 875/952/884 876/953/885 
f 876/953/885 875/952/884 877/954/886 
f 876/953/885 877/954/886 878/955/887 
f 876/953/885 878/955/887 879/956/888 
f 876/953/885 879/956/888 880/957/889 
f 876/953/885 880/957/889 881/958/890 
f 880/957/889 879/956/888 882/959/891 
f 882/959/891 879/956/888 883/960/892 
f 883/960/892 879/956/888 878/955/887 
f 883/960/892 878/955/887 877/954/886 
f 883/960/892 877/954/886 884/961/893 
f 884/961/893 877/954/886 885/962/894 
f 885/962/894 877/954/886 886/963/895 
f 886/963/895 877/954/886 887/964/896 
f 887/964/896 877/954/886 875/952/884 
f 887/964/896 875/952/884 888/965/897 
f 888/965/897 875/952/884 873/950/882 
f 888/965/897 873/950/882 889/966/898 
f 889/966/898 873/950/882 861/938/870 
f 889/966/898 861/938/870 863/940/872 
f 890/967/899 891/968/900 892/969/901 
f 892/969/901 891/968/900 893/970/902 
f 892/969/901 893/970/902 894/971/903 
f 894/971/903 893/970/902 895/972/904 
f 894/971/903 895/972/904 896/973/905 
f 896/973/905 895/972/904 897/974/906 
f 897/974/906 895/972/904 898/975/907 
f 897/974/906 898/975/907 899/976/908 
f 899/976/908 898/975/907 900/977/909 
f 899/976/908 900/977/909 901/978/910 
f 901/978/910 900/977/909 881/958/890 
f 901/978/910 881/958/890 902/979/911 
f 902/979/911 881/958/890 880/957/889 
f 902/979/911 880/957/889 882/959/891 
f 876/953/885 881/958/890 874/951/883 
f 874/951/883 881/958/890 900/977/909 
f 874/951/883 900/977/909 872/949/881 
f 872/949/881 900/977/909 898/975/907 
f 872/949/881 898/975/907 871/948/880 
f 871/948/880 898/975/907 895/972/904 
f 871/948/880 895/972/904 851/928/860 
f 851/928/860 895/972/904 850/927/859 
f 850/927/859 895/972/904 893/970/902 
f 850/927/859 893/970/902 903/980/912 
f 903/980/912 893/970/902 891/968/900 
f 903/980/912 891/968/900 904/981/913 
f 904/981/913 891/968/900 905/982/914 
f 905/982/914 891/968/900 906/983/915 
f 891/968/900 890/967/899 906/983/915 
f 906/983/915 890/967/899 907/984/916 
f 906/983/915 907/984/916 908/985/917 
f 908/985/917 907/984/916 909/986/918 
f 908/985/917 909/986/918 910/987/919 
f 910/987/919 909/986/918 911/988/920 
f 910/987/919 911/988/920 912/989/921 
f 912/989/921 911/988/920 913/990/922 
f 912/989/921 913/990/922 914/991/923 
f 914/991/923 913/990/922 915/992/924 
f 914/991/923 915/992/924 916/993/925 
f 916/993/925 915/992/924 917/994/926 
f 916/993/925 917/994/926 4/4/4 
f 4/4/4 917/994/926 2/2/2 
f 4/4/4 6/6/6 916/993/925 
f 916/993/925 6/6/6 18/18/18 
f 916/993/925 18/18/18 914/991/923 
f 914/991/923 18/18/18 27/27/27 
f 914/991/923 27/27/27 912/989/921 
f 912/989/921 27/27/27 28/28/28 
f 912/989/921 28/28/28 910/987/919 
f 910/987/919 28/28/28 29/29/29 
f 910/987/919 29/29/29 908/985/917 
f 908/985/917 29/29/29 36/36/36 
f 908/985/917 36/36/36 918/995/927 
f 908/985/917 918/995/927 906/983/915 
f 906/983/915 918/995/927 919/996/928 
f 906/983/915 919/996/928 905/982/914 
f 36/36/36 37/37/37 918/995/927 
f 918/995/927 37/37/37 920/997/929 
f 918/995/927 920/997/929 919/996/928 
f 919/996/928 920/997/929 921/998/930 
f 921/998/930 920/997/929 922/999/931 
f 922/999/931 920/997/929 923/1000/932 
f 923/1000/932 920/997/929 924/1001/933 
f 923/1000/932 924/1001/933 925/1002/934 
f 925/1002/934 924/1001/933 926/1003/935 
f 926/1003/935 924/1001/933 927/1004/936 
f 926/1003/935 927/1004/936 928/1005/937 
f 928/1005/937 927/1004/936 47/47/47 
f 928/1005/937 47/47/47 56/56/56 
f 56/56/56 47/47/47 48/48/48 
f 929/1006/938 921/998/930 930/1007/939 
f 930/1007/939 921/998/930 922/999/931 
f 930/1007/939 922/999/931 931/1008/940 
f 931/1008/940 922/999/931 923/1000/932 
f 931/1008/940 923/1000/932 932/1009/941 
f 932/1009/941 923/1000/932 925/1002/934 
f 932/1009/941 925/1002/934 933/1010/942 
f 933/1010/942 925/1002/934 934/1011/943 
f 934/1011/943 925/1002/934 926/1003/935 
f 934/1011/943 926/1003/935 928/1005/937 
f 934/1011/943 928/1005/937 82/1012/82 
f 82/1012/82 928/1005/937 56/56/56 
f 82/1012/82 56/56/56 66/66/66 
f 66/66/66 56/56/56 57/57/57 
f 81/88/81 935/1013/944 82/89/82 
f 82/89/82 935/1013/944 934/1014/943 
f 934/1015/943 935/1016/944 936/1017/945 
f 934/1015/943 936/1017/945 933/1018/942 
f 933/1018/942 936/1017/945 937/1019/946 
f 933/1018/942 937/1019/946 932/1020/941 
f 932/1020/941 937/1019/946 938/1021/947 
f 932/1020/941 938/1021/947 931/1022/940 
f 931/1022/940 938/1021/947 939/1023/948 
f 931/1022/940 939/1023/948 930/1024/939 
f 930/1024/939 939/1023/948 940/1025/949 
f 930/1024/939 940/1025/949 929/1026/938 
f 929/1026/938 940/1025/949 941/1027/950 
f 929/1026/938 941/1027/950 942/1028/951 
f 81/88/81 83/90/83 935/1013/944 
f 935/1013/944 83/90/83 943/1029/952 
f 935/1016/944 943/1030/952 944/1031/953 
f 935/1016/944 944/1031/953 936/1017/945 
f 936/1017/945 944/1031/953 945/1032/954 
f 936/1017/945 945/1032/954 937/1019/946 
f 937/1019/946 945/1032/954 946/1033/955 
f 937/1019/946 946/1033/955 938/1021/947 
f 938/1021/947 946/1033/955 947/1034/956 
f 938/1021/947 947/1034/956 939/1023/948 
f 939/1023/948 947/1034/956 948/1035/957 
f 939/1023/948 948/1035/957 940/1025/949 
f 940/1025/949 948/1035/957 949/1036/958 
f 940/1025/949 949/1036/958 941/1027/950 
f 949/1036/958 950/1037/959 941/1027/950 
f 941/1027/950 950/1037/959 951/1038/960 
f 951/1038/960 950/1037/959 952/1039/961 
f 941/1027/950 951/1038/960 942/1028/951 
f 942/1028/951 951/1038/960 953/1040/962 
f 942/1041/951 953/1042/962 954/1043/963 
f 942/1041/951 954/1043/963 955/1044/964 
f 955/1044/964 954/1043/963 904/981/913 
f 955/1044/964 904/981/913 905/982/914 
f 955/1044/964 905/982/914 956/1045/965 
f 956/1045/965 905/982/914 919/996/928 
f 956/1045/965 919/996/928 921/998/930 
f 956/1045/965 921/998/930 929/1006/938 
f 956/1045/965 929/1006/938 955/1044/964 
f 955/1044/964 929/1006/938 942/1041/951 
f 850/927/859 903/980/912 848/925/857 
f 848/925/857 903/980/912 957/1046/966 
f 957/1046/966 903/980/912 904/981/913 
f 957/1046/966 904/981/913 958/1047/967 
f 958/1047/967 904/981/913 954/1043/963 
f 958/1047/967 954/1043/963 959/1048/968 
f 959/1048/968 954/1043/963 953/1042/962 
f 959/1049/968 953/1040/962 960/1050/969 
f 960/1050/969 953/1040/962 951/1038/960 
f 960/1050/969 951/1038/960 952/1039/961 
f 960/1050/969 952/1039/961 961/1051/970 
f 960/1050/969 961/1051/970 962/1052/971 
f 962/1052/971 961/1051/970 963/1053/972 
f 962/1052/971 963/1053/972 964/1054/973 
f 960/1050/969 962/1052/971 959/1049/968 
f 959/1049/968 962/1052/971 965/1055/974 
f 959/1048/968 965/1056/974 958/1047/967 
f 958/1047/967 965/1056/974 966/1057/975 
f 958/1047/967 966/1057/975 967/1058/976 
f 958/1047/967 967/1058/976 957/1046/966 
f 957/1046/966 967/1058/976 848/925/857 
f 848/925/857 967/1058/976 846/923/855 
f 846/923/855 967/1058/976 968/1059/977 
f 846/923/855 968/1059/977 840/917/849 
f 840/917/849 968/1059/977 839/916/848 
f 962/1052/971 964/1054/973 965/1055/974 
f 965/1055/974 964/1054/973 969/1060/978 
f 965/1056/974 969/1061/978 966/1057/975 
f 966/1057/975 969/1061/978 970/1062/979 
f 966/1057/975 970/1062/979 967/1058/976 
f 967/1058/976 970/1062/979 968/1059/977 
f 968/1059/977 970/1062/979 971/1063/980 
f 968/1059/977 971/1063/980 972/1064/981 
f 968/1059/977 972/1064/981 839/916/848 
f 839/916/848 972/1064/981 837/914/846 
f 837/914/846 972/1064/981 973/1065/982 
f 837/914/846 973/1065/982 835/912/844 
f 835/912/844 973/1065/982 820/897/829 
f 835/912/844 820/897/829 822/899/831 
f 969/1061/978 974/1066/983 970/1062/979 
f 970/1062/979 974/1066/983 971/1063/980 
f 971/1063/980 974/1066/983 975/1067/984 
f 971/1063/980 975/1067/984 972/1064/981 
f 972/1064/981 975/1067/984 976/1068/985 
f 972/1064/981 976/1068/985 973/1065/982 
f 973/1065/982 976/1068/985 977/1069/986 
f 973/1065/982 977/1069/986 820/897/829 
f 820/897/829 977/1069/986 815/1070/824 
f 820/897/829 815/1070/824 821/898/830 
f 821/898/830 815/1070/824 813/1071/822 
f 821/898/830 813/1071/822 824/901/833 
f 824/901/833 813/1071/822 812/889/821 
f 824/901/833 812/889/821 816/891/825 
f 814/887/823 815/888/824 978/1072/987 
f 978/1072/987 815/888/824 977/1073/986 
f 978/1072/987 977/1073/986 979/1074/988 
f 979/1074/988 977/1073/986 976/1075/985 
f 979/1074/988 976/1075/985 980/1076/989 
f 980/1076/989 976/1075/985 975/1077/984 
f 980/1076/989 975/1077/984 981/1078/990 
f 981/1078/990 975/1077/984 974/1079/983 
f 981/1078/990 974/1079/983 982/1080/991 
f 982/1081/991 974/1082/983 969/1060/978 
f 982/1081/991 969/1060/978 964/1054/973 
f 963/1053/972 983/1083/992 964/1054/973 
f 964/1054/973 983/1083/992 982/1081/991 
f 982/1080/991 983/1084/992 984/1085/993 
f 982/1080/991 984/1085/993 981/1078/990 
f 981/1078/990 984/1085/993 985/1086/994 
f 981/1078/990 985/1086/994 980/1076/989 
f 980/1076/989 985/1086/994 986/1087/995 
f 980/1076/989 986/1087/995 979/1074/988 
f 979/1074/988 986/1087/995 987/1088/996 
f 979/1074/988 987/1088/996 978/1072/987 
f 978/1072/987 987/1088/996 814/887/823 
f 814/887/823 987/1088/996 988/1089/997 
f 814/887/823 988/1089/997 784/852/793 
f 784/852/793 988/1089/997 785/853/794 
f 264/280/264 989/1090/998 253/281/253 
f 989/1090/998 264/280/264 990/1091/999 
f 990/1091/999 264/280/264 276/300/276 
f 990/1091/999 276/300/276 359/383/359 
f 990/1091/999 359/383/359 991/1092/1000 
f 991/1092/1000 359/383/359 361/385/361 
f 991/1092/1000 361/385/361 992/1093/1001 
f 991/1092/1000 992/1093/1001 993/1094/1002 
f 993/1094/1002 992/1093/1001 994/1095/1003 
f 993/1096/1002 994/1097/1003 236/250/236 
f 993/1096/1002 236/250/236 239/253/239 
f 993/1096/1002 239/253/239 989/1098/998 
f 989/1098/998 239/253/239 241/255/241 
f 989/1098/998 241/255/241 253/267/253 
f 253/267/253 241/255/241 243/257/243 
f 990/1091/999 991/1092/1000 989/1090/998 
f 989/1090/998 991/1092/1000 993/1094/1002 
f 374/398/374 424/448/424 361/385/361 
f 361/385/361 424/448/424 435/459/435 
f 361/385/361 435/459/435 992/1093/1001 
f 992/1093/1001 435/459/435 436/460/436 
f 992/1093/1001 436/460/436 994/1095/1003 
f 994/1097/1003 436/472/436 447/471/447 
f 994/1097/1003 447/471/447 236/250/236 
f 236/250/236 447/471/447 237/251/237 
f 237/251/237 447/471/447 995/1099/1004 
f 995/1099/1004 447/471/447 448/473/448 
f 995/1099/1004 448/473/448 996/1100/1005 
f 996/1100/1005 448/473/448 449/475/449 
f 996/1100/1005 449/475/449 455/1101/455 
f 455/1101/455 449/475/449 450/477/450 
f 997/1102/1006 998/1103/1007 999/1104/1008 
f 998/1103/1007 1000/1105/1009 999/1104/1008 
f 999/1104/1008 1000/1105/1009 1001/1106/1010 
f 999/1104/1008 1001/1106/1010 997/1102/1006 
f 997/1102/1006 1001/1106/1010 1002/1107/1011 
f 997/1102/1006 1002/1107/1011 1003/1108/1012 
f 997/1102/1006 1003/1108/1012 1004/1109/1013 
f 1004/1109/1013 1003/1108/1012 1005/1110/1014 
f 1005/1110/1014 1003/1108/1012 1006/1111/1015 
f 1005/1110/1014 1006/1111/1015 1007/1112/1016 
f 1005/1110/1014 1007/1112/1016 1008/1113/1017 
f 1005/1110/1014 1008/1113/1017 1009/1114/1018 
f 1005/1110/1014 1009/1114/1018 1010/1115/1019 
f 1010/1115/1019 1009/1114/1018 1011/1116/1020 
f 1011/1116/1020 1009/1114/1018 1012/1117/1021 
f 1013/1118/1022 1014/1119/1023 1003/1108/1012 
f 1003/1108/1012 1014/1119/1023 1006/1111/1015 
f 1006/1111/1015 1014/1119/1023 1007/1112/1016 
f 1007/1112/1016 1014/1119/1023 1015/1120/1024 
f 1007/1112/1016 1015/1120/1024 1016/1121/1025 
f 1007/1112/1016 1016/1121/1025 1017/1122/1026 
f 1007/1112/1016 1017/1122/1026 1018/1123/1027 
f 1007/1112/1016 1018/1123/1027 1008/1113/1017 
f 1008/1113/1017 1018/1123/1027 1009/1114/1018 
f 1009/1114/1018 1018/1123/1027 1019/1124/1028 
f 1009/1114/1018 1019/1124/1028 1020/1125/1029 
f 1009/1114/1018 1020/1125/1029 1012/1117/1021 
f 1012/1117/1021 1020/1125/1029 1021/1126/1030 
f 1012/1117/1021 1021/1126/1030 1011/1116/1020 
f 1015/1120/1024 1022/1127/1031 1016/1121/1025 
f 1016/1121/1025 1022/1127/1031 1023/1128/1032 
f 1016/1121/1025 1023/1128/1032 1024/1129/1033 
f 1016/1121/1025 1024/1129/1033 1025/1130/1034 
f 1016/1121/1025 1025/1130/1034 1026/1131/1035 
f 1016/1121/1025 1026/1131/1035 1017/1122/1026 
f 1017/1122/1026 1026/1131/1035 1018/1123/1027 
f 1018/1123/1027 1026/1131/1035 1027/1132/1036 
f 1018/1123/1027 1027/1132/1036 1028/1133/1037 
f 1018/1123/1027 1028/1133/1037 1029/1134/1038 
f 1018/1123/1027 1029/1134/1038 1019/1124/1028 
f 1019/1124/1028 1029/1134/1038 1020/1125/1029 
f 1020/1125/1029 1029/1134/1038 1030/1135/1039 
f 1020/1125/1029 1030/1135/1039 1031/1136/1040 
f 1032/1137/1041 1033/1138/1042 1034/1139/1043 
f 1034/1139/1043 1033/1138/1042 1035/1140/1044 
f 1035/1140/1044 1033/1138/1042 1036/1141/1045 
f 1035/1140/1044 1036/1141/1045 1037/1142/1046 
f 1037/1142/1046 1036/1141/1045 1038/1143/1047 
f 1037/1142/1046 1038/1143/1047 1039/1144/1048 
f 1039/1144/1048 1038/1143/1047 1040/1145/1049 
f 1039/1144/1048 1040/1145/1049 1041/1146/1050 
f 1039/1144/1048 1041/1146/1050 1037/1142/1046 
f 1037/1142/1046 1041/1146/1050 1042/1147/1051 
f 1037/1142/1046 1042/1147/1051 1043/1148/1052 
f 1043/1148/1052 1042/1147/1051 1044/1149/1053 
f 1044/1149/1053 1042/1147/1051 1045/1150/1054 
f 1045/1150/1054 1042/1147/1051 1031/1136/1040 
f 1045/1150/1054 1031/1136/1040 1046/1151/1055 
f 1046/1151/1055 1031/1136/1040 1030/1135/1039 
f 1046/1151/1055 1030/1135/1039 1029/1134/1038 
f 1046/1151/1055 1029/1134/1038 1047/1152/1056 
f 1047/1152/1056 1029/1134/1038 1048/1153/1057 
f 1048/1153/1057 1029/1134/1038 1028/1133/1037 
f 1048/1153/1057 1028/1133/1037 1049/1154/1058 
f 1049/1154/1058 1028/1133/1037 1050/1155/1059 
f 1050/1155/1059 1028/1133/1037 1027/1132/1036 
f 1050/1155/1059 1027/1132/1036 1026/1131/1035 
f 1050/1155/1059 1026/1131/1035 1051/1156/1060 
f 1051/1156/1060 1026/1131/1035 1052/1157/1061 
f 1052/1157/1061 1026/1131/1035 1025/1130/1034 
f 1052/1157/1061 1025/1130/1034 1024/1129/1033 
f 1053/1158/1062 1031/1136/1040 1054/1159/1063 
f 1054/1159/1063 1031/1136/1040 1042/1147/1051 
f 1054/1159/1063 1042/1147/1051 1041/1146/1050 
f 1054/1159/1063 1041/1146/1050 1055/1160/1064 
f 1055/1160/1064 1041/1146/1050 1040/1145/1049 
f 1055/1160/1064 1040/1145/1049 1056/1161/1065 
f 1055/1160/1064 1056/1161/1065 1054/1159/1063 
f 1057/1162/1066 1058/1163/1067 1059/1164/1068 
f 1059/1164/1068 1058/1163/1067 1060/1165/1069 
f 1060/1165/1069 1058/1163/1067 1061/1166/1070 
f 1061/1166/1070 1058/1163/1067 1062/1167/1071 
f 1061/1166/1070 1062/1167/1071 1063/1168/1072 
f 1061/1166/1070 1063/1168/1072 1064/1169/1073 
f 1064/1169/1073 1063/1168/1072 1065/1170/1074 
f 1064/1169/1073 1065/1170/1074 1056/1161/1065 
f 1056/1161/1065 1065/1170/1074 1066/1171/1075 
f 1056/1161/1065 1066/1171/1075 1054/1159/1063 
f 1054/1159/1063 1066/1171/1075 1021/1126/1030 
f 1054/1159/1063 1021/1126/1030 1053/1158/1062 
f 1053/1158/1062 1021/1126/1030 1020/1125/1029 
f 1053/1158/1062 1020/1125/1029 1031/1136/1040 
f 1067/1172/1076 1068/1173/1077 1069/1174/1078 
f 1069/1174/1078 1068/1173/1077 1070/1175/1079 
f 1069/1174/1078 1070/1175/1079 1064/1169/1073 
f 1064/1169/1073 1070/1175/1079 1061/1166/1070 
f 1061/1166/1070 1070/1175/1079 1068/1173/1077 
f 1061/1166/1070 1068/1173/1077 1060/1165/1069 
f 1060/1165/1069 1068/1173/1077 1059/1164/1068 
f 1059/1164/1068 1068/1173/1077 1071/1176/1080 
f 1059/1164/1068 1071/1176/1080 1072/1177/1081 
f 1059/1164/1068 1072/1177/1081 1073/1178/1082 
f 1073/1178/1082 1072/1177/1081 1074/1179/1083 
f 1074/1179/1083 1072/1177/1081 1075/1180/1084 
f 1074/1179/1083 1075/1180/1084 1076/1181/1085 
f 1074/1179/1083 1076/1181/1085 1077/1182/1086 
f 1078/1183/1087 1079/1184/1088 1080/1185/1089 
f 1080/1185/1089 1079/1184/1088 1081/1186/1090 
f 1080/1185/1089 1081/1186/1090 1076/1181/1085 
f 1080/1185/1089 1076/1181/1085 1082/1187/1091 
f 1082/1187/1091 1076/1181/1085 1083/1188/1092 
f 1083/1188/1092 1076/1181/1085 1084/1189/1093 
f 1084/1189/1093 1076/1181/1085 1085/1190/1094 
f 1085/1190/1094 1076/1181/1085 1075/1180/1084 
f 1085/1190/1094 1075/1180/1084 1072/1177/1081 
f 1085/1190/1094 1072/1177/1081 1086/1191/1095 
f 1086/1191/1095 1072/1177/1081 1087/1192/1096 
f 1087/1192/1096 1072/1177/1081 1071/1176/1080 
f 1087/1192/1096 1071/1176/1080 1068/1173/1077 
f 1087/1192/1096 1068/1173/1077 1067/1172/1076 
f 1086/1191/1095 1088/1193/1097 1085/1190/1094 
f 1085/1190/1094 1088/1193/1097 1089/1194/1098 
f 1085/1190/1094 1089/1194/1098 1090/1195/1099 
f 1085/1190/1094 1090/1195/1099 1084/1189/1093 
f 1084/1189/1093 1090/1195/1099 1083/1188/1092 
f 1083/1188/1092 1090/1195/1099 1091/1196/1100 
f 1083/1188/1092 1091/1196/1100 1092/1197/1101 
f 1083/1188/1092 1092/1197/1101 1082/1187/1091 
f 1082/1187/1091 1092/1197/1101 1080/1185/1089 
f 1080/1185/1089 1092/1197/1101 1093/1198/1102 
f 1080/1185/1089 1093/1198/1102 1094/1199/1103 
f 1080/1185/1089 1094/1199/1103 1078/1183/1087 
f 1078/1183/1087 1094/1199/1103 1095/1200/1104 
f 1078/1183/1087 1095/1200/1104 1079/1184/1088 
f 1096/1201/1105 1094/1199/1103 1097/1202/1106 
f 1097/1202/1106 1094/1199/1103 1098/1203/1107 
f 1098/1203/1107 1094/1199/1103 1093/1198/1102 
f 1098/1203/1107 1093/1198/1102 1092/1197/1101 
f 1098/1203/1107 1092/1197/1101 1099/1204/1108 
f 1099/1204/1108 1092/1197/1101 1100/1205/1109 
f 1100/1205/1109 1092/1197/1101 1091/1196/1100 
f 1100/1205/1109 1091/1196/1100 1090/1195/1099 
f 1100/1205/1109 1090/1195/1099 1101/1206/1110 
f 1101/1206/1110 1090/1195/1099 1102/1207/1111 
f 1102/1207/1111 1090/1195/1099 1103/1208/1112 
f 1103/1208/1112 1090/1195/1099 1089/1194/1098 
f 1103/1208/1112 1089/1194/1098 1088/1193/1097 
f 1103/1208/1112 1088/1193/1097 1104/1209/1113 
f 1105/1210/1114 1095/1200/1104 1106/1211/1115 
f 1106/1211/1115 1095/1200/1104 1107/1212/1116 
f 1107/1212/1116 1095/1200/1104 1094/1199/1103 
f 1107/1212/1116 1094/1199/1103 1096/1201/1105 
f 1107/1212/1116 1096/1201/1105 1106/1211/1115 
f 1106/1211/1115 1096/1201/1105 1108/1213/1117 
f 1106/1211/1115 1108/1213/1117 1109/1214/1118 
f 1110/1215/1119 1111/1216/1120 1112/1217/1121 
f 1112/1217/1121 1111/1216/1120 1113/1218/1122 
f 1113/1218/1122 1111/1216/1120 1114/1219/1123 
f 1114/1219/1123 1111/1216/1120 1110/1215/1119 
f 1114/1219/1123 1110/1215/1119 1115/1220/1124 
f 1115/1220/1124 1110/1215/1119 1106/1211/1115 
f 1115/1220/1124 1106/1211/1115 1109/1214/1118 
f 1115/1220/1124 1109/1214/1118 1114/1219/1123 
f 1114/1219/1123 1109/1214/1118 1116/1221/1125 
f 1114/1219/1123 1116/1221/1125 1117/1222/1126 
f 1114/1219/1123 1117/1222/1126 1118/1223/1127 
f 1114/1219/1123 1118/1223/1127 1113/1218/1122 
f 1113/1218/1122 1118/1223/1127 1119/1224/1128 
f 1119/1224/1128 1118/1223/1127 1117/1222/1126 
f 1112/1217/1121 1113/1218/1122 1120/1225/1129 
f 1120/1225/1129 1113/1218/1122 1121/1226/1130 
f 1120/1225/1129 1121/1226/1130 1122/1227/1131 
f 1120/1225/1129 1122/1227/1131 1112/1217/1121 
f 1121/1226/1130 1113/1218/1122 1123/1228/1132 
f 1123/1228/1132 1113/1218/1122 1119/1224/1128 
f 1123/1228/1132 1119/1224/1128 1124/1229/1133 
f 1124/1229/1133 1119/1224/1128 1125/1230/1134 
f 1124/1229/1133 1125/1230/1134 1126/1231/1135 
f 1124/1229/1133 1126/1231/1135 1127/1232/1136 
f 1127/1232/1136 1126/1231/1135 1128/1233/1137 
f 1128/1233/1137 1126/1231/1135 1129/1234/1138 
f 1128/1233/1137 1129/1234/1138 1130/1235/1139 
f 1128/1233/1137 1130/1235/1139 1131/1236/1140 
f 1131/1236/1140 1130/1235/1139 1132/1237/1141 
f 1132/1237/1141 1130/1235/1139 1133/1238/1142 
f 1132/1237/1141 1133/1238/1142 1134/1239/1143 
f 1134/1239/1143 1133/1238/1142 1135/1240/1144 
f 1123/1228/1132 1124/1229/1133 1121/1226/1130 
f 1121/1226/1130 1124/1229/1133 1136/1241/1145 
f 1136/1241/1145 1124/1229/1133 1137/1242/1146 
f 1137/1242/1146 1124/1229/1133 1127/1232/1136 
f 1137/1242/1146 1127/1232/1136 1128/1233/1137 
f 1137/1242/1146 1128/1233/1137 1138/1243/1147 
f 1138/1243/1147 1128/1233/1137 1139/1244/1148 
f 1139/1244/1148 1128/1233/1137 1131/1236/1140 
f 1139/1244/1148 1131/1236/1140 1132/1237/1141 
f 1139/1244/1148 1132/1237/1141 1140/1245/1149 
f 1140/1245/1149 1132/1237/1141 1141/1246/1150 
f 1140/1245/1149 1141/1246/1150 1142/1247/1151 
f 1140/1245/1149 1142/1247/1151 1139/1244/1148 
f 1139/1244/1148 1142/1247/1151 1143/1248/1152 
f 1143/1248/1152 1144/1249/1153 1139/1244/1148 
f 1139/1244/1148 1144/1249/1153 1138/1243/1147 
f 1138/1243/1147 1144/1249/1153 1137/1242/1146 
f 1137/1242/1146 1144/1249/1153 1145/1250/1154 
f 1137/1242/1146 1145/1250/1154 1146/1251/1155 
f 1137/1242/1146 1146/1251/1155 1136/1241/1145 
f 1136/1241/1145 1146/1251/1155 1121/1226/1130 
f 1121/1226/1130 1146/1251/1155 1147/1252/1156 
f 1121/1226/1130 1147/1252/1156 1122/1227/1131 
f 1122/1227/1131 1147/1252/1156 1148/1253/1157 
f 1148/1253/1157 1147/1252/1156 1146/1251/1155 
f 1148/1253/1157 1146/1251/1155 1149/1254/1158 
f 1148/1253/1157 1149/1254/1158 1150/1255/1159 
f 1150/1255/1159 1149/1254/1158 1151/1256/1160 
f 1149/1254/1158 1146/1251/1155 1151/1256/1160 
f 1151/1256/1160 1146/1251/1155 1145/1250/1154 
f 1151/1256/1160 1145/1250/1154 1144/1249/1153 
f 1151/1256/1160 1144/1249/1153 1152/1257/1161 
f 1152/1257/1161 1144/1249/1153 1153/1258/1162 
f 1153/1258/1162 1144/1249/1153 1143/1248/1152 
f 1153/1258/1162 1143/1248/1152 1142/1247/1151 
f 1153/1258/1162 1142/1247/1151 1154/1259/1163 
f 1154/1259/1163 1142/1247/1151 1155/1260/1164 
f 1154/1259/1163 1155/1260/1164 1156/1261/1165 
f 1154/1259/1163 1156/1261/1165 1153/1258/1162 
f 1153/1258/1162 1156/1261/1165 1157/1262/1166 
f 1157/1262/1166 1156/1261/1165 1158/1263/1167 
f 1157/1262/1166 1158/1263/1167 1159/1264/1168 
f 1157/1262/1166 1159/1264/1168 1153/1258/1162 
f 1153/1258/1162 1159/1264/1168 1152/1257/1161 
f 1152/1257/1161 1159/1264/1168 1151/1256/1160 
f 1151/1256/1160 1159/1264/1168 1160/1265/1169 
f 1151/1256/1160 1160/1265/1169 1150/1255/1159 
f 1150/1255/1159 1160/1265/1169 1161/1266/1170 
f 1161/1266/1170 1160/1265/1169 1159/1264/1168 
f 1158/1263/1167 1162/1267/1171 1163/1268/1172 
f 1163/1268/1172 1162/1267/1171 1164/1269/1173 
f 1163/1268/1172 1164/1269/1173 1165/1270/1174 
f 1163/1268/1172 1165/1270/1174 1158/1263/1167 
f 1158/1263/1167 1165/1270/1174 1166/1271/1175 
f 1158/1263/1167 1166/1271/1175 1159/1264/1168 
f 1159/1264/1168 1166/1271/1175 1161/1266/1170 
f 1161/1266/1170 1166/1271/1175 1165/1270/1174 
f 1161/1266/1170 1165/1270/1174 1167/1272/1176 
f 1167/1272/1176 1165/1270/1174 1168/1273/1177 
f 1167/1272/1176 1168/1273/1177 1169/1274/1178 
f 1167/1272/1176 1169/1274/1178 1161/1266/1170 
f 1161/1266/1170 1169/1274/1178 1170/1275/1179 
f 1161/1266/1170 1170/1275/1179 1150/1255/1159 
f 1171/1276/1180 1172/1277/1181 1164/1269/1173 
f 1164/1269/1173 1172/1277/1181 1173/1278/1182 
f 1164/1269/1173 1173/1278/1182 1165/1270/1174 
f 1165/1270/1174 1173/1278/1182 1168/1273/1177 
f 1168/1273/1177 1173/1278/1182 1172/1277/1181 
f 1168/1273/1177 1172/1277/1181 1174/1279/1183 
f 1174/1279/1183 1172/1277/1181 1175/1280/1184 
f 1174/1279/1183 1175/1280/1184 1176/1281/1185 
f 1174/1279/1183 1176/1281/1185 1168/1273/1177 
f 1168/1273/1177 1176/1281/1185 1177/1282/1186 
f 1168/1273/1177 1177/1282/1186 1169/1274/1178 
f 1169/1274/1178 1177/1282/1186 1178/1283/1187 
f 1178/1283/1187 1177/1282/1186 1176/1281/1185 
f 1178/1283/1187 1176/1281/1185 1179/1284/1188 
f 1180/1285/1189 1181/1286/1190 1182/1287/1191 
f 1182/1287/1191 1181/1286/1190 1183/1288/1192 
f 1183/1288/1192 1181/1286/1190 1184/1289/1193 
f 1183/1288/1192 1184/1289/1193 1185/1290/1194 
f 1185/1290/1194 1184/1289/1193 1186/1291/1195 
f 1185/1290/1194 1186/1291/1195 1187/1292/1196 
f 1185/1290/1194 1187/1292/1196 1183/1288/1192 
f 1183/1288/1192 1187/1292/1196 1188/1293/1197 
f 1183/1288/1192 1188/1293/1197 1162/1267/1171 
f 1162/1267/1171 1188/1293/1197 1164/1269/1173 
f 1164/1269/1173 1188/1293/1197 1187/1292/1196 
f 1164/1269/1173 1187/1292/1196 1171/1276/1180 
f 1171/1276/1180 1187/1292/1196 1189/1294/1198 
f 1171/1276/1180 1189/1294/1198 1172/1277/1181 
f 1190/1295/1199 1191/1296/1200 1192/1297/1201 
f 1192/1297/1201 1191/1296/1200 1193/1298/1202 
f 1193/1298/1202 1191/1296/1200 1194/1299/1203 
f 1194/1299/1203 1191/1296/1200 1195/1300/1204 
f 1194/1299/1203 1195/1300/1204 1196/1301/1205 
f 1194/1299/1203 1196/1301/1205 1197/1302/1206 
f 1197/1302/1206 1196/1301/1205 1198/1303/1207 
f 1198/1303/1207 1196/1301/1205 1199/1304/1208 
f 1198/1303/1207 1199/1304/1208 1180/1285/1189 
f 1180/1285/1189 1199/1304/1208 1181/1286/1190 
f 1181/1286/1190 1199/1304/1208 1184/1289/1193 
f 1184/1289/1193 1199/1304/1208 1196/1301/1205 
f 1184/1289/1193 1196/1301/1205 1200/1305/1209 
f 1184/1289/1193 1200/1305/1209 1186/1291/1195 
f 1180/1285/1189 1201/1306/1210 1198/1303/1207 
f 1198/1303/1207 1201/1306/1210 1202/1307/1211 
f 1198/1303/1207 1202/1307/1211 1203/1308/1212 
f 1198/1303/1207 1203/1308/1212 1204/1309/1213 
f 1198/1303/1207 1204/1309/1213 1197/1302/1206 
f 1197/1302/1206 1204/1309/1213 1194/1299/1203 
f 1194/1299/1203 1204/1309/1213 1205/1310/1214 
f 1194/1299/1203 1205/1310/1214 1206/1311/1215 
f 1194/1299/1203 1206/1311/1215 1193/1298/1202 
f 1193/1298/1202 1206/1311/1215 1192/1297/1201 
f 1192/1297/1201 1206/1311/1215 1207/1312/1216 
f 1192/1297/1201 1207/1312/1216 1208/1313/1217 
f 1192/1297/1201 1208/1313/1217 1209/1314/1218 
f 1209/1314/1218 1208/1313/1217 1210/1315/1219 
f 1208/1313/1217 1207/1312/1216 1211/1316/1220 
f 1211/1316/1220 1207/1312/1216 1206/1311/1215 
f 1211/1316/1220 1206/1311/1215 1212/1317/1221 
f 1212/1317/1221 1206/1311/1215 1213/1318/1222 
f 1213/1318/1222 1206/1311/1215 1205/1310/1214 
f 1213/1318/1222 1205/1310/1214 1204/1309/1213 
f 1213/1318/1222 1204/1309/1213 1214/1319/1223 
f 1214/1319/1223 1204/1309/1213 1215/1320/1224 
f 1215/1320/1224 1204/1309/1213 1203/1308/1212 
f 1215/1320/1224 1203/1308/1212 1202/1307/1211 
f 1215/1320/1224 1202/1307/1211 1216/1321/1225 
f 1216/1321/1225 1202/1307/1211 1217/1322/1226 
f 1217/1322/1226 1202/1307/1211 1201/1306/1210 
f 1217/1322/1226 1201/1306/1210 1180/1285/1189 
f 1182/1287/1191 1218/1323/1227 1180/1285/1189 
f 1180/1285/1189 1218/1323/1227 1219/1324/1228 
f 1180/1285/1189 1219/1324/1228 1217/1322/1226 
f 1217/1322/1226 1219/1324/1228 1220/1325/1229 
f 1217/1322/1226 1220/1325/1229 1221/1326/1230 
f 1217/1322/1226 1221/1326/1230 1222/1327/1231 
f 1217/1322/1226 1222/1327/1231 1216/1321/1225 
f 1216/1321/1225 1222/1327/1231 1223/1328/1232 
f 1216/1321/1225 1223/1328/1232 1215/1320/1224 
f 1215/1320/1224 1223/1328/1232 1224/1329/1233 
f 1215/1320/1224 1224/1329/1233 1214/1319/1223 
f 1214/1319/1223 1224/1329/1233 1213/1318/1222 
f 1213/1318/1222 1224/1329/1233 1225/1330/1234 
f 1213/1318/1222 1225/1330/1234 1212/1317/1221 
f 1226/1331/1235 1227/1332/1236 1228/1333/1237 
f 1228/1333/1237 1227/1332/1236 1229/1334/1238 
f 1229/1334/1238 1227/1332/1236 1225/1330/1234 
f 1229/1334/1238 1225/1330/1234 1230/1335/1239 
f 1230/1335/1239 1225/1330/1234 1224/1329/1233 
f 1230/1335/1239 1224/1329/1233 1231/1336/1240 
f 1231/1336/1240 1224/1329/1233 1223/1328/1232 
f 1231/1336/1240 1223/1328/1232 1232/1337/1241 
f 1232/1337/1241 1223/1328/1232 1222/1327/1231 
f 1232/1337/1241 1222/1327/1231 1233/1338/1242 
f 1233/1338/1242 1222/1327/1231 1221/1326/1230 
f 1233/1338/1242 1221/1326/1230 1234/1339/1243 
f 1234/1339/1243 1221/1326/1230 1220/1325/1229 
f 1234/1339/1243 1220/1325/1229 1235/1340/1244 
f 1236/1341/1245 1237/1342/1246 1238/1343/1247 
f 1238/1343/1247 1237/1342/1246 1239/1344/1248 
f 1238/1343/1247 1239/1344/1248 1235/1340/1244 
f 1235/1340/1244 1239/1344/1248 1240/1345/1249 
f 1235/1340/1244 1240/1345/1249 1234/1339/1243 
f 1234/1339/1243 1240/1345/1249 1241/1346/1250 
f 1234/1339/1243 1241/1346/1250 1233/1338/1242 
f 1233/1338/1242 1241/1346/1250 1242/1347/1251 
f 1233/1338/1242 1242/1347/1251 1232/1337/1241 
f 1232/1337/1241 1242/1347/1251 1243/1348/1252 
f 1232/1337/1241 1243/1348/1252 1231/1336/1240 
f 1231/1336/1240 1243/1348/1252 1244/1349/1253 
f 1231/1336/1240 1244/1349/1253 1230/1335/1239 
f 1230/1335/1239 1244/1349/1253 1245/1350/1254 
f 1246/1351/1255 1245/1350/1254 1247/1352/1256 
f 1247/1352/1256 1245/1350/1254 1248/1353/1257 
f 1248/1353/1257 1245/1350/1254 1244/1349/1253 
f 1248/1353/1257 1244/1349/1253 1249/1354/1258 
f 1249/1354/1258 1244/1349/1253 1243/1348/1252 
f 1249/1354/1258 1243/1348/1252 1250/1355/1259 
f 1250/1355/1259 1243/1348/1252 1242/1347/1251 
f 1250/1355/1259 1242/1347/1251 1251/1356/1260 
f 1251/1356/1260 1242/1347/1251 1241/1346/1250 
f 1251/1356/1260 1241/1346/1250 1252/1357/1261 
f 1252/1357/1261 1241/1346/1250 1240/1345/1249 
f 1252/1357/1261 1240/1345/1249 1253/1358/1262 
f 1253/1358/1262 1240/1345/1249 1239/1344/1248 
f 1253/1358/1262 1239/1344/1248 1254/1359/1263 
f 1255/1360/1264 1256/1361/1265 1257/1362/1266 
f 1257/1362/1266 1256/1361/1265 1258/1363/1267 
f 1258/1363/1267 1256/1361/1265 1259/1364/1268 
f 1258/1363/1267 1259/1364/1268 1260/1365/1269 
f 1260/1365/1269 1259/1364/1268 1261/1366/1270 
f 1260/1365/1269 1261/1366/1270 1262/1367/1271 
f 1262/1367/1271 1261/1366/1270 1263/1368/1272 
f 1262/1367/1271 1263/1368/1272 1264/1369/1273 
f 1264/1369/1273 1263/1368/1272 1265/1370/1274 
f 1264/1369/1273 1265/1370/1274 1266/1371/1275 
f 1266/1371/1275 1265/1370/1274 1267/1372/1276 
f 1266/1371/1275 1267/1372/1276 1268/1373/1277 
f 1268/1373/1277 1267/1372/1276 1246/1351/1255 
f 1268/1373/1277 1246/1351/1255 1247/1352/1256 
f 1256/1361/1265 1269/1374/1278 1259/1364/1268 
f 1259/1364/1268 1269/1374/1278 1261/1366/1270 
f 1261/1366/1270 1269/1374/1278 1270/1375/1279 
f 1261/1366/1270 1270/1375/1279 1271/1376/1280 
f 1261/1366/1270 1271/1376/1280 1263/1368/1272 
f 1263/1368/1272 1271/1376/1280 1272/1377/1281 
f 1263/1368/1272 1272/1377/1281 1265/1370/1274 
f 1265/1370/1274 1272/1377/1281 1273/1378/1282 
f 1265/1370/1274 1273/1378/1282 1267/1372/1276 
f 1267/1372/1276 1273/1378/1282 1228/1333/1237 
f 1267/1372/1276 1228/1333/1237 1246/1351/1255 
f 1246/1351/1255 1228/1333/1237 1229/1334/1238 
f 1246/1351/1255 1229/1334/1238 1245/1350/1254 
f 1245/1350/1254 1229/1334/1238 1230/1335/1239 
f 1274/1379/1283 1275/1380/1284 1276/1381/1285 
f 1276/1381/1285 1275/1380/1284 1277/1382/1286 
f 1277/1382/1286 1275/1380/1284 1278/1383/1287 
f 1277/1382/1286 1278/1383/1287 1269/1374/1278 
f 1269/1374/1278 1278/1383/1287 1279/1384/1288 
f 1269/1374/1278 1279/1384/1288 1270/1375/1279 
f 1270/1375/1279 1279/1384/1288 1280/1385/1289 
f 1270/1375/1279 1280/1385/1289 1271/1376/1280 
f 1271/1376/1280 1280/1385/1289 1281/1386/1290 
f 1271/1376/1280 1281/1386/1290 1272/1377/1281 
f 1272/1377/1281 1281/1386/1290 1282/1387/1291 
f 1272/1377/1281 1282/1387/1291 1273/1378/1282 
f 1273/1378/1282 1282/1387/1291 1226/1331/1235 
f 1273/1378/1282 1226/1331/1235 1228/1333/1237 
f 1275/1380/1284 1283/1388/1292 1278/1383/1287 
f 1278/1383/1287 1283/1388/1292 1284/1389/1293 
f 1278/1383/1287 1284/1389/1293 1279/1384/1288 
f 1279/1384/1288 1284/1389/1293 1285/1390/1294 
f 1279/1384/1288 1285/1390/1294 1280/1385/1289 
f 1280/1385/1289 1285/1390/1294 1281/1386/1290 
f 1281/1386/1290 1285/1390/1294 1286/1391/1295 
f 1281/1386/1290 1286/1391/1295 1282/1387/1291 
f 1282/1387/1291 1286/1391/1295 1287/1392/1296 
f 1282/1387/1291 1287/1392/1296 1226/1331/1235 
f 1226/1331/1235 1287/1392/1296 1211/1316/1220 
f 1226/1331/1235 1211/1316/1220 1227/1332/1236 
f 1227/1332/1236 1211/1316/1220 1212/1317/1221 
f 1227/1332/1236 1212/1317/1221 1225/1330/1234 
f 1288/1393/1297 1289/1394/1298 1290/1395/1299 
f 1290/1395/1299 1289/1394/1298 1291/1396/1300 
f 1291/1396/1300 1289/1394/1298 1292/1397/1301 
f 1291/1396/1300 1292/1397/1301 1293/1398/1302 
f 1293/1398/1302 1292/1397/1301 1283/1388/1292 
f 1283/1388/1292 1292/1397/1301 1294/1399/1303 
f 1283/1388/1292 1294/1399/1303 1284/1389/1293 
f 1284/1389/1293 1294/1399/1303 1285/1390/1294 
f 1285/1390/1294 1294/1399/1303 1295/1400/1304 
f 1285/1390/1294 1295/1400/1304 1286/1391/1295 
f 1286/1391/1295 1295/1400/1304 1296/1401/1305 
f 1286/1391/1295 1296/1401/1305 1287/1392/1296 
f 1287/1392/1296 1296/1401/1305 1208/1313/1217 
f 1287/1392/1296 1208/1313/1217 1211/1316/1220 
f 1283/1388/1292 1275/1380/1284 1293/1398/1302 
f 1293/1398/1302 1275/1380/1284 1274/1379/1283 
f 1293/1398/1302 1274/1379/1283 1291/1396/1300 
f 1291/1396/1300 1274/1379/1283 1297/1402/1306 
f 1291/1396/1300 1297/1402/1306 1290/1395/1299 
f 1290/1395/1299 1297/1402/1306 1298/1403/1307 
f 1290/1395/1299 1298/1403/1307 1299/1404/1308 
f 1290/1395/1299 1299/1404/1308 1288/1393/1297 
f 1288/1393/1297 1299/1404/1308 1300/1405/1309 
f 1288/1393/1297 1300/1405/1309 1301/1406/1310 
f 1301/1406/1310 1300/1405/1309 1302/1407/1311 
f 1301/1406/1310 1302/1407/1311 1303/1408/1312 
f 1303/1408/1312 1302/1407/1311 1304/1409/1313 
f 1303/1408/1312 1304/1409/1313 1305/1410/1314 
f 1306/1411/1315 1304/1409/1313 1307/1412/1316 
f 1307/1412/1316 1304/1409/1313 1302/1407/1311 
f 1307/1412/1316 1302/1407/1311 1308/1413/1317 
f 1308/1413/1317 1302/1407/1311 1300/1405/1309 
f 1308/1413/1317 1300/1405/1309 1309/1414/1318 
f 1309/1414/1318 1300/1405/1309 1299/1404/1308 
f 1309/1414/1318 1299/1404/1308 1310/1415/1319 
f 1310/1415/1319 1299/1404/1308 1298/1403/1307 
f 1310/1415/1319 1298/1403/1307 1311/1416/1320 
f 1311/1416/1320 1298/1403/1307 1297/1402/1306 
f 1311/1416/1320 1297/1402/1306 1312/1417/1321 
f 1312/1417/1321 1297/1402/1306 1313/1418/1322 
f 1313/1418/1322 1297/1402/1306 1274/1379/1283 
f 1313/1418/1322 1274/1379/1283 1276/1381/1285 
f 1314/1419/1323 1309/1414/1318 1315/1420/1324 
f 1315/1420/1324 1309/1414/1318 1310/1415/1319 
f 1315/1420/1324 1310/1415/1319 1316/1421/1325 
f 1316/1421/1325 1310/1415/1319 1311/1416/1320 
f 1316/1421/1325 1311/1416/1320 1317/1422/1326 
f 1317/1422/1326 1311/1416/1320 1312/1417/1321 
f 1317/1422/1326 1312/1417/1321 1318/1423/1327 
f 1318/1423/1327 1312/1417/1321 1313/1418/1322 
f 1318/1423/1327 1313/1418/1322 1319/1424/1328 
f 1319/1424/1328 1313/1418/1322 1276/1381/1285 
f 1319/1424/1328 1276/1381/1285 1255/1360/1264 
f 1255/1360/1264 1276/1381/1285 1256/1361/1265 
f 1256/1361/1265 1276/1381/1285 1277/1382/1286 
f 1256/1361/1265 1277/1382/1286 1269/1374/1278 
f 1320/1425/1329 1314/1419/1323 1321/1426/1330 
f 1321/1426/1330 1314/1419/1323 1322/1427/1331 
f 1322/1427/1331 1314/1419/1323 1315/1420/1324 
f 1322/1427/1331 1315/1420/1324 1323/1428/1332 
f 1323/1428/1332 1315/1420/1324 1316/1421/1325 
f 1323/1428/1332 1316/1421/1325 1324/1429/1333 
f 1324/1429/1333 1316/1421/1325 1317/1422/1326 
f 1324/1429/1333 1317/1422/1326 1325/1430/1334 
f 1325/1430/1334 1317/1422/1326 1318/1423/1327 
f 1325/1430/1334 1318/1423/1327 1326/1431/1335 
f 1326/1431/1335 1318/1423/1327 1319/1424/1328 
f 1326/1431/1335 1319/1424/1328 1327/1432/1336 
f 1327/1432/1336 1319/1424/1328 1255/1360/1264 
f 1327/1432/1336 1255/1360/1264 1257/1362/1266 
f 1328/1433/1337 1329/1434/1338 1330/1435/1339 
f 1330/1435/1339 1329/1434/1338 1331/1436/1340 
f 1331/1436/1340 1329/1434/1338 1332/1437/1341 
f 1331/1436/1340 1332/1437/1341 1333/1438/1342 
f 1333/1438/1342 1332/1437/1341 1334/1439/1343 
f 1333/1438/1342 1334/1439/1343 1335/1440/1344 
f 1335/1440/1344 1334/1439/1343 1336/1441/1345 
f 1335/1440/1344 1336/1441/1345 1337/1442/1346 
f 1337/1442/1346 1336/1441/1345 1338/1443/1347 
f 1337/1442/1346 1338/1443/1347 1339/1444/1348 
f 1339/1444/1348 1338/1443/1347 1340/1445/1349 
f 1339/1444/1348 1340/1445/1349 1341/1446/1350 
f 1341/1446/1350 1340/1445/1349 1320/1425/1329 
f 1341/1446/1350 1320/1425/1329 1321/1426/1330 
f 1329/1434/1338 1342/1447/1351 1332/1437/1341 
f 1332/1437/1341 1342/1447/1351 1343/1448/1352 
f 1332/1437/1341 1343/1448/1352 1334/1439/1343 
f 1334/1439/1343 1343/1448/1352 1344/1449/1353 
f 1334/1439/1343 1344/1449/1353 1336/1441/1345 
f 1336/1441/1345 1344/1449/1353 1345/1450/1354 
f 1336/1441/1345 1345/1450/1354 1338/1443/1347 
f 1338/1443/1347 1345/1450/1354 1306/1411/1315 
f 1338/1443/1347 1306/1411/1315 1340/1445/1349 
f 1340/1445/1349 1306/1411/1315 1307/1412/1316 
f 1340/1445/1349 1307/1412/1316 1320/1425/1329 
f 1320/1425/1329 1307/1412/1316 1308/1413/1317 
f 1320/1425/1329 1308/1413/1317 1314/1419/1323 
f 1314/1419/1323 1308/1413/1317 1309/1414/1318 
f 1304/1409/1313 1306/1411/1315 1346/1451/1355 
f 1346/1451/1355 1306/1411/1315 1345/1450/1354 
f 1346/1451/1355 1345/1450/1354 1347/1452/1356 
f 1347/1452/1356 1345/1450/1354 1344/1449/1353 
f 1347/1452/1356 1344/1449/1353 1348/1453/1357 
f 1348/1453/1357 1344/1449/1353 1343/1448/1352 
f 1348/1453/1357 1343/1448/1352 1349/1454/1358 
f 1349/1454/1358 1343/1448/1352 1342/1447/1351 
f 1349/1454/1358 1342/1447/1351 1350/1455/1359 
f 1350/1455/1359 1342/1447/1351 1351/1456/1360 
f 1350/1455/1359 1351/1456/1360 1352/1457/1361 
f 1352/1457/1361 1351/1456/1360 1353/1458/1362 
f 1353/1458/1362 1351/1456/1360 1354/1459/1363 
f 1353/1458/1362 1354/1459/1363 1355/1460/1364 
f 1353/1458/1362 1356/1461/1365 1352/1457/1361 
f 1352/1457/1361 1356/1461/1365 1357/1462/1366 
f 1352/1457/1361 1357/1462/1366 1358/1463/1367 
f 1352/1457/1361 1358/1463/1367 1350/1455/1359 
f 1350/1455/1359 1358/1463/1367 1359/1464/1368 
f 1350/1455/1359 1359/1464/1368 1349/1454/1358 
f 1349/1454/1358 1359/1464/1368 1360/1465/1369 
f 1349/1454/1358 1360/1465/1369 1348/1453/1357 
f 1348/1453/1357 1360/1465/1369 1361/1466/1370 
f 1348/1453/1357 1361/1466/1370 1347/1452/1356 
f 1347/1452/1356 1361/1466/1370 1362/1467/1371 
f 1347/1452/1356 1362/1467/1371 1346/1451/1355 
f 1346/1451/1355 1362/1467/1371 1305/1410/1314 
f 1346/1451/1355 1305/1410/1314 1304/1409/1313 
f 1359/1464/1368 1363/1468/1372 1360/1465/1369 
f 1360/1465/1369 1363/1468/1372 1364/1469/1373 
f 1360/1465/1369 1364/1469/1373 1361/1466/1370 
f 1361/1466/1370 1364/1469/1373 1365/1470/1374 
f 1361/1466/1370 1365/1470/1374 1362/1467/1371 
f 1362/1467/1371 1365/1470/1374 1366/1471/1375 
f 1362/1467/1371 1366/1471/1375 1305/1410/1314 
f 1305/1410/1314 1366/1471/1375 1367/1472/1376 
f 1305/1410/1314 1367/1472/1376 1303/1408/1312 
f 1303/1408/1312 1367/1472/1376 1368/1473/1377 
f 1303/1408/1312 1368/1473/1377 1301/1406/1310 
f 1301/1406/1310 1368/1473/1377 1369/1474/1378 
f 1301/1406/1310 1369/1474/1378 1288/1393/1297 
f 1288/1393/1297 1369/1474/1378 1289/1394/1298 
f 1370/1475/1379 1371/1476/1380 1372/1477/1381 
f 1372/1477/1381 1371/1476/1380 1363/1468/1372 
f 1363/1468/1372 1371/1476/1380 1373/1478/1382 
f 1363/1468/1372 1373/1478/1382 1364/1469/1373 
f 1364/1469/1373 1373/1478/1382 1374/1479/1383 
f 1364/1469/1373 1374/1479/1383 1365/1470/1374 
f 1365/1470/1374 1374/1479/1383 1375/1480/1384 
f 1365/1470/1374 1375/1480/1384 1366/1471/1375 
f 1366/1471/1375 1375/1480/1384 1376/1481/1385 
f 1366/1471/1375 1376/1481/1385 1367/1472/1376 
f 1367/1472/1376 1376/1481/1385 1377/1482/1386 
f 1367/1472/1376 1377/1482/1386 1368/1473/1377 
f 1368/1473/1377 1377/1482/1386 1378/1483/1387 
f 1368/1473/1377 1378/1483/1387 1369/1474/1378 
f 1370/1475/1379 1379/1484/1388 1371/1476/1380 
f 1371/1476/1380 1379/1484/1388 1380/1485/1389 
f 1371/1476/1380 1380/1485/1389 1373/1478/1382 
f 1373/1478/1382 1380/1485/1389 1381/1486/1390 
f 1373/1478/1382 1381/1486/1390 1374/1479/1383 
f 1374/1479/1383 1381/1486/1390 1382/1487/1391 
f 1374/1479/1383 1382/1487/1391 1375/1480/1384 
f 1375/1480/1384 1382/1487/1391 1383/1488/1392 
f 1375/1480/1384 1383/1488/1392 1376/1481/1385 
f 1376/1481/1385 1383/1488/1392 1384/1489/1393 
f 1376/1481/1385 1384/1489/1393 1377/1482/1386 
f 1379/1484/1388 1385/1490/1394 1380/1485/1389 
f 1380/1485/1389 1385/1490/1394 1386/1491/1395 
f 1380/1485/1389 1386/1491/1395 1381/1486/1390 
f 1381/1486/1390 1386/1491/1395 1387/1492/1396 
f 1381/1486/1390 1387/1492/1396 1382/1487/1391 
f 1382/1487/1391 1387/1492/1396 1388/1493/1397 
f 1382/1487/1391 1388/1493/1397 1383/1488/1392 
f 1383/1488/1392 1388/1493/1397 1389/1494/1398 
f 1383/1488/1392 1389/1494/1398 1384/1489/1393 
f 1384/1489/1393 1389/1494/1398 1390/1495/1399 
f 1384/1489/1393 1390/1495/1399 1391/1496/1400 
f 1391/1496/1400 1390/1495/1399 1392/1497/1401 
f 1392/1497/1401 1390/1495/1399 1393/1498/1402 
f 1392/1497/1401 1393/1498/1402 1394/1499/1403 
f 1394/1499/1403 1393/1498/1402 1395/1500/1404 
f 1395/1500/1404 1393/1498/1402 1390/1495/1399 
f 1395/1500/1404 1390/1495/1399 1396/1501/1405 
f 1396/1501/1405 1390/1495/1399 1389/1494/1398 
f 1396/1501/1405 1389/1494/1398 1388/1493/1397 
f 1396/1501/1405 1388/1493/1397 1397/1502/1406 
f 1397/1502/1406 1388/1493/1397 1387/1492/1396 
f 1397/1502/1406 1387/1492/1396 1386/1491/1395 
f 1397/1502/1406 1386/1491/1395 1398/1503/1407 
f 1398/1503/1407 1386/1491/1395 1385/1490/1394 
f 1395/1500/1404 1396/1501/1405 1399/1504/1408 
f 1399/1504/1408 1396/1501/1405 1400/1505/1409 
f 1400/1505/1409 1396/1501/1405 1397/1502/1406 
f 1400/1505/1409 1397/1502/1406 1401/1506/1410 
f 1400/1505/1409 1401/1506/1410 1402/1507/1411 
f 1402/1507/1411 1401/1506/1410 1403/1508/1412 
f 1402/1507/1411 1403/1508/1412 1404/1509/1413 
f 1404/1509/1413 1403/1508/1412 1405/1510/1414 
f 1405/1510/1414 1403/1508/1412 1406/1511/1415 
f 1406/1511/1415 1403/1508/1412 1398/1503/1407 
f 1398/1503/1407 1403/1508/1412 1397/1502/1406 
f 1397/1502/1406 1403/1508/1412 1401/1506/1410 
f 1405/1510/1414 1407/1512/1416 1404/1509/1413 
f 1404/1509/1413 1407/1512/1416 1402/1507/1411 
f 1402/1507/1411 1407/1512/1416 1408/1513/1417 
f 1402/1507/1411 1408/1513/1417 1409/1514/1418 
f 1409/1514/1418 1408/1513/1417 1410/1515/1419 
f 1410/1515/1419 1408/1513/1417 1407/1512/1416 
f 1411/1516/1420 1412/1517/1421 1413/1518/1422 
f 1413/1518/1422 1412/1517/1421 997/1102/1006 
f 997/1102/1006 1412/1517/1421 998/1103/1007 
f 998/1103/1007 1412/1517/1421 1411/1516/1420 
f 998/1103/1007 1411/1516/1420 1414/1519/1423 
f 1414/1519/1423 1411/1516/1420 1415/1520/1424 
f 1414/1519/1423 1415/1520/1424 1395/1500/1404 
f 1414/1519/1423 1395/1500/1404 998/1103/1007 
f 998/1103/1007 1395/1500/1404 1399/1504/1408 
f 998/1103/1007 1399/1504/1408 1000/1105/1009 
f 1000/1105/1009 1399/1504/1408 1400/1505/1409 
f 1000/1105/1009 1400/1505/1409 1416/1521/1425 
f 1416/1521/1425 1400/1505/1409 1402/1507/1411 
f 1416/1521/1425 1402/1507/1411 1409/1514/1418 
f 1395/1500/1404 1415/1520/1424 1394/1499/1403 
f 1394/1499/1403 1415/1520/1424 1417/1522/1426 
f 1417/1522/1426 1415/1520/1424 1418/1523/1427 
f 1417/1522/1426 1418/1523/1427 1419/1524/1428 
f 1419/1524/1428 1418/1523/1427 1420/1525/1429 
f 1420/1525/1429 1418/1523/1427 1421/1526/1430 
f 1421/1526/1430 1418/1523/1427 1411/1516/1420 
f 1411/1516/1420 1418/1523/1427 1415/1520/1424 
f 1208/1313/1217 1296/1401/1305 1210/1315/1219 
f 1210/1315/1219 1296/1401/1305 1422/1527/1431 
f 1422/1527/1431 1296/1401/1305 1295/1400/1304 
f 1422/1527/1431 1295/1400/1304 1294/1399/1303 
f 1422/1527/1431 1294/1399/1303 1423/1528/1432 
f 1423/1528/1432 1294/1399/1303 1394/1499/1403 
f 1423/1528/1432 1394/1499/1403 1417/1522/1426 
f 1423/1528/1432 1417/1522/1426 1422/1527/1431 
f 1422/1527/1431 1417/1522/1426 1419/1524/1428 
f 1422/1527/1431 1419/1524/1428 1210/1315/1219 
f 1210/1315/1219 1419/1524/1428 1420/1525/1429 
f 1210/1315/1219 1420/1525/1429 1209/1314/1218 
f 1209/1314/1218 1420/1525/1429 1192/1297/1201 
f 1192/1297/1201 1420/1525/1429 1190/1295/1199 
f 1186/1291/1195 1200/1305/1209 1424/1529/1433 
f 1424/1529/1433 1200/1305/1209 1196/1301/1205 
f 1424/1529/1433 1196/1301/1205 1425/1530/1434 
f 1425/1530/1434 1196/1301/1205 1195/1300/1204 
f 1425/1530/1434 1195/1300/1204 1191/1296/1200 
f 1425/1530/1434 1191/1296/1200 1426/1531/1435 
f 1426/1531/1435 1191/1296/1200 1427/1532/1436 
f 1427/1532/1436 1191/1296/1200 1190/1295/1199 
f 1427/1532/1436 1190/1295/1199 1420/1525/1429 
f 1427/1532/1436 1420/1525/1429 1428/1533/1437 
f 1428/1533/1437 1420/1525/1429 1421/1526/1430 
f 1428/1533/1437 1421/1526/1430 1429/1534/1438 
f 1429/1534/1438 1421/1526/1430 1411/1516/1420 
f 1429/1534/1438 1411/1516/1420 1413/1518/1422 
f 1430/1535/1439 1425/1530/1434 1431/1536/1440 
f 1431/1536/1440 1425/1530/1434 1426/1531/1435 
f 1431/1536/1440 1426/1531/1435 1427/1532/1436 
f 1431/1536/1440 1427/1532/1436 1428/1533/1437 
f 1431/1536/1440 1428/1533/1437 1432/1537/1441 
f 997/1102/1006 1004/1109/1013 1413/1518/1422 
f 1413/1518/1422 1004/1109/1013 1005/1110/1014 
f 1413/1518/1422 1005/1110/1014 1010/1115/1019 
f 1413/1518/1422 1010/1115/1019 1011/1116/1020 
f 1413/1518/1422 1011/1116/1020 1429/1534/1438 
f 1429/1534/1438 1011/1116/1020 1428/1533/1437 
f 1428/1533/1437 1011/1116/1020 1432/1537/1441 
f 1432/1537/1441 1011/1116/1020 1021/1126/1030 
f 1432/1537/1441 1021/1126/1030 1431/1536/1440 
f 1431/1536/1440 1021/1126/1030 1066/1171/1075 
f 1431/1536/1440 1066/1171/1075 1065/1170/1074 
f 1431/1536/1440 1065/1170/1074 1430/1535/1439 
f 1430/1535/1439 1065/1170/1074 1063/1168/1072 
f 1430/1535/1439 1063/1168/1072 1425/1530/1434 
f 1425/1530/1434 1063/1168/1072 1424/1529/1433 
f 1424/1529/1433 1063/1168/1072 1433/1538/1442 
f 1424/1529/1433 1433/1538/1442 1186/1291/1195 
f 1186/1291/1195 1433/1538/1442 1434/1539/1443 
f 1434/1539/1443 1433/1538/1442 1063/1168/1072 
f 1434/1539/1443 1063/1168/1072 1062/1167/1071 
f 1434/1539/1443 1062/1167/1071 1058/1163/1067 
f 1434/1539/1443 1058/1163/1067 1435/1540/1444 
f 1435/1540/1444 1058/1163/1067 1436/1541/1445 
f 1436/1541/1445 1058/1163/1067 1057/1162/1066 
f 1436/1541/1445 1057/1162/1066 1437/1542/1446 
f 1436/1541/1445 1437/1542/1446 1438/1543/1447 
f 1438/1543/1447 1437/1542/1446 1439/1544/1448 
f 1439/1544/1448 1437/1542/1446 1440/1545/1449 
f 1441/1546/1450 1434/1539/1443 1189/1294/1198 
f 1189/1294/1198 1434/1539/1443 1435/1540/1444 
f 1189/1294/1198 1435/1540/1444 1436/1541/1445 
f 1189/1294/1198 1436/1541/1445 1442/1547/1451 
f 1189/1294/1198 1442/1547/1451 1172/1277/1181 
f 1172/1277/1181 1442/1547/1451 1175/1280/1184 
f 1175/1280/1184 1442/1547/1451 1436/1541/1445 
f 1175/1280/1184 1436/1541/1445 1438/1543/1447 
f 1175/1280/1184 1438/1543/1447 1439/1544/1448 
f 1175/1280/1184 1439/1544/1448 1443/1548/1452 
f 1175/1280/1184 1443/1548/1452 1176/1281/1185 
f 1176/1281/1185 1443/1548/1452 1444/1549/1453 
f 1444/1549/1453 1443/1548/1452 1439/1544/1448 
f 1444/1549/1453 1439/1544/1448 1440/1545/1449 
f 1057/1162/1066 1059/1164/1068 1437/1542/1446 
f 1437/1542/1446 1059/1164/1068 1073/1178/1082 
f 1437/1542/1446 1073/1178/1082 1074/1179/1083 
f 1437/1542/1446 1074/1179/1083 1440/1545/1449 
f 1440/1545/1449 1074/1179/1083 1444/1549/1453 
f 1444/1549/1453 1074/1179/1083 1077/1182/1086 
f 1444/1549/1453 1077/1182/1086 1445/1550/1454 
f 1444/1549/1453 1445/1550/1454 1446/1551/1455 
f 1444/1549/1453 1446/1551/1455 1447/1552/1456 
f 1447/1552/1456 1446/1551/1455 1079/1184/1088 
f 1079/1184/1088 1446/1551/1455 1445/1550/1454 
f 1079/1184/1088 1445/1550/1454 1081/1186/1090 
f 1081/1186/1090 1445/1550/1454 1076/1181/1085 
f 1076/1181/1085 1445/1550/1454 1077/1182/1086 
f 1176/1281/1185 1444/1549/1453 1179/1284/1188 
f 1179/1284/1188 1444/1549/1453 1447/1552/1456 
f 1179/1284/1188 1447/1552/1456 1178/1283/1187 
f 1178/1283/1187 1447/1552/1456 1448/1553/1457 
f 1178/1283/1187 1448/1553/1457 1449/1554/1458 
f 1449/1554/1458 1448/1553/1457 1450/1555/1459 
f 1450/1555/1459 1448/1553/1457 1447/1552/1456 
f 1450/1555/1459 1447/1552/1456 1451/1556/1460 
f 1451/1556/1460 1447/1552/1456 1079/1184/1088 
f 1451/1556/1460 1079/1184/1088 1095/1200/1104 
f 1451/1556/1460 1095/1200/1104 1450/1555/1459 
f 1450/1555/1459 1095/1200/1104 1105/1210/1114 
f 1450/1555/1459 1105/1210/1114 1110/1215/1119 
f 1110/1215/1119 1105/1210/1114 1106/1211/1115 
f 1150/1255/1159 1170/1275/1179 1148/1253/1157 
f 1148/1253/1157 1170/1275/1179 1169/1274/1178 
f 1148/1253/1157 1169/1274/1178 1452/1557/1461 
f 1452/1557/1461 1169/1274/1178 1178/1283/1187 
f 1452/1557/1461 1178/1283/1187 1449/1554/1458 
f 1452/1557/1461 1449/1554/1458 1148/1253/1157 
f 1148/1253/1157 1449/1554/1458 1453/1558/1462 
f 1148/1253/1157 1453/1558/1462 1122/1227/1131 
f 1122/1227/1131 1453/1558/1462 1112/1217/1121 
f 1112/1217/1121 1453/1558/1462 1449/1554/1458 
f 1112/1217/1121 1449/1554/1458 1454/1559/1463 
f 1454/1559/1463 1449/1554/1458 1450/1555/1459 
f 1454/1559/1463 1450/1555/1459 1110/1215/1119 
f 1454/1559/1463 1110/1215/1119 1112/1217/1121 
f 1455/1560/1464 1456/1561/1465 1457/1562/1466 
f 1458/1563/1467 1455/1560/1464 1459/1564/1468 
f 1459/1564/1468 1455/1560/1464 1460/1565/1469 
f 1460/1565/1469 1455/1560/1464 1457/1562/1466 
f 1460/1565/1469 1457/1562/1466 1461/1566/1470 
f 1460/1565/1469 1461/1566/1470 1462/1567/1471 
f 1460/1565/1469 1462/1567/1471 1463/1568/1472 
f 1459/1564/1468 1460/1565/1469 1464/1569/1473 
f 1464/1569/1473 1460/1565/1469 1465/1570/1474 
f 1465/1570/1474 1460/1565/1469 1466/1571/1475 
f 1466/1571/1475 1460/1565/1469 1463/1568/1472 
f 1466/1571/1475 1463/1568/1472 1467/1572/1476 
f 1467/1572/1476 1463/1568/1472 1462/1567/1471 
f 1467/1572/1476 1462/1567/1471 1468/1573/1477 
f 1468/1573/1477 1462/1567/1471 1469/1574/1478 
f 1469/1574/1478 1462/1567/1471 1461/1566/1470 
f 1469/1574/1478 1461/1566/1470 1470/1575/1479 
f 1469/1574/1478 1470/1575/1479 1471/1576/1480 
f 1471/1576/1480 1470/1575/1479 1472/1577/1481 
f 1472/1577/1481 1470/1575/1479 1473/1578/1482 
f 1472/1577/1481 1473/1578/1482 1474/1579/1483 
f 1475/1580/1484 1476/1581/1485 1477/1582/1486 
f 1477/1582/1486 1476/1581/1485 1478/1583/1487 
f 1477/1582/1486 1478/1583/1487 1479/1584/1488 
f 1479/1584/1488 1478/1583/1487 1480/1585/1489 
f 1479/1584/1488 1480/1585/1489 1481/1586/1490 
f 1481/1586/1490 1480/1585/1489 1467/1572/1476 
f 1467/1572/1476 1480/1585/1489 1466/1571/1475 
f 1466/1571/1475 1480/1585/1489 1478/1583/1487 
f 1466/1571/1475 1478/1583/1487 1482/1587/1491 
f 1466/1571/1475 1482/1587/1491 1483/1588/1492 
f 1466/1571/1475 1483/1588/1492 1465/1570/1474 
f 1465/1570/1474 1483/1588/1492 1464/1569/1473 
f 1464/1569/1473 1483/1588/1492 1484/1589/1493 
f 1464/1569/1473 1484/1589/1493 1485/1590/1494 
f 1472/1577/1481 1474/1579/1483 1486/1591/1495 
f 1486/1591/1495 1474/1579/1483 1487/1592/1496 
f 1487/1592/1496 1474/1579/1483 1488/1593/1497 
f 1487/1592/1496 1488/1593/1497 1489/1594/1498 
f 1487/1592/1496 1489/1594/1498 1490/1595/1499 
f 1490/1595/1499 1489/1594/1498 1491/1596/1500 
f 1490/1595/1499 1491/1596/1500 1492/1597/1501 
f 1492/1597/1501 1491/1596/1500 1493/1598/1502 
f 1492/1597/1501 1493/1598/1502 1494/1599/1503 
f 1492/1597/1501 1494/1599/1503 1495/1600/1504 
f 1495/1600/1504 1494/1599/1503 1496/1601/1505 
f 1496/1601/1505 1494/1599/1503 1497/1602/1506 
f 1496/1601/1505 1497/1602/1506 1498/1603/1507 
f 1498/1603/1507 1497/1602/1506 1499/1604/1508 
f 1500/1605/1509 1493/1598/1502 1501/1606/1510 
f 1501/1606/1510 1493/1598/1502 1491/1596/1500 
f 1501/1606/1510 1491/1596/1500 1502/1607/1511 
f 1502/1607/1511 1491/1596/1500 1489/1594/1498 
f 1502/1607/1511 1489/1594/1498 1503/1608/1512 
f 1503/1608/1512 1489/1594/1498 1504/1609/1513 
f 1504/1609/1513 1489/1594/1498 1488/1593/1497 
f 1504/1609/1513 1488/1593/1497 1474/1579/1483 
f 1504/1609/1513 1474/1579/1483 1505/1610/1514 
f 1505/1610/1514 1474/1579/1483 1456/1561/1465 
f 1456/1561/1465 1474/1579/1483 1473/1578/1482 
f 1456/1561/1465 1473/1578/1482 1470/1575/1479 
f 1456/1561/1465 1470/1575/1479 1457/1562/1466 
f 1457/1562/1466 1470/1575/1479 1461/1566/1470 
f 1455/1560/1464 1506/1611/1515 1456/1561/1465 
f 1456/1561/1465 1506/1611/1515 1507/1612/1516 
f 1456/1561/1465 1507/1612/1516 1505/1610/1514 
f 1505/1610/1514 1507/1612/1516 1504/1609/1513 
f 1504/1609/1513 1507/1612/1516 1508/1613/1517 
f 1504/1609/1513 1508/1613/1517 1509/1614/1518 
f 1504/1609/1513 1509/1614/1518 1503/1608/1512 
f 1503/1608/1512 1509/1614/1518 1510/1615/1519 
f 1503/1608/1512 1510/1615/1519 1502/1607/1511 
f 1502/1607/1511 1510/1615/1519 1511/1616/1520 
f 1502/1607/1511 1511/1616/1520 1501/1606/1510 
f 1501/1606/1510 1511/1616/1520 1512/1617/1521 
f 1501/1606/1510 1512/1617/1521 1513/1618/1522 
f 1501/1606/1510 1513/1618/1522 1500/1605/1509 
f 1514/1619/1523 1515/1620/1524 1516/1621/1525 
f 1516/1621/1525 1515/1620/1524 1517/1622/1526 
f 1516/1621/1525 1517/1622/1526 1518/1623/1527 
f 1516/1621/1525 1518/1623/1527 1519/1624/1528 
f 1519/1624/1528 1518/1623/1527 1520/1625/1529 
f 1520/1625/1529 1518/1623/1527 1521/1626/1530 
f 1520/1625/1529 1521/1626/1530 1509/1614/1518 
f 1520/1625/1529 1509/1614/1518 1508/1613/1517 
f 1520/1625/1529 1508/1613/1517 1507/1612/1516 
f 1520/1625/1529 1507/1612/1516 1522/1627/1531 
f 1522/1627/1531 1507/1612/1516 1523/1628/1532 
f 1523/1628/1532 1507/1612/1516 1506/1611/1515 
f 1523/1628/1532 1506/1611/1515 1455/1560/1464 
f 1523/1628/1532 1455/1560/1464 1524/1629/1533 
f 1525/1630/1534 1526/1631/1535 1527/1632/1536 
f 1527/1632/1536 1526/1631/1535 1528/1633/1537 
f 1527/1632/1536 1528/1633/1537 1529/1634/1538 
f 1529/1634/1538 1528/1633/1537 1530/1635/1539 
f 1530/1635/1539 1528/1633/1537 1514/1619/1523 
f 1530/1635/1539 1514/1619/1523 1516/1621/1525 
f 1530/1635/1539 1516/1621/1525 1531/1636/1540 
f 1531/1636/1540 1516/1621/1525 1532/1637/1541 
f 1532/1637/1541 1516/1621/1525 1519/1624/1528 
f 1532/1637/1541 1519/1624/1528 1520/1625/1529 
f 1520/1625/1529 1522/1627/1531 1532/1637/1541 
f 1532/1637/1541 1522/1627/1531 1523/1628/1532 
f 1532/1637/1541 1523/1628/1532 1533/1638/1542 
f 1532/1637/1541 1533/1638/1542 1534/1639/1543 
f 1532/1637/1541 1534/1639/1543 1531/1636/1540 
f 1531/1636/1540 1534/1639/1543 1530/1635/1539 
f 1530/1635/1539 1534/1639/1543 1535/1640/1544 
f 1530/1635/1539 1535/1640/1544 1536/1641/1545 
f 1530/1635/1539 1536/1641/1545 1529/1634/1538 
f 1529/1634/1538 1536/1641/1545 1527/1632/1536 
f 1527/1632/1536 1536/1641/1545 1537/1642/1546 
f 1527/1632/1536 1537/1642/1546 1538/1643/1547 
f 1527/1632/1536 1538/1643/1547 1539/1644/1548 
f 1527/1632/1536 1539/1644/1548 1525/1630/1534 
f 1524/1629/1533 1540/1645/1549 1523/1628/1532 
f 1523/1628/1532 1540/1645/1549 1533/1638/1542 
f 1533/1638/1542 1540/1645/1549 1534/1639/1543 
f 1534/1639/1543 1540/1645/1549 1541/1646/1550 
f 1534/1639/1543 1541/1646/1550 1542/1647/1551 
f 1534/1639/1543 1542/1647/1551 1535/1640/1544 
f 1535/1640/1544 1542/1647/1551 1536/1641/1545 
f 1536/1641/1545 1542/1647/1551 1543/1648/1552 
f 1536/1641/1545 1543/1648/1552 1544/1649/1553 
f 1536/1641/1545 1544/1649/1553 1537/1642/1546 
f 1537/1642/1546 1544/1649/1553 1538/1643/1547 
f 1538/1643/1547 1544/1649/1553 1545/1650/1554 
f 1538/1643/1547 1545/1650/1554 1546/1651/1555 
f 1546/1651/1555 1545/1650/1554 1547/1652/1556 
f 1547/1652/1556 1545/1650/1554 1544/1649/1553 
f 1547/1652/1556 1544/1649/1553 1548/1653/1557 
f 1548/1653/1557 1544/1649/1553 1549/1654/1558 
f 1549/1654/1558 1544/1649/1553 1543/1648/1552 
f 1549/1654/1558 1543/1648/1552 1542/1647/1551 
f 1549/1654/1558 1542/1647/1551 1550/1655/1559 
f 1550/1655/1559 1542/1647/1551 1551/1656/1560 
f 1551/1656/1560 1542/1647/1551 1541/1646/1550 
f 1551/1656/1560 1541/1646/1550 1540/1645/1549 
f 1551/1656/1560 1540/1645/1549 1552/1657/1561 
f 1552/1657/1561 1540/1645/1549 1458/1563/1467 
f 1458/1563/1467 1540/1645/1549 1524/1629/1533 
f 1458/1563/1467 1524/1629/1533 1455/1560/1464 
f 1553/1658/1562 1547/1652/1556 1554/1659/1563 
f 1554/1659/1563 1547/1652/1556 1548/1653/1557 
f 1554/1659/1563 1548/1653/1557 1549/1654/1558 
f 1554/1659/1563 1549/1654/1558 1555/1660/1564 
f 1555/1660/1564 1549/1654/1558 1556/1661/1565 
f 1556/1661/1565 1549/1654/1558 1550/1655/1559 
f 1556/1661/1565 1550/1655/1559 1551/1656/1560 
f 1556/1661/1565 1551/1656/1560 1557/1662/1566 
f 1557/1662/1566 1551/1656/1560 1558/1663/1567 
f 1558/1663/1567 1551/1656/1560 1552/1657/1561 
f 1558/1663/1567 1552/1657/1561 1458/1563/1467 
f 1558/1663/1567 1458/1563/1467 1559/1664/1568 
f 1559/1664/1568 1458/1563/1467 1464/1569/1473 
f 1464/1569/1473 1458/1563/1467 1459/1564/1468 
f 1560/1665/1569 1553/1658/1562 1561/1666/1570 
f 1561/1666/1570 1553/1658/1562 1554/1659/1563 
f 1561/1666/1570 1554/1659/1563 1562/1667/1571 
f 1562/1667/1571 1554/1659/1563 1563/1668/1572 
f 1563/1668/1572 1554/1659/1563 1555/1660/1564 
f 1563/1668/1572 1555/1660/1564 1556/1661/1565 
f 1563/1668/1572 1556/1661/1565 1564/1669/1573 
f 1564/1669/1573 1556/1661/1565 1565/1670/1574 
f 1565/1670/1574 1556/1661/1565 1557/1662/1566 
f 1565/1670/1574 1557/1662/1566 1558/1663/1567 
f 1565/1670/1574 1558/1663/1567 1566/1671/1575 
f 1566/1671/1575 1558/1663/1567 1485/1590/1494 
f 1485/1590/1494 1558/1663/1567 1559/1664/1568 
f 1485/1590/1494 1559/1664/1568 1464/1569/1473 
f 1561/1666/1570 1567/1672/1576 1560/1665/1569 
f 1560/1665/1569 1567/1672/1576 1568/1673/1577 
f 1560/1665/1569 1568/1673/1577 1569/1674/1578 
f 1569/1674/1578 1568/1673/1577 1570/1675/1579 
f 1570/1675/1579 1568/1673/1577 1571/1676/1580 
f 1570/1675/1579 1571/1676/1580 1572/1677/1581 
f 1570/1675/1579 1572/1677/1581 1573/1678/1582 
f 1570/1675/1579 1573/1678/1582 1574/1679/1583 
f 1570/1675/1579 1574/1679/1583 1575/1680/1584 
f 1575/1680/1584 1574/1679/1583 1576/1681/1585 
f 1576/1681/1585 1574/1679/1583 1577/1682/1586 
f 1576/1681/1585 1577/1682/1586 1578/1683/1587 
f 1576/1681/1585 1578/1683/1587 1579/1684/1588 
f 1579/1684/1588 1578/1683/1587 1580/1685/1589 
f 1581/1686/1590 1582/1687/1591 1580/1685/1589 
f 1580/1685/1589 1582/1687/1591 1583/1688/1592 
f 1580/1685/1589 1583/1688/1592 1584/1689/1593 
f 1580/1685/1589 1584/1689/1593 1579/1684/1588 
f 1579/1684/1588 1584/1689/1593 1576/1681/1585 
f 1576/1681/1585 1584/1689/1593 1585/1690/1594 
f 1576/1681/1585 1585/1690/1594 1586/1691/1595 
f 1576/1681/1585 1586/1691/1595 1575/1680/1584 
f 1575/1680/1584 1586/1691/1595 1570/1675/1579 
f 1570/1675/1579 1586/1691/1595 1569/1674/1578 
f 1569/1674/1578 1586/1691/1595 1560/1665/1569 
f 1560/1665/1569 1586/1691/1595 1587/1692/1596 
f 1560/1665/1569 1587/1692/1596 1547/1652/1556 
f 1560/1665/1569 1547/1652/1556 1553/1658/1562 
f 1547/1652/1556 1587/1692/1596 1546/1651/1555 
f 1546/1651/1555 1587/1692/1596 1586/1691/1595 
f 1546/1651/1555 1586/1691/1595 1585/1690/1594 
f 1546/1651/1555 1585/1690/1594 1584/1689/1593 
f 1546/1651/1555 1584/1689/1593 1588/1693/1597 
f 1588/1693/1597 1584/1689/1593 1589/1694/1598 
f 1589/1694/1598 1584/1689/1593 1583/1688/1592 
f 1589/1694/1598 1583/1688/1592 1582/1687/1591 
f 1589/1694/1598 1582/1687/1591 1590/1695/1599 
f 1590/1695/1599 1582/1687/1591 1591/1696/1600 
f 1591/1696/1600 1582/1687/1591 1592/1697/1601 
f 1591/1696/1600 1592/1697/1601 1593/1698/1602 
f 1591/1696/1600 1593/1698/1602 1594/1699/1603 
f 1594/1699/1603 1593/1698/1602 1595/1700/1604 
f 1546/1651/1555 1588/1693/1597 1538/1643/1547 
f 1538/1643/1547 1588/1693/1597 1589/1694/1598 
f 1538/1643/1547 1589/1694/1598 1539/1644/1548 
f 1539/1644/1548 1589/1694/1598 1525/1630/1534 
f 1525/1630/1534 1589/1694/1598 1590/1695/1599 
f 1525/1630/1534 1590/1695/1599 1591/1696/1600 
f 1525/1630/1534 1591/1696/1600 1596/1701/1605 
f 1525/1630/1534 1596/1701/1605 1597/1702/1606 
f 1525/1630/1534 1597/1702/1606 1598/1703/1607 
f 1525/1630/1534 1598/1703/1607 1526/1631/1535 
f 1526/1631/1535 1598/1703/1607 1528/1633/1537 
f 1528/1633/1537 1598/1703/1607 1599/1704/1608 
f 1528/1633/1537 1599/1704/1608 1515/1620/1524 
f 1528/1633/1537 1515/1620/1524 1514/1619/1523 
f 1600/1705/1609 1601/1706/1610 1598/1703/1607 
f 1598/1703/1607 1601/1706/1610 1602/1707/1611 
f 1598/1703/1607 1602/1707/1611 1599/1704/1608 
f 1599/1704/1608 1602/1707/1611 1515/1620/1524 
f 1515/1620/1524 1602/1707/1611 1603/1708/1612 
f 1515/1620/1524 1603/1708/1612 1604/1709/1613 
f 1515/1620/1524 1604/1709/1613 1517/1622/1526 
f 1517/1622/1526 1604/1709/1613 1518/1623/1527 
f 1518/1623/1527 1604/1709/1613 1605/1710/1614 
f 1518/1623/1527 1605/1710/1614 1606/1711/1615 
f 1518/1623/1527 1606/1711/1615 1521/1626/1530 
f 1521/1626/1530 1606/1711/1615 1509/1614/1518 
f 1509/1614/1518 1606/1711/1615 1607/1712/1616 
f 1509/1614/1518 1607/1712/1616 1510/1615/1519 
f 1604/1709/1613 1608/1713/1617 1605/1710/1614 
f 1605/1710/1614 1608/1713/1617 1606/1711/1615 
f 1606/1711/1615 1608/1713/1617 1609/1714/1618 
f 1606/1711/1615 1609/1714/1618 1610/1715/1619 
f 1606/1711/1615 1610/1715/1619 1607/1712/1616 
f 1607/1712/1616 1610/1715/1619 1611/1716/1620 
f 1607/1712/1616 1611/1716/1620 1510/1615/1519 
f 1510/1615/1519 1611/1716/1620 1511/1616/1520 
f 1612/1717/1621 1511/1616/1520 1613/1718/1622 
f 1613/1718/1622 1511/1616/1520 1614/1719/1623 
f 1614/1719/1623 1511/1616/1520 1611/1716/1620 
f 1614/1719/1623 1611/1716/1620 1610/1715/1619 
f 1614/1719/1623 1610/1715/1619 1615/1720/1624 
f 1615/1720/1624 1610/1715/1619 1616/1721/1625 
f 1616/1721/1625 1610/1715/1619 1609/1714/1618 
f 1616/1721/1625 1609/1714/1618 1608/1713/1617 
f 1616/1721/1625 1608/1713/1617 1617/1722/1626 
f 1617/1722/1626 1608/1713/1617 1618/1723/1627 
f 1618/1723/1627 1608/1713/1617 1619/1724/1628 
f 1618/1723/1627 1619/1724/1628 1620/1725/1629 
f 1618/1723/1627 1620/1725/1629 1621/1726/1630 
f 1621/1726/1630 1620/1725/1629 1622/1727/1631 
f 1623/1728/1632 1614/1719/1623 1624/1729/1633 
f 1624/1729/1633 1614/1719/1623 1615/1720/1624 
f 1624/1729/1633 1615/1720/1624 1616/1721/1625 
f 1624/1729/1633 1616/1721/1625 1625/1730/1634 
f 1625/1730/1634 1616/1721/1625 1626/1731/1635 
f 1626/1731/1635 1616/1721/1625 1617/1722/1626 
f 1626/1731/1635 1617/1722/1626 1618/1723/1627 
f 1626/1731/1635 1618/1723/1627 1627/1732/1636 
f 1627/1732/1636 1618/1723/1627 1628/1733/1637 
f 1628/1733/1637 1618/1723/1627 1621/1726/1630 
f 1628/1733/1637 1621/1726/1630 1622/1727/1631 
f 1628/1733/1637 1622/1727/1631 1629/1734/1638 
f 1629/1734/1638 1622/1727/1631 1630/1735/1639 
f 1630/1735/1639 1622/1727/1631 1631/1736/1640 
f 1620/1725/1629 1632/1737/1641 1622/1727/1631 
f 1622/1727/1631 1632/1737/1641 1633/1738/1642 
f 1622/1727/1631 1633/1738/1642 1631/1736/1640 
f 1631/1736/1640 1633/1738/1642 1634/1739/1643 
f 1634/1739/1643 1633/1738/1642 1635/1740/1644 
f 1634/1739/1643 1635/1740/1644 1636/1741/1645 
f 1634/1739/1643 1636/1741/1645 1637/1742/1646 
f 1637/1742/1646 1636/1741/1645 1638/1743/1647 
f 1638/1743/1647 1636/1741/1645 1639/1744/1648 
f 1638/1743/1647 1639/1744/1648 1640/1745/1649 
f 1638/1743/1647 1640/1745/1649 1641/1746/1650 
f 1641/1746/1650 1640/1745/1649 1642/1747/1651 
f 1642/1747/1651 1640/1745/1649 1643/1748/1652 
f 1642/1747/1651 1643/1748/1652 1644/1749/1653 
f 1631/1736/1640 1634/1739/1643 1630/1735/1639 
f 1630/1735/1639 1634/1739/1643 1645/1750/1654 
f 1645/1750/1654 1634/1739/1643 1646/1751/1655 
f 1646/1751/1655 1634/1739/1643 1637/1742/1646 
f 1646/1751/1655 1637/1742/1646 1638/1743/1647 
f 1646/1751/1655 1638/1743/1647 1647/1752/1656 
f 1647/1752/1656 1638/1743/1647 1648/1753/1657 
f 1648/1753/1657 1638/1743/1647 1641/1746/1650 
f 1648/1753/1657 1641/1746/1650 1642/1747/1651 
f 1648/1753/1657 1642/1747/1651 1649/1754/1658 
f 1649/1754/1658 1642/1747/1651 1650/1755/1659 
f 1650/1755/1659 1642/1747/1651 1651/1756/1660 
f 1650/1755/1659 1651/1756/1660 1652/1757/1661 
f 1650/1755/1659 1652/1757/1661 1653/1758/1662 
f 1642/1747/1651 1644/1749/1653 1651/1756/1660 
f 1651/1756/1660 1644/1749/1653 1652/1757/1661 
f 1652/1757/1661 1644/1749/1653 1654/1759/1663 
f 1652/1757/1661 1654/1759/1663 1655/1760/1664 
f 1652/1757/1661 1655/1760/1664 1656/1761/1665 
f 1656/1761/1665 1655/1760/1664 1657/1762/1666 
f 1657/1762/1666 1655/1760/1664 1658/1763/1667 
f 1657/1762/1666 1658/1763/1667 1659/1764/1668 
f 1657/1762/1666 1659/1764/1668 1660/1765/1669 
f 1660/1765/1669 1659/1764/1668 1661/1766/1670 
f 1661/1766/1670 1659/1764/1668 1662/1767/1671 
f 1661/1766/1670 1662/1767/1671 1663/1768/1672 
f 1661/1766/1670 1663/1768/1672 1664/1769/1673 
f 1664/1769/1673 1663/1768/1672 1665/1770/1674 
f 1653/1758/1662 1652/1757/1661 1666/1771/1675 
f 1666/1771/1675 1652/1757/1661 1656/1761/1665 
f 1666/1771/1675 1656/1761/1665 1657/1762/1666 
f 1666/1771/1675 1657/1762/1666 1667/1772/1676 
f 1667/1772/1676 1657/1762/1666 1668/1773/1677 
f 1668/1773/1677 1657/1762/1666 1660/1765/1669 
f 1668/1773/1677 1660/1765/1669 1661/1766/1670 
f 1668/1773/1677 1661/1766/1670 1669/1774/1678 
f 1669/1774/1678 1661/1766/1670 1670/1775/1679 
f 1670/1775/1679 1661/1766/1670 1664/1769/1673 
f 1670/1775/1679 1664/1769/1673 1665/1770/1674 
f 1670/1775/1679 1665/1770/1674 1671/1776/1680 
f 1671/1776/1680 1665/1770/1674 1672/1777/1681 
f 1672/1777/1681 1665/1770/1674 1673/1778/1682 
f 1663/1768/1672 1674/1779/1683 1665/1770/1674 
f 1665/1770/1674 1674/1779/1683 1675/1780/1684 
f 1665/1770/1674 1675/1780/1684 1673/1778/1682 
f 1673/1778/1682 1675/1780/1684 1676/1781/1685 
f 1676/1781/1685 1675/1780/1684 1677/1782/1686 
f 1676/1781/1685 1677/1782/1686 1678/1783/1687 
f 1676/1781/1685 1678/1783/1687 1679/1784/1688 
f 1679/1784/1688 1678/1783/1687 1680/1785/1689 
f 1680/1785/1689 1678/1783/1687 1681/1786/1690 
f 1680/1785/1689 1681/1786/1690 1682/1787/1691 
f 1680/1785/1689 1682/1787/1691 1683/1788/1692 
f 1683/1788/1692 1682/1787/1691 1684/1789/1693 
f 1684/1789/1693 1682/1787/1691 1685/1790/1694 
f 1684/1789/1693 1685/1790/1694 1686/1791/1695 
f 1673/1778/1682 1676/1781/1685 1672/1777/1681 
f 1672/1777/1681 1676/1781/1685 1687/1792/1696 
f 1687/1792/1696 1676/1781/1685 1688/1793/1697 
f 1688/1793/1697 1676/1781/1685 1679/1784/1688 
f 1688/1793/1697 1679/1784/1688 1680/1785/1689 
f 1688/1793/1697 1680/1785/1689 1689/1794/1698 
f 1689/1794/1698 1680/1785/1689 1690/1795/1699 
f 1690/1795/1699 1680/1785/1689 1683/1788/1692 
f 1690/1795/1699 1683/1788/1692 1684/1789/1693 
f 1690/1795/1699 1684/1789/1693 1691/1796/1700 
f 1691/1796/1700 1684/1789/1693 1692/1797/1701 
f 1692/1797/1701 1684/1789/1693 1693/1798/1702 
f 1692/1797/1701 1693/1798/1702 1694/1799/1703 
f 1692/1797/1701 1694/1799/1703 1695/1800/1704 
f 1684/1789/1693 1686/1791/1695 1693/1798/1702 
f 1693/1798/1702 1686/1791/1695 1694/1799/1703 
f 1694/1799/1703 1686/1791/1695 1696/1801/1705 
f 1694/1799/1703 1696/1801/1705 1697/1802/1706 
f 1694/1799/1703 1697/1802/1706 1698/1803/1707 
f 1698/1803/1707 1697/1802/1706 1699/1804/1708 
f 1699/1804/1708 1697/1802/1706 1700/1805/1709 
f 1699/1804/1708 1700/1805/1709 1701/1806/1710 
f 1699/1804/1708 1701/1806/1710 1702/1807/1711 
f 1702/1807/1711 1701/1806/1710 1703/1808/1712 
f 1703/1808/1712 1701/1806/1710 1704/1809/1713 
f 1703/1808/1712 1704/1809/1713 1705/1810/1714 
f 1703/1808/1712 1705/1810/1714 1706/1811/1715 
f 1706/1811/1715 1705/1810/1714 1707/1812/1716 
f 1695/1800/1704 1694/1799/1703 1708/1813/1717 
f 1708/1813/1717 1694/1799/1703 1698/1803/1707 
f 1708/1813/1717 1698/1803/1707 1699/1804/1708 
f 1708/1813/1717 1699/1804/1708 1709/1814/1718 
f 1709/1814/1718 1699/1804/1708 1710/1815/1719 
f 1710/1815/1719 1699/1804/1708 1702/1807/1711 
f 1710/1815/1719 1702/1807/1711 1703/1808/1712 
f 1710/1815/1719 1703/1808/1712 1711/1816/1720 
f 1711/1816/1720 1703/1808/1712 1712/1817/1721 
f 1712/1817/1721 1703/1808/1712 1706/1811/1715 
f 1712/1817/1721 1706/1811/1715 1707/1812/1716 
f 1712/1817/1721 1707/1812/1716 1713/1818/1722 
f 1713/1818/1722 1707/1812/1716 1714/1819/1723 
f 1714/1819/1723 1707/1812/1716 1715/1820/1724 
f 1705/1810/1714 1716/1821/1725 1707/1812/1716 
f 1707/1812/1716 1716/1821/1725 1717/1822/1726 
f 1707/1812/1716 1717/1822/1726 1715/1820/1724 
f 1715/1820/1724 1717/1822/1726 1718/1823/1727 
f 1718/1823/1727 1717/1822/1726 1719/1824/1728 
f 1718/1823/1727 1719/1824/1728 1720/1825/1729 
f 1718/1823/1727 1720/1825/1729 1721/1826/1730 
f 1721/1826/1730 1720/1825/1729 1722/1827/1731 
f 1722/1827/1731 1720/1825/1729 1723/1828/1732 
f 1722/1827/1731 1723/1828/1732 1724/1829/1733 
f 1722/1827/1731 1724/1829/1733 1725/1830/1734 
f 1725/1830/1734 1724/1829/1733 1726/1831/1735 
f 1726/1831/1735 1724/1829/1733 1727/1832/1736 
f 1726/1831/1735 1727/1832/1736 1728/1833/1737 
f 1715/1820/1724 1718/1823/1727 1714/1819/1723 
f 1714/1819/1723 1718/1823/1727 1729/1834/1738 
f 1729/1834/1738 1718/1823/1727 1730/1835/1739 
f 1730/1835/1739 1718/1823/1727 1721/1826/1730 
f 1730/1835/1739 1721/1826/1730 1722/1827/1731 
f 1730/1835/1739 1722/1827/1731 1731/1836/1740 
f 1731/1836/1740 1722/1827/1731 1732/1837/1741 
f 1732/1837/1741 1722/1827/1731 1725/1830/1734 
f 1732/1837/1741 1725/1830/1734 1726/1831/1735 
f 1732/1837/1741 1726/1831/1735 1733/1838/1742 
f 1733/1838/1742 1726/1831/1735 1734/1839/1743 
f 1734/1839/1743 1726/1831/1735 1735/1840/1744 
f 1734/1839/1743 1735/1840/1744 1736/1841/1745 
f 1734/1839/1743 1736/1841/1745 1737/1842/1746 
f 1726/1831/1735 1728/1833/1737 1735/1840/1744 
f 1735/1840/1744 1728/1833/1737 1736/1841/1745 
f 1736/1841/1745 1728/1833/1737 1738/1843/1747 
f 1736/1841/1745 1738/1843/1747 1739/1844/1748 
f 1736/1841/1745 1739/1844/1748 1740/1845/1749 
f 1740/1845/1749 1739/1844/1748 1741/1846/1750 
f 1741/1846/1750 1739/1844/1748 1742/1847/1751 
f 1741/1846/1750 1742/1847/1751 1743/1848/1752 
f 1741/1846/1750 1743/1848/1752 1744/1849/1753 
f 1744/1849/1753 1743/1848/1752 1745/1850/1754 
f 1745/1850/1754 1743/1848/1752 1746/1851/1755 
f 1745/1850/1754 1746/1851/1755 1747/1852/1756 
f 1745/1850/1754 1747/1852/1756 1748/1853/1757 
f 1748/1853/1757 1747/1852/1756 1749/1854/1758 
f 1737/1842/1746 1736/1841/1745 1750/1855/1759 
f 1750/1855/1759 1736/1841/1745 1740/1845/1749 
f 1750/1855/1759 1740/1845/1749 1741/1846/1750 
f 1750/1855/1759 1741/1846/1750 1751/1856/1760 
f 1751/1856/1760 1741/1846/1750 1752/1857/1761 
f 1752/1857/1761 1741/1846/1750 1744/1849/1753 
f 1752/1857/1761 1744/1849/1753 1745/1850/1754 
f 1752/1857/1761 1745/1850/1754 1753/1858/1762 
f 1753/1858/1762 1745/1850/1754 1754/1859/1763 
f 1754/1859/1763 1745/1850/1754 1748/1853/1757 
f 1754/1859/1763 1748/1853/1757 1749/1854/1758 
f 1754/1859/1763 1749/1854/1758 1755/1860/1764 
f 1755/1860/1764 1749/1854/1758 1756/1861/1765 
f 1756/1861/1765 1749/1854/1758 1757/1862/1766 
f 1747/1852/1756 1758/1863/1767 1749/1854/1758 
f 1749/1854/1758 1758/1863/1767 1759/1864/1768 
f 1749/1854/1758 1759/1864/1768 1757/1862/1766 
f 1757/1862/1766 1759/1864/1768 1760/1865/1769 
f 1760/1865/1769 1759/1864/1768 1761/1866/1770 
f 1760/1865/1769 1761/1866/1770 1762/1867/1771 
f 1760/1865/1769 1762/1867/1771 1763/1868/1772 
f 1763/1868/1772 1762/1867/1771 1764/1869/1773 
f 1764/1869/1773 1762/1867/1771 1765/1870/1774 
f 1764/1869/1773 1765/1870/1774 1766/1871/1775 
f 1764/1869/1773 1766/1871/1775 1767/1872/1776 
f 1767/1872/1776 1766/1871/1775 208/222/1777 
f 208/222/1777 1766/1871/1775 209/223/1778 
f 209/223/1778 1766/1871/1775 212/226/1779 
f 1757/1862/1766 1760/1865/1769 1756/1861/1765 
f 1756/1861/1765 1760/1865/1769 1768/1873/1780 
f 1768/1873/1780 1760/1865/1769 1769/1874/1781 
f 1769/1874/1781 1760/1865/1769 1763/1868/1772 
f 1769/1874/1781 1763/1868/1772 1764/1869/1773 
f 1769/1874/1781 1764/1869/1773 1770/1875/1782 
f 1770/1875/1782 1764/1869/1773 1771/1876/1783 
f 1771/1876/1783 1764/1869/1773 1767/1872/1776 
f 1771/1876/1783 1767/1872/1776 208/222/1777 
f 1771/1876/1783 208/222/1777 206/220/1784 
f 1766/1871/1775 1772/1877/1785 212/226/1779 
f 212/226/1779 1772/1877/1785 1773/1878/1786 
f 212/226/1779 1773/1878/1786 214/228/1787 
f 214/228/1787 1773/1878/1786 215/229/1788 
f 215/229/1788 1773/1878/1786 1774/1879/1789 
f 215/229/1788 1774/1879/1789 1775/1880/1790 
f 215/229/1788 1775/1880/1790 217/231/1791 
f 217/231/1791 1775/1880/1790 218/232/1792 
f 218/232/1792 1775/1880/1790 1776/1881/1793 
f 1776/1881/1793 1775/1880/1790 1777/1882/1794 
f 1777/1882/1794 1775/1880/1790 1778/1883/1795 
f 1777/1882/1794 1778/1883/1795 1779/1884/1796 
f 1777/1882/1794 1779/1884/1796 1780/1885/1797 
f 1780/1885/1797 1779/1884/1796 1781/1886/1798 
f 1782/1887/1799 1783/1888/1800 1762/1867/1771 
f 1762/1867/1771 1783/1888/1800 1784/1889/1801 
f 1762/1867/1771 1784/1889/1801 1765/1870/1774 
f 1765/1870/1774 1784/1889/1801 1766/1871/1775 
f 1766/1871/1775 1784/1889/1801 1772/1877/1785 
f 1772/1877/1785 1784/1889/1801 1773/1878/1786 
f 1773/1878/1786 1784/1889/1801 1785/1890/1802 
f 1773/1878/1786 1785/1890/1802 1786/1891/1803 
f 1773/1878/1786 1786/1891/1803 1774/1879/1789 
f 1774/1879/1789 1786/1891/1803 1775/1880/1790 
f 1775/1880/1790 1786/1891/1803 1778/1883/1795 
f 1778/1883/1795 1786/1891/1803 1779/1884/1796 
f 1779/1884/1796 1786/1891/1803 1787/1892/1804 
f 1779/1884/1796 1787/1892/1804 1788/1893/1805 
f 1789/1894/1806 1790/1895/1807 1782/1887/1799 
f 1782/1887/1799 1790/1895/1807 1791/1896/1808 
f 1782/1887/1799 1791/1896/1808 1792/1897/1809 
f 1782/1887/1799 1792/1897/1809 1783/1888/1800 
f 1783/1888/1800 1792/1897/1809 1784/1889/1801 
f 1784/1889/1801 1792/1897/1809 1785/1890/1802 
f 1785/1890/1802 1792/1897/1809 1786/1891/1803 
f 1786/1891/1803 1792/1897/1809 1787/1892/1804 
f 1787/1892/1804 1792/1897/1809 1788/1893/1805 
f 1788/1893/1805 1792/1897/1809 1791/1896/1808 
f 1788/1893/1805 1791/1896/1808 1790/1895/1807 
f 1788/1893/1805 1790/1895/1807 1793/1898/1810 
f 1793/1898/1810 1790/1895/1807 1794/1899/1811 
f 1794/1899/1811 1790/1895/1807 1795/1900/1812 
f 1762/1867/1771 1761/1866/1770 1782/1887/1799 
f 1782/1887/1799 1761/1866/1770 1759/1864/1768 
f 1782/1887/1799 1759/1864/1768 1789/1894/1806 
f 1789/1894/1806 1759/1864/1768 1796/1901/1813 
f 1796/1901/1813 1759/1864/1768 1758/1863/1767 
f 1796/1901/1813 1758/1863/1767 1747/1852/1756 
f 1796/1901/1813 1747/1852/1756 1797/1902/1814 
f 1797/1902/1814 1747/1852/1756 1798/1903/1815 
f 1798/1903/1815 1747/1852/1756 1746/1851/1755 
f 1798/1903/1815 1746/1851/1755 1743/1848/1752 
f 1798/1903/1815 1743/1848/1752 1799/1904/1816 
f 1799/1904/1816 1743/1848/1752 1800/1905/1817 
f 1800/1905/1817 1743/1848/1752 1742/1847/1751 
f 1800/1905/1817 1742/1847/1751 1739/1844/1748 
f 1801/1906/1818 1802/1907/1819 1803/1908/1820 
f 1803/1908/1820 1802/1907/1819 1804/1909/1821 
f 1804/1909/1821 1802/1907/1819 1805/1910/1822 
f 1804/1909/1821 1805/1910/1822 1800/1905/1817 
f 1800/1905/1817 1805/1910/1822 1806/1911/1823 
f 1800/1905/1817 1806/1911/1823 1799/1904/1816 
f 1799/1904/1816 1806/1911/1823 1798/1903/1815 
f 1798/1903/1815 1806/1911/1823 1807/1912/1824 
f 1798/1903/1815 1807/1912/1824 1808/1913/1825 
f 1798/1903/1815 1808/1913/1825 1797/1902/1814 
f 1797/1902/1814 1808/1913/1825 1796/1901/1813 
f 1796/1901/1813 1808/1913/1825 1795/1900/1812 
f 1796/1901/1813 1795/1900/1812 1790/1895/1807 
f 1796/1901/1813 1790/1895/1807 1789/1894/1806 
f 1795/1900/1812 1808/1913/1825 1794/1899/1811 
f 1794/1899/1811 1808/1913/1825 1809/1914/1826 
f 1809/1914/1826 1808/1913/1825 1810/1915/1827 
f 1810/1915/1827 1808/1913/1825 1807/1912/1824 
f 1810/1915/1827 1807/1912/1824 1806/1911/1823 
f 1810/1915/1827 1806/1911/1823 1811/1916/1828 
f 1811/1916/1828 1806/1911/1823 1802/1907/1819 
f 1802/1907/1819 1806/1911/1823 1805/1910/1822 
f 1801/1906/1818 1812/1917/1829 1802/1907/1819 
f 1802/1907/1819 1812/1917/1829 1813/1918/1830 
f 1802/1907/1819 1813/1918/1830 1811/1916/1828 
f 1811/1916/1828 1813/1918/1830 1810/1915/1827 
f 1810/1915/1827 1813/1918/1830 1814/1919/1831 
f 1810/1915/1827 1814/1919/1831 1815/1920/1832 
f 1810/1915/1827 1815/1920/1832 1809/1914/1826 
f 1809/1914/1826 1815/1920/1832 1794/1899/1811 
f 1794/1899/1811 1815/1920/1832 1816/1921/1833 
f 1794/1899/1811 1816/1921/1833 1817/1922/1834 
f 1794/1899/1811 1817/1922/1834 1793/1898/1810 
f 1793/1898/1810 1817/1922/1834 1788/1893/1805 
f 1788/1893/1805 1817/1922/1834 1818/1923/1835 
f 1788/1893/1805 1818/1923/1835 1779/1884/1796 
f 1779/1884/1796 1818/1923/1835 1781/1886/1798 
f 1781/1886/1798 1818/1923/1835 1817/1922/1834 
f 1781/1886/1798 1817/1922/1834 1819/1924/1836 
f 1819/1924/1836 1817/1922/1834 1820/1925/1837 
f 1820/1925/1837 1817/1922/1834 1816/1921/1833 
f 1820/1925/1837 1816/1921/1833 1815/1920/1832 
f 1820/1925/1837 1815/1920/1832 1821/1926/1838 
f 1821/1926/1838 1815/1920/1832 1822/1927/1839 
f 1822/1927/1839 1815/1920/1832 1814/1919/1831 
f 1822/1927/1839 1814/1919/1831 1813/1918/1830 
f 1822/1927/1839 1813/1918/1830 1823/1928/1840 
f 1823/1928/1840 1813/1918/1830 1824/1929/1841 
f 1824/1929/1841 1813/1918/1830 1812/1917/1829 
f 1824/1929/1841 1812/1917/1829 1801/1906/1818 
f 1824/1929/1841 1801/1906/1818 1825/1930/1842 
f 1825/1930/1842 1801/1906/1818 1826/1931/1843 
f 1826/1931/1843 1801/1906/1818 1827/1932/1844 
f 1827/1932/1844 1801/1906/1818 1828/1933/1845 
f 1828/1933/1845 1801/1906/1818 1803/1908/1820 
f 1828/1933/1845 1803/1908/1820 1829/1934/1846 
f 1829/1934/1846 1803/1908/1820 1830/1935/1847 
f 1830/1935/1847 1803/1908/1820 1804/1909/1821 
f 1830/1935/1847 1804/1909/1821 1831/1936/1848 
f 1830/1935/1847 1831/1936/1848 1832/1937/1849 
f 1832/1937/1849 1831/1936/1848 1833/1938/1850 
f 1832/1937/1849 1833/1938/1850 1834/1939/1851 
f 1834/1939/1851 1833/1938/1850 1835/1940/1852 
f 1834/1939/1851 1835/1940/1852 1836/1941/1853 
f 1837/1942/1854 1838/1943/1855 1839/1944/1856 
f 1839/1944/1856 1838/1943/1855 1840/1945/1857 
f 1840/1945/1857 1838/1943/1855 1841/1946/1858 
f 1840/1945/1857 1841/1946/1858 1836/1941/1853 
f 1840/1945/1857 1836/1941/1853 1842/1947/1859 
f 1842/1947/1859 1836/1941/1853 1843/1948/1860 
f 1843/1948/1860 1836/1941/1853 1835/1940/1852 
f 1843/1948/1860 1835/1940/1852 1833/1938/1850 
f 1843/1948/1860 1833/1938/1850 1844/1949/1861 
f 1844/1949/1861 1833/1938/1850 1845/1950/1862 
f 1845/1950/1862 1833/1938/1850 1831/1936/1848 
f 1845/1950/1862 1831/1936/1848 1846/1951/1863 
f 1846/1951/1863 1831/1936/1848 1804/1909/1821 
f 1846/1951/1863 1804/1909/1821 1800/1905/1817 
f 1800/1905/1817 1739/1844/1748 1846/1951/1863 
f 1846/1951/1863 1739/1844/1748 1738/1843/1747 
f 1846/1951/1863 1738/1843/1747 1728/1833/1737 
f 1846/1951/1863 1728/1833/1737 1845/1950/1862 
f 1845/1950/1862 1728/1833/1737 1847/1952/1864 
f 1845/1950/1862 1847/1952/1864 1844/1949/1861 
f 1844/1949/1861 1847/1952/1864 1848/1953/1865 
f 1844/1949/1861 1848/1953/1865 1843/1948/1860 
f 1843/1948/1860 1848/1953/1865 1849/1954/1866 
f 1843/1948/1860 1849/1954/1866 1850/1955/1867 
f 1843/1948/1860 1850/1955/1867 1842/1947/1859 
f 1842/1947/1859 1850/1955/1867 1840/1945/1857 
f 1840/1945/1857 1850/1955/1867 1851/1956/1868 
f 1840/1945/1857 1851/1956/1868 1852/1957/1869 
f 1853/1958/1870 1854/1959/1871 1855/1960/1872 
f 1855/1960/1872 1854/1959/1871 1856/1961/1873 
f 1856/1961/1873 1854/1959/1871 1857/1962/1874 
f 1856/1961/1873 1857/1962/1874 1858/1963/1875 
f 1856/1961/1873 1858/1963/1875 1859/1964/1876 
f 1859/1964/1876 1858/1963/1875 1860/1965/1877 
f 1860/1965/1877 1858/1963/1875 1861/1966/1878 
f 1860/1965/1877 1861/1966/1878 1848/1953/1865 
f 1848/1953/1865 1861/1966/1878 1862/1967/1879 
f 1848/1953/1865 1862/1967/1879 1849/1954/1866 
f 1849/1954/1866 1862/1967/1879 1850/1955/1867 
f 1850/1955/1867 1862/1967/1879 1863/1968/1880 
f 1850/1955/1867 1863/1968/1880 1864/1969/1881 
f 1850/1955/1867 1864/1969/1881 1851/1956/1868 
f 1865/1970/1882 1866/1971/1883 1854/1959/1871 
f 1854/1959/1871 1866/1971/1883 1867/1972/1884 
f 1854/1959/1871 1867/1972/1884 1857/1962/1874 
f 1857/1962/1874 1867/1972/1884 1858/1963/1875 
f 1858/1963/1875 1867/1972/1884 1868/1973/1885 
f 1858/1963/1875 1868/1973/1885 1862/1967/1879 
f 1858/1963/1875 1862/1967/1879 1861/1966/1878 
f 1862/1967/1879 1868/1973/1885 1869/1974/1886 
f 1869/1974/1886 1868/1973/1885 1867/1972/1884 
f 1869/1974/1886 1867/1972/1884 1870/1975/1887 
f 1870/1975/1887 1867/1972/1884 1871/1976/1888 
f 1871/1976/1888 1867/1972/1884 1866/1971/1883 
f 1871/1976/1888 1866/1971/1883 1865/1970/1882 
f 1871/1976/1888 1865/1970/1882 1872/1977/1889 
f 1872/1977/1889 1865/1970/1882 1873/1978/1890 
f 1873/1978/1890 1865/1970/1882 1874/1979/1891 
f 1873/1978/1890 1874/1979/1891 1875/1980/1892 
f 1873/1978/1890 1875/1980/1892 1876/1981/1893 
f 1873/1978/1890 1876/1981/1893 1877/1982/1894 
f 1873/1978/1890 1877/1982/1894 1878/1983/1895 
f 1873/1978/1890 1878/1983/1895 1879/1984/1896 
f 1873/1978/1890 1879/1984/1896 1872/1977/1889 
f 1872/1977/1889 1879/1984/1896 1871/1976/1888 
f 1871/1976/1888 1879/1984/1896 1880/1985/1897 
f 1871/1976/1888 1880/1985/1897 1881/1986/1898 
f 1871/1976/1888 1881/1986/1898 1870/1975/1887 
f 1870/1975/1887 1881/1986/1898 1869/1974/1886 
f 1869/1974/1886 1881/1986/1898 1882/1987/1899 
f 1869/1974/1886 1882/1987/1899 1864/1969/1881 
f 1869/1974/1886 1864/1969/1881 1863/1968/1880 
f 1869/1974/1886 1863/1968/1880 1862/1967/1879 
f 1851/1956/1868 1864/1969/1881 1852/1957/1869 
f 1852/1957/1869 1864/1969/1881 1883/1988/1900 
f 1883/1988/1900 1864/1969/1881 1884/1989/1901 
f 1884/1989/1901 1864/1969/1881 1882/1987/1899 
f 1884/1989/1901 1882/1987/1899 1881/1986/1898 
f 1884/1989/1901 1881/1986/1898 1885/1990/1902 
f 1885/1990/1902 1881/1986/1898 1886/1991/1903 
f 1886/1991/1903 1881/1986/1898 1880/1985/1897 
f 1886/1991/1903 1880/1985/1897 1879/1984/1896 
f 1886/1991/1903 1879/1984/1896 1887/1992/1904 
f 1887/1992/1904 1879/1984/1896 1888/1993/1905 
f 1888/1993/1905 1879/1984/1896 1878/1983/1895 
f 1888/1993/1905 1878/1983/1895 1877/1982/1894 
f 1888/1993/1905 1877/1982/1894 1889/1994/1906 
f 1840/1945/1857 1852/1957/1869 1839/1944/1856 
f 1839/1944/1856 1852/1957/1869 1890/1995/1907 
f 1890/1995/1907 1852/1957/1869 1891/1996/1908 
f 1891/1996/1908 1852/1957/1869 1892/1997/1909 
f 1892/1997/1909 1852/1957/1869 1883/1988/1900 
f 1892/1997/1909 1883/1988/1900 1884/1989/1901 
f 1892/1997/1909 1884/1989/1901 1893/1998/1910 
f 1893/1998/1910 1884/1989/1901 1894/1999/1911 
f 1894/1999/1911 1884/1989/1901 1885/1990/1902 
f 1894/1999/1911 1885/1990/1902 1886/1991/1903 
f 1894/1999/1911 1886/1991/1903 1895/2000/1912 
f 1895/2000/1912 1886/1991/1903 1896/2001/1913 
f 1896/2001/1913 1886/1991/1903 1887/1992/1904 
f 1896/2001/1913 1887/1992/1904 1888/1993/1905 
f 1897/2002/1914 1898/2003/1915 1899/2004/1916 
f 1899/2004/1916 1898/2003/1915 1900/2005/1917 
f 1899/2004/1916 1900/2005/1917 1901/2006/1918 
f 1901/2006/1918 1900/2005/1917 1902/2007/1919 
f 1901/2006/1918 1902/2007/1919 1890/1995/1907 
f 1901/2006/1918 1890/1995/1907 1903/2008/1920 
f 1903/2008/1920 1890/1995/1907 1904/2009/1921 
f 1904/2009/1921 1890/1995/1907 1891/1996/1908 
f 1904/2009/1921 1891/1996/1908 1892/1997/1909 
f 1904/2009/1921 1892/1997/1909 1905/2010/1922 
f 1905/2010/1922 1892/1997/1909 1906/2011/1923 
f 1906/2011/1923 1892/1997/1909 1893/1998/1910 
f 1906/2011/1923 1893/1998/1910 1894/1999/1911 
f 1906/2011/1923 1894/1999/1911 1907/2012/1924 
f 1904/2009/1921 1908/2013/1925 1903/2008/1920 
f 1903/2008/1920 1908/2013/1925 1901/2006/1918 
f 1901/2006/1918 1908/2013/1925 1909/2014/1926 
f 1901/2006/1918 1909/2014/1926 1910/2015/1927 
f 1901/2006/1918 1910/2015/1927 1899/2004/1916 
f 1899/2004/1916 1910/2015/1927 1897/2002/1914 
f 1897/2002/1914 1910/2015/1927 1911/2016/1928 
f 1911/2016/1928 1910/2015/1927 1912/2017/1929 
f 1911/2016/1928 1912/2017/1929 1913/2018/1930 
f 1914/2019/1931 1915/2020/1932 1916/2021/1933 
f 1916/2021/1933 1915/2020/1932 1917/2022/1934 
f 1916/2021/1933 1917/2022/1934 1918/2023/1935 
f 1918/2023/1935 1917/2022/1934 1919/2024/1936 
f 1919/2024/1936 1917/2022/1934 1920/2025/1937 
f 1919/2024/1936 1920/2025/1937 1921/2026/1938 
f 1919/2024/1936 1921/2026/1938 1907/2012/1924 
f 1907/2012/1924 1921/2026/1938 1906/2011/1923 
f 1906/2011/1923 1921/2026/1938 1922/2027/1939 
f 1906/2011/1923 1922/2027/1939 1923/2028/1940 
f 1906/2011/1923 1923/2028/1940 1905/2010/1922 
f 1905/2010/1922 1923/2028/1940 1904/2009/1921 
f 1904/2009/1921 1923/2028/1940 1924/2029/1941 
f 1904/2009/1921 1924/2029/1941 1908/2013/1925 
f 1907/2012/1924 1894/1999/1911 1919/2024/1936 
f 1919/2024/1936 1894/1999/1911 1895/2000/1912 
f 1919/2024/1936 1895/2000/1912 1896/2001/1913 
f 1919/2024/1936 1896/2001/1913 1918/2023/1935 
f 1918/2023/1935 1896/2001/1913 1916/2021/1933 
f 1916/2021/1933 1896/2001/1913 1925/2030/1942 
f 1916/2021/1933 1925/2030/1942 1926/2031/1943 
f 1916/2021/1933 1926/2031/1943 1927/2032/1944 
f 1927/2032/1944 1926/2031/1943 1928/2033/1945 
f 1928/2033/1945 1926/2031/1943 1929/2034/1946 
f 1928/2033/1945 1929/2034/1946 1930/2035/1947 
f 1928/2033/1945 1930/2035/1947 1931/2036/1948 
f 1931/2036/1948 1930/2035/1947 1932/2037/1949 
f 1932/2037/1949 1930/2035/1947 1933/2038/1950 
f 1916/2021/1933 1927/2032/1944 1914/2019/1931 
f 1914/2019/1931 1927/2032/1944 1928/2033/1945 
f 1914/2019/1931 1928/2033/1945 1934/2039/1951 
f 1934/2039/1951 1928/2033/1945 1935/2040/1952 
f 1935/2040/1952 1928/2033/1945 1931/2036/1948 
f 1935/2040/1952 1931/2036/1948 1932/2037/1949 
f 1935/2040/1952 1932/2037/1949 1936/2041/1953 
f 1936/2041/1953 1932/2037/1949 1937/2042/1954 
f 1937/2042/1954 1932/2037/1949 1938/2043/1955 
f 1938/2043/1955 1932/2037/1949 1939/2044/1956 
f 1939/2044/1956 1932/2037/1949 1933/2038/1950 
f 1939/2044/1956 1933/2038/1950 1940/2045/1957 
f 1939/2044/1956 1940/2045/1957 1941/2046/1958 
f 1941/2046/1958 1940/2045/1957 1942/2047/1959 
f 1933/2038/1950 1930/2035/1947 1940/2045/1957 
f 1940/2045/1957 1930/2035/1947 1943/2048/1960 
f 1940/2045/1957 1943/2048/1960 1944/2049/1961 
f 1940/2045/1957 1944/2049/1961 1945/2050/1962 
f 1945/2050/1962 1944/2049/1961 1946/2051/1963 
f 1946/2051/1963 1944/2049/1961 1947/2052/1964 
f 1946/2051/1963 1947/2052/1964 1948/2053/1965 
f 1946/2051/1963 1948/2053/1965 1949/2054/1966 
f 1949/2054/1966 1948/2053/1965 1950/2055/1967 
f 1950/2055/1967 1948/2053/1965 1951/2056/1968 
f 1950/2055/1967 1951/2056/1968 1952/2057/1969 
f 1950/2055/1967 1952/2057/1969 1953/2058/1970 
f 1953/2058/1970 1952/2057/1969 1954/2059/1971 
f 1954/2059/1971 1952/2057/1969 1955/2060/1972 
f 1940/2045/1957 1945/2050/1962 1942/2047/1959 
f 1942/2047/1959 1945/2050/1962 1946/2051/1963 
f 1942/2047/1959 1946/2051/1963 1956/2061/1973 
f 1956/2061/1973 1946/2051/1963 1957/2062/1974 
f 1957/2062/1974 1946/2051/1963 1949/2054/1966 
f 1957/2062/1974 1949/2054/1966 1950/2055/1967 
f 1957/2062/1974 1950/2055/1967 1958/2063/1975 
f 1958/2063/1975 1950/2055/1967 1959/2064/1976 
f 1959/2064/1976 1950/2055/1967 1953/2058/1970 
f 1959/2064/1976 1953/2058/1970 1954/2059/1971 
f 1959/2064/1976 1954/2059/1971 1960/2065/1977 
f 1960/2065/1977 1954/2059/1971 1961/2066/1978 
f 1961/2066/1978 1954/2059/1971 1962/2067/1979 
f 1961/2066/1978 1962/2067/1979 1963/2068/1980 
f 1955/2060/1972 1964/2069/1981 1954/2059/1971 
f 1954/2059/1971 1964/2069/1981 1962/2067/1979 
f 1962/2067/1979 1964/2069/1981 1963/2068/1980 
f 1963/2068/1980 1964/2069/1981 1965/2070/1982 
f 1963/2068/1980 1965/2070/1982 1966/2071/1983 
f 1963/2068/1980 1966/2071/1983 1967/2072/1984 
f 1967/2072/1984 1966/2071/1983 1968/2073/1985 
f 1968/2073/1985 1966/2071/1983 1969/2074/1986 
f 1968/2073/1985 1969/2074/1986 1970/2075/1987 
f 1968/2073/1985 1970/2075/1987 1971/2076/1988 
f 1971/2076/1988 1970/2075/1987 1972/2077/1989 
f 1972/2077/1989 1970/2075/1987 1973/2078/1990 
f 1972/2077/1989 1973/2078/1990 1974/2079/1991 
f 1972/2077/1989 1974/2079/1991 1975/2080/1992 
f 1976/2081/1993 1977/2082/1994 1978/2083/1995 
f 1978/2083/1995 1977/2082/1994 1979/2084/1996 
f 1978/2083/1995 1979/2084/1996 1975/2080/1992 
f 1975/2080/1992 1979/2084/1996 1972/2077/1989 
f 1972/2077/1989 1979/2084/1996 1980/2085/1997 
f 1972/2077/1989 1980/2085/1997 1981/2086/1998 
f 1972/2077/1989 1981/2086/1998 1971/2076/1988 
f 1971/2076/1988 1981/2086/1998 1968/2073/1985 
f 1968/2073/1985 1981/2086/1998 1982/2087/1999 
f 1968/2073/1985 1982/2087/1999 1983/2088/2000 
f 1968/2073/1985 1983/2088/2000 1967/2072/1984 
f 1967/2072/1984 1983/2088/2000 1963/2068/1980 
f 1963/2068/1980 1983/2088/2000 1984/2089/2001 
f 1963/2068/1980 1984/2089/2001 1961/2066/1978 
f 1975/2080/1992 1974/2079/1991 1978/2083/1995 
f 1978/2083/1995 1974/2079/1991 1985/2090/2002 
f 1978/2083/1995 1985/2090/2002 1986/2091/2003 
f 1978/2083/1995 1986/2091/2003 1987/2092/2004 
f 1987/2092/2004 1986/2091/2003 1988/2093/2005 
f 1988/2093/2005 1986/2091/2003 1989/2094/2006 
f 1988/2093/2005 1989/2094/2006 1990/2095/2007 
f 1988/2093/2005 1990/2095/2007 1991/2096/2008 
f 1991/2096/2008 1990/2095/2007 1992/2097/2009 
f 1992/2097/2009 1990/2095/2007 1993/2098/2010 
f 1992/2097/2009 1993/2098/2010 1994/2099/2011 
f 1992/2097/2009 1994/2099/2011 1995/2100/2012 
f 1995/2100/2012 1994/2099/2011 1996/2101/2013 
f 1996/2101/2013 1994/2099/2011 1997/2102/2014 
f 1978/2083/1995 1987/2092/2004 1976/2081/1993 
f 1976/2081/1993 1987/2092/2004 1988/2093/2005 
f 1976/2081/1993 1988/2093/2005 1998/2103/2015 
f 1998/2103/2015 1988/2093/2005 1999/2104/2016 
f 1999/2104/2016 1988/2093/2005 1991/2096/2008 
f 1999/2104/2016 1991/2096/2008 1992/2097/2009 
f 1999/2104/2016 1992/2097/2009 2000/2105/2017 
f 2000/2105/2017 1992/2097/2009 2001/2106/2018 
f 2001/2106/2018 1992/2097/2009 1995/2100/2012 
f 2001/2106/2018 1995/2100/2012 1996/2101/2013 
f 2001/2106/2018 1996/2101/2013 2002/2107/2019 
f 2002/2107/2019 1996/2101/2013 2003/2108/2020 
f 2003/2108/2020 1996/2101/2013 2004/2109/2021 
f 2003/2108/2020 2004/2109/2021 2005/2110/2022 
f 1997/2102/2014 2006/2111/2023 1996/2101/2013 
f 1996/2101/2013 2006/2111/2023 2004/2109/2021 
f 2004/2109/2021 2006/2111/2023 2005/2110/2022 
f 2005/2110/2022 2006/2111/2023 2007/2112/2024 
f 2005/2110/2022 2007/2112/2024 2008/2113/2025 
f 2005/2110/2022 2008/2113/2025 2009/2114/2026 
f 2009/2114/2026 2008/2113/2025 2010/2115/2027 
f 2010/2115/2027 2008/2113/2025 2011/2116/2028 
f 2010/2115/2027 2011/2116/2028 1593/1698/1602 
f 2010/2115/2027 1593/1698/1602 2012/2117/2029 
f 2012/2117/2029 1593/1698/1602 2013/2118/2030 
f 2013/2118/2030 1593/1698/1602 1592/1697/1601 
f 2013/2118/2030 1592/1697/1601 1582/1687/1591 
f 2013/2118/2030 1582/1687/1591 1581/1686/1590 
f 1578/1683/1587 2014/2119/2031 1580/1685/1589 
f 1580/1685/1589 2014/2119/2031 2015/2120/2032 
f 1580/1685/1589 2015/2120/2032 1581/1686/1590 
f 1581/1686/1590 2015/2120/2032 2013/2118/2030 
f 2013/2118/2030 2015/2120/2032 2016/2121/2033 
f 2013/2118/2030 2016/2121/2033 2017/2122/2034 
f 2013/2118/2030 2017/2122/2034 2012/2117/2029 
f 2012/2117/2029 2017/2122/2034 2010/2115/2027 
f 2010/2115/2027 2017/2122/2034 2018/2123/2035 
f 2010/2115/2027 2018/2123/2035 2019/2124/2036 
f 2010/2115/2027 2019/2124/2036 2009/2114/2026 
f 2009/2114/2026 2019/2124/2036 2005/2110/2022 
f 2005/2110/2022 2019/2124/2036 2020/2125/2037 
f 2005/2110/2022 2020/2125/2037 2003/2108/2020 
f 2021/2126/2038 696/757/705 698/759/707 
f 2022/2127/2039 2023/2128/2040 2024/2129/2041 
f 2024/2129/2041 2023/2128/2040 2025/2130/2042 
f 2025/2130/2042 2023/2128/2040 2026/2131/2043 
f 2025/2130/2042 2026/2131/2043 2027/2132/2044 
f 2027/2132/2044 2026/2131/2043 2028/2133/2045 
f 2027/2132/2044 2028/2133/2045 2029/2134/2046 
f 2029/2134/2046 2028/2133/2045 2030/2135/2047 
f 2029/2134/2046 2030/2135/2047 2031/2136/2048 
f 2029/2134/2046 2031/2136/2048 2027/2132/2044 
f 2027/2132/2044 2031/2136/2048 2032/2137/2049 
f 2027/2132/2044 2032/2137/2049 2021/2126/2038 
f 2021/2126/2038 2032/2137/2049 696/757/705 
f 696/757/705 2032/2137/2049 2031/2136/2048 
f 696/757/705 2031/2136/2048 695/756/704 
f 2023/2128/2040 2022/2127/2039 2026/2131/2043 
f 2026/2131/2043 2022/2127/2039 2033/2138/2050 
f 2026/2131/2043 2033/2138/2050 2028/2133/2045 
f 2028/2133/2045 2033/2138/2050 2034/2139/2051 
f 2034/2139/2051 2033/2138/2050 2022/2127/2039 
f 2034/2139/2051 2022/2127/2039 2035/2140/2052 
f 2035/2140/2052 2022/2127/2039 2036/2141/2053 
f 2035/2140/2052 2036/2141/2053 2037/2142/2054 
f 2035/2140/2052 2037/2142/2054 2034/2139/2051 
f 2034/2139/2051 2037/2142/2054 2038/2143/2055 
f 2034/2139/2051 2038/2143/2055 2039/2144/2056 
f 2039/2144/2056 2038/2143/2055 2040/2145/2057 
f 2040/2145/2057 2038/2143/2055 2037/2142/2054 
f 2040/2145/2057 2037/2142/2054 2041/2146/2058 
f 2037/2142/2054 2042/2147/2059 2041/2146/2058 
f 2041/2146/2058 2042/2147/2059 2043/2148/2060 
f 2041/2146/2058 2043/2148/2060 2040/2145/2057 
f 2040/2145/2057 2043/2148/2060 2044/2149/2061 
f 2044/2149/2061 2043/2148/2060 2045/2150/2062 
f 2045/2150/2062 2043/2148/2060 2046/2151/2063 
f 2046/2151/2063 2043/2148/2060 2047/2152/2064 
f 2046/2151/2063 2047/2152/2064 2048/2153/2065 
f 2046/2151/2063 2048/2153/2065 2045/2150/2062 
f 2045/2150/2062 2048/2153/2065 2049/2154/2066 
f 2045/2150/2062 2049/2154/2066 2050/2155/2067 
f 2045/2150/2062 2050/2155/2067 2044/2149/2061 
f 2044/2149/2061 2050/2155/2067 2040/2145/2057 
f 2040/2145/2057 2050/2155/2067 2051/2156/2068 
f 2052/2157/2069 2053/2158/2070 2054/2159/2071 
f 2054/2159/2071 2053/2158/2070 2055/2160/2072 
f 2054/2159/2071 2055/2160/2072 2056/2161/2073 
f 2056/2161/2073 2055/2160/2072 2048/2153/2065 
f 2048/2153/2065 2055/2160/2072 2053/2158/2070 
f 2048/2153/2065 2053/2158/2070 2057/2162/2074 
f 2048/2153/2065 2057/2162/2074 2058/2163/2075 
f 2048/2153/2065 2058/2163/2075 2049/2154/2066 
f 2049/2154/2066 2058/2163/2075 2050/2155/2067 
f 2050/2155/2067 2058/2163/2075 2059/2164/2076 
f 2050/2155/2067 2059/2164/2076 2060/2165/2077 
f 2050/2155/2067 2060/2165/2077 2051/2156/2068 
f 2051/2156/2068 2060/2165/2077 2039/2144/2056 
f 2051/2156/2068 2039/2144/2056 2040/2145/2057 
f 2061/2166/2078 2062/2167/2079 2063/2168/2080 
f 2063/2168/2080 2062/2167/2079 2064/2169/2081 
f 2063/2168/2080 2064/2169/2081 2065/2170/2082 
f 2063/2168/2080 2065/2170/2082 2066/2171/2083 
f 2066/2171/2083 2065/2170/2082 2067/2172/2084 
f 2066/2171/2083 2067/2172/2084 2060/2165/2077 
f 2066/2171/2083 2060/2165/2077 2063/2168/2080 
f 2063/2168/2080 2060/2165/2077 2059/2164/2076 
f 2063/2168/2080 2059/2164/2076 2058/2163/2075 
f 2063/2168/2080 2058/2163/2075 2061/2166/2078 
f 2061/2166/2078 2058/2163/2075 2068/2173/2085 
f 2068/2173/2085 2058/2163/2075 2057/2162/2074 
f 2068/2173/2085 2057/2162/2074 2053/2158/2070 
f 2068/2173/2085 2053/2158/2070 2052/2157/2069 
f 2069/2174/2086 2070/2175/2087 2071/2176/2088 
f 2071/2176/2088 2070/2175/2087 2072/2177/2089 
f 2072/2177/2089 2070/2175/2087 2073/2178/2090 
f 2073/2178/2090 2070/2175/2087 2074/2179/2091 
f 2073/2178/2090 2074/2179/2091 2075/2180/2092 
f 2075/2180/2092 2074/2179/2091 2054/2159/2071 
f 2054/2159/2071 2074/2179/2091 2070/2175/2087 
f 2054/2159/2071 2070/2175/2087 2052/2157/2069 
f 2052/2157/2069 2070/2175/2087 2068/2173/2085 
f 2068/2173/2085 2070/2175/2087 2069/2174/2086 
f 2068/2173/2085 2069/2174/2086 2076/2181/2093 
f 2068/2173/2085 2076/2181/2093 2077/2182/2094 
f 2068/2173/2085 2077/2182/2094 2062/2167/2079 
f 2068/2173/2085 2062/2167/2079 2061/2166/2078 
f 2069/2174/2086 2071/2176/2088 2076/2181/2093 
f 2076/2181/2093 2071/2176/2088 2078/2183/2095 
f 2076/2181/2093 2078/2183/2095 2079/2184/2096 
f 2076/2181/2093 2079/2184/2096 2077/2182/2094 
f 2077/2182/2094 2079/2184/2096 2062/2167/2079 
f 2062/2167/2079 2079/2184/2096 2080/2185/2097 
f 2062/2167/2079 2080/2185/2097 2081/2186/2098 
f 2062/2167/2079 2081/2186/2098 2064/2169/2081 
f 2064/2169/2081 2081/2186/2098 2065/2170/2082 
f 2065/2170/2082 2081/2186/2098 2082/2187/2099 
f 2065/2170/2082 2082/2187/2099 2083/2188/2100 
f 2083/2188/2100 2082/2187/2099 2084/2189/2101 
f 2084/2189/2101 2082/2187/2099 2081/2186/2098 
f 2084/2189/2101 2081/2186/2098 2085/2190/2102 
f 2085/2190/2102 2081/2186/2098 2086/2191/2103 
f 2086/2191/2103 2081/2186/2098 2080/2185/2097 
f 2086/2191/2103 2080/2185/2097 2079/2184/2096 
f 2086/2191/2103 2079/2184/2096 2087/2192/2104 
f 2087/2192/2104 2079/2184/2096 2088/2193/2105 
f 2088/2193/2105 2079/2184/2096 2089/2194/2106 
f 2089/2194/2106 2079/2184/2096 2078/2183/2095 
f 2089/2194/2106 2078/2183/2095 2071/2176/2088 
f 2089/2194/2106 2071/2176/2088 2090/2195/2107 
f 2090/2195/2107 2071/2176/2088 2091/2196/2108 
f 2091/2196/2108 2071/2176/2088 2072/2177/2089 
f 2091/2196/2108 2072/2177/2089 2073/2178/2090 
f 2091/2196/2108 2073/2178/2090 2092/2197/2109 
f 2092/2197/2109 2073/2178/2090 2093/2198/2110 
f 2054/2159/2071 2094/2199/2111 2075/2180/2092 
f 2075/2180/2092 2094/2199/2111 2095/2200/2112 
f 2075/2180/2092 2095/2200/2112 2096/2201/2113 
f 2096/2201/2113 2095/2200/2112 2097/2202/2114 
f 2096/2201/2113 2097/2202/2114 2098/2203/2115 
f 2096/2201/2113 2098/2203/2115 2075/2180/2092 
f 2075/2180/2092 2098/2203/2115 2099/2204/2116 
f 2075/2180/2092 2099/2204/2116 2073/2178/2090 
f 2073/2178/2090 2099/2204/2116 2093/2198/2110 
f 2093/2198/2110 2099/2204/2116 2098/2203/2115 
f 2093/2198/2110 2098/2203/2115 2100/2205/2117 
f 2100/2205/2117 2098/2203/2115 2101/2206/2118 
f 2102/2207/2119 2103/2208/2120 2104/2209/2121 
f 2104/2209/2121 2103/2208/2120 2105/2210/2122 
f 2104/2209/2121 2105/2210/2122 2106/2211/2123 
f 2106/2211/2123 2105/2210/2122 2107/2212/2124 
f 2106/2211/2123 2107/2212/2124 2095/2200/2112 
f 2095/2200/2112 2107/2212/2124 2097/2202/2114 
f 2097/2202/2114 2107/2212/2124 2105/2210/2122 
f 2097/2202/2114 2105/2210/2122 2108/2213/2125 
f 2108/2213/2125 2105/2210/2122 2109/2214/2126 
f 2108/2213/2125 2109/2214/2126 2110/2215/2127 
f 2108/2213/2125 2110/2215/2127 2097/2202/2114 
f 2097/2202/2114 2110/2215/2127 2111/2216/2128 
f 2097/2202/2114 2111/2216/2128 2098/2203/2115 
f 2098/2203/2115 2111/2216/2128 2101/2206/2118 
f 2111/2216/2128 2110/2215/2127 2101/2206/2118 
f 2101/2206/2118 2110/2215/2127 2112/2217/2129 
f 2112/2217/2129 2110/2215/2127 2113/2218/2130 
f 2113/2218/2130 2110/2215/2127 2114/2219/2131 
f 2114/2219/2131 2110/2215/2127 2109/2214/2126 
f 2114/2219/2131 2109/2214/2126 2115/2220/2132 
f 2114/2219/2131 2115/2220/2132 2113/2218/2130 
f 2113/2218/2130 2115/2220/2132 2116/2221/2133 
f 2116/2221/2133 2115/2220/2132 2117/2222/2134 
f 2117/2222/2134 2115/2220/2132 2118/2223/2135 
f 2117/2222/2134 2118/2223/2135 2119/2224/2136 
f 2117/2222/2134 2119/2224/2136 2120/2225/2137 
f 2120/2225/2137 2119/2224/2136 2121/2226/2138 
f 2121/2226/2138 2119/2224/2136 2122/2227/2139 
f 2119/2224/2136 2118/2223/2135 2123/2228/2140 
f 2123/2228/2140 2118/2223/2135 2115/2220/2132 
f 2123/2228/2140 2115/2220/2132 2124/2229/2141 
f 2124/2229/2141 2115/2220/2132 2109/2214/2126 
f 2124/2229/2141 2109/2214/2126 2125/2230/2142 
f 2124/2229/2141 2125/2230/2142 2123/2228/2140 
f 2126/2231/2143 2127/2232/2144 2128/2233/2145 
f 2128/2233/2145 2127/2232/2144 2123/2228/2140 
f 2128/2233/2145 2123/2228/2140 2125/2230/2142 
f 2128/2233/2145 2125/2230/2142 2126/2231/2143 
f 2123/2228/2140 2127/2232/2144 2129/2234/2146 
f 2129/2234/2146 2127/2232/2144 2130/2235/2147 
f 2129/2234/2146 2130/2235/2147 2119/2224/2136 
f 2129/2234/2146 2119/2224/2136 2123/2228/2140 
f 2119/2224/2136 2130/2235/2147 2131/2236/2148 
f 2131/2236/2148 2130/2235/2147 2132/2237/2149 
f 2132/2237/2149 2130/2235/2147 2133/2238/2150 
f 2132/2237/2149 2133/2238/2150 2134/2239/2151 
f 2134/2239/2151 2133/2238/2150 2135/2240/2152 
f 2135/2240/2152 2133/2238/2150 2130/2235/2147 
f 2135/2240/2152 2130/2235/2147 2136/2241/2153 
f 2136/2241/2153 2130/2235/2147 2127/2232/2144 
f 2136/2241/2153 2127/2232/2144 2137/2242/2154 
f 2136/2241/2153 2137/2242/2154 2135/2240/2152 
f 2135/2240/2152 2137/2242/2154 2138/2243/2155 
f 2135/2240/2152 2138/2243/2155 2139/2244/2156 
f 2139/2244/2156 2138/2243/2155 2140/2245/2157 
f 2140/2245/2157 2138/2243/2155 2137/2242/2154 
f 2141/2246/2158 2134/2239/2151 2142/2247/2159 
f 2142/2247/2159 2134/2239/2151 2143/2248/2160 
f 2143/2248/2160 2134/2239/2151 2135/2240/2152 
f 2143/2248/2160 2135/2240/2152 2139/2244/2156 
f 2143/2248/2160 2139/2244/2156 2142/2247/2159 
f 2142/2247/2159 2139/2244/2156 2144/2249/2161 
f 2142/2247/2159 2144/2249/2161 2145/2250/2162 
f 2145/2250/2162 2144/2249/2161 2146/2251/2163 
f 2146/2251/2163 2144/2249/2161 2139/2244/2156 
f 2146/2251/2163 2139/2244/2156 2147/2252/2164 
f 2147/2252/2164 2139/2244/2156 2140/2245/2157 
f 2147/2252/2164 2140/2245/2157 2148/2253/2165 
f 2147/2252/2164 2148/2253/2165 2146/2251/2163 
f 2146/2251/2163 2148/2253/2165 2149/2254/2166 
f 2148/2253/2165 2150/2255/2167 2149/2254/2166 
f 2149/2254/2166 2150/2255/2167 2151/2256/2168 
f 2149/2254/2166 2151/2256/2168 2146/2251/2163 
f 2146/2251/2163 2151/2256/2168 2152/2257/2169 
f 2146/2251/2163 2152/2257/2169 2145/2250/2162 
f 2145/2250/2162 2152/2257/2169 2153/2258/2170 
f 2145/2250/2162 2153/2258/2170 2154/2259/2171 
f 2154/2259/2171 2153/2258/2170 2155/2260/2172 
f 2154/2259/2171 2155/2260/2172 2156/2261/2173 
f 2156/2261/2173 2155/2260/2172 2157/2262/2174 
f 2157/2262/2174 2155/2260/2172 2158/2263/2175 
f 2157/2262/2174 2158/2263/2175 2159/2264/2176 
f 2157/2262/2174 2159/2264/2176 2160/2265/2177 
f 2160/2265/2177 2159/2264/2176 2161/2266/2178 
f 2162/2267/2179 2163/2268/2180 2150/2255/2167 
f 2150/2255/2167 2163/2268/2180 2164/2269/2181 
f 2150/2255/2167 2164/2269/2181 2151/2256/2168 
f 2151/2256/2168 2164/2269/2181 2165/2270/2182 
f 2151/2256/2168 2165/2270/2182 2152/2257/2169 
f 2152/2257/2169 2165/2270/2182 2166/2271/2183 
f 2152/2257/2169 2166/2271/2183 2153/2258/2170 
f 2153/2258/2170 2166/2271/2183 2167/2272/2184 
f 2153/2258/2170 2167/2272/2184 2155/2260/2172 
f 2155/2260/2172 2167/2272/2184 2168/2273/2185 
f 2155/2260/2172 2168/2273/2185 2158/2263/2175 
f 2158/2263/2175 2168/2273/2185 2169/2274/2186 
f 2158/2263/2175 2169/2274/2186 2159/2264/2176 
f 2159/2264/2176 2169/2274/2186 2170/2275/2187 
f 2171/2276/2188 2172/2277/2189 2173/2278/2190 
f 2173/2278/2190 2172/2277/2189 2174/2279/2191 
f 2174/2279/2191 2172/2277/2189 2175/2280/2192 
f 2174/2279/2191 2175/2280/2192 2176/2281/2193 
f 2176/2281/2193 2175/2280/2192 2177/2282/2194 
f 2176/2281/2193 2177/2282/2194 2166/2271/2183 
f 2166/2271/2183 2177/2282/2194 2178/2283/2195 
f 2166/2271/2183 2178/2283/2195 2167/2272/2184 
f 2167/2272/2184 2178/2283/2195 2179/2284/2196 
f 2167/2272/2184 2179/2284/2196 2168/2273/2185 
f 2168/2273/2185 2179/2284/2196 2180/2285/2197 
f 2168/2273/2185 2180/2285/2197 2169/2274/2186 
f 2169/2274/2186 2180/2285/2197 2181/2286/2198 
f 2169/2274/2186 2181/2286/2198 2170/2275/2187 
f 2182/2287/2199 2179/2284/2196 2183/2288/2200 
f 2183/2288/2200 2179/2284/2196 2178/2283/2195 
f 2183/2288/2200 2178/2283/2195 2184/2289/2201 
f 2184/2289/2201 2178/2283/2195 2177/2282/2194 
f 2184/2289/2201 2177/2282/2194 2185/2290/2202 
f 2185/2290/2202 2177/2282/2194 2175/2280/2192 
f 2185/2290/2202 2175/2280/2192 2186/2291/2203 
f 2186/2291/2203 2175/2280/2192 2172/2277/2189 
f 2186/2291/2203 2172/2277/2189 2187/2292/2204 
f 2187/2292/2204 2172/2277/2189 2171/2276/2188 
f 2187/2292/2204 2171/2276/2188 2188/2293/2205 
f 2188/2293/2205 2171/2276/2188 2189/2294/2206 
f 2188/2293/2205 2189/2294/2206 2190/2295/2207 
f 2190/2295/2207 2189/2294/2206 2191/2296/2208 
f 2192/2297/2209 2182/2287/2199 2193/2298/2210 
f 2193/2298/2210 2182/2287/2199 2183/2288/2200 
f 2193/2298/2210 2183/2288/2200 2194/2299/2211 
f 2194/2299/2211 2183/2288/2200 2184/2289/2201 
f 2194/2299/2211 2184/2289/2201 2195/2300/2212 
f 2195/2300/2212 2184/2289/2201 2185/2290/2202 
f 2195/2300/2212 2185/2290/2202 2196/2301/2213 
f 2196/2301/2213 2185/2290/2202 2186/2291/2203 
f 2196/2301/2213 2186/2291/2203 2197/2302/2214 
f 2197/2302/2214 2186/2291/2203 2187/2292/2204 
f 2197/2302/2214 2187/2292/2204 2198/2303/2215 
f 2198/2303/2215 2187/2292/2204 2188/2293/2205 
f 2198/2303/2215 2188/2293/2205 2199/2304/2216 
f 2199/2304/2216 2188/2293/2205 2190/2295/2207 
f 2200/2305/2217 2201/2306/2218 2202/2307/2219 
f 2202/2307/2219 2201/2306/2218 2203/2308/2220 
f 2203/2308/2220 2201/2306/2218 2204/2309/2221 
f 2203/2308/2220 2204/2309/2221 2205/2310/2222 
f 2205/2310/2222 2204/2309/2221 2206/2311/2223 
f 2205/2310/2222 2206/2311/2223 2207/2312/2224 
f 2207/2312/2224 2206/2311/2223 2208/2313/2225 
f 2207/2312/2224 2208/2313/2225 2209/2314/2226 
f 2209/2314/2226 2208/2313/2225 2191/2296/2208 
f 2209/2314/2226 2191/2296/2208 2210/2315/2227 
f 2210/2315/2227 2191/2296/2208 2189/2294/2206 
f 2210/2315/2227 2189/2294/2206 2211/2316/2228 
f 2211/2316/2228 2189/2294/2206 2171/2276/2188 
f 2211/2316/2228 2171/2276/2188 2173/2278/2190 
f 2190/2295/2207 2191/2296/2208 2212/2317/2229 
f 2212/2317/2229 2191/2296/2208 2208/2313/2225 
f 2212/2317/2229 2208/2313/2225 2213/2318/2230 
f 2213/2318/2230 2208/2313/2225 2206/2311/2223 
f 2213/2318/2230 2206/2311/2223 2214/2319/2231 
f 2214/2319/2231 2206/2311/2223 2204/2309/2221 
f 2214/2319/2231 2204/2309/2221 2215/2320/2232 
f 2215/2320/2232 2204/2309/2221 2201/2306/2218 
f 2215/2320/2232 2201/2306/2218 2216/2321/2233 
f 2216/2321/2233 2201/2306/2218 2200/2305/2217 
f 2216/2321/2233 2200/2305/2217 2217/2322/2234 
f 2217/2322/2234 2200/2305/2217 2218/2323/2235 
f 2217/2322/2234 2218/2323/2235 2219/2324/2236 
f 2219/2324/2236 2218/2323/2235 2220/2325/2237 
f 2199/2304/2216 2190/2295/2207 2221/2326/2238 
f 2221/2326/2238 2190/2295/2207 2212/2317/2229 
f 2221/2326/2238 2212/2317/2229 2222/2327/2239 
f 2222/2327/2239 2212/2317/2229 2213/2318/2230 
f 2222/2327/2239 2213/2318/2230 2223/2328/2240 
f 2223/2328/2240 2213/2318/2230 2214/2319/2231 
f 2223/2328/2240 2214/2319/2231 2224/2329/2241 
f 2224/2329/2241 2214/2319/2231 2215/2320/2232 
f 2224/2329/2241 2215/2320/2232 2225/2330/2242 
f 2225/2330/2242 2215/2320/2232 2216/2321/2233 
f 2225/2330/2242 2216/2321/2233 2226/2331/2243 
f 2226/2331/2243 2216/2321/2233 2217/2322/2234 
f 2226/2331/2243 2217/2322/2234 2227/2332/2244 
f 2227/2332/2244 2217/2322/2234 2219/2324/2236 
f 2227/2332/2244 2219/2324/2236 2228/2333/2245 
f 2228/2333/2245 2219/2324/2236 2229/2334/2246 
f 2228/2333/2245 2229/2334/2246 2230/2335/2247 
f 2230/2335/2247 2229/2334/2246 2231/2336/2248 
f 2230/2335/2247 2231/2336/2248 2232/2337/2249 
f 2232/2337/2249 2231/2336/2248 2233/2338/2250 
f 2232/2337/2249 2233/2338/2250 2234/2339/2251 
f 2232/2337/2249 2234/2339/2251 2235/2340/2252 
f 2235/2340/2252 2234/2339/2251 2236/2341/2253 
f 2236/2341/2253 2234/2339/2251 2237/2342/2254 
f 2236/2341/2253 2237/2342/2254 2238/2343/2255 
f 2238/2343/2255 2237/2342/2254 2239/2344/2256 
f 2238/2343/2255 2239/2344/2256 2240/2345/2257 
f 2240/2345/2257 2239/2344/2256 2241/2346/2258 
f 2242/2347/2259 2241/2346/2258 2243/2348/2260 
f 2243/2348/2260 2241/2346/2258 2239/2344/2256 
f 2243/2348/2260 2239/2344/2256 2244/2349/2261 
f 2244/2349/2261 2239/2344/2256 2237/2342/2254 
f 2244/2349/2261 2237/2342/2254 2245/2350/2262 
f 2245/2350/2262 2237/2342/2254 2234/2339/2251 
f 2245/2350/2262 2234/2339/2251 2233/2338/2250 
f 2245/2350/2262 2233/2338/2250 2246/2351/2263 
f 2246/2351/2263 2233/2338/2250 2231/2336/2248 
f 2246/2351/2263 2231/2336/2248 2247/2352/2264 
f 2247/2352/2264 2231/2336/2248 2229/2334/2246 
f 2247/2352/2264 2229/2334/2246 2248/2353/2265 
f 2248/2353/2265 2229/2334/2246 2219/2324/2236 
f 2248/2353/2265 2219/2324/2236 2220/2325/2237 
f 2244/2349/2261 2245/2350/2262 2249/2354/2266 
f 2249/2354/2266 2245/2350/2262 2250/2355/2267 
f 2250/2355/2267 2245/2350/2262 2246/2351/2263 
f 2250/2355/2267 2246/2351/2263 2251/2356/2268 
f 2251/2356/2268 2246/2351/2263 2247/2352/2264 
f 2251/2356/2268 2247/2352/2264 2252/2357/2269 
f 2252/2357/2269 2247/2352/2264 2248/2353/2265 
f 2252/2357/2269 2248/2353/2265 2253/2358/2270 
f 2253/2358/2270 2248/2353/2265 2220/2325/2237 
f 2253/2358/2270 2220/2325/2237 2254/2359/2271 
f 2254/2359/2271 2220/2325/2237 2218/2323/2235 
f 2254/2359/2271 2218/2323/2235 2255/2360/2272 
f 2255/2360/2272 2218/2323/2235 2200/2305/2217 
f 2255/2360/2272 2200/2305/2217 2202/2307/2219 
f 2251/2356/2268 2252/2357/2269 2256/2361/2273 
f 2256/2361/2273 2252/2357/2269 2257/2362/2274 
f 2257/2362/2274 2252/2357/2269 2253/2358/2270 
f 2257/2362/2274 2253/2358/2270 2258/2363/2275 
f 2258/2363/2275 2253/2358/2270 2254/2359/2271 
f 2258/2363/2275 2254/2359/2271 2259/2364/2276 
f 2259/2364/2276 2254/2359/2271 2255/2360/2272 
f 2259/2364/2276 2255/2360/2272 2260/2365/2277 
f 2260/2365/2277 2255/2360/2272 2202/2307/2219 
f 2260/2365/2277 2202/2307/2219 2261/2366/2278 
f 2261/2366/2278 2202/2307/2219 2203/2308/2220 
f 2261/2366/2278 2203/2308/2220 2262/2367/2279 
f 2262/2367/2279 2203/2308/2220 2205/2310/2222 
f 2262/2367/2279 2205/2310/2222 2263/2368/2280 
f 2264/2369/2281 2265/2370/2282 2266/2371/2283 
f 2266/2371/2283 2265/2370/2282 661/722/670 
f 661/722/670 2265/2370/2282 2267/2372/2284 
f 661/722/670 2267/2372/2284 660/721/669 
f 660/721/669 2267/2372/2284 2268/2373/2285 
f 660/721/669 2268/2373/2285 2256/2361/2273 
f 660/721/669 2256/2361/2273 659/720/668 
f 659/720/668 2256/2361/2273 2257/2362/2274 
f 659/720/668 2257/2362/2274 665/726/674 
f 665/726/674 2257/2362/2274 2258/2363/2275 
f 665/726/674 2258/2363/2275 2259/2364/2276 
f 665/726/674 2259/2364/2276 664/725/673 
f 664/725/673 2259/2364/2276 2260/2365/2277 
f 664/725/673 2260/2365/2277 2269/2374/2286 
f 2270/2375/2287 2271/2376/2288 2272/2377/2289 
f 2272/2377/2289 2271/2376/2288 2273/2378/2290 
f 2272/2377/2289 2273/2378/2290 2274/2379/2291 
f 2274/2379/2291 2273/2378/2290 2275/2380/2292 
f 2274/2379/2291 2275/2380/2292 2264/2369/2281 
f 2264/2369/2281 2275/2380/2292 2276/2381/2293 
f 2264/2369/2281 2276/2381/2293 2265/2370/2282 
f 2265/2370/2282 2276/2381/2293 2277/2382/2294 
f 2265/2370/2282 2277/2382/2294 2249/2354/2266 
f 2265/2370/2282 2249/2354/2266 2267/2372/2284 
f 2267/2372/2284 2249/2354/2266 2250/2355/2267 
f 2267/2372/2284 2250/2355/2267 2268/2373/2285 
f 2268/2373/2285 2250/2355/2267 2251/2356/2268 
f 2268/2373/2285 2251/2356/2268 2256/2361/2273 
f 2244/2349/2261 2249/2354/2266 2243/2348/2260 
f 2243/2348/2260 2249/2354/2266 2277/2382/2294 
f 2243/2348/2260 2277/2382/2294 2276/2381/2293 
f 2243/2348/2260 2276/2381/2293 2242/2347/2259 
f 2242/2347/2259 2276/2381/2293 2278/2383/2295 
f 2278/2383/2295 2276/2381/2293 2275/2380/2292 
f 2278/2383/2295 2275/2380/2292 2279/2384/2296 
f 2279/2384/2296 2275/2380/2292 2273/2378/2290 
f 2279/2384/2296 2273/2378/2290 2280/2385/2297 
f 2280/2385/2297 2273/2378/2290 2271/2376/2288 
f 2280/2385/2297 2271/2376/2288 2281/2386/2298 
f 2280/2385/2297 2281/2386/2298 2282/2387/2299 
f 2282/2387/2299 2281/2386/2298 2283/2388/2300 
f 2283/2388/2300 2281/2386/2298 2284/2389/2301 
f 2241/2346/2258 2242/2347/2259 2285/2390/2302 
f 2285/2390/2302 2242/2347/2259 2278/2383/2295 
f 2285/2390/2302 2278/2383/2295 2286/2391/2303 
f 2286/2391/2303 2278/2383/2295 2279/2384/2296 
f 2286/2391/2303 2279/2384/2296 2280/2385/2297 
f 2286/2391/2303 2280/2385/2297 2287/2392/2304 
f 2287/2392/2304 2280/2385/2297 2288/2393/2305 
f 2288/2393/2305 2280/2385/2297 2282/2387/2299 
f 2288/2393/2305 2282/2387/2299 2289/2394/2306 
f 2289/2394/2306 2282/2387/2299 2283/2388/2300 
f 2289/2394/2306 2283/2388/2300 2290/2395/2307 
f 2290/2395/2307 2283/2388/2300 2291/2396/2308 
f 2290/2395/2307 2291/2396/2308 2292/2397/2309 
f 2292/2397/2309 2291/2396/2308 2293/2398/2310 
f 2240/2345/2257 2241/2346/2258 2294/2399/2311 
f 2294/2399/2311 2241/2346/2258 2285/2390/2302 
f 2294/2399/2311 2285/2390/2302 2295/2400/2312 
f 2295/2400/2312 2285/2390/2302 2286/2391/2303 
f 2295/2400/2312 2286/2391/2303 2296/2401/2313 
f 2296/2401/2313 2286/2391/2303 2287/2392/2304 
f 2296/2401/2313 2287/2392/2304 2297/2402/2314 
f 2297/2402/2314 2287/2392/2304 2288/2393/2305 
f 2297/2402/2314 2288/2393/2305 2298/2403/2315 
f 2298/2403/2315 2288/2393/2305 2289/2394/2306 
f 2298/2403/2315 2289/2394/2306 2299/2404/2316 
f 2299/2404/2316 2289/2394/2306 2290/2395/2307 
f 2299/2404/2316 2290/2395/2307 2300/2405/2317 
f 2300/2405/2317 2290/2395/2307 2292/2397/2309 
f 2300/2405/2317 2292/2397/2309 2301/2406/2318 
f 2301/2406/2318 2292/2397/2309 2302/2407/2319 
f 2301/2406/2318 2302/2407/2319 2303/2408/2320 
f 2303/2408/2320 2302/2407/2319 2304/2409/2321 
f 2303/2408/2320 2304/2409/2321 2305/2410/2322 
f 2305/2410/2322 2304/2409/2321 2306/2411/2323 
f 2305/2410/2322 2306/2411/2323 2307/2412/2324 
f 2307/2412/2324 2306/2411/2323 2308/2413/2325 
f 2307/2412/2324 2308/2413/2325 2309/2414/2326 
f 2309/2414/2326 2308/2413/2325 2310/2415/2327 
f 2309/2414/2326 2310/2415/2327 2311/2416/2328 
f 2311/2416/2328 2310/2415/2327 2312/2417/2329 
f 2311/2416/2328 2312/2417/2329 173/187/173 
f 173/187/173 2312/2417/2329 163/177/163 
f 155/169/155 163/177/163 154/168/154 
f 154/168/154 163/177/163 2312/2417/2329 
f 154/168/154 2312/2417/2329 153/167/153 
f 153/167/153 2312/2417/2329 2310/2415/2327 
f 153/167/153 2310/2415/2327 2313/2418/2330 
f 2313/2418/2330 2310/2415/2327 2308/2413/2325 
f 2313/2418/2330 2308/2413/2325 2314/2419/2331 
f 2314/2419/2331 2308/2413/2325 2306/2411/2323 
f 2314/2419/2331 2306/2411/2323 2315/2420/2332 
f 2315/2420/2332 2306/2411/2323 2304/2409/2321 
f 2315/2420/2332 2304/2409/2321 2316/2421/2333 
f 2316/2421/2333 2304/2409/2321 2302/2407/2319 
f 2316/2421/2333 2302/2407/2319 2293/2398/2310 
f 2293/2398/2310 2302/2407/2319 2292/2397/2309 
f 153/167/153 2313/2418/2330 148/162/148 
f 148/162/148 2313/2418/2330 149/163/149 
f 149/163/149 2313/2418/2330 151/165/151 
f 151/165/151 2313/2418/2330 2314/2419/2331 
f 151/165/151 2314/2419/2331 2315/2420/2332 
f 151/165/151 2315/2420/2332 2317/2422/2334 
f 2317/2422/2334 2315/2420/2332 2318/2423/2335 
f 2318/2423/2335 2315/2420/2332 2316/2421/2333 
f 2318/2423/2335 2316/2421/2333 2293/2398/2310 
f 2318/2423/2335 2293/2398/2310 2319/2424/2336 
f 2319/2424/2336 2293/2398/2310 2320/2425/2337 
f 2320/2425/2337 2293/2398/2310 2291/2396/2308 
f 2320/2425/2337 2291/2396/2308 2283/2388/2300 
f 2320/2425/2337 2283/2388/2300 2284/2389/2301 
f 151/165/151 2317/2422/2334 152/166/152 
f 152/166/152 2317/2422/2334 2321/2426/2338 
f 2321/2426/2338 2317/2422/2334 2318/2423/2335 
f 2321/2426/2338 2318/2423/2335 2322/2427/2339 
f 2322/2427/2339 2318/2423/2335 2323/2428/2340 
f 2323/2428/2340 2318/2423/2335 2319/2424/2336 
f 2323/2428/2340 2319/2424/2336 2324/2429/2341 
f 2324/2429/2341 2319/2424/2336 2320/2425/2337 
f 2324/2429/2341 2320/2425/2337 2325/2430/2342 
f 2325/2430/2342 2320/2425/2337 2284/2389/2301 
f 2325/2430/2342 2284/2389/2301 2326/2431/2343 
f 2326/2431/2343 2284/2389/2301 2281/2386/2298 
f 2326/2431/2343 2281/2386/2298 2270/2375/2287 
f 2270/2375/2287 2281/2386/2298 2271/2376/2288 
f 2323/2428/2340 2324/2429/2341 2327/2432/2344 
f 2327/2432/2344 2324/2429/2341 2328/2433/2345 
f 2328/2433/2345 2324/2429/2341 2325/2430/2342 
f 2328/2433/2345 2325/2430/2342 2329/2434/2346 
f 2329/2434/2346 2325/2430/2342 2326/2431/2343 
f 2329/2434/2346 2326/2431/2343 2330/2435/2347 
f 2330/2435/2347 2326/2431/2343 2270/2375/2287 
f 2330/2435/2347 2270/2375/2287 2331/2436/2348 
f 2331/2436/2348 2270/2375/2287 2272/2377/2289 
f 2331/2436/2348 2272/2377/2289 650/711/659 
f 650/711/659 2272/2377/2289 2274/2379/2291 
f 650/711/659 2274/2379/2291 651/712/660 
f 651/712/660 2274/2379/2291 2264/2369/2281 
f 651/712/660 2264/2369/2281 2266/2371/2283 
f 650/711/659 648/709/657 2331/2436/2348 
f 2331/2436/2348 648/709/657 647/708/656 
f 2331/2436/2348 647/708/656 2330/2435/2347 
f 2330/2435/2347 647/708/656 2332/2437/2349 
f 2330/2435/2347 2332/2437/2349 2329/2434/2346 
f 2329/2434/2346 2332/2437/2349 2333/2438/2350 
f 2329/2434/2346 2333/2438/2350 2328/2433/2345 
f 2328/2433/2345 2333/2438/2350 2334/2439/2351 
f 2328/2433/2345 2334/2439/2351 2327/2432/2344 
f 2327/2432/2344 2334/2439/2351 2335/2440/2352 
f 2327/2432/2344 2335/2440/2352 2336/2441/2353 
f 2336/2441/2353 2335/2440/2352 2337/2442/2354 
f 2336/2441/2353 2337/2442/2354 2338/2443/2355 
f 2336/2441/2353 2338/2443/2355 2339/2444/2356 
f 2340/2445/2357 2338/2443/2355 2341/2446/2358 
f 2341/2446/2358 2338/2443/2355 2337/2442/2354 
f 2341/2446/2358 2337/2442/2354 2342/2447/2359 
f 2342/2447/2359 2337/2442/2354 2343/2448/2360 
f 2343/2448/2360 2337/2442/2354 2335/2440/2352 
f 2343/2448/2360 2335/2440/2352 2344/2449/2361 
f 2344/2449/2361 2335/2440/2352 2334/2439/2351 
f 2344/2449/2361 2334/2439/2351 2345/2450/2362 
f 2345/2450/2362 2334/2439/2351 2333/2438/2350 
f 2345/2450/2362 2333/2438/2350 2346/2451/2363 
f 2346/2451/2363 2333/2438/2350 2332/2437/2349 
f 2346/2451/2363 2332/2437/2349 2347/2452/2364 
f 2347/2452/2364 2332/2437/2349 647/708/656 
f 2347/2452/2364 647/708/656 646/707/655 
f 2345/2450/2362 2346/2451/2363 2348/2453/2365 
f 2348/2453/2365 2346/2451/2363 2349/2454/2366 
f 2349/2454/2366 2346/2451/2363 2347/2452/2364 
f 2349/2454/2366 2347/2452/2364 2350/2455/2367 
f 2350/2455/2367 2347/2452/2364 646/707/655 
f 2350/2455/2367 646/707/655 670/731/679 
f 2350/2455/2367 670/731/679 676/737/685 
f 2350/2455/2367 676/737/685 2349/2454/2366 
f 676/737/685 2351/2456/2368 2349/2454/2366 
f 2349/2454/2366 2351/2456/2368 2348/2453/2365 
f 2348/2453/2365 2351/2456/2368 2352/2457/2369 
f 2348/2453/2365 2352/2457/2369 2345/2450/2362 
f 2345/2450/2362 2352/2457/2369 2344/2449/2361 
f 2343/2448/2360 2344/2449/2361 2353/2458/2370 
f 2353/2458/2370 2344/2449/2361 2352/2457/2369 
f 2353/2458/2370 2352/2457/2369 2354/2459/2371 
f 2354/2459/2371 2352/2457/2369 2351/2456/2368 
f 2354/2459/2371 2351/2456/2368 2355/2460/2372 
f 2355/2460/2372 2351/2456/2368 2356/2461/2373 
f 2355/2460/2372 2356/2461/2373 2357/2462/2374 
f 2357/2462/2374 2356/2461/2373 2358/2463/2375 
f 2357/2462/2374 2358/2463/2375 2359/2464/2376 
f 2359/2464/2376 2358/2463/2375 672/733/681 
f 672/733/681 2358/2463/2375 2356/2461/2373 
f 672/733/681 2356/2461/2373 674/735/683 
f 674/735/683 2356/2461/2373 676/737/685 
f 676/737/685 2356/2461/2373 2351/2456/2368 
f 2359/2464/2376 2360/2465/2377 2357/2462/2374 
f 2357/2462/2374 2360/2465/2377 2361/2466/2378 
f 2357/2462/2374 2361/2466/2378 2362/2467/2379 
f 2362/2467/2379 2361/2466/2378 2363/2468/2380 
f 2362/2467/2379 2363/2468/2380 2364/2469/2381 
f 2364/2469/2381 2363/2468/2380 2365/2470/2382 
f 2364/2469/2381 2365/2470/2382 2354/2459/2371 
f 2364/2469/2381 2354/2459/2371 2355/2460/2372 
f 2364/2469/2381 2355/2460/2372 2357/2462/2374 
f 2364/2469/2381 2357/2462/2374 2362/2467/2379 
f 672/733/681 717/778/726 2359/2464/2376 
f 2359/2464/2376 717/778/726 716/777/725 
f 2359/2464/2376 716/777/725 725/786/734 
f 2359/2464/2376 725/786/734 726/787/735 
f 2359/2464/2376 726/787/735 2360/2465/2377 
f 2360/2465/2377 726/787/735 2361/2466/2378 
f 2361/2466/2378 726/787/735 738/799/747 
f 2361/2466/2378 738/799/747 739/800/748 
f 2361/2466/2378 739/800/748 2366/2471/2383 
f 2361/2466/2378 2366/2471/2383 2363/2468/2380 
f 2363/2468/2380 2366/2471/2383 765/826/774 
f 765/826/774 2366/2471/2383 739/800/748 
f 765/826/774 739/800/748 740/801/749 
f 765/826/774 740/801/749 741/802/750 
f 2367/2472/2384 2368/2473/2385 2369/2474/2386 
f 2369/2474/2386 2368/2473/2385 764/825/773 
f 764/825/773 2368/2473/2385 765/826/774 
f 765/826/774 2368/2473/2385 2363/2468/2380 
f 2363/2468/2380 2368/2473/2385 2370/2475/2387 
f 2363/2468/2380 2370/2475/2387 2371/2476/2388 
f 2363/2468/2380 2371/2476/2388 2365/2470/2382 
f 2365/2470/2382 2371/2476/2388 2372/2477/2389 
f 2365/2470/2382 2372/2477/2389 2354/2459/2371 
f 2354/2459/2371 2372/2477/2389 2373/2478/2390 
f 2354/2459/2371 2373/2478/2390 2353/2458/2370 
f 2353/2458/2370 2373/2478/2390 2343/2448/2360 
f 2343/2448/2360 2373/2478/2390 2342/2447/2359 
f 2342/2447/2359 2373/2478/2390 2374/2479/2391 
f 2373/2478/2390 2372/2477/2389 2374/2479/2391 
f 2374/2479/2391 2372/2477/2389 2375/2480/2392 
f 2375/2480/2392 2372/2477/2389 2376/2481/2393 
f 2375/2480/2392 2376/2481/2393 2377/2482/2394 
f 2375/2480/2392 2377/2482/2394 2341/2446/2358 
f 2375/2480/2392 2341/2446/2358 2342/2447/2359 
f 2375/2480/2392 2342/2447/2359 2374/2479/2391 
f 2341/2446/2358 2377/2482/2394 2340/2445/2357 
f 2340/2445/2357 2377/2482/2394 2378/2483/2395 
f 2340/2445/2357 2378/2483/2395 2379/2484/2396 
f 2379/2484/2396 2378/2483/2395 127/141/127 
f 127/141/127 2378/2483/2395 123/137/123 
f 123/137/123 2378/2483/2395 124/138/124 
f 124/138/124 2378/2483/2395 2377/2482/2394 
f 2338/2443/2355 2340/2445/2357 2380/2485/2397 
f 2380/2485/2397 2340/2445/2357 2379/2484/2396 
f 2380/2485/2397 2379/2484/2396 2381/2486/2398 
f 2381/2486/2398 2379/2484/2396 127/141/127 
f 2381/2486/2398 127/141/127 2382/2487/2399 
f 2382/2487/2399 127/141/127 129/143/129 
f 2382/2487/2399 129/143/129 2383/2488/2400 
f 2382/2487/2399 2383/2488/2400 2384/2489/2401 
f 2382/2487/2399 2384/2489/2401 2385/2490/2402 
f 2382/2487/2399 2385/2490/2402 2381/2486/2398 
f 2381/2486/2398 2385/2490/2402 2386/2491/2403 
f 2381/2486/2398 2386/2491/2403 2380/2485/2397 
f 2380/2485/2397 2386/2491/2403 2339/2444/2356 
f 2380/2485/2397 2339/2444/2356 2338/2443/2355 
f 130/144/130 141/155/141 129/143/129 
f 129/143/129 141/155/141 147/161/147 
f 129/143/129 147/161/147 2383/2488/2400 
f 2383/2488/2400 147/161/147 150/164/150 
f 2383/2488/2400 150/164/150 2384/2489/2401 
f 2384/2489/2401 150/164/150 152/166/152 
f 2384/2489/2401 152/166/152 2385/2490/2402 
f 2385/2490/2402 152/166/152 2321/2426/2338 
f 2385/2490/2402 2321/2426/2338 2386/2491/2403 
f 2386/2491/2403 2321/2426/2338 2322/2427/2339 
f 2386/2491/2403 2322/2427/2339 2339/2444/2356 
f 2339/2444/2356 2322/2427/2339 2323/2428/2340 
f 2339/2444/2356 2323/2428/2340 2336/2441/2353 
f 2336/2441/2353 2323/2428/2340 2327/2432/2344 
f 2387/2492/2404 2388/2493/2405 2389/2494/2406 
f 2390/2495/2407 2391/2496/2408 2392/2497/2409 
f 2392/2497/2409 2391/2496/2408 2393/2498/2410 
f 2393/2498/2410 2391/2496/2408 2388/2493/2405 
f 2388/2493/2405 2391/2496/2408 2394/2499/2411 
f 2388/2493/2405 2394/2499/2411 2395/2500/2412 
f 2388/2493/2405 2395/2500/2412 2389/2494/2406 
f 2389/2494/2406 2395/2500/2412 2396/2501/2413 
f 2389/2494/2406 2396/2501/2413 2387/2492/2404 
f 2387/2492/2404 2396/2501/2413 2397/2502/2414 
f 2387/2492/2404 2397/2502/2414 2398/2503/2415 
f 2387/2492/2404 2398/2503/2415 2399/2504/2416 
f 2399/2504/2416 2398/2503/2415 2400/2505/2417 
f 2400/2505/2417 2398/2503/2415 2401/2506/2418 
f 2400/2505/2417 2401/2506/2418 2402/2507/2419 
f 2395/2500/2412 2394/2499/2411 2403/2508/2420 
f 2403/2508/2420 2394/2499/2411 2404/2509/2421 
f 2404/2509/2421 2394/2499/2411 2391/2496/2408 
f 2404/2509/2421 2391/2496/2408 2405/2510/2422 
f 2405/2510/2422 2391/2496/2408 2390/2495/2407 
f 2405/2510/2422 2390/2495/2407 2406/2511/2423 
f 2406/2511/2423 2390/2495/2407 2407/2512/2424 
f 2406/2511/2423 2407/2512/2424 2408/2513/2425 
f 2406/2511/2423 2408/2513/2425 2409/2514/2426 
f 2409/2514/2426 2408/2513/2425 2410/2515/2427 
f 2409/2514/2426 2410/2515/2427 2411/2516/2428 
f 2409/2514/2426 2411/2516/2428 2412/2517/2429 
f 2412/2517/2429 2411/2516/2428 2413/2518/2430 
f 2412/2517/2429 2413/2518/2430 2414/2519/2431 
f 2392/2497/2409 2415/2520/2432 2390/2495/2407 
f 2390/2495/2407 2415/2520/2432 2416/2521/2433 
f 2390/2495/2407 2416/2521/2433 2407/2512/2424 
f 2407/2512/2424 2416/2521/2433 2408/2513/2425 
f 2408/2513/2425 2416/2521/2433 2417/2522/2434 
f 2408/2513/2425 2417/2522/2434 2418/2523/2435 
f 2408/2513/2425 2418/2523/2435 2410/2515/2427 
f 2410/2515/2427 2418/2523/2435 2411/2516/2428 
f 2411/2516/2428 2418/2523/2435 2419/2524/2436 
f 2411/2516/2428 2419/2524/2436 2420/2525/2437 
f 2411/2516/2428 2420/2525/2437 2413/2518/2430 
f 2413/2518/2430 2420/2525/2437 2421/2526/2438 
f 2413/2518/2430 2421/2526/2438 2422/2527/2439 
f 2413/2518/2430 2422/2527/2439 2423/2528/2440 
f 2424/2529/2441 2420/2525/2437 2425/2530/2442 
f 2425/2530/2442 2420/2525/2437 2419/2524/2436 
f 2425/2530/2442 2419/2524/2436 2418/2523/2435 
f 2425/2530/2442 2418/2523/2435 2426/2531/2443 
f 2425/2530/2442 2426/2531/2443 2427/2532/2444 
f 2427/2532/2444 2426/2531/2443 2428/2533/2445 
f 2427/2532/2444 2428/2533/2445 2429/2534/2446 
f 2429/2534/2446 2428/2533/2445 2430/2535/2447 
f 2430/2535/2447 2428/2533/2445 2426/2531/2443 
f 2430/2535/2447 2426/2531/2443 2431/2536/2448 
f 2431/2536/2448 2426/2531/2443 2418/2523/2435 
f 2431/2536/2448 2418/2523/2435 2432/2537/2449 
f 2432/2537/2449 2418/2523/2435 2417/2522/2434 
f 2432/2537/2449 2417/2522/2434 2416/2521/2433 
f 2421/2526/2438 2420/2525/2437 2433/2538/2450 
f 2433/2538/2450 2420/2525/2437 2424/2529/2441 
f 2433/2538/2450 2424/2529/2441 2434/2539/2451 
f 2434/2539/2451 2424/2529/2441 2425/2530/2442 
f 2434/2539/2451 2425/2530/2442 2435/2540/2452 
f 2435/2540/2452 2425/2530/2442 2427/2532/2444 
f 2435/2540/2452 2427/2532/2444 2436/2541/2453 
f 2437/2542/2454 2438/2543/2455 2429/2534/2446 
f 2429/2534/2446 2438/2543/2455 2439/2544/2456 
f 2429/2534/2446 2439/2544/2456 2440/2545/2457 
f 2440/2545/2457 2439/2544/2456 2436/2541/2453 
f 2440/2545/2457 2436/2541/2453 2427/2532/2444 
f 2440/2545/2457 2427/2532/2444 2429/2534/2446 
f 2435/2540/2452 2436/2541/2453 2434/2539/2451 
f 2434/2539/2451 2436/2541/2453 2441/2546/2458 
f 2434/2539/2451 2441/2546/2458 2442/2547/2459 
f 2442/2547/2459 2441/2546/2458 2443/2548/2460 
f 2443/2548/2460 2441/2546/2458 2436/2541/2453 
f 2443/2548/2460 2436/2541/2453 2444/2549/2461 
f 2444/2549/2461 2436/2541/2453 2439/2544/2456 
f 2444/2549/2461 2439/2544/2456 2445/2550/2462 
f 2444/2549/2461 2445/2550/2462 2443/2548/2460 
f 2443/2548/2460 2445/2550/2462 2446/2551/2463 
f 2443/2548/2460 2446/2551/2463 2447/2552/2464 
f 2447/2552/2464 2446/2551/2463 2448/2553/2465 
f 2448/2553/2465 2446/2551/2463 2445/2550/2462 
f 2448/2553/2465 2445/2550/2462 2449/2554/2466 
f 2437/2542/2454 2450/2555/2467 2438/2543/2455 
f 2438/2543/2455 2450/2555/2467 2439/2544/2456 
f 2439/2544/2456 2450/2555/2467 2451/2556/2468 
f 2439/2544/2456 2451/2556/2468 2445/2550/2462 
f 2445/2550/2462 2451/2556/2468 2452/2557/2469 
f 2452/2557/2469 2451/2556/2468 2450/2555/2467 
f 2445/2550/2462 2452/2557/2469 2449/2554/2466 
f 2449/2554/2466 2452/2557/2469 2453/2558/2470 
f 2449/2554/2466 2453/2558/2470 2448/2553/2465 
f 2448/2553/2465 2453/2558/2470 2454/2559/2471 
f 2448/2553/2465 2454/2559/2471 2455/2560/2472 
f 2455/2560/2472 2454/2559/2471 2456/2561/2473 
f 2456/2561/2473 2454/2559/2471 2453/2558/2470 
f 2456/2561/2473 2453/2558/2470 2457/2562/2474 
f 2457/2562/2474 2453/2558/2470 2458/2563/2475 
f 2457/2562/2474 2458/2563/2475 2459/2564/2476 
f 2457/2562/2474 2459/2564/2476 2456/2561/2473 
f 2456/2561/2473 2459/2564/2476 2460/2565/2477 
f 2456/2561/2473 2460/2565/2477 2461/2566/2478 
f 2461/2566/2478 2460/2565/2477 2462/2567/2479 
f 2463/2568/2480 2464/2569/2481 2452/2557/2469 
f 2452/2557/2469 2464/2569/2481 2453/2558/2470 
f 2453/2558/2470 2464/2569/2481 2458/2563/2475 
f 2458/2563/2475 2464/2569/2481 2463/2568/2480 
f 2458/2563/2475 2463/2568/2480 2465/2570/2482 
f 2458/2563/2475 2465/2570/2482 2466/2571/2483 
f 2458/2563/2475 2466/2571/2483 2467/2572/2484 
f 2467/2572/2484 2466/2571/2483 2468/2573/2485 
f 2467/2572/2484 2468/2573/2485 2459/2564/2476 
f 2467/2572/2484 2459/2564/2476 2458/2563/2475 
f 2469/2574/2486 2470/2575/2487 2471/2576/2488 
f 2471/2576/2488 2470/2575/2487 2472/2577/2489 
f 2471/2576/2488 2472/2577/2489 2473/2578/2490 
f 2473/2578/2490 2472/2577/2489 2474/2579/2491 
f 2474/2579/2491 2472/2577/2489 2470/2575/2487 
f 2474/2579/2491 2470/2575/2487 2475/2580/2492 
f 2475/2580/2492 2470/2575/2487 2476/2581/2493 
f 2475/2580/2492 2476/2581/2493 2462/2567/2479 
f 2475/2580/2492 2462/2567/2479 2474/2579/2491 
f 2474/2579/2491 2462/2567/2479 2477/2582/2494 
f 2474/2579/2491 2477/2582/2494 2468/2573/2485 
f 2468/2573/2485 2477/2582/2494 2459/2564/2476 
f 2459/2564/2476 2477/2582/2494 2462/2567/2479 
f 2459/2564/2476 2462/2567/2479 2460/2565/2477 
f 2474/2579/2491 2468/2573/2485 2478/2583/2495 
f 2478/2583/2495 2468/2573/2485 2479/2584/2496 
f 2478/2583/2495 2479/2584/2496 2473/2578/2490 
f 2478/2583/2495 2473/2578/2490 2474/2579/2491 
f 2480/2585/2497 2481/2586/2498 2482/2587/2499 
f 2482/2587/2499 2481/2586/2498 2483/2588/2500 
f 2483/2588/2500 2481/2586/2498 2484/2589/2501 
f 2483/2588/2500 2484/2589/2501 2485/2590/2502 
f 2485/2590/2502 2484/2589/2501 2486/2591/2503 
f 2485/2590/2502 2486/2591/2503 2487/2592/2504 
f 2485/2590/2502 2487/2592/2504 2483/2588/2500 
f 2483/2588/2500 2487/2592/2504 2488/2593/2505 
f 2483/2588/2500 2488/2593/2505 2489/2594/2506 
f 2489/2594/2506 2488/2593/2505 2471/2576/2488 
f 2471/2576/2488 2488/2593/2505 2487/2592/2504 
f 2471/2576/2488 2487/2592/2504 2469/2574/2486 
f 2469/2574/2486 2487/2592/2504 2490/2595/2507 
f 2469/2574/2486 2490/2595/2507 2470/2575/2487 
f 2486/2591/2503 2484/2589/2501 2491/2596/2508 
f 2491/2596/2508 2484/2589/2501 2492/2597/2509 
f 2491/2596/2508 2492/2597/2509 2493/2598/2510 
f 2493/2598/2510 2492/2597/2509 2494/2599/2511 
f 2493/2598/2510 2494/2599/2511 2495/2600/2512 
f 2495/2600/2512 2494/2599/2511 2496/2601/2513 
f 2496/2601/2513 2494/2599/2511 2492/2597/2509 
f 2496/2601/2513 2492/2597/2509 2497/2602/2514 
f 2497/2602/2514 2492/2597/2509 2498/2603/2515 
f 2498/2603/2515 2492/2597/2509 2499/2604/2516 
f 2499/2604/2516 2492/2597/2509 2484/2589/2501 
f 2499/2604/2516 2484/2589/2501 2500/2605/2517 
f 2500/2605/2517 2484/2589/2501 2481/2586/2498 
f 2500/2605/2517 2481/2586/2498 2480/2585/2497 
f 2501/2606/2518 2502/2607/2519 2503/2608/2520 
f 2503/2608/2520 2502/2607/2519 2504/2609/2521 
f 2504/2609/2521 2502/2607/2519 2505/2610/2522 
f 2504/2609/2521 2505/2610/2522 2498/2603/2515 
f 2504/2609/2521 2498/2603/2515 2506/2611/2523 
f 2506/2611/2523 2498/2603/2515 2507/2612/2524 
f 2507/2612/2524 2498/2603/2515 2499/2604/2516 
f 2507/2612/2524 2499/2604/2516 2500/2605/2517 
f 2507/2612/2524 2500/2605/2517 2508/2613/2525 
f 2508/2613/2525 2500/2605/2517 2480/2585/2497 
f 2508/2613/2525 2480/2585/2497 2509/2614/2526 
f 2509/2614/2526 2480/2585/2497 2510/2615/2527 
f 2510/2615/2527 2480/2585/2497 2482/2587/2499 
f 2510/2615/2527 2482/2587/2499 2511/2616/2528 
f 2512/2617/2529 2513/2618/2530 2509/2614/2526 
f 2509/2614/2526 2513/2618/2530 2514/2619/2531 
f 2509/2614/2526 2514/2619/2531 2515/2620/2532 
f 2509/2614/2526 2515/2620/2532 2508/2613/2525 
f 2508/2613/2525 2515/2620/2532 2516/2621/2533 
f 2508/2613/2525 2516/2621/2533 2507/2612/2524 
f 2507/2612/2524 2516/2621/2533 2506/2611/2523 
f 2506/2611/2523 2516/2621/2533 2517/2622/2534 
f 2506/2611/2523 2517/2622/2534 2518/2623/2535 
f 2506/2611/2523 2518/2623/2535 2504/2609/2521 
f 2504/2609/2521 2518/2623/2535 2519/2624/2536 
f 2504/2609/2521 2519/2624/2536 2520/2625/2537 
f 2504/2609/2521 2520/2625/2537 2503/2608/2520 
f 2503/2608/2520 2520/2625/2537 2501/2606/2518 
f 2501/2606/2518 2521/2626/2538 2522/2627/2539 
f 2522/2627/2539 2521/2626/2538 2523/2628/2540 
f 2522/2627/2539 2523/2628/2540 2502/2607/2519 
f 2522/2627/2539 2502/2607/2519 2501/2606/2518 
f 2524/2629/2541 2525/2630/2542 2521/2626/2538 
f 2521/2626/2538 2525/2630/2542 2523/2628/2540 
f 2523/2628/2540 2525/2630/2542 2526/2631/2543 
f 2526/2631/2543 2525/2630/2542 2524/2629/2541 
f 2526/2631/2543 2524/2629/2541 2527/2632/2544 
f 2527/2632/2544 2524/2629/2541 2528/2633/2545 
f 2528/2633/2545 2524/2629/2541 2529/2634/2546 
f 2528/2633/2545 2529/2634/2546 2530/2635/2547 
f 2528/2633/2545 2530/2635/2547 2531/2636/2548 
f 2528/2633/2545 2531/2636/2548 2532/2637/2549 
f 2528/2633/2545 2532/2637/2549 2533/2638/2550 
f 2533/2638/2550 2532/2637/2549 2534/2639/2551 
f 2534/2639/2551 2532/2637/2549 2535/2640/2552 
f 2534/2639/2551 2535/2640/2552 2536/2641/2553 
f 2521/2626/2538 2537/2642/2554 2524/2629/2541 
f 2524/2629/2541 2537/2642/2554 2538/2643/2555 
f 2524/2629/2541 2538/2643/2555 2529/2634/2546 
f 2529/2634/2546 2538/2643/2555 2530/2635/2547 
f 2530/2635/2547 2538/2643/2555 2539/2644/2556 
f 2530/2635/2547 2539/2644/2556 1499/1604/1508 
f 2530/2635/2547 1499/1604/1508 2540/2645/2557 
f 2530/2635/2547 2540/2645/2557 2541/2646/2558 
f 2530/2635/2547 2541/2646/2558 2531/2636/2548 
f 2531/2636/2548 2541/2646/2558 2532/2637/2549 
f 2532/2637/2549 2541/2646/2558 2542/2647/2559 
f 2532/2637/2549 2542/2647/2559 2543/2648/2560 
f 2532/2637/2549 2543/2648/2560 2535/2640/2552 
f 2535/2640/2552 2543/2648/2560 2536/2641/2553 
f 2543/2648/2560 2544/2649/2561 2536/2641/2553 
f 2536/2641/2553 2544/2649/2561 2545/2650/2562 
f 2536/2641/2553 2545/2650/2562 2546/2651/2563 
f 2546/2651/2563 2545/2650/2562 2547/2652/2564 
f 2547/2652/2564 2545/2650/2562 2548/2653/2565 
f 2547/2652/2564 2548/2653/2565 2549/2654/2566 
f 2547/2652/2564 2549/2654/2566 2550/2655/2567 
f 2550/2655/2567 2549/2654/2566 2551/2656/2568 
f 2551/2656/2568 2549/2654/2566 2552/2657/2569 
f 2551/2656/2568 2552/2657/2569 2553/2658/2570 
f 2551/2656/2568 2553/2658/2570 2554/2659/2571 
f 2554/2659/2571 2553/2658/2570 2555/2660/2572 
f 2555/2660/2572 2553/2658/2570 2556/2661/2573 
f 2555/2660/2572 2556/2661/2573 225/239/2574 
f 2557/2662/2575 2558/2663/2576 2555/2660/2572 
f 2555/2660/2572 2558/2663/2576 2559/2664/2577 
f 2555/2660/2572 2559/2664/2577 2554/2659/2571 
f 2554/2659/2571 2559/2664/2577 2551/2656/2568 
f 2551/2656/2568 2559/2664/2577 2560/2665/2578 
f 2551/2656/2568 2560/2665/2578 2561/2666/2579 
f 2551/2656/2568 2561/2666/2579 2550/2655/2567 
f 2550/2655/2567 2561/2666/2579 2547/2652/2564 
f 2547/2652/2564 2561/2666/2579 2562/2667/2580 
f 2547/2652/2564 2562/2667/2580 2563/2668/2581 
f 2547/2652/2564 2563/2668/2581 2546/2651/2563 
f 2546/2651/2563 2563/2668/2581 2536/2641/2553 
f 2536/2641/2553 2563/2668/2581 2564/2669/2582 
f 2536/2641/2553 2564/2669/2582 2534/2639/2551 
f 2561/2666/2579 2565/2670/2583 2562/2667/2580 
f 2562/2667/2580 2565/2670/2583 2563/2668/2581 
f 2563/2668/2581 2565/2670/2583 2566/2671/2584 
f 2563/2668/2581 2566/2671/2584 2567/2672/2585 
f 2563/2668/2581 2567/2672/2585 2564/2669/2582 
f 2564/2669/2582 2567/2672/2585 2534/2639/2551 
f 2534/2639/2551 2567/2672/2585 2568/2673/2586 
f 2534/2639/2551 2568/2673/2586 2569/2674/2587 
f 2534/2639/2551 2569/2674/2587 2533/2638/2550 
f 2533/2638/2550 2569/2674/2587 2528/2633/2545 
f 2528/2633/2545 2569/2674/2587 2527/2632/2544 
f 2527/2632/2544 2569/2674/2587 2526/2631/2543 
f 2526/2631/2543 2569/2674/2587 2570/2675/2588 
f 2526/2631/2543 2570/2675/2588 2571/2676/2589 
f 2572/2677/2590 2573/2678/2591 2565/2670/2583 
f 2565/2670/2583 2573/2678/2591 2574/2679/2592 
f 2565/2670/2583 2574/2679/2592 2566/2671/2584 
f 2566/2671/2584 2574/2679/2592 2567/2672/2585 
f 2567/2672/2585 2574/2679/2592 2575/2680/2593 
f 2567/2672/2585 2575/2680/2593 2576/2681/2594 
f 2567/2672/2585 2576/2681/2594 2568/2673/2586 
f 2568/2673/2586 2576/2681/2594 2569/2674/2587 
f 2569/2674/2587 2576/2681/2594 2570/2675/2588 
f 2570/2675/2588 2576/2681/2594 2571/2676/2589 
f 2571/2676/2589 2576/2681/2594 2577/2682/2595 
f 2571/2676/2589 2577/2682/2595 2578/2683/2596 
f 2578/2683/2596 2577/2682/2595 2579/2684/2597 
f 2579/2684/2597 2577/2682/2595 2576/2681/2594 
f 2576/2681/2594 2575/2680/2593 2579/2684/2597 
f 2579/2684/2597 2575/2680/2593 2574/2679/2592 
f 2579/2684/2597 2574/2679/2592 2580/2685/2598 
f 2579/2684/2597 2580/2685/2598 2581/2686/2599 
f 2581/2686/2599 2580/2685/2598 2582/2687/2600 
f 2582/2687/2600 2580/2685/2598 2574/2679/2592 
f 2582/2687/2600 2574/2679/2592 2573/2678/2591 
f 2582/2687/2600 2573/2678/2591 2572/2677/2590 
f 2582/2687/2600 2572/2677/2590 2583/2688/2601 
f 2582/2687/2600 2583/2688/2601 2584/2689/2602 
f 2584/2689/2602 2583/2688/2601 2585/2690/2603 
f 2585/2690/2603 2583/2688/2601 2572/2677/2590 
f 2585/2690/2603 2572/2677/2590 2586/2691/2604 
f 2585/2690/2603 2586/2691/2604 2587/2692/2605 
f 2581/2686/2599 2582/2687/2600 2588/2693/2606 
f 2588/2693/2606 2582/2687/2600 2584/2689/2602 
f 2588/2693/2606 2584/2689/2602 2589/2694/2607 
f 2589/2694/2607 2584/2689/2602 2590/2695/2608 
f 2589/2694/2607 2590/2695/2608 2591/2696/2609 
f 2591/2696/2609 2590/2695/2608 2592/2697/2610 
f 2592/2697/2610 2590/2695/2608 2584/2689/2602 
f 2592/2697/2610 2584/2689/2602 2593/2698/2611 
f 2593/2698/2611 2584/2689/2602 2585/2690/2603 
f 2593/2698/2611 2585/2690/2603 2594/2699/2612 
f 2593/2698/2611 2594/2699/2612 2592/2697/2610 
f 2592/2697/2610 2594/2699/2612 2595/2700/2613 
f 2592/2697/2610 2595/2700/2613 2596/2701/2614 
f 2596/2701/2614 2595/2700/2613 2597/2702/2615 
f 2592/2697/2610 2596/2701/2614 2598/2703/2616 
f 2598/2703/2616 2596/2701/2614 2599/2704/2617 
f 2598/2703/2616 2599/2704/2617 2591/2696/2609 
f 2598/2703/2616 2591/2696/2609 2592/2697/2610 
f 2600/2705/2618 2601/2706/2619 2602/2707/2620 
f 2602/2707/2620 2601/2706/2619 2603/2708/2621 
f 2602/2707/2620 2603/2708/2621 2604/2709/2622 
f 2604/2709/2622 2603/2708/2621 2605/2710/2623 
f 2605/2710/2623 2603/2708/2621 2601/2706/2619 
f 2605/2710/2623 2601/2706/2619 2606/2711/2624 
f 2606/2711/2624 2601/2706/2619 2607/2712/2625 
f 2606/2711/2624 2607/2712/2625 2597/2702/2615 
f 2606/2711/2624 2597/2702/2615 2605/2710/2623 
f 2605/2710/2623 2597/2702/2615 2608/2713/2626 
f 2605/2710/2623 2608/2713/2626 2609/2714/2627 
f 2609/2714/2627 2608/2713/2626 2594/2699/2612 
f 2594/2699/2612 2608/2713/2626 2597/2702/2615 
f 2594/2699/2612 2597/2702/2615 2595/2700/2613 
f 2610/2715/2628 2611/2716/2629 2612/2717/2630 
f 2612/2717/2630 2611/2716/2629 2613/2718/2631 
f 2613/2718/2631 2611/2716/2629 2614/2719/2632 
f 2613/2718/2631 2614/2719/2632 2615/2720/2633 
f 2615/2720/2633 2614/2719/2632 2616/2721/2634 
f 2615/2720/2633 2616/2721/2634 2617/2722/2635 
f 2615/2720/2633 2617/2722/2635 2613/2718/2631 
f 2613/2718/2631 2617/2722/2635 2618/2723/2636 
f 2613/2718/2631 2618/2723/2636 2619/2724/2637 
f 2619/2724/2637 2618/2723/2636 2602/2707/2620 
f 2602/2707/2620 2618/2723/2636 2617/2722/2635 
f 2602/2707/2620 2617/2722/2635 2600/2705/2618 
f 2600/2705/2618 2617/2722/2635 2620/2725/2638 
f 2600/2705/2618 2620/2725/2638 2601/2706/2619 
f 2604/2709/2622 2621/2726/2639 2602/2707/2620 
f 2602/2707/2620 2621/2726/2639 2619/2724/2637 
f 2617/2722/2635 2616/2721/2634 2622/2727/2640 
f 2622/2727/2640 2616/2721/2634 2623/2728/2641 
f 2622/2727/2640 2623/2728/2641 2620/2725/2638 
f 2622/2727/2640 2620/2725/2638 2617/2722/2635 
f 2613/2718/2631 2619/2724/2637 2624/2729/2642 
f 2624/2729/2642 2619/2724/2637 2625/2730/2643 
f 2624/2729/2642 2625/2730/2643 2612/2717/2630 
f 2624/2729/2642 2612/2717/2630 2613/2718/2631 
f 2611/2716/2629 2610/2715/2628 2614/2719/2632 
f 2614/2719/2632 2610/2715/2628 2626/2731/2644 
f 2614/2719/2632 2626/2731/2644 2627/2732/2645 
f 2627/2732/2645 2626/2731/2644 2628/2733/2646 
f 2628/2733/2646 2626/2731/2644 2610/2715/2628 
f 2628/2733/2646 2610/2715/2628 2629/2734/2647 
f 2629/2734/2647 2610/2715/2628 2630/2735/2648 
f 2629/2734/2647 2630/2735/2648 2631/2736/2649 
f 2629/2734/2647 2631/2736/2649 2628/2733/2646 
f 2628/2733/2646 2631/2736/2649 2632/2737/2650 
f 2628/2733/2646 2632/2737/2650 2633/2738/2651 
f 2633/2738/2651 2632/2737/2650 2634/2739/2652 
f 2634/2739/2652 2632/2737/2650 2631/2736/2649 
f 2634/2739/2652 2631/2736/2649 2635/2740/2653 
f 2628/2733/2646 2633/2738/2651 2636/2741/2654 
f 2636/2741/2654 2633/2738/2651 2637/2742/2655 
f 2636/2741/2654 2637/2742/2655 2627/2732/2645 
f 2636/2741/2654 2627/2732/2645 2628/2733/2646 
f 2631/2736/2649 2638/2743/2656 2635/2740/2653 
f 2635/2740/2653 2638/2743/2656 2639/2744/2657 
f 2635/2740/2653 2639/2744/2657 2634/2739/2652 
f 2634/2739/2652 2639/2744/2657 2640/2745/2658 
f 2634/2739/2652 2640/2745/2658 2641/2746/2659 
f 2641/2746/2659 2640/2745/2658 2642/2747/2660 
f 2642/2747/2660 2640/2745/2658 2639/2744/2657 
f 2642/2747/2660 2639/2744/2657 2643/2748/2661 
f 2643/2748/2661 2639/2744/2657 2644/2749/2662 
f 2643/2748/2661 2644/2749/2662 2645/2750/2663 
f 2643/2748/2661 2645/2750/2663 2642/2747/2660 
f 2642/2747/2660 2645/2750/2663 2646/2751/2664 
f 2642/2747/2660 2646/2751/2664 2647/2752/2665 
f 2647/2752/2665 2646/2751/2664 2648/2753/2666 
f 2639/2744/2657 2638/2743/2656 2649/2754/2667 
f 2649/2754/2667 2638/2743/2656 2650/2755/2668 
f 2649/2754/2667 2650/2755/2668 2644/2749/2662 
f 2649/2754/2667 2644/2749/2662 2639/2744/2657 
f 2642/2747/2660 2647/2752/2665 2651/2756/2669 
f 2651/2756/2669 2647/2752/2665 2652/2757/2670 
f 2651/2756/2669 2652/2757/2670 2641/2746/2659 
f 2651/2756/2669 2641/2746/2659 2642/2747/2660 
f 2653/2758/2671 2654/2759/2672 2655/2760/2673 
f 2655/2760/2673 2654/2759/2672 2656/2761/2674 
f 2655/2760/2673 2656/2761/2674 2657/2762/2675 
f 2657/2762/2675 2656/2761/2674 2658/2763/2676 
f 2658/2763/2676 2656/2761/2674 2654/2759/2672 
f 2658/2763/2676 2654/2759/2672 2659/2764/2677 
f 2659/2764/2677 2654/2759/2672 2660/2765/2678 
f 2659/2764/2677 2660/2765/2678 2648/2753/2666 
f 2659/2764/2677 2648/2753/2666 2658/2763/2676 
f 2658/2763/2676 2648/2753/2666 2661/2766/2679 
f 2658/2763/2676 2661/2766/2679 2662/2767/2680 
f 2662/2767/2680 2661/2766/2679 2645/2750/2663 
f 2645/2750/2663 2661/2766/2679 2648/2753/2666 
f 2645/2750/2663 2648/2753/2666 2646/2751/2664 
f 2658/2763/2676 2662/2767/2680 2663/2768/2681 
f 2663/2768/2681 2662/2767/2680 2664/2769/2682 
f 2663/2768/2681 2664/2769/2682 2657/2762/2675 
f 2663/2768/2681 2657/2762/2675 2658/2763/2676 
f 2653/2758/2671 2665/2770/2683 2654/2759/2672 
f 2654/2759/2672 2665/2770/2683 2666/2771/2684 
f 2654/2759/2672 2666/2771/2684 2660/2765/2678 
f 2660/2765/2678 2666/2771/2684 2667/2772/2685 
f 2667/2772/2685 2666/2771/2684 2665/2770/2683 
f 2667/2772/2685 2665/2770/2683 2668/2773/2686 
f 2667/2772/2685 2668/2773/2686 2669/2774/2687 
f 2669/2774/2687 2668/2773/2686 2670/2775/2688 
f 2669/2774/2687 2670/2775/2688 2671/2776/2689 
f 2671/2776/2689 2670/2775/2688 2672/2777/2690 
f 2671/2776/2689 2672/2777/2690 2673/2778/2691 
f 2671/2776/2689 2673/2778/2691 2674/2779/2692 
f 2671/2776/2689 2674/2779/2692 2669/2774/2687 
f 2669/2774/2687 2674/2779/2692 2675/2780/2693 
f 2665/2770/2683 2676/2781/2694 2668/2773/2686 
f 2668/2773/2686 2676/2781/2694 2670/2775/2688 
f 2670/2775/2688 2676/2781/2694 2677/2782/2695 
f 2670/2775/2688 2677/2782/2695 2672/2777/2690 
f 2672/2777/2690 2677/2782/2695 2678/2783/2696 
f 2672/2777/2690 2678/2783/2696 2679/2784/2697 
f 2672/2777/2690 2679/2784/2697 2673/2778/2691 
f 2673/2778/2691 2679/2784/2697 2680/2785/2698 
f 2673/2778/2691 2680/2785/2698 2681/2786/2699 
f 2681/2786/2699 2680/2785/2698 2682/2787/2700 
f 2682/2787/2700 2680/2785/2698 2683/2788/2701 
f 2682/2787/2700 2683/2788/2701 2684/2789/2702 
f 2682/2787/2700 2684/2789/2702 2685/2790/2703 
f 2685/2790/2703 2684/2789/2702 2686/2791/2704 
f 2676/2781/2694 2687/2792/2705 2677/2782/2695 
f 2677/2782/2695 2687/2792/2705 2688/2793/2706 
f 2677/2782/2695 2688/2793/2706 2678/2783/2696 
f 2678/2783/2696 2688/2793/2706 2689/2794/2707 
f 2678/2783/2696 2689/2794/2707 2690/2795/2708 
f 2678/2783/2696 2690/2795/2708 2691/2796/2709 
f 2678/2783/2696 2691/2796/2709 2679/2784/2697 
f 2679/2784/2697 2691/2796/2709 2680/2785/2698 
f 2680/2785/2698 2691/2796/2709 2692/2797/2710 
f 2680/2785/2698 2692/2797/2710 2693/2798/2711 
f 2680/2785/2698 2693/2798/2711 2683/2788/2701 
f 2683/2788/2701 2693/2798/2711 2684/2789/2702 
f 2684/2789/2702 2693/2798/2711 2694/2799/2712 
f 2684/2789/2702 2694/2799/2712 2695/2800/2713 
f 2696/2801/2714 2697/2802/2715 2698/2803/2716 
f 2698/2803/2716 2697/2802/2715 2699/2804/2717 
f 2699/2804/2717 2697/2802/2715 2700/2805/2718 
f 2700/2805/2718 2697/2802/2715 2701/2806/2719 
f 2701/2806/2719 2697/2802/2715 2702/2807/2720 
f 2701/2806/2719 2702/2807/2720 2703/2808/2721 
f 2701/2806/2719 2703/2808/2721 2704/2809/2722 
f 2704/2809/2722 2703/2808/2721 2705/2810/2723 
f 2705/2810/2723 2703/2808/2721 2706/2811/2724 
f 2705/2810/2723 2706/2811/2724 2707/2812/2725 
f 2705/2810/2723 2707/2812/2725 2708/2813/2726 
f 2708/2813/2726 2707/2812/2725 2695/2800/2713 
f 2695/2800/2713 2707/2812/2725 2709/2814/2727 
f 2695/2800/2713 2709/2814/2727 2684/2789/2702 
f 2710/2815/2728 2711/2816/2729 2712/2817/2730 
f 2712/2817/2730 2711/2816/2729 2713/2818/2731 
f 2712/2817/2730 2713/2818/2731 2714/2819/2732 
f 2714/2819/2732 2713/2818/2731 2697/2802/2715 
f 2697/2802/2715 2713/2818/2731 2702/2807/2720 
f 2702/2807/2720 2713/2818/2731 2703/2808/2721 
f 2703/2808/2721 2713/2818/2731 2715/2820/2733 
f 2703/2808/2721 2715/2820/2733 2716/2821/2734 
f 2703/2808/2721 2716/2821/2734 2706/2811/2724 
f 2706/2811/2724 2716/2821/2734 2707/2812/2725 
f 2707/2812/2725 2716/2821/2734 2717/2822/2735 
f 2707/2812/2725 2717/2822/2735 2686/2791/2704 
f 2707/2812/2725 2686/2791/2704 2709/2814/2727 
f 2709/2814/2727 2686/2791/2704 2684/2789/2702 
f 2715/2820/2733 2718/2823/2736 2716/2821/2734 
f 2716/2821/2734 2718/2823/2736 2719/2824/2737 
f 2716/2821/2734 2719/2824/2737 2720/2825/2738 
f 2716/2821/2734 2720/2825/2738 2717/2822/2735 
f 2717/2822/2735 2720/2825/2738 2686/2791/2704 
f 2686/2791/2704 2720/2825/2738 2721/2826/2739 
f 2686/2791/2704 2721/2826/2739 2722/2827/2740 
f 2686/2791/2704 2722/2827/2740 2685/2790/2703 
f 2685/2790/2703 2722/2827/2740 2682/2787/2700 
f 2682/2787/2700 2722/2827/2740 2723/2828/2741 
f 2682/2787/2700 2723/2828/2741 2724/2829/2742 
f 2682/2787/2700 2724/2829/2742 2681/2786/2699 
f 2681/2786/2699 2724/2829/2742 2673/2778/2691 
f 2673/2778/2691 2724/2829/2742 2725/2830/2743 
f 2719/2824/2737 2726/2831/2744 2720/2825/2738 
f 2720/2825/2738 2726/2831/2744 2727/2832/2745 
f 2720/2825/2738 2727/2832/2745 2728/2833/2746 
f 2720/2825/2738 2728/2833/2746 2721/2826/2739 
f 2721/2826/2739 2728/2833/2746 2722/2827/2740 
f 2722/2827/2740 2728/2833/2746 2729/2834/2747 
f 2722/2827/2740 2729/2834/2747 2730/2835/2748 
f 2722/2827/2740 2730/2835/2748 2723/2828/2741 
f 2723/2828/2741 2730/2835/2748 2724/2829/2742 
f 2724/2829/2742 2730/2835/2748 2731/2836/2749 
f 2724/2829/2742 2731/2836/2749 2732/2837/2750 
f 2724/2829/2742 2732/2837/2750 2725/2830/2743 
f 2725/2830/2743 2732/2837/2750 2674/2779/2692 
f 2725/2830/2743 2674/2779/2692 2673/2778/2691 
f 2733/2838/2751 2734/2839/2752 2726/2831/2744 
f 2726/2831/2744 2734/2839/2752 2727/2832/2745 
f 2727/2832/2745 2734/2839/2752 2728/2833/2746 
f 2728/2833/2746 2734/2839/2752 2735/2840/2753 
f 2728/2833/2746 2735/2840/2753 2736/2841/2754 
f 2728/2833/2746 2736/2841/2754 2729/2834/2747 
f 2729/2834/2747 2736/2841/2754 2730/2835/2748 
f 2730/2835/2748 2736/2841/2754 2737/2842/2755 
f 2730/2835/2748 2737/2842/2755 2738/2843/2756 
f 2730/2835/2748 2738/2843/2756 2731/2836/2749 
f 2731/2836/2749 2738/2843/2756 2732/2837/2750 
f 2732/2837/2750 2738/2843/2756 2739/2844/2757 
f 2732/2837/2750 2739/2844/2757 2740/2845/2758 
f 2740/2845/2758 2739/2844/2757 2741/2846/2759 
f 2739/2844/2757 2738/2843/2756 2741/2846/2759 
f 2741/2846/2759 2738/2843/2756 2742/2847/2760 
f 2742/2847/2760 2738/2843/2756 2743/2848/2761 
f 2743/2848/2761 2738/2843/2756 2737/2842/2755 
f 2743/2848/2761 2737/2842/2755 2736/2841/2754 
f 2743/2848/2761 2736/2841/2754 2744/2849/2762 
f 2744/2849/2762 2736/2841/2754 2745/2850/2763 
f 2745/2850/2763 2736/2841/2754 2735/2840/2753 
f 2745/2850/2763 2735/2840/2753 2734/2839/2752 
f 2745/2850/2763 2734/2839/2752 2746/2851/2764 
f 2745/2850/2763 2746/2851/2764 2747/2852/2765 
f 2745/2850/2763 2747/2852/2765 2748/2853/2766 
f 2748/2853/2766 2747/2852/2765 2749/2854/2767 
f 2749/2854/2767 2747/2852/2765 2750/2855/2768 
f 2751/2856/2769 2752/2857/2770 2753/2858/2771 
f 2753/2858/2771 2752/2857/2770 2741/2846/2759 
f 2753/2858/2771 2741/2846/2759 2754/2859/2772 
f 2754/2859/2772 2741/2846/2759 2742/2847/2760 
f 2754/2859/2772 2742/2847/2760 2743/2848/2761 
f 2754/2859/2772 2743/2848/2761 2755/2860/2773 
f 2755/2860/2773 2743/2848/2761 2756/2861/2774 
f 2756/2861/2774 2743/2848/2761 2744/2849/2762 
f 2756/2861/2774 2744/2849/2762 2745/2850/2763 
f 2756/2861/2774 2745/2850/2763 2748/2853/2766 
f 2756/2861/2774 2748/2853/2766 2749/2854/2767 
f 2756/2861/2774 2749/2854/2767 2757/2862/2775 
f 2757/2862/2775 2749/2854/2767 2758/2863/2776 
f 2758/2863/2776 2749/2854/2767 2759/2864/2777 
f 2753/2858/2771 2754/2859/2772 2751/2856/2769 
f 2751/2856/2769 2754/2859/2772 2760/2865/2778 
f 2760/2865/2778 2754/2859/2772 2761/2866/2779 
f 2761/2866/2779 2754/2859/2772 2755/2860/2773 
f 2761/2866/2779 2755/2860/2773 2756/2861/2774 
f 2761/2866/2779 2756/2861/2774 2757/2862/2775 
f 2761/2866/2779 2757/2862/2775 2758/2863/2776 
f 2761/2866/2779 2758/2863/2776 2762/2867/2780 
f 2762/2867/2780 2758/2863/2776 2763/2868/2781 
f 2763/2868/2781 2758/2863/2776 2764/2869/2782 
f 2763/2868/2781 2764/2869/2782 2765/2870/2783 
f 2763/2868/2781 2765/2870/2783 2766/2871/2784 
f 2766/2871/2784 2765/2870/2783 2767/2872/2785 
f 2767/2872/2785 2765/2870/2783 2768/2873/2786 
f 2769/2874/2787 2770/2875/2788 2771/2876/2789 
f 2771/2876/2789 2770/2875/2788 2767/2872/2785 
f 2767/2872/2785 2770/2875/2788 2772/2877/2790 
f 2772/2877/2790 2770/2875/2788 2773/2878/2791 
f 2772/2877/2790 2773/2878/2791 2774/2879/2792 
f 2772/2877/2790 2774/2879/2792 2767/2872/2785 
f 2767/2872/2785 2774/2879/2792 2766/2871/2784 
f 2766/2871/2784 2774/2879/2792 2763/2868/2781 
f 2763/2868/2781 2774/2879/2792 2775/2880/2793 
f 2775/2880/2793 2774/2879/2792 2751/2856/2769 
f 2775/2880/2793 2751/2856/2769 2776/2881/2794 
f 2776/2881/2794 2751/2856/2769 2760/2865/2778 
f 2776/2881/2794 2760/2865/2778 2761/2866/2779 
f 2776/2881/2794 2761/2866/2779 2762/2867/2780 
f 2768/2873/2786 2777/2882/2795 2767/2872/2785 
f 2767/2872/2785 2777/2882/2795 2771/2876/2789 
f 2771/2876/2789 2777/2882/2795 2769/2874/2787 
f 2769/2874/2787 2777/2882/2795 2778/2883/2796 
f 2769/2874/2787 2778/2883/2796 2779/2884/2797 
f 2769/2874/2787 2779/2884/2797 2780/2885/2798 
f 2780/2885/2798 2779/2884/2797 2781/2886/2799 
f 2781/2886/2799 2779/2884/2797 2782/2887/2800 
f 2781/2886/2799 2782/2887/2800 2783/2888/2801 
f 2783/2888/2801 2782/2887/2800 2784/2889/2802 
f 2784/2889/2802 2782/2887/2800 2779/2884/2797 
f 2785/2890/2803 2770/2875/2788 2786/2891/2804 
f 2786/2891/2804 2770/2875/2788 2769/2874/2787 
f 2786/2891/2804 2769/2874/2787 2787/2892/2805 
f 2786/2891/2804 2787/2892/2805 2785/2890/2803 
f 2785/2890/2803 2787/2892/2805 2788/2893/2806 
f 2785/2890/2803 2788/2893/2806 2789/2894/2807 
f 2789/2894/2807 2788/2893/2806 2781/2886/2799 
f 2781/2886/2799 2788/2893/2806 2787/2892/2805 
f 2781/2886/2799 2787/2892/2805 2780/2885/2798 
f 2780/2885/2798 2787/2892/2805 2769/2874/2787 
f 2789/2894/2807 2781/2886/2799 2790/2895/2808 
f 2790/2895/2808 2781/2886/2799 2783/2888/2801 
f 2790/2895/2808 2783/2888/2801 2791/2896/2809 
f 2791/2896/2809 2783/2888/2801 2792/2897/2810 
f 2791/2896/2809 2792/2897/2810 2793/2898/2811 
f 2793/2898/2811 2792/2897/2810 2794/2899/2812 
f 2794/2899/2812 2792/2897/2810 2783/2888/2801 
f 2794/2899/2812 2783/2888/2801 2795/2900/2813 
f 2795/2900/2813 2783/2888/2801 2784/2889/2802 
f 2795/2900/2813 2784/2889/2802 2796/2901/2814 
f 2795/2900/2813 2796/2901/2814 2794/2899/2812 
f 2794/2899/2812 2796/2901/2814 2797/2902/2815 
f 2794/2899/2812 2797/2902/2815 2798/2903/2816 
f 2798/2903/2816 2797/2902/2815 2799/2904/2817 
f 2800/2905/2818 2801/2906/2819 2802/2907/2820 
f 2802/2907/2820 2801/2906/2819 2803/2908/2821 
f 2802/2907/2820 2803/2908/2821 2804/2909/2822 
f 2804/2909/2822 2803/2908/2821 2805/2910/2823 
f 2805/2910/2823 2803/2908/2821 2801/2906/2819 
f 2805/2910/2823 2801/2906/2819 2806/2911/2824 
f 2806/2911/2824 2801/2906/2819 2785/2890/2803 
f 2806/2911/2824 2785/2890/2803 2789/2894/2807 
f 2806/2911/2824 2789/2894/2807 2805/2910/2823 
f 2805/2910/2823 2789/2894/2807 2807/2912/2825 
f 2805/2910/2823 2807/2912/2825 2808/2913/2826 
f 2808/2913/2826 2807/2912/2825 2791/2896/2809 
f 2791/2896/2809 2807/2912/2825 2789/2894/2807 
f 2791/2896/2809 2789/2894/2807 2790/2895/2808 
f 2802/2907/2820 2809/2914/2827 2800/2905/2818 
f 2800/2905/2818 2809/2914/2827 2810/2915/2828 
f 2800/2905/2818 2810/2915/2828 2801/2906/2819 
f 2801/2906/2819 2810/2915/2828 2811/2916/2829 
f 2801/2906/2819 2811/2916/2829 2785/2890/2803 
f 2785/2890/2803 2811/2916/2829 2812/2917/2830 
f 2812/2917/2830 2811/2916/2829 2810/2915/2828 
f 2812/2917/2830 2810/2915/2828 2813/2918/2831 
f 2813/2918/2831 2810/2915/2828 2814/2919/2832 
f 2813/2918/2831 2814/2919/2832 2815/2920/2833 
f 2813/2918/2831 2815/2920/2833 2812/2917/2830 
f 2812/2917/2830 2815/2920/2833 2816/2921/2834 
f 2812/2917/2830 2816/2921/2834 2773/2878/2791 
f 2773/2878/2791 2816/2921/2834 2817/2922/2835 
f 2818/2923/2836 2819/2924/2837 2820/2925/2838 
f 2820/2925/2838 2819/2924/2837 2814/2919/2832 
f 2820/2925/2838 2814/2919/2832 2821/2926/2839 
f 2821/2926/2839 2814/2919/2832 2810/2915/2828 
f 2821/2926/2839 2810/2915/2828 2809/2914/2827 
f 2821/2926/2839 2809/2914/2827 2820/2925/2838 
f 2814/2919/2832 2819/2924/2837 2822/2927/2840 
f 2822/2927/2840 2819/2924/2837 2818/2923/2836 
f 2822/2927/2840 2818/2923/2836 2823/2928/2841 
f 2823/2928/2841 2818/2923/2836 2824/2929/2842 
f 2823/2928/2841 2824/2929/2842 2825/2930/2843 
f 2823/2928/2841 2825/2930/2843 2822/2927/2840 
f 2815/2920/2833 2814/2919/2832 2826/2931/2844 
f 2826/2931/2844 2814/2919/2832 2822/2927/2840 
f 2826/2931/2844 2822/2927/2840 2827/2932/2845 
f 2826/2931/2844 2827/2932/2845 2815/2920/2833 
f 2828/2933/2846 2752/2857/2770 2829/2934/2847 
f 2829/2934/2847 2752/2857/2770 2830/2935/2848 
f 2829/2934/2847 2830/2935/2848 2831/2936/2849 
f 2831/2936/2849 2830/2935/2848 2832/2937/2850 
f 2832/2937/2850 2830/2935/2848 2752/2857/2770 
f 2832/2937/2850 2752/2857/2770 2833/2938/2851 
f 2833/2938/2851 2752/2857/2770 2751/2856/2769 
f 2833/2938/2851 2751/2856/2769 2817/2922/2835 
f 2833/2938/2851 2817/2922/2835 2832/2937/2850 
f 2832/2937/2850 2817/2922/2835 2834/2939/2852 
f 2832/2937/2850 2834/2939/2852 2827/2932/2845 
f 2827/2932/2845 2834/2939/2852 2815/2920/2833 
f 2815/2920/2833 2834/2939/2852 2817/2922/2835 
f 2815/2920/2833 2817/2922/2835 2816/2921/2834 
f 2832/2937/2850 2827/2932/2845 2835/2940/2853 
f 2835/2940/2853 2827/2932/2845 2836/2941/2854 
f 2835/2940/2853 2836/2941/2854 2831/2936/2849 
f 2835/2940/2853 2831/2936/2849 2832/2937/2850 
f 2836/2941/2854 2827/2932/2845 2837/2942/2855 
f 2837/2942/2855 2827/2932/2845 2822/2927/2840 
f 2837/2942/2855 2822/2927/2840 2825/2930/2843 
f 2837/2942/2855 2825/2930/2843 2836/2941/2854 
f 2669/2774/2687 2675/2780/2693 2838/2943/2856 
f 2838/2943/2856 2675/2780/2693 2839/2944/2857 
f 2839/2944/2857 2675/2780/2693 2674/2779/2692 
f 2839/2944/2857 2674/2779/2692 2840/2945/2858 
f 2840/2945/2858 2674/2779/2692 2732/2837/2750 
f 2840/2945/2858 2732/2837/2750 2740/2845/2758 
f 2840/2945/2858 2740/2845/2758 2839/2944/2857 
f 2839/2944/2857 2740/2845/2758 2841/2946/2859 
f 2839/2944/2857 2841/2946/2859 2842/2947/2860 
f 2842/2947/2860 2841/2946/2859 2829/2934/2847 
f 2829/2934/2847 2841/2946/2859 2740/2845/2758 
f 2829/2934/2847 2740/2845/2758 2828/2933/2846 
f 2828/2933/2846 2740/2845/2758 2741/2846/2759 
f 2828/2933/2846 2741/2846/2759 2752/2857/2770 
f 2839/2944/2857 2842/2947/2860 2843/2948/2861 
f 2843/2948/2861 2842/2947/2860 2844/2949/2862 
f 2843/2948/2861 2844/2949/2862 2838/2943/2856 
f 2843/2948/2861 2838/2943/2856 2839/2944/2857 
f 2842/2947/2860 2845/2950/2863 2846/2951/2864 
f 2846/2951/2864 2845/2950/2863 2847/2952/2865 
f 2846/2951/2864 2847/2952/2865 2844/2949/2862 
f 2846/2951/2864 2844/2949/2862 2842/2947/2860 
f 2829/2934/2847 2831/2936/2849 2848/2953/2866 
f 2848/2953/2866 2831/2936/2849 2845/2950/2863 
f 2848/2953/2866 2845/2950/2863 2842/2947/2860 
f 2848/2953/2866 2842/2947/2860 2829/2934/2847 
f 2831/2936/2849 2836/2941/2854 2849/2954/2867 
f 2849/2954/2867 2836/2941/2854 2850/2955/2868 
f 2849/2954/2867 2850/2955/2868 2845/2950/2863 
f 2849/2954/2867 2845/2950/2863 2831/2936/2849 
f 2845/2950/2863 2850/2955/2868 2851/2956/2869 
f 2851/2956/2869 2850/2955/2868 2852/2957/2870 
f 2851/2956/2869 2852/2957/2870 2847/2952/2865 
f 2851/2956/2869 2847/2952/2865 2845/2950/2863 
f 2844/2949/2862 2847/2952/2865 2853/2958/2871 
f 2853/2958/2871 2847/2952/2865 2854/2959/2872 
f 2853/2958/2871 2854/2959/2872 2855/2960/2873 
f 2853/2958/2871 2855/2960/2873 2844/2949/2862 
f 2847/2952/2865 2852/2957/2870 2856/2961/2874 
f 2856/2961/2874 2852/2957/2870 2857/2962/2875 
f 2856/2961/2874 2857/2962/2875 2854/2959/2872 
f 2856/2961/2874 2854/2959/2872 2847/2952/2865 
f 2850/2955/2868 2858/2963/2876 2852/2957/2870 
f 2852/2957/2870 2858/2963/2876 2859/2964/2877 
f 2852/2957/2870 2859/2964/2877 2860/2965/2878 
f 2860/2965/2878 2859/2964/2877 2861/2966/2879 
f 2860/2965/2878 2861/2966/2879 2857/2962/2875 
f 2860/2965/2878 2857/2962/2875 2852/2957/2870 
f 2855/2960/2873 2854/2959/2872 2862/2967/2880 
f 2862/2967/2880 2854/2959/2872 2863/2968/2881 
f 2863/2968/2881 2854/2959/2872 2864/2969/2882 
f 2864/2969/2882 2854/2959/2872 2857/2962/2875 
f 2864/2969/2882 2857/2962/2875 2865/2970/2883 
f 2864/2969/2882 2865/2970/2883 2863/2968/2881 
f 2863/2968/2881 2865/2970/2883 2866/2971/2884 
f 2863/2968/2881 2866/2971/2884 2867/2972/2885 
f 2867/2972/2885 2866/2971/2884 2868/2973/2886 
f 2868/2973/2886 2866/2971/2884 2865/2970/2883 
f 2868/2973/2886 2865/2970/2883 2869/2974/2887 
f 2868/2973/2886 2869/2974/2887 2870/2975/2888 
f 2870/2975/2888 2869/2974/2887 2871/2976/2889 
f 2871/2976/2889 2869/2974/2887 2865/2970/2883 
f 2855/2960/2873 2862/2967/2880 2872/2977/2890 
f 2872/2977/2890 2862/2967/2880 2863/2968/2881 
f 2872/2977/2890 2863/2968/2881 2873/2978/2891 
f 2873/2978/2891 2863/2968/2881 2867/2972/2885 
f 2873/2978/2891 2867/2972/2885 2652/2757/2670 
f 2873/2978/2891 2652/2757/2670 2872/2977/2890 
f 2872/2977/2890 2652/2757/2670 2874/2979/2892 
f 2872/2977/2890 2874/2979/2892 2875/2980/2893 
f 2875/2980/2893 2874/2979/2892 2647/2752/2665 
f 2647/2752/2665 2874/2979/2892 2652/2757/2670 
f 2876/2981/2894 2855/2960/2873 2877/2982/2895 
f 2877/2982/2895 2855/2960/2873 2872/2977/2890 
f 2877/2982/2895 2872/2977/2890 2875/2980/2893 
f 2877/2982/2895 2875/2980/2893 2876/2981/2894 
f 2838/2943/2856 2844/2949/2862 2878/2983/2896 
f 2878/2983/2896 2844/2949/2862 2855/2960/2873 
f 2878/2983/2896 2855/2960/2873 2876/2981/2894 
f 2878/2983/2896 2876/2981/2894 2838/2943/2856 
f 2669/2774/2687 2838/2943/2856 2879/2984/2897 
f 2879/2984/2897 2838/2943/2856 2876/2981/2894 
f 2879/2984/2897 2876/2981/2894 2667/2772/2685 
f 2879/2984/2897 2667/2772/2685 2669/2774/2687 
f 2667/2772/2685 2876/2981/2894 2880/2985/2898 
f 2880/2985/2898 2876/2981/2894 2875/2980/2893 
f 2880/2985/2898 2875/2980/2893 2660/2765/2678 
f 2880/2985/2898 2660/2765/2678 2667/2772/2685 
f 2660/2765/2678 2875/2980/2893 2881/2986/2899 
f 2881/2986/2899 2875/2980/2893 2647/2752/2665 
f 2881/2986/2899 2647/2752/2665 2648/2753/2666 
f 2881/2986/2899 2648/2753/2666 2660/2765/2678 
f 2882/2987/2900 2883/2988/2901 2884/2989/2902 
f 2885/2990/2903 2886/2991/2904 2887/2992/2905 
f 2887/2992/2905 2886/2991/2904 2888/2993/2906 
f 2887/2992/2905 2888/2993/2906 2889/2994/2907 
f 2887/2992/2905 2889/2994/2907 2890/2995/2908 
f 2890/2995/2908 2889/2994/2907 2891/2996/2909 
f 2890/2995/2908 2891/2996/2909 2892/2997/2910 
f 2890/2995/2908 2892/2997/2910 2882/2987/2900 
f 2882/2987/2900 2892/2997/2910 2893/2998/2911 
f 2882/2987/2900 2893/2998/2911 2883/2988/2901 
f 2883/2988/2901 2893/2998/2911 1370/1475/1379 
f 2883/2988/2901 1370/1475/1379 1372/1477/1381 
f 2883/2988/2901 1372/1477/1381 2894/2999/2912 
f 2883/2988/2901 2894/2999/2912 2884/2989/2902 
f 2884/2989/2902 2894/2999/2912 2895/3000/2913 
f 2896/3001/2914 2885/2990/2903 2897/3002/2915 
f 2897/3002/2915 2885/2990/2903 2898/3003/2916 
f 2898/3003/2916 2885/2990/2903 2899/3004/2917 
f 2898/3003/2916 2899/3004/2917 2900/3005/2918 
f 2900/3005/2918 2899/3004/2917 2901/3006/2919 
f 2900/3005/2918 2901/3006/2919 1356/1461/1365 
f 1356/1461/1365 2901/3006/2919 2902/3007/2920 
f 1356/1461/1365 2902/3007/2920 1357/1462/1366 
f 1357/1462/1366 2902/3007/2920 2895/3000/2913 
f 1357/1462/1366 2895/3000/2913 1358/1463/1367 
f 1358/1463/1367 2895/3000/2913 2894/2999/2912 
f 1358/1463/1367 2894/2999/2912 1359/1464/1368 
f 1359/1464/1368 2894/2999/2912 1372/1477/1381 
f 1359/1464/1368 1372/1477/1381 1363/1468/1372 
f 2884/2989/2902 2895/3000/2913 2903/3008/2921 
f 2903/3008/2921 2895/3000/2913 2902/3007/2920 
f 2903/3008/2921 2902/3007/2920 2904/3009/2922 
f 2904/3009/2922 2902/3007/2920 2901/3006/2919 
f 2904/3009/2922 2901/3006/2919 2899/3004/2917 
f 2904/3009/2922 2899/3004/2917 2885/2990/2903 
f 2904/3009/2922 2885/2990/2903 2887/2992/2905 
f 2904/3009/2922 2887/2992/2905 2903/3008/2921 
f 2903/3008/2921 2887/2992/2905 2905/3010/2923 
f 2905/3010/2923 2887/2992/2905 2890/2995/2908 
f 2905/3010/2923 2890/2995/2908 2882/2987/2900 
f 2905/3010/2923 2882/2987/2900 2884/2989/2902 
f 2905/3010/2923 2884/2989/2902 2903/3008/2921 
f 2885/2990/2903 2896/3001/2914 2886/2991/2904 
f 2886/2991/2904 2896/3001/2914 2906/3011/2924 
f 2886/2991/2904 2906/3011/2924 2888/2993/2906 
f 2888/2993/2906 2906/3011/2924 2907/3012/2925 
f 2907/3012/2925 2906/3011/2924 2908/3013/2926 
f 2907/3012/2925 2908/3013/2926 2909/3014/2927 
f 2909/3014/2927 2908/3013/2926 2910/3015/2928 
f 2909/3014/2927 2910/3015/2928 2911/3016/2929 
f 2911/3016/2929 2910/3015/2928 2912/3017/2930 
f 2911/3016/2929 2912/3017/2930 2913/3018/2931 
f 2913/3018/2931 2912/3017/2930 2914/3019/2932 
f 2914/3019/2932 2912/3017/2930 2915/3020/2933 
f 2914/3019/2932 2915/3020/2933 289/313/289 
f 2914/3019/2932 289/313/289 290/314/290 
f 298/322/298 289/313/289 2916/3021/2934 
f 2916/3021/2934 289/313/289 2917/3022/2935 
f 2917/3022/2935 289/313/289 2915/3020/2933 
f 2917/3022/2935 2915/3020/2933 2912/3017/2930 
f 2917/3022/2935 2912/3017/2930 2918/3023/2936 
f 2918/3023/2936 2912/3017/2930 2919/3024/2937 
f 2919/3024/2937 2912/3017/2930 2910/3015/2928 
f 2919/3024/2937 2910/3015/2928 2908/3013/2926 
f 2919/3024/2937 2908/3013/2926 2920/3025/2938 
f 2920/3025/2938 2908/3013/2926 2906/3011/2924 
f 2920/3025/2938 2906/3011/2924 2921/3026/2939 
f 2921/3026/2939 2906/3011/2924 2896/3001/2914 
f 2921/3026/2939 2896/3001/2914 2922/3027/2940 
f 2922/3027/2940 2896/3001/2914 2897/3002/2915 
f 2923/3028/2941 2919/3024/2937 2924/3029/2942 
f 2924/3029/2942 2919/3024/2937 2920/3025/2938 
f 2924/3029/2942 2920/3025/2938 2925/3030/2943 
f 2925/3030/2943 2920/3025/2938 2921/3026/2939 
f 2925/3030/2943 2921/3026/2939 2922/3027/2940 
f 2925/3030/2943 2922/3027/2940 2926/3031/2944 
f 2926/3031/2944 2922/3027/2940 2897/3002/2915 
f 2926/3031/2944 2897/3002/2915 2927/3032/2945 
f 2927/3032/2945 2897/3002/2915 2898/3003/2916 
f 2927/3032/2945 2898/3003/2916 2928/3033/2946 
f 2928/3033/2946 2898/3003/2916 2929/3034/2947 
f 2929/3034/2947 2898/3003/2916 2900/3005/2918 
f 2929/3034/2947 2900/3005/2918 1353/1458/1362 
f 1353/1458/1362 2900/3005/2918 1356/1461/1365 
f 2930/3035/2948 2923/3028/2941 2931/3036/2949 
f 2931/3036/2949 2923/3028/2941 2932/3037/2950 
f 2932/3037/2950 2923/3028/2941 2924/3029/2942 
f 2932/3037/2950 2924/3029/2942 2933/3038/2951 
f 2933/3038/2951 2924/3029/2942 2925/3030/2943 
f 2933/3038/2951 2925/3030/2943 2926/3031/2944 
f 2933/3038/2951 2926/3031/2944 2934/3039/2952 
f 2934/3039/2952 2926/3031/2944 2927/3032/2945 
f 2934/3039/2952 2927/3032/2945 2935/3040/2953 
f 2935/3040/2953 2927/3032/2945 2928/3033/2946 
f 2935/3040/2953 2928/3033/2946 2936/3041/2954 
f 2936/3041/2954 2928/3033/2946 1355/1460/1364 
f 1355/1460/1364 2928/3033/2946 2929/3034/2947 
f 1355/1460/1364 2929/3034/2947 1353/1458/1362 
f 2937/3042/2955 2933/3038/2951 2938/3043/2956 
f 2938/3043/2956 2933/3038/2951 2934/3039/2952 
f 2938/3043/2956 2934/3039/2952 2939/3044/2957 
f 2939/3044/2957 2934/3039/2952 2935/3040/2953 
f 2939/3044/2957 2935/3040/2953 2940/3045/2958 
f 2940/3045/2958 2935/3040/2953 2936/3041/2954 
f 2940/3045/2958 2936/3041/2954 2941/3046/2959 
f 2941/3046/2959 2936/3041/2954 1355/1460/1364 
f 2941/3046/2959 1355/1460/1364 2942/3047/2960 
f 2942/3047/2960 1355/1460/1364 1354/1459/1363 
f 2942/3047/2960 1354/1459/1363 1328/1433/1337 
f 1328/1433/1337 1354/1459/1363 1351/1456/1360 
f 1328/1433/1337 1351/1456/1360 1329/1434/1338 
f 1329/1434/1338 1351/1456/1360 1342/1447/1351 
f 2943/3048/2961 2937/3042/2955 2944/3049/2962 
f 2944/3049/2962 2937/3042/2955 2945/3050/2963 
f 2945/3050/2963 2937/3042/2955 2938/3043/2956 
f 2945/3050/2963 2938/3043/2956 2946/3051/2964 
f 2946/3051/2964 2938/3043/2956 2939/3044/2957 
f 2946/3051/2964 2939/3044/2957 2947/3052/2965 
f 2947/3052/2965 2939/3044/2957 2940/3045/2958 
f 2947/3052/2965 2940/3045/2958 2948/3053/2966 
f 2948/3053/2966 2940/3045/2958 2941/3046/2959 
f 2948/3053/2966 2941/3046/2959 2949/3054/2967 
f 2949/3054/2967 2941/3046/2959 2942/3047/2960 
f 2949/3054/2967 2942/3047/2960 2950/3055/2968 
f 2950/3055/2968 2942/3047/2960 1328/1433/1337 
f 2950/3055/2968 1328/1433/1337 1330/1435/1339 
f 328/352/328 324/348/324 2951/3056/2969 
f 2951/3056/2969 324/348/324 325/349/325 
f 2951/3056/2969 325/349/325 2952/3057/2970 
f 2952/3057/2970 325/349/325 327/351/327 
f 2952/3057/2970 327/351/327 2953/3058/2971 
f 2953/3058/2971 327/351/327 2954/3059/2972 
f 2953/3058/2971 2954/3059/2972 2955/3060/2973 
f 2955/3060/2973 2954/3059/2972 2956/3061/2974 
f 2955/3060/2973 2956/3061/2974 2957/3062/2975 
f 2955/3060/2973 2957/3062/2975 2958/3063/2976 
f 2958/3063/2976 2957/3062/2975 2959/3064/2977 
f 2958/3063/2976 2959/3064/2977 2960/3065/2978 
f 2960/3065/2978 2959/3064/2977 2943/3048/2961 
f 2960/3065/2978 2943/3048/2961 2944/3049/2962 
f 326/350/326 2961/3066/2979 327/351/327 
f 327/351/327 2961/3066/2979 2954/3059/2972 
f 2954/3059/2972 2961/3066/2979 2962/3067/2980 
f 2954/3059/2972 2962/3067/2980 2956/3061/2974 
f 2956/3061/2974 2962/3067/2980 2963/3068/2981 
f 2956/3061/2974 2963/3068/2981 2964/3069/2982 
f 2956/3061/2974 2964/3069/2982 2957/3062/2975 
f 2957/3062/2975 2964/3069/2982 2965/3070/2983 
f 2957/3062/2975 2965/3070/2983 2959/3064/2977 
f 2959/3064/2977 2965/3070/2983 2931/3036/2949 
f 2959/3064/2977 2931/3036/2949 2943/3048/2961 
f 2943/3048/2961 2931/3036/2949 2932/3037/2950 
f 2943/3048/2961 2932/3037/2950 2937/3042/2955 
f 2937/3042/2955 2932/3037/2950 2933/3038/2951 
f 300/324/300 299/323/299 318/342/318 
f 318/342/318 299/323/299 326/350/326 
f 326/350/326 299/323/299 2966/3071/2984 
f 326/350/326 2966/3071/2984 2961/3066/2979 
f 2961/3066/2979 2966/3071/2984 2967/3072/2985 
f 2961/3066/2979 2967/3072/2985 2962/3067/2980 
f 2962/3067/2980 2967/3072/2985 2968/3073/2986 
f 2962/3067/2980 2968/3073/2986 2963/3068/2981 
f 2963/3068/2981 2968/3073/2986 2969/3074/2987 
f 2963/3068/2981 2969/3074/2987 2964/3069/2982 
f 2964/3069/2982 2969/3074/2987 2970/3075/2988 
f 2964/3069/2982 2970/3075/2988 2965/3070/2983 
f 2965/3070/2983 2970/3075/2988 2930/3035/2948 
f 2965/3070/2983 2930/3035/2948 2931/3036/2949 
f 299/323/299 295/319/295 2966/3071/2984 
f 2966/3071/2984 295/319/295 296/320/296 
f 2966/3071/2984 296/320/296 2967/3072/2985 
f 2967/3072/2985 296/320/296 297/321/297 
f 2967/3072/2985 297/321/297 298/322/298 
f 2967/3072/2985 298/322/298 2968/3073/2986 
f 2968/3073/2986 298/322/298 2916/3021/2934 
f 2968/3073/2986 2916/3021/2934 2969/3074/2987 
f 2969/3074/2987 2916/3021/2934 2970/3075/2988 
f 2970/3075/2988 2916/3021/2934 2917/3022/2935 
f 2970/3075/2988 2917/3022/2935 2930/3035/2948 
f 2930/3035/2948 2917/3022/2935 2918/3023/2936 
f 2930/3035/2948 2918/3023/2936 2923/3028/2941 
f 2923/3028/2941 2918/3023/2936 2919/3024/2937 
f 2971/3076/2989 2972/3077/2990 2973/3078/2991 
f 2973/3078/2991 2972/3077/2990 2974/3079/2992 
f 1052/1157/1061 1024/1129/1033 2975/3080/2993 
f 2975/3080/2993 1024/1129/1033 2699/2804/2717 
f 2699/2804/2717 1024/1129/1033 2698/2803/2716 
f 2698/2803/2716 1024/1129/1033 2696/2801/2714 
f 2696/2801/2714 1024/1129/1033 1023/1128/1032 
f 2696/2801/2714 1023/1128/1032 1022/1127/1031 
f 2696/2801/2714 1022/1127/1031 2976/3081/2994 
f 2976/3081/2994 1022/1127/1031 2977/3082/2995 
f 2977/3082/2995 1022/1127/1031 2978/3083/2996 
f 2977/3082/2995 2978/3083/2996 2979/3084/2997 
f 2977/3082/2995 2979/3084/2997 2980/3085/2998 
f 2980/3085/2998 2979/3084/2997 2971/3076/2989 
f 2971/3076/2989 2979/3084/2997 2981/3086/2999 
f 2971/3076/2989 2981/3086/2999 2972/3077/2990 
f 1015/1120/1024 1014/1119/1023 1022/1127/1031 
f 1022/1127/1031 1014/1119/1023 2978/3083/2996 
f 2978/3083/2996 1014/1119/1023 2979/3084/2997 
f 2979/3084/2997 1014/1119/1023 1013/1118/1022 
f 2979/3084/2997 1013/1118/1022 2982/3087/3000 
f 2979/3084/2997 2982/3087/3000 2981/3086/2999 
f 2981/3086/2999 2982/3087/3000 2972/3077/2990 
f 2972/3077/2990 2982/3087/3000 2983/3088/3001 
f 2972/3077/2990 2983/3088/3001 2984/3089/3002 
f 2984/3089/3002 2983/3088/3001 1001/1106/1010 
f 1001/1106/1010 2983/3088/3001 2982/3087/3000 
f 1001/1106/1010 2982/3087/3000 1002/1107/1011 
f 1002/1107/1011 2982/3087/3000 1003/1108/1012 
f 1003/1108/1012 2982/3087/3000 1013/1118/1022 
f 1416/1521/1425 1409/1514/1418 1000/1105/1009 
f 1000/1105/1009 1409/1514/1418 2985/3090/3003 
f 1000/1105/1009 2985/3090/3003 1001/1106/1010 
f 1001/1106/1010 2985/3090/3003 2984/3089/3002 
f 2984/3089/3002 2985/3090/3003 1409/1514/1418 
f 2984/3089/3002 1409/1514/1418 2986/3091/3004 
f 2986/3091/3004 1409/1514/1418 1410/1515/1419 
f 2986/3091/3004 1410/1515/1419 2987/3092/3005 
f 2986/3091/3004 2987/3092/3005 2984/3089/3002 
f 2984/3089/3002 2987/3092/3005 2988/3093/3006 
f 2984/3089/3002 2988/3093/3006 2972/3077/2990 
f 2972/3077/2990 2988/3093/3006 2974/3079/2992 
f 2974/3079/2992 2988/3093/3006 2987/3092/3005 
f 2974/3079/2992 2987/3092/3005 2989/3094/3007 
f 2989/3094/3007 2987/3092/3005 2990/3095/3008 
f 2990/3095/3008 2987/3092/3005 2991/3096/3009 
f 2991/3096/3009 2987/3092/3005 1410/1515/1419 
f 2991/3096/3009 1410/1515/1419 2992/3097/3010 
f 2991/3096/3009 2992/3097/3010 2990/3095/3008 
f 2990/3095/3008 2992/3097/3010 2993/3098/3011 
f 2993/3098/3011 2992/3097/3010 2994/3099/3012 
f 2994/3099/3012 2992/3097/3010 2995/3100/3013 
f 2994/3099/3012 2995/3100/3013 2996/3101/3014 
f 2994/3099/3012 2996/3101/3014 2997/3102/3015 
f 2997/3102/3015 2996/3101/3014 2998/3103/3016 
f 2998/3103/3016 2996/3101/3014 2999/3104/3017 
f 2998/3103/3016 2999/3104/3017 567/626/567 
f 2998/3103/3016 567/626/567 568/627/568 
f 555/614/555 567/626/567 554/613/554 
f 554/613/554 567/626/567 553/612/553 
f 553/612/553 567/626/567 2999/3104/3017 
f 553/612/553 2999/3104/3017 2996/3101/3014 
f 553/612/553 2996/3101/3014 552/611/552 
f 552/611/552 2996/3101/3014 551/610/551 
f 551/610/551 2996/3101/3014 2995/3100/3013 
f 551/610/551 2995/3100/3013 2992/3097/3010 
f 551/610/551 2992/3097/3010 3000/3105/3018 
f 3000/3105/3018 2992/3097/3010 1410/1515/1419 
f 3000/3105/3018 1410/1515/1419 1407/1512/1416 
f 3000/3105/3018 1407/1512/1416 551/610/551 
f 551/610/551 1407/1512/1416 3001/3106/3019 
f 551/610/551 3001/3106/3019 546/605/546 
f 2893/2998/2911 3002/3107/3020 1370/1475/1379 
f 1370/1475/1379 3002/3107/3020 1379/1484/1388 
f 1379/1484/1388 3002/3107/3020 3003/3108/3021 
f 1379/1484/1388 3003/3108/3021 1385/1490/1394 
f 1385/1490/1394 3003/3108/3021 1398/1503/1407 
f 1398/1503/1407 3003/3108/3021 3004/3109/3022 
f 1398/1503/1407 3004/3109/3022 1406/1511/1415 
f 1406/1511/1415 3004/3109/3022 3005/3110/3023 
f 1406/1511/1415 3005/3110/3023 1405/1510/1414 
f 1405/1510/1414 3005/3110/3023 3006/3111/3024 
f 1405/1510/1414 3006/3111/3024 545/604/545 
f 1405/1510/1414 545/604/545 546/605/546 
f 1405/1510/1414 546/605/546 3001/3106/3019 
f 1405/1510/1414 3001/3106/3019 1407/1512/1416 
f 2892/2997/2910 3007/3112/3025 3008/3113/3026 
f 3008/3113/3026 3007/3112/3025 3004/3109/3022 
f 3008/3113/3026 3004/3109/3022 3009/3114/3027 
f 3009/3114/3027 3004/3109/3022 3003/3108/3021 
f 3009/3114/3027 3003/3108/3021 3002/3107/3020 
f 3009/3114/3027 3002/3107/3020 3008/3113/3026 
f 3008/3113/3026 3002/3107/3020 2893/2998/2911 
f 3008/3113/3026 2893/2998/2911 2892/2997/2910 
f 544/602/544 543/601/543 3010/3115/3028 
f 3010/3115/3028 543/601/543 3011/3116/3029 
f 3010/3115/3028 3011/3116/3029 2891/2996/2909 
f 2891/2996/2909 3011/3116/3029 3012/3117/3030 
f 2891/2996/2909 3012/3117/3030 2892/2997/2910 
f 2892/2997/2910 3012/3117/3030 3007/3112/3025 
f 3007/3112/3025 3012/3117/3030 3011/3116/3029 
f 3007/3112/3025 3011/3116/3029 3004/3109/3022 
f 3004/3109/3022 3011/3116/3029 3005/3110/3023 
f 3005/3110/3023 3011/3116/3029 543/601/543 
f 3005/3110/3023 543/601/543 542/599/542 
f 3005/3110/3023 542/599/542 3006/3111/3024 
f 3006/3111/3024 542/599/542 541/597/541 
f 3006/3111/3024 541/597/541 545/604/545 
f 544/602/544 3010/3115/3028 3013/3118/3031 
f 3013/3118/3031 3010/3115/3028 2891/2996/2909 
f 3013/3118/3031 2891/2996/2909 3014/3119/3032 
f 3014/3119/3032 2891/2996/2909 2889/2994/2907 
f 3014/3119/3032 2889/2994/2907 2888/2993/2906 
f 3014/3119/3032 2888/2993/2906 3015/3120/3033 
f 3015/3120/3033 2888/2993/2906 3016/3121/3034 
f 3016/3121/3034 2888/2993/2906 2907/3012/2925 
f 3016/3121/3034 2907/3012/2925 3017/3122/3035 
f 3017/3122/3035 2907/3012/2925 2909/3014/2927 
f 3017/3122/3035 2909/3014/2927 3018/3123/3036 
f 3018/3123/3036 2909/3014/2927 2911/3016/2929 
f 3018/3123/3036 2911/3016/2929 3019/3124/3037 
f 3019/3124/3037 2911/3016/2929 2913/3018/2931 
f 544/602/544 3013/3118/3031 537/603/537 
f 537/603/537 3013/3118/3031 3020/3125/3038 
f 3020/3125/3038 3013/3118/3031 3021/3126/3039 
f 3021/3126/3039 3013/3118/3031 3014/3119/3032 
f 3021/3126/3039 3014/3119/3032 3022/3127/3040 
f 3022/3127/3040 3014/3119/3032 3015/3120/3033 
f 3022/3127/3040 3015/3120/3033 3023/3128/3041 
f 3023/3128/3041 3015/3120/3033 3016/3121/3034 
f 3023/3128/3041 3016/3121/3034 3017/3122/3035 
f 3023/3128/3041 3017/3122/3035 3024/3129/3042 
f 3024/3129/3042 3017/3122/3035 3018/3123/3036 
f 3024/3129/3042 3018/3123/3036 3025/3130/3043 
f 3025/3130/3043 3018/3123/3036 3019/3124/3037 
f 3025/3130/3043 3019/3124/3037 3026/3131/3044 
f 536/588/536 537/589/537 3027/3132/3045 
f 3027/3132/3045 537/589/537 3020/3133/3038 
f 3027/3132/3045 3020/3133/3038 3028/3134/3046 
f 3028/3134/3046 3020/3133/3038 3021/3135/3039 
f 3028/3134/3046 3021/3135/3039 3029/3136/3047 
f 3029/3136/3047 3021/3135/3039 3022/3137/3040 
f 3029/3136/3047 3022/3137/3040 3030/3138/3048 
f 3030/3138/3048 3022/3137/3040 3023/3139/3041 
f 3030/3138/3048 3023/3139/3041 3031/3140/3049 
f 3031/3140/3049 3023/3139/3041 3024/3141/3042 
f 3031/3140/3049 3024/3141/3042 3025/3142/3043 
f 3031/3140/3049 3025/3142/3043 3032/3143/3050 
f 3032/3143/3050 3025/3142/3043 3026/3144/3044 
f 3032/3143/3050 3026/3144/3044 3033/3145/3051 
f 3034/3146/3052 3029/3136/3047 3035/3147/3053 
f 3035/3147/3053 3029/3136/3047 3030/3138/3048 
f 3035/3147/3053 3030/3138/3048 3031/3140/3049 
f 3035/3147/3053 3031/3140/3049 3036/3148/3054 
f 3036/3148/3054 3031/3140/3049 3032/3143/3050 
f 3036/3148/3054 3032/3143/3050 3037/3149/3055 
f 3037/3149/3055 3032/3143/3050 3033/3145/3051 
f 3037/3149/3055 3033/3145/3051 3038/3150/3056 
f 3038/3150/3056 3033/3145/3051 3039/3151/3057 
f 3038/3150/3056 3039/3151/3057 3040/3152/3058 
f 3040/3152/3058 3039/3151/3057 3041/3153/3059 
f 3040/3152/3058 3041/3153/3059 3042/3154/3060 
f 3042/3154/3060 3041/3153/3059 3043/3155/3061 
f 3042/3154/3060 3043/3155/3061 3044/3156/3062 
f 3033/3145/3051 3026/3144/3044 3039/3151/3057 
f 3039/3151/3057 3026/3144/3044 3045/3157/3063 
f 3039/3151/3057 3045/3157/3063 3041/3153/3059 
f 3041/3153/3059 3045/3157/3063 3046/3158/3064 
f 3041/3153/3059 3046/3158/3064 3043/3155/3061 
f 3043/3155/3061 3046/3158/3064 3047/3159/3065 
f 3043/3155/3061 3047/3159/3065 3048/3160/3066 
f 3048/3160/3066 3047/3159/3065 3049/3161/3067 
f 3048/3160/3066 3049/3161/3067 3050/3162/3068 
f 3050/3162/3068 3049/3161/3067 3051/3163/3069 
f 3050/3162/3068 3051/3163/3069 3052/3164/3070 
f 3052/3164/3070 3051/3163/3069 3053/3165/3071 
f 3052/3164/3070 3053/3165/3071 263/279/263 
f 263/279/263 3053/3165/3071 262/278/262 
f 3026/3131/3044 3019/3124/3037 3045/3166/3063 
f 3045/3166/3063 3019/3124/3037 3054/3167/3072 
f 3045/3166/3063 3054/3167/3072 3046/3168/3064 
f 3046/3168/3064 3054/3167/3072 3055/3169/3073 
f 3046/3168/3064 3055/3169/3073 3047/3170/3065 
f 3047/3170/3065 3055/3169/3073 3056/3171/3074 
f 3047/3170/3065 3056/3171/3074 3049/3172/3067 
f 3049/3172/3067 3056/3171/3074 3057/3173/3075 
f 3049/3172/3067 3057/3173/3075 3051/3174/3069 
f 3051/3174/3069 3057/3173/3075 3058/3175/3076 
f 3051/3174/3069 3058/3175/3076 3053/3176/3071 
f 3053/3176/3071 3058/3175/3076 3059/3177/3077 
f 3053/3176/3071 3059/3177/3077 262/295/262 
f 262/295/262 3059/3177/3077 271/294/271 
f 3019/3124/3037 2913/3018/2931 3054/3167/3072 
f 3054/3167/3072 2913/3018/2931 2914/3019/2932 
f 3054/3167/3072 2914/3019/2932 3055/3169/3073 
f 3055/3169/3073 2914/3019/2932 290/314/290 
f 3055/3169/3073 290/314/290 3056/3171/3074 
f 3056/3171/3074 290/314/290 287/311/287 
f 3056/3171/3074 287/311/287 3057/3173/3075 
f 3057/3173/3075 287/311/287 286/310/286 
f 3057/3173/3075 286/310/286 3058/3175/3076 
f 3058/3175/3076 286/310/286 283/307/283 
f 3058/3175/3076 283/307/283 3059/3177/3077 
f 3059/3177/3077 283/307/283 271/294/271 
f 271/294/271 283/307/283 280/304/280 
f 271/294/271 280/304/280 270/292/270 
f 3060/3178/3078 3061/3179/3079 3062/3180/3080 
f 3062/3180/3080 3061/3179/3079 3063/3181/3081 
f 3064/3182/3082 3065/3183/3083 3066/3184/3084 
f 3066/3184/3084 3065/3183/3083 3067/3185/3085 
f 3067/3185/3085 3065/3183/3083 3068/3186/3086 
f 3067/3185/3085 3068/3186/3086 3069/3187/3087 
f 3069/3187/3087 3068/3186/3086 3070/3188/3088 
f 3069/3187/3087 3070/3188/3088 3071/3189/3089 
f 3071/3189/3089 3070/3188/3088 3072/3190/3090 
f 3071/3189/3089 3072/3190/3090 3073/3191/3091 
f 3073/3191/3091 3072/3190/3090 3074/3192/3092 
f 3073/3191/3091 3074/3192/3092 3075/3193/3093 
f 3075/3193/3093 3074/3192/3092 3076/3194/3094 
f 3075/3193/3093 3076/3194/3094 3077/3195/3095 
f 3077/3195/3095 3076/3194/3094 3060/3178/3078 
f 3077/3195/3095 3060/3178/3078 3062/3180/3080 
f 3065/3183/3083 3078/3196/3096 3068/3186/3086 
f 3068/3186/3086 3078/3196/3096 3079/3197/3097 
f 3068/3186/3086 3079/3197/3097 3070/3188/3088 
f 3070/3188/3088 3079/3197/3097 3080/3198/3098 
f 3070/3188/3088 3080/3198/3098 3072/3190/3090 
f 3072/3190/3090 3080/3198/3098 3081/3199/3099 
f 3072/3190/3090 3081/3199/3099 3074/3192/3092 
f 3074/3192/3092 3081/3199/3099 3082/3200/3100 
f 3074/3192/3092 3082/3200/3100 3076/3194/3094 
f 3076/3194/3094 3082/3200/3100 3083/3201/3101 
f 3076/3194/3094 3083/3201/3101 3060/3178/3078 
f 3060/3178/3078 3083/3201/3101 3084/3202/3102 
f 3060/3178/3078 3084/3202/3102 3061/3179/3079 
f 3083/3201/3101 3082/3200/3100 3085/3203/3103 
f 3085/3203/3103 3082/3200/3100 3081/3199/3099 
f 3085/3203/3103 3081/3199/3099 3086/3204/3104 
f 3086/3204/3104 3081/3199/3099 3087/3205/3105 
f 3087/3205/3105 3081/3199/3099 3080/3198/3098 
f 3087/3205/3105 3080/3198/3098 3088/3206/3106 
f 3088/3206/3106 3080/3198/3098 3079/3197/3097 
f 3088/3206/3106 3079/3197/3097 3089/3207/3107 
f 3089/3207/3107 3079/3197/3097 3078/3196/3096 
f 3089/3207/3107 3078/3196/3096 3090/3208/3108 
f 3090/3208/3108 3078/3196/3096 3091/3209/3109 
f 3090/3208/3108 3091/3209/3109 3092/3210/3110 
f 3092/3210/3110 3091/3209/3109 3093/3211/3111 
f 3092/3210/3110 3093/3211/3111 3094/3212/3112 
f 3095/3213/3113 3085/3203/3103 3096/3214/3114 
f 3096/3214/3114 3085/3203/3103 3086/3204/3104 
f 3096/3214/3114 3086/3204/3104 3097/3215/3115 
f 3097/3215/3115 3086/3204/3104 3087/3205/3105 
f 3097/3215/3115 3087/3205/3105 3098/3216/3116 
f 3098/3216/3116 3087/3205/3105 3088/3206/3106 
f 3098/3216/3116 3088/3206/3106 3099/3217/3117 
f 3099/3217/3117 3088/3206/3106 3089/3207/3107 
f 3099/3217/3117 3089/3207/3107 3100/3218/3118 
f 3100/3218/3118 3089/3207/3107 3090/3208/3108 
f 3100/3218/3118 3090/3208/3108 3101/3219/3119 
f 3101/3219/3119 3090/3208/3108 3092/3210/3110 
f 3101/3219/3119 3092/3210/3110 3102/3220/3120 
f 3102/3220/3120 3092/3210/3110 3094/3212/3112 
f 3103/3221/3121 3104/3222/3122 3100/3218/3118 
f 3100/3218/3118 3104/3222/3122 3105/3223/3123 
f 3100/3218/3118 3105/3223/3123 3099/3217/3117 
f 3099/3217/3117 3105/3223/3123 3098/3216/3116 
f 3098/3216/3116 3105/3223/3123 3106/3224/3124 
f 3098/3216/3116 3106/3224/3124 3097/3215/3115 
f 3097/3215/3115 3106/3224/3124 3107/3225/3125 
f 3097/3215/3115 3107/3225/3125 3096/3214/3114 
f 3108/3226/3126 3109/3227/3127 3110/3228/3128 
f 3110/3228/3128 3109/3227/3127 3111/3229/3129 
f 3111/3229/3129 3109/3227/3127 3112/3230/3130 
f 3111/3229/3129 3112/3230/3130 3107/3225/3125 
f 3111/3229/3129 3107/3225/3125 3106/3224/3124 
f 3111/3229/3129 3106/3224/3124 3105/3223/3123 
f 3111/3229/3129 3105/3223/3123 3113/3231/3131 
f 3113/3231/3131 3105/3223/3123 3114/3232/3132 
f 3114/3232/3132 3105/3223/3123 3104/3222/3122 
f 3114/3232/3132 3104/3222/3122 3103/3221/3121 
f 3114/3232/3132 3103/3221/3121 3115/3233/3133 
f 3115/3233/3133 3103/3221/3121 3116/3234/3134 
f 3116/3234/3134 3103/3221/3121 3117/3235/3135 
f 3116/3234/3134 3117/3235/3135 3118/3236/3136 
f 3119/3237/3137 3108/3226/3126 3120/3238/3138 
f 3120/3238/3138 3108/3226/3126 3110/3228/3128 
f 3120/3238/3138 3110/3228/3128 3111/3229/3129 
f 3120/3238/3138 3111/3229/3129 3113/3231/3131 
f 3120/3238/3138 3113/3231/3131 3114/3232/3132 
f 3120/3238/3138 3114/3232/3132 3121/3239/3139 
f 3121/3239/3139 3114/3232/3132 3122/3240/3140 
f 3122/3240/3140 3114/3232/3132 3115/3233/3133 
f 3122/3240/3140 3115/3233/3133 3116/3234/3134 
f 3122/3240/3140 3116/3234/3134 3123/3241/3141 
f 3123/3241/3141 3116/3234/3134 3124/3242/3142 
f 3124/3242/3142 3116/3234/3134 3125/3243/3143 
f 3124/3242/3142 3125/3243/3143 3126/3244/3144 
f 3124/3242/3142 3126/3244/3144 3127/3245/3145 
f 3119/3237/3137 3120/3238/3138 3128/3246/3146 
f 3128/3246/3146 3120/3238/3138 3121/3239/3139 
f 3128/3246/3146 3121/3239/3139 3122/3240/3140 
f 3128/3246/3146 3122/3240/3140 3129/3247/3147 
f 3129/3247/3147 3122/3240/3140 3130/3248/3148 
f 3130/3248/3148 3122/3240/3140 3123/3241/3141 
f 3130/3248/3148 3123/3241/3141 3124/3242/3142 
f 3130/3248/3148 3124/3242/3142 3131/3249/3149 
f 3131/3249/3149 3124/3242/3142 3132/3250/3150 
f 3132/3250/3150 3124/3242/3142 3127/3245/3145 
f 3132/3250/3150 3127/3245/3145 3133/3251/3151 
f 3132/3250/3150 3133/3251/3151 3134/3252/3152 
f 3134/3252/3152 3133/3251/3151 3135/3253/3153 
f 3135/3253/3153 3133/3251/3151 3136/3254/3154 
f 3132/3250/3150 3137/3255/3155 3131/3249/3149 
f 3131/3249/3149 3137/3255/3155 3130/3248/3148 
f 3130/3248/3148 3137/3255/3155 3138/3256/3156 
f 3130/3248/3148 3138/3256/3156 3139/3257/3157 
f 3130/3248/3148 3139/3257/3157 3129/3247/3147 
f 3129/3247/3147 3139/3257/3157 3128/3246/3146 
f 3128/3246/3146 3139/3257/3157 3140/3258/3158 
f 3128/3246/3146 3140/3258/3158 3141/3259/3159 
f 3128/3246/3146 3141/3259/3159 3119/3237/3137 
f 3119/3237/3137 3141/3259/3159 3108/3226/3126 
f 3108/3226/3126 3141/3259/3159 3142/3260/3160 
f 3108/3226/3126 3142/3260/3160 3143/3261/3161 
f 3108/3226/3126 3143/3261/3161 3144/3262/3162 
f 3108/3226/3126 3144/3262/3162 3109/3227/3127 
f 3143/3261/3161 3142/3260/3160 3145/3263/3163 
f 3145/3263/3163 3142/3260/3160 3141/3259/3159 
f 3145/3263/3163 3141/3259/3159 3146/3264/3164 
f 3146/3264/3164 3141/3259/3159 3147/3265/3165 
f 3147/3265/3165 3141/3259/3159 3140/3258/3158 
f 3147/3265/3165 3140/3258/3158 3139/3257/3157 
f 3147/3265/3165 3139/3257/3157 3148/3266/3166 
f 3148/3266/3166 3139/3257/3157 3149/3267/3167 
f 3149/3267/3167 3139/3257/3157 3138/3256/3156 
f 3149/3267/3167 3138/3256/3156 3137/3255/3155 
f 3149/3267/3167 3137/3255/3155 3150/3268/3168 
f 3150/3268/3168 3137/3255/3155 3151/3269/3169 
f 3151/3269/3169 3137/3255/3155 3152/3270/3170 
f 3151/3269/3169 3152/3270/3170 3153/3271/3171 
f 3147/3265/3165 3148/3266/3166 1917/2022/1934 
f 1917/2022/1934 3148/3266/3166 3149/3267/3167 
f 1917/2022/1934 3149/3267/3167 1920/2025/1937 
f 1920/2025/1937 3149/3267/3167 1921/2026/1938 
f 1921/2026/1938 3149/3267/3167 3150/3268/3168 
f 1921/2026/1938 3150/3268/3168 3151/3269/3169 
f 1921/2026/1938 3151/3269/3169 1922/2027/1939 
f 1922/2027/1939 3151/3269/3169 1923/2028/1940 
f 1923/2028/1940 3151/3269/3169 3154/3272/3172 
f 1923/2028/1940 3154/3272/3172 3155/3273/3173 
f 1923/2028/1940 3155/3273/3173 1924/2029/1941 
f 1924/2029/1941 3155/3273/3173 1908/2013/1925 
f 1908/2013/1925 3155/3273/3173 3156/3274/3174 
f 1908/2013/1925 3156/3274/3174 3157/3275/3175 
f 1908/2013/1925 3157/3275/3175 1909/2014/1926 
f 1909/2014/1926 3157/3275/3175 1910/2015/1927 
f 1910/2015/1927 3157/3275/3175 3158/3276/3176 
f 1910/2015/1927 3158/3276/3176 3159/3277/3177 
f 3159/3277/3177 3158/3276/3176 3160/3278/3178 
f 3160/3278/3178 3158/3276/3176 3157/3275/3175 
f 3160/3278/3178 3157/3275/3175 3161/3279/3179 
f 3161/3279/3179 3157/3275/3175 3162/3280/3180 
f 3162/3280/3180 3157/3275/3175 3156/3274/3174 
f 3162/3280/3180 3156/3274/3174 3155/3273/3173 
f 3162/3280/3180 3155/3273/3173 3163/3281/3181 
f 3163/3281/3181 3155/3273/3173 3153/3271/3171 
f 3153/3271/3171 3155/3273/3173 3154/3272/3172 
f 3153/3271/3171 3154/3272/3172 3151/3269/3169 
f 3164/3282/3182 3160/3278/3178 3165/3283/3183 
f 3165/3283/3183 3160/3278/3178 3166/3284/3184 
f 3166/3284/3184 3160/3278/3178 3161/3279/3179 
f 3166/3284/3184 3161/3279/3179 3162/3280/3180 
f 3166/3284/3184 3162/3280/3180 3167/3285/3185 
f 3166/3284/3184 3167/3285/3185 3168/3286/3186 
f 3168/3286/3186 3167/3285/3185 3135/3253/3153 
f 3135/3253/3153 3167/3285/3185 3162/3280/3180 
f 3135/3253/3153 3162/3280/3180 3163/3281/3181 
f 3135/3253/3153 3163/3281/3181 3153/3271/3171 
f 3135/3253/3153 3153/3271/3171 3134/3252/3152 
f 3134/3252/3152 3153/3271/3171 3132/3250/3150 
f 3132/3250/3150 3153/3271/3171 3152/3270/3170 
f 3132/3250/3150 3152/3270/3170 3137/3255/3155 
f 3169/3287/3187 3164/3282/3182 3170/3288/3188 
f 3170/3288/3188 3164/3282/3182 3165/3283/3183 
f 3170/3288/3188 3165/3283/3183 3166/3284/3184 
f 3170/3288/3188 3166/3284/3184 3171/3289/3189 
f 3171/3289/3189 3166/3284/3184 3168/3286/3186 
f 3171/3289/3189 3168/3286/3186 3172/3290/3190 
f 3171/3289/3189 3172/3290/3190 3170/3288/3188 
f 3170/3288/3188 3172/3290/3190 3173/3291/3191 
f 3170/3288/3188 3173/3291/3191 3174/3292/3192 
f 3175/3293/3193 3176/3294/3194 3177/3295/3195 
f 3177/3295/3195 3176/3294/3194 3178/3296/3196 
f 3178/3296/3196 3176/3294/3194 1135/1240/1144 
f 1135/1240/1144 3176/3294/3194 3179/3297/3197 
f 1135/1240/1144 3179/3297/3197 1134/1239/1143 
f 1134/1239/1143 3179/3297/3197 3174/3292/3192 
f 1134/1239/1143 3174/3292/3192 3180/3298/3198 
f 3180/3298/3198 3174/3292/3192 3173/3291/3191 
f 3180/3298/3198 3173/3291/3191 3181/3299/3199 
f 3181/3299/3199 3173/3291/3191 3172/3290/3190 
f 3181/3299/3199 3172/3290/3190 3182/3300/3200 
f 3182/3300/3200 3172/3290/3190 3183/3301/3201 
f 3182/3300/3200 3183/3301/3201 3184/3302/3202 
f 3182/3300/3200 3184/3302/3202 3181/3299/3199 
f 3170/3288/3188 3174/3292/3192 3169/3287/3187 
f 3169/3287/3187 3174/3292/3192 3179/3297/3197 
f 3169/3287/3187 3179/3297/3197 3176/3294/3194 
f 3169/3287/3187 3176/3294/3194 3175/3293/3193 
f 3169/3287/3187 3175/3293/3193 3185/3303/3203 
f 3169/3287/3187 3185/3303/3203 3164/3282/3182 
f 3164/3282/3182 3185/3303/3203 3186/3304/3204 
f 3164/3282/3182 3186/3304/3204 3187/3305/3205 
f 3164/3282/3182 3187/3305/3205 3188/3306/3206 
f 3164/3282/3182 3188/3306/3206 3160/3278/3178 
f 3160/3278/3178 3188/3306/3206 3159/3277/3177 
f 3159/3277/3177 3188/3306/3206 3187/3305/3205 
f 3159/3277/3177 3187/3305/3205 3189/3307/3207 
f 3159/3277/3177 3189/3307/3207 3190/3308/3208 
f 3175/3293/3193 3177/3295/3195 3185/3303/3203 
f 3185/3303/3203 3177/3295/3195 3191/3309/3209 
f 3185/3303/3203 3191/3309/3209 3192/3310/3210 
f 3185/3303/3203 3192/3310/3210 3186/3304/3204 
f 3186/3304/3204 3192/3310/3210 3187/3305/3205 
f 3187/3305/3205 3192/3310/3210 3193/3311/3211 
f 3187/3305/3205 3193/3311/3211 3194/3312/3212 
f 3187/3305/3205 3194/3312/3212 3189/3307/3207 
f 3189/3307/3207 3194/3312/3212 3190/3308/3208 
f 3190/3308/3208 3194/3312/3212 3195/3313/3213 
f 3190/3308/3208 3195/3313/3213 3196/3314/3214 
f 3190/3308/3208 3196/3314/3214 3197/3315/3215 
f 3197/3315/3215 3196/3314/3214 3198/3316/3216 
f 3198/3316/3216 3196/3314/3214 3199/3317/3217 
f 1913/2018/1930 1912/2017/1929 3200/3318/3218 
f 3200/3318/3218 1912/2017/1929 1910/2015/1927 
f 3200/3318/3218 1910/2015/1927 3201/3319/3219 
f 3201/3319/3219 1910/2015/1927 3159/3277/3177 
f 3201/3319/3219 3159/3277/3177 3190/3308/3208 
f 3201/3319/3219 3190/3308/3208 3200/3318/3218 
f 3200/3318/3218 3190/3308/3208 3197/3315/3215 
f 3200/3318/3218 3197/3315/3215 3198/3316/3216 
f 3200/3318/3218 3198/3316/3216 3202/3320/3220 
f 3200/3318/3218 3202/3320/3220 1913/2018/1930 
f 339/363/339 357/381/357 341/365/341 
f 341/365/341 357/381/357 343/367/343 
f 339/363/339 3203/3321/3221 357/381/357 
f 357/381/357 3203/3321/3221 355/379/355 
f 355/379/355 3203/3321/3221 3204/3322/3222 
f 355/379/355 3204/3322/3222 3205/3323/3223 
f 355/379/355 3205/3323/3223 353/377/353 
f 353/377/353 3205/3323/3223 3206/3324/3224 
f 353/377/353 3206/3324/3224 351/375/351 
f 351/375/351 3206/3324/3224 3207/3325/3225 
f 351/375/351 3207/3325/3225 350/374/350 
f 350/374/350 3207/3325/3225 3208/3326/3226 
f 350/374/350 3208/3326/3226 373/397/373 
f 372/396/372 373/397/373 3209/3327/3227 
f 3209/3327/3227 373/397/373 3208/3326/3226 
f 3209/3327/3227 3208/3326/3226 3210/3328/3228 
f 3210/3328/3228 3208/3326/3226 3211/3329/3229 
f 3211/3329/3229 3208/3326/3226 3207/3325/3225 
f 3211/3329/3229 3207/3325/3225 3212/3330/3230 
f 3212/3330/3230 3207/3325/3225 3206/3324/3224 
f 3212/3330/3230 3206/3324/3224 3213/3331/3231 
f 3213/3331/3231 3206/3324/3224 3205/3323/3223 
f 3213/3331/3231 3205/3323/3223 3214/3332/3232 
f 3214/3332/3232 3205/3323/3223 3204/3322/3222 
f 3214/3332/3232 3204/3322/3222 3215/3333/3233 
f 3215/3333/3233 3204/3322/3222 3203/3321/3221 
f 3215/3333/3233 3203/3321/3221 339/363/339 
f 2762/2867/2780 2763/2868/2781 2776/2881/2794 
f 2776/2881/2794 2763/2868/2781 2775/2880/2793 
f 2836/2941/2854 2825/2930/2843 3216/3334/3234 
f 3216/3334/3234 2825/2930/2843 3217/3335/3235 
f 3218/3336/3236 3219/3337/3237 3220/3338/3238 
f 3220/3338/3238 3219/3337/3237 2824/2929/2842 
f 2824/2929/2842 3219/3337/3237 3221/3339/3239 
f 2824/2929/2842 3221/3339/3239 2825/2930/2843 
f 2825/2930/2843 3221/3339/3239 3217/3335/3235 
f 3217/3335/3235 3221/3339/3239 3219/3337/3237 
f 3217/3335/3235 3219/3337/3237 3222/3340/3240 
f 3222/3340/3240 3219/3337/3237 3223/3341/3241 
f 3222/3340/3240 3223/3341/3241 2859/2964/2877 
f 3222/3340/3240 2859/2964/2877 3217/3335/3235 
f 3217/3335/3235 2859/2964/2877 2858/2963/2876 
f 3217/3335/3235 2858/2963/2876 2850/2955/2868 
f 3217/3335/3235 2850/2955/2868 3216/3334/3234 
f 3216/3334/3234 2850/2955/2868 2836/2941/2854 
f 3218/3336/3236 3220/3338/3238 3224/3342/3242 
f 3224/3342/3242 3220/3338/3238 2824/2929/2842 
f 3224/3342/3242 2824/2929/2842 3225/3343/3243 
f 3225/3343/3243 2824/2929/2842 2818/2923/2836 
f 3225/3343/3243 2818/2923/2836 3226/3344/3244 
f 3225/3343/3243 3226/3344/3244 3224/3342/3242 
f 3224/3342/3242 3226/3344/3244 3227/3345/3245 
f 3224/3342/3242 3227/3345/3245 3228/3346/3246 
f 3228/3346/3246 3227/3345/3245 3229/3347/3247 
f 3229/3347/3247 3227/3345/3245 3226/3344/3244 
f 3230/3348/3248 3229/3347/3247 3231/3349/3249 
f 3231/3349/3249 3229/3347/3247 3226/3344/3244 
f 3231/3349/3249 3226/3344/3244 3232/3350/3250 
f 3231/3349/3249 3232/3350/3250 3230/3348/3248 
f 3232/3350/3250 3226/3344/3244 3233/3351/3251 
f 3233/3351/3251 3226/3344/3244 2818/2923/2836 
f 3233/3351/3251 2818/2923/2836 2820/2925/2838 
f 3233/3351/3251 2820/2925/2838 3232/3350/3250 
f 3234/3352/3252 3235/3353/3253 3236/3354/3254 
f 3236/3354/3254 3235/3353/3253 3229/3347/3247 
f 3236/3354/3254 3229/3347/3247 3230/3348/3248 
f 3236/3354/3254 3230/3348/3248 3234/3352/3252 
f 3228/3346/3246 3237/3355/3255 3238/3356/3256 
f 3238/3356/3256 3237/3355/3255 3239/3357/3257 
f 3239/3357/3257 3237/3355/3255 3240/3358/3258 
f 3240/3358/3258 3237/3355/3255 3228/3346/3246 
f 3240/3358/3258 3228/3346/3246 3241/3359/3259 
f 3241/3359/3259 3228/3346/3246 3229/3347/3247 
f 3241/3359/3259 3229/3347/3247 3235/3353/3253 
f 3241/3359/3259 3235/3353/3253 3240/3358/3258 
f 3240/3358/3258 3235/3353/3253 3242/3360/3260 
f 3240/3358/3258 3242/3360/3260 3243/3361/3261 
f 3240/3358/3258 3243/3361/3261 3244/3362/3262 
f 3240/3358/3258 3244/3362/3262 3239/3357/3257 
f 3239/3357/3257 3244/3362/3262 3245/3363/3263 
f 3245/3363/3263 3244/3362/3262 3243/3361/3261 
f 3243/3361/3261 3242/3360/3260 3246/3364/3264 
f 3246/3364/3264 3242/3360/3260 3235/3353/3253 
f 3246/3364/3264 3235/3353/3253 3247/3365/3265 
f 3247/3365/3265 3235/3353/3253 3234/3352/3252 
f 3247/3365/3265 3234/3352/3252 3248/3366/3266 
f 3248/3366/3266 3234/3352/3252 3249/3367/3267 
f 3248/3366/3266 3249/3367/3267 3250/3368/3268 
f 3250/3368/3268 3249/3367/3267 3251/3369/3269 
f 3250/3368/3268 3251/3369/3269 3252/3370/3270 
f 3250/3368/3268 3252/3370/3270 3253/3371/3271 
f 3253/3371/3271 3252/3370/3270 3254/3372/3272 
f 3254/3372/3272 3252/3370/3270 3255/3373/3273 
f 3255/3373/3273 3252/3370/3270 3256/3374/3274 
f 3256/3374/3274 3252/3370/3270 3257/3375/3275 
f 3258/3376/3276 3246/3364/3264 3259/3377/3277 
f 3259/3377/3277 3246/3364/3264 3260/3378/3278 
f 3260/3378/3278 3246/3364/3264 3247/3365/3265 
f 3260/3378/3278 3247/3365/3265 3261/3379/3279 
f 3261/3379/3279 3247/3365/3265 3248/3366/3266 
f 3261/3379/3279 3248/3366/3266 3262/3380/3280 
f 3262/3380/3280 3248/3366/3266 3250/3368/3268 
f 3262/3380/3280 3250/3368/3268 3263/3381/3281 
f 3263/3381/3281 3250/3368/3268 3253/3371/3271 
f 3263/3381/3281 3253/3371/3271 3254/3372/3272 
f 3263/3381/3281 3254/3372/3272 3264/3382/3282 
f 3264/3382/3282 3254/3372/3272 3255/3373/3273 
f 3264/3382/3282 3255/3373/3273 3265/3383/3283 
f 3265/3383/3283 3255/3373/3273 3256/3374/3274 
f 3266/3384/3284 3267/3385/3285 3268/3386/3286 
f 3268/3386/3286 3267/3385/3285 3265/3383/3283 
f 3265/3383/3283 3267/3385/3285 3269/3387/3287 
f 3265/3383/3283 3269/3387/3287 3264/3382/3282 
f 3264/3382/3282 3269/3387/3287 3270/3388/3288 
f 3264/3382/3282 3270/3388/3288 3271/3389/3289 
f 3264/3382/3282 3271/3389/3289 3263/3381/3281 
f 3263/3381/3281 3271/3389/3289 3262/3380/3280 
f 3262/3380/3280 3271/3389/3289 3272/3390/3290 
f 3262/3380/3280 3272/3390/3290 3261/3379/3279 
f 3261/3379/3279 3272/3390/3290 3273/3391/3291 
f 3261/3379/3279 3273/3391/3291 3260/3378/3278 
f 3260/3378/3278 3273/3391/3291 3274/3392/3292 
f 3260/3378/3278 3274/3392/3292 3259/3377/3277 
f 3271/3389/3289 3270/3388/3288 3275/3393/3293 
f 3275/3393/3293 3270/3388/3288 3276/3394/3294 
f 3276/3394/3294 3270/3388/3288 3269/3387/3287 
f 3276/3394/3294 3269/3387/3287 3277/3395/3295 
f 3277/3395/3295 3269/3387/3287 3267/3385/3285 
f 3277/3395/3295 3267/3385/3285 3278/3396/3296 
f 3278/3396/3296 3267/3385/3285 3266/3384/3284 
f 3278/3396/3296 3266/3384/3284 3279/3397/3297 
f 3279/3397/3297 3266/3384/3284 3280/3398/3298 
f 3279/3397/3297 3280/3398/3298 3281/3399/3299 
f 3281/3399/3299 3280/3398/3298 3282/3400/3300 
f 3281/3399/3299 3282/3400/3300 3283/3401/3301 
f 3283/3401/3301 3282/3400/3300 3284/3402/3302 
f 3283/3401/3301 3284/3402/3302 3285/3403/3303 
f 3277/3395/3295 3278/3396/3296 3286/3404/3304 
f 3286/3404/3304 3278/3396/3296 3287/3405/3305 
f 3287/3405/3305 3278/3396/3296 3279/3397/3297 
f 3287/3405/3305 3279/3397/3297 3288/3406/3306 
f 3288/3406/3306 3279/3397/3297 3281/3399/3299 
f 3288/3406/3306 3281/3399/3299 3289/3407/3307 
f 3289/3407/3307 3281/3399/3299 3283/3401/3301 
f 3289/3407/3307 3283/3401/3301 3290/3408/3308 
f 3290/3408/3308 3283/3401/3301 3285/3403/3303 
f 3290/3408/3308 3285/3403/3303 3291/3409/3309 
f 3291/3409/3309 3285/3403/3303 3292/3410/3310 
f 3291/3409/3309 3292/3410/3310 3293/3411/3311 
f 3293/3411/3311 3292/3410/3310 3294/3412/3312 
f 3293/3411/3311 3294/3412/3312 3295/3413/3313 
f 3284/3402/3302 3296/3414/3314 3285/3403/3303 
f 3285/3403/3303 3296/3414/3314 3292/3410/3310 
f 3292/3410/3310 3296/3414/3314 3297/3415/3315 
f 3292/3410/3310 3297/3415/3315 3294/3412/3312 
f 3294/3412/3312 3297/3415/3315 3298/3416/3316 
f 3294/3412/3312 3298/3416/3316 3299/3417/3317 
f 3299/3417/3317 3298/3416/3316 3300/3418/3318 
f 3299/3417/3317 3300/3418/3318 582/641/582 
f 582/641/582 3300/3418/3318 580/639/580 
f 580/639/580 3300/3418/3318 3301/3419/3319 
f 580/639/580 3301/3419/3319 577/636/577 
f 577/636/577 3301/3419/3319 576/635/576 
f 576/635/576 3301/3419/3319 3302/3420/3320 
f 576/635/576 3302/3420/3320 575/634/575 
f 3294/3412/3312 3299/3417/3317 3295/3413/3313 
f 3295/3413/3313 3299/3417/3317 3303/3421/3321 
f 3303/3421/3321 3299/3417/3317 582/641/582 
f 3303/3421/3321 582/641/582 583/642/583 
f 3304/3422/3322 3305/3423/3323 3306/3424/3324 
f 3306/3424/3324 3305/3423/3323 3307/3425/3325 
f 3306/3424/3324 3307/3425/3325 3308/3426/3326 
f 3308/3426/3326 3307/3425/3325 3309/3427/3327 
f 3309/3427/3327 3307/3425/3325 3310/3428/3328 
f 3309/3427/3327 3310/3428/3328 3311/3429/3329 
f 3309/3427/3327 3311/3429/3329 3312/3430/3330 
f 3312/3430/3330 3311/3429/3329 3313/3431/3331 
f 3313/3431/3331 3311/3429/3329 3314/3432/3332 
f 3313/3431/3331 3314/3432/3332 3302/3420/3320 
f 3313/3431/3331 3302/3420/3320 3315/3433/3333 
f 3315/3433/3333 3302/3420/3320 3316/3434/3334 
f 3316/3434/3334 3302/3420/3320 3301/3419/3319 
f 3316/3434/3334 3301/3419/3319 3300/3418/3318 
f 3302/3420/3320 3314/3432/3332 575/634/575 
f 575/634/575 3314/3432/3332 3311/3429/3329 
f 575/634/575 3311/3429/3329 574/633/574 
f 574/633/574 3311/3429/3329 573/632/573 
f 573/632/573 3311/3429/3329 3310/3428/3328 
f 573/632/573 3310/3428/3328 3307/3425/3325 
f 573/632/573 3307/3425/3325 572/631/572 
f 572/631/572 3307/3425/3325 571/630/571 
f 571/630/571 3307/3425/3325 3305/3423/3323 
f 571/630/571 3305/3423/3323 3304/3422/3322 
f 571/630/571 3304/3422/3322 570/629/570 
f 570/629/570 3304/3422/3322 569/628/569 
f 569/628/569 3304/3422/3322 3317/3435/3335 
f 569/628/569 3317/3435/3335 3318/3436/3336 
f 3306/3424/3324 3319/3437/3337 3304/3422/3322 
f 3304/3422/3322 3319/3437/3337 3320/3438/3338 
f 3304/3422/3322 3320/3438/3338 3317/3435/3335 
f 3317/3435/3335 3320/3438/3338 3318/3436/3336 
f 3318/3436/3336 3320/3438/3338 3321/3439/3339 
f 3318/3436/3336 3321/3439/3339 3322/3440/3340 
f 3318/3436/3336 3322/3440/3340 3323/3441/3341 
f 3323/3441/3341 3322/3440/3340 3324/3442/3342 
f 3324/3442/3342 3322/3440/3340 3325/3443/3343 
f 3324/3442/3342 3325/3443/3343 3326/3444/3344 
f 3324/3442/3342 3326/3444/3344 3327/3445/3345 
f 3327/3445/3345 3326/3444/3344 3328/3446/3346 
f 3328/3446/3346 3326/3444/3344 3329/3447/3347 
f 3328/3446/3346 3329/3447/3347 3330/3448/3348 
f 3331/3449/3349 3332/3450/3350 3320/3438/3338 
f 3320/3438/3338 3332/3450/3350 3321/3439/3339 
f 3321/3439/3339 3332/3450/3350 3322/3440/3340 
f 3322/3440/3340 3332/3450/3350 3333/3451/3351 
f 3322/3440/3340 3333/3451/3351 3334/3452/3352 
f 3322/3440/3340 3334/3452/3352 3325/3443/3343 
f 3325/3443/3343 3334/3452/3352 3326/3444/3344 
f 3326/3444/3344 3334/3452/3352 3335/3453/3353 
f 3326/3444/3344 3335/3453/3353 3336/3454/3354 
f 3326/3444/3344 3336/3454/3354 3329/3447/3347 
f 3329/3447/3347 3336/3454/3354 3330/3448/3348 
f 3330/3448/3348 3336/3454/3354 3337/3455/3355 
f 3330/3448/3348 3337/3455/3355 3338/3456/3356 
f 3330/3448/3348 3338/3456/3356 3339/3457/3357 
f 3337/3455/3355 3336/3454/3354 3340/3458/3358 
f 3340/3458/3358 3336/3454/3354 3341/3459/3359 
f 3341/3459/3359 3336/3454/3354 3342/3460/3360 
f 3342/3460/3360 3336/3454/3354 3335/3453/3353 
f 3342/3460/3360 3335/3453/3353 3334/3452/3352 
f 3342/3460/3360 3334/3452/3352 3343/3461/3361 
f 3343/3461/3361 3334/3452/3352 3344/3462/3362 
f 3344/3462/3362 3334/3452/3352 3333/3451/3351 
f 3344/3462/3362 3333/3451/3351 3332/3450/3350 
f 3344/3462/3362 3332/3450/3350 3345/3463/3363 
f 3345/3463/3363 3332/3450/3350 3346/3464/3364 
f 3346/3464/3364 3332/3450/3350 3331/3449/3349 
f 3346/3464/3364 3331/3449/3349 3347/3465/3365 
f 3346/3464/3364 3347/3465/3365 3348/3466/3366 
f 2797/2902/2815 2796/2901/2814 2799/2904/2817 
f 2799/2904/2817 2796/2901/2814 3348/3466/3366 
f 3348/3466/3366 2796/2901/2814 3346/3464/3364 
f 3346/3464/3364 2796/2901/2814 3349/3467/3367 
f 3349/3467/3367 2796/2901/2814 2784/2889/2802 
f 3349/3467/3367 2784/2889/2802 3350/3468/3368 
f 3349/3467/3367 3350/3468/3368 3346/3464/3364 
f 3346/3464/3364 3350/3468/3368 3345/3463/3363 
f 3345/3463/3363 3350/3468/3368 3344/3462/3362 
f 3344/3462/3362 3350/3468/3368 3351/3469/3369 
f 3344/3462/3362 3351/3469/3369 3352/3470/3370 
f 3344/3462/3362 3352/3470/3370 3343/3461/3361 
f 3343/3461/3361 3352/3470/3370 3342/3460/3360 
f 3342/3460/3360 3352/3470/3370 3353/3471/3371 
f 3353/3471/3371 3354/3472/3372 3342/3460/3360 
f 3342/3460/3360 3354/3472/3372 3341/3459/3359 
f 3341/3459/3359 3354/3472/3372 3340/3458/3358 
f 3340/3458/3358 3354/3472/3372 3355/3473/3373 
f 3340/3458/3358 3355/3473/3373 3356/3474/3374 
f 3340/3458/3358 3356/3474/3374 3357/3475/3375 
f 3357/3475/3375 3356/3474/3374 3358/3476/3376 
f 3358/3476/3376 3356/3474/3374 2750/2855/2768 
f 3358/3476/3376 2750/2855/2768 2747/2852/2765 
f 3358/3476/3376 2747/2852/2765 3359/3477/3377 
f 3359/3477/3377 2747/2852/2765 3360/3478/3378 
f 3360/3478/3378 2747/2852/2765 2746/2851/2764 
f 3360/3478/3378 2746/2851/2764 2734/2839/2752 
f 3360/3478/3378 2734/2839/2752 2733/2838/2751 
f 3337/3455/3355 3340/3458/3358 3338/3456/3356 
f 3338/3456/3356 3340/3458/3358 3357/3475/3375 
f 3338/3456/3356 3357/3475/3375 3358/3476/3376 
f 3338/3456/3356 3358/3476/3376 3361/3479/3379 
f 3361/3479/3379 3358/3476/3376 3362/3480/3380 
f 3362/3480/3380 3358/3476/3376 3359/3477/3377 
f 3362/3480/3380 3359/3477/3377 3360/3478/3378 
f 3362/3480/3380 3360/3478/3378 3363/3481/3381 
f 3363/3481/3381 3360/3478/3378 3364/3482/3382 
f 3364/3482/3382 3360/3478/3378 2733/2838/2751 
f 3364/3482/3382 2733/2838/2751 2726/2831/2744 
f 3364/3482/3382 2726/2831/2744 3365/3483/3383 
f 3365/3483/3383 2726/2831/2744 2718/2823/2736 
f 2718/2823/2736 2726/2831/2744 2719/2824/2737 
f 3339/3457/3357 3338/3456/3356 3366/3484/3384 
f 3366/3484/3384 3338/3456/3356 3361/3479/3379 
f 3366/3484/3384 3361/3479/3379 3362/3480/3380 
f 3366/3484/3384 3362/3480/3380 3367/3485/3385 
f 3367/3485/3385 3362/3480/3380 3368/3486/3386 
f 3368/3486/3386 3362/3480/3380 3363/3481/3381 
f 3368/3486/3386 3363/3481/3381 3364/3482/3382 
f 3368/3486/3386 3364/3482/3382 3369/3487/3387 
f 3369/3487/3387 3364/3482/3382 2710/2815/2728 
f 2710/2815/2728 3364/3482/3382 3365/3483/3383 
f 2710/2815/2728 3365/3483/3383 2718/2823/2736 
f 2710/2815/2728 2718/2823/2736 2711/2816/2729 
f 2711/2816/2729 2718/2823/2736 2713/2818/2731 
f 2713/2818/2731 2718/2823/2736 2715/2820/2733 
f 2712/2817/2730 3370/3488/3388 2710/2815/2728 
f 2710/2815/2728 3370/3488/3388 3371/3489/3389 
f 2710/2815/2728 3371/3489/3389 3369/3487/3387 
f 3369/3487/3387 3371/3489/3389 3368/3486/3386 
f 3368/3486/3386 3371/3489/3389 3372/3490/3390 
f 3368/3486/3386 3372/3490/3390 3373/3491/3391 
f 3368/3486/3386 3373/3491/3391 3367/3485/3385 
f 3367/3485/3385 3373/3491/3391 3366/3484/3384 
f 3366/3484/3384 3373/3491/3391 3374/3492/3392 
f 3366/3484/3384 3374/3492/3392 3375/3493/3393 
f 3366/3484/3384 3375/3493/3393 3339/3457/3357 
f 3339/3457/3357 3375/3493/3393 3330/3448/3348 
f 3330/3448/3348 3375/3493/3393 3376/3494/3394 
f 3330/3448/3348 3376/3494/3394 3328/3446/3346 
f 3375/3493/3393 3374/3492/3392 2974/3079/2992 
f 2974/3079/2992 3374/3492/3392 3373/3491/3391 
f 2974/3079/2992 3373/3491/3391 2973/3078/2991 
f 2973/3078/2991 3373/3491/3391 2971/3076/2989 
f 2971/3076/2989 3373/3491/3391 3372/3490/3390 
f 2971/3076/2989 3372/3490/3390 3371/3489/3389 
f 2971/3076/2989 3371/3489/3389 2980/3085/2998 
f 2980/3085/2998 3371/3489/3389 2977/3082/2995 
f 2977/3082/2995 3371/3489/3389 3370/3488/3388 
f 2977/3082/2995 3370/3488/3388 2712/2817/2730 
f 2977/3082/2995 2712/2817/2730 2976/3081/2994 
f 2976/3081/2994 2712/2817/2730 2696/2801/2714 
f 2696/2801/2714 2712/2817/2730 2714/2819/2732 
f 2696/2801/2714 2714/2819/2732 2697/2802/2715 
f 2974/3079/2992 2989/3094/3007 3375/3493/3393 
f 3375/3493/3393 2989/3094/3007 2990/3095/3008 
f 3375/3493/3393 2990/3095/3008 3376/3494/3394 
f 3376/3494/3394 2990/3095/3008 3328/3446/3346 
f 3328/3446/3346 2990/3095/3008 2993/3098/3011 
f 3328/3446/3346 2993/3098/3011 2994/3099/3012 
f 3328/3446/3346 2994/3099/3012 3327/3445/3345 
f 3327/3445/3345 2994/3099/3012 3324/3442/3342 
f 3324/3442/3342 2994/3099/3012 2997/3102/3015 
f 3324/3442/3342 2997/3102/3015 2998/3103/3016 
f 3324/3442/3342 2998/3103/3016 3323/3441/3341 
f 3323/3441/3341 2998/3103/3016 3318/3436/3336 
f 3318/3436/3336 2998/3103/3016 568/627/568 
f 3318/3436/3336 568/627/568 569/628/569 
f 3377/3495/3395 3378/3496/3396 3379/3497/3397 
f 3379/3497/3397 3378/3496/3396 3380/3498/3398 
f 3379/3497/3397 3380/3498/3398 3381/3499/3399 
f 3382/3500/3400 3383/3501/3401 3384/3502/3402 
f 3384/3502/3402 3383/3501/3401 3385/3503/3403 
f 3385/3503/3403 3383/3501/3401 3386/3504/3404 
f 3386/3504/3404 3383/3501/3401 3387/3505/3405 
f 3386/3504/3404 3387/3505/3405 3388/3506/3406 
f 3386/3504/3404 3388/3506/3406 3389/3507/3407 
f 3389/3507/3407 3388/3506/3406 3377/3495/3395 
f 3377/3495/3395 3388/3506/3406 3390/3508/3408 
f 3377/3495/3395 3390/3508/3408 3391/3509/3409 
f 3377/3495/3395 3391/3509/3409 3378/3496/3396 
f 3378/3496/3396 3391/3509/3409 3380/3498/3398 
f 3390/3508/3408 3388/3506/3406 3392/3510/3410 
f 3392/3510/3410 3388/3506/3406 3393/3511/3411 
f 3393/3511/3411 3388/3506/3406 3394/3512/3412 
f 3394/3512/3412 3388/3506/3406 3387/3505/3405 
f 3394/3512/3412 3387/3505/3405 3383/3501/3401 
f 3394/3512/3412 3383/3501/3401 3395/3513/3413 
f 3395/3513/3413 3383/3501/3401 3396/3514/3414 
f 3396/3514/3414 3383/3501/3401 3382/3500/3400 
f 3396/3514/3414 3382/3500/3400 3397/3515/3415 
f 3396/3514/3414 3397/3515/3415 3398/3516/3416 
f 3398/3516/3416 3397/3515/3415 3399/3517/3417 
f 3399/3517/3417 3397/3515/3415 3400/3518/3418 
f 3399/3517/3417 3400/3518/3418 3401/3519/3419 
f 3399/3517/3417 3401/3519/3419 3402/3520/3420 
f 1566/1671/1575 3396/3514/3414 1565/1670/1574 
f 1565/1670/1574 3396/3514/3414 3398/3516/3416 
f 1565/1670/1574 3398/3516/3416 3399/3517/3417 
f 1565/1670/1574 3399/3517/3417 1564/1669/1573 
f 1564/1669/1573 3399/3517/3417 1563/1668/1572 
f 1563/1668/1572 3399/3517/3417 3402/3520/3420 
f 1563/1668/1572 3402/3520/3420 3403/3521/3421 
f 1563/1668/1572 3403/3521/3421 1562/1667/1571 
f 1562/1667/1571 3403/3521/3421 1561/1666/1570 
f 1561/1666/1570 3403/3521/3421 3404/3522/3422 
f 1561/1666/1570 3404/3522/3422 3405/3523/3423 
f 1561/1666/1570 3405/3523/3423 1567/1672/1576 
f 1567/1672/1576 3405/3523/3423 1568/1673/1577 
f 1568/1673/1577 3405/3523/3423 3406/3524/3424 
f 3402/3520/3420 3401/3519/3419 3403/3521/3421 
f 3403/3521/3421 3401/3519/3419 3407/3525/3425 
f 3403/3521/3421 3407/3525/3425 3408/3526/3426 
f 3403/3521/3421 3408/3526/3426 3404/3522/3422 
f 3404/3522/3422 3408/3526/3426 3405/3523/3423 
f 3405/3523/3423 3408/3526/3426 3409/3527/3427 
f 3405/3523/3423 3409/3527/3427 3410/3528/3428 
f 3405/3523/3423 3410/3528/3428 3406/3524/3424 
f 3406/3524/3424 3410/3528/3428 3411/3529/3429 
f 3411/3529/3429 3410/3528/3428 3412/3530/3430 
f 3412/3530/3430 3410/3528/3428 3413/3531/3431 
f 3413/3531/3431 3410/3528/3428 3414/3532/3432 
f 3413/3531/3431 3414/3532/3432 3415/3533/3433 
f 3413/3531/3431 3415/3533/3433 3416/3534/3434 
f 3417/3535/3435 3418/3536/3436 3419/3537/3437 
f 3419/3537/3437 3418/3536/3436 3420/3538/3438 
f 3419/3537/3437 3420/3538/3438 3421/3539/3439 
f 3419/3537/3437 3421/3539/3439 3416/3534/3434 
f 3416/3534/3434 3421/3539/3439 3413/3531/3431 
f 3413/3531/3431 3421/3539/3439 3422/3540/3440 
f 3413/3531/3431 3422/3540/3440 3423/3541/3441 
f 3413/3531/3431 3423/3541/3441 3412/3530/3430 
f 3412/3530/3430 3423/3541/3441 3411/3529/3429 
f 3411/3529/3429 3423/3541/3441 3424/3542/3442 
f 3411/3529/3429 3424/3542/3442 1572/1677/1581 
f 3411/3529/3429 1572/1677/1581 1571/1676/1580 
f 3411/3529/3429 1571/1676/1580 1568/1673/1577 
f 3411/3529/3429 1568/1673/1577 3406/3524/3424 
f 3416/3534/3434 3415/3533/3433 3419/3537/3437 
f 3419/3537/3437 3415/3533/3433 3425/3543/3443 
f 3419/3537/3437 3425/3543/3443 3426/3544/3444 
f 3419/3537/3437 3426/3544/3444 3417/3535/3435 
f 3417/3535/3435 3426/3544/3444 3427/3545/3445 
f 3427/3545/3445 3426/3544/3444 3428/3546/3446 
f 3427/3545/3445 3428/3546/3446 3429/3547/3447 
f 3429/3547/3447 3428/3546/3446 3430/3548/3448 
f 3430/3548/3448 3428/3546/3446 3431/3549/3449 
f 3431/3549/3449 3428/3546/3446 3432/3550/3450 
f 3431/3549/3449 3432/3550/3450 3433/3551/3451 
f 3433/3551/3451 3432/3550/3450 3434/3552/3452 
f 3433/3551/3451 3434/3552/3452 3435/3553/3453 
f 3435/3553/3453 3434/3552/3452 3436/3554/3454 
f 3437/3555/3455 3438/3556/3456 3435/3553/3453 
f 3435/3553/3453 3438/3556/3456 3433/3551/3451 
f 3433/3551/3451 3438/3556/3456 3439/3557/3457 
f 3433/3551/3451 3439/3557/3457 3431/3549/3449 
f 3431/3549/3449 3439/3557/3457 3430/3548/3448 
f 3430/3548/3448 3439/3557/3457 3440/3558/3458 
f 3430/3548/3448 3440/3558/3458 3441/3559/3459 
f 3430/3548/3448 3441/3559/3459 3429/3547/3447 
f 3429/3547/3447 3441/3559/3459 3442/3560/3460 
f 3429/3547/3447 3442/3560/3460 3443/3561/3461 
f 3429/3547/3447 3443/3561/3461 3427/3545/3445 
f 3427/3545/3445 3443/3561/3461 3444/3562/3462 
f 3427/3545/3445 3444/3562/3462 3418/3536/3436 
f 3427/3545/3445 3418/3536/3436 3417/3535/3435 
f 3445/3563/3463 3442/3560/3460 3446/3564/3464 
f 3446/3564/3464 3442/3560/3460 3441/3559/3459 
f 3446/3564/3464 3441/3559/3459 3447/3565/3465 
f 3447/3565/3465 3441/3559/3459 3440/3558/3458 
f 3447/3565/3465 3440/3558/3458 3448/3566/3466 
f 3448/3566/3466 3440/3558/3458 3439/3557/3457 
f 3448/3566/3466 3439/3557/3457 3449/3567/3467 
f 3449/3567/3467 3439/3557/3457 3438/3556/3456 
f 3449/3567/3467 3438/3556/3456 3450/3568/3468 
f 3450/3568/3468 3438/3556/3456 3437/3555/3455 
f 3450/3568/3468 3437/3555/3455 3451/3569/3469 
f 3451/3569/3469 3437/3555/3455 3452/3570/3470 
f 3451/3569/3469 3452/3570/3470 3453/3571/3471 
f 3453/3571/3471 3452/3570/3470 3454/3572/3472 
f 3455/3573/3473 3445/3563/3463 3456/3574/3474 
f 3456/3574/3474 3445/3563/3463 3446/3564/3464 
f 3456/3574/3474 3446/3564/3464 3457/3575/3475 
f 3457/3575/3475 3446/3564/3464 3447/3565/3465 
f 3457/3575/3475 3447/3565/3465 3458/3576/3476 
f 3458/3576/3476 3447/3565/3465 3448/3566/3466 
f 3458/3576/3476 3448/3566/3466 3459/3577/3477 
f 3459/3577/3477 3448/3566/3466 3449/3567/3467 
f 3459/3577/3477 3449/3567/3467 3460/3578/3478 
f 3460/3578/3478 3449/3567/3467 3450/3568/3468 
f 3460/3578/3478 3450/3568/3468 3461/3579/3479 
f 3461/3579/3479 3450/3568/3468 3451/3569/3469 
f 3461/3579/3479 3451/3569/3469 3462/3580/3480 
f 3462/3580/3480 3451/3569/3469 3453/3571/3471 
f 3462/3580/3480 3453/3571/3471 3463/3581/3481 
f 3463/3581/3481 3453/3571/3471 3464/3582/3482 
f 3463/3581/3481 3464/3582/3482 3465/3583/3483 
f 3465/3583/3483 3464/3582/3482 3466/3584/3484 
f 3465/3583/3483 3466/3584/3484 3467/3585/3485 
f 3467/3585/3485 3466/3584/3484 3468/3586/3486 
f 3467/3585/3485 3468/3586/3486 3469/3587/3487 
f 3469/3587/3487 3468/3586/3486 3470/3588/3488 
f 3469/3587/3487 3470/3588/3488 3471/3589/3489 
f 3471/3589/3489 3470/3588/3488 3472/3590/3490 
f 3471/3589/3489 3472/3590/3490 3473/3591/3491 
f 3473/3591/3491 3472/3590/3490 3474/3592/3492 
f 3473/3591/3491 3474/3592/3492 2192/2297/2209 
f 2192/2297/2209 3474/3592/3492 2182/2287/2199 
f 2179/2284/2196 2182/2287/2199 2180/2285/2197 
f 2180/2285/2197 2182/2287/2199 3474/3592/3492 
f 2180/2285/2197 3474/3592/3492 2181/2286/2198 
f 2181/2286/2198 3474/3592/3492 3472/3590/3490 
f 2181/2286/2198 3472/3590/3490 3475/3593/3493 
f 3475/3593/3493 3472/3590/3490 3470/3588/3488 
f 3475/3593/3493 3470/3588/3488 3476/3594/3494 
f 3476/3594/3494 3470/3588/3488 3468/3586/3486 
f 3476/3594/3494 3468/3586/3486 3477/3595/3495 
f 3477/3595/3495 3468/3586/3486 3466/3584/3484 
f 3477/3595/3495 3466/3584/3484 3478/3596/3496 
f 3478/3596/3496 3466/3584/3484 3464/3582/3482 
f 3478/3596/3496 3464/3582/3482 3454/3572/3472 
f 3454/3572/3472 3464/3582/3482 3453/3571/3471 
f 2181/2286/2198 3475/3593/3493 2170/2275/2187 
f 2170/2275/2187 3475/3593/3493 3479/3597/3497 
f 3479/3597/3497 3475/3593/3493 3476/3594/3494 
f 3479/3597/3497 3476/3594/3494 3480/3598/3498 
f 3480/3598/3498 3476/3594/3494 3477/3595/3495 
f 3480/3598/3498 3477/3595/3495 3481/3599/3499 
f 3481/3599/3499 3477/3595/3495 3478/3596/3496 
f 3481/3599/3499 3478/3596/3496 3482/3600/3500 
f 3482/3600/3500 3478/3596/3496 3454/3572/3472 
f 3482/3600/3500 3454/3572/3472 3483/3601/3501 
f 3483/3601/3501 3454/3572/3472 3452/3570/3470 
f 3483/3601/3501 3452/3570/3470 3484/3602/3502 
f 3484/3602/3502 3452/3570/3470 3437/3555/3455 
f 3484/3602/3502 3437/3555/3455 3435/3553/3453 
f 2159/2264/2176 2170/2275/2187 3485/3603/3503 
f 3485/3603/3503 2170/2275/2187 3479/3597/3497 
f 3485/3603/3503 3479/3597/3497 3486/3604/3504 
f 3486/3604/3504 3479/3597/3497 3480/3598/3498 
f 3486/3604/3504 3480/3598/3498 3487/3605/3505 
f 3487/3605/3505 3480/3598/3498 3481/3599/3499 
f 3487/3605/3505 3481/3599/3499 3488/3606/3506 
f 3488/3606/3506 3481/3599/3499 3482/3600/3500 
f 3488/3606/3506 3482/3600/3500 3489/3607/3507 
f 3489/3607/3507 3482/3600/3500 3483/3601/3501 
f 3489/3607/3507 3483/3601/3501 3490/3608/3508 
f 3490/3608/3508 3483/3601/3501 3484/3602/3502 
f 3490/3608/3508 3484/3602/3502 3436/3554/3454 
f 3436/3554/3454 3484/3602/3502 3435/3553/3453 
f 2159/2264/2176 3485/3603/3503 2161/2266/2178 
f 2161/2266/2178 3485/3603/3503 3486/3604/3504 
f 2161/2266/2178 3486/3604/3504 3491/3609/3509 
f 3491/3609/3509 3486/3604/3504 3492/3610/3510 
f 3492/3610/3510 3486/3604/3504 3487/3605/3505 
f 3492/3610/3510 3487/3605/3505 3488/3606/3506 
f 3492/3610/3510 3488/3606/3506 3493/3611/3511 
f 3493/3611/3511 3488/3606/3506 3494/3612/3512 
f 3494/3612/3512 3488/3606/3506 3489/3607/3507 
f 3494/3612/3512 3489/3607/3507 3490/3608/3508 
f 3494/3612/3512 3490/3608/3508 3495/3613/3513 
f 3495/3613/3513 3490/3608/3508 3496/3614/3514 
f 3496/3614/3514 3490/3608/3508 3436/3554/3454 
f 3496/3614/3514 3436/3554/3454 3434/3552/3452 
f 3493/3611/3511 3497/3615/3515 3492/3610/3510 
f 3492/3610/3510 3497/3615/3515 3498/3616/3516 
f 3492/3610/3510 3498/3616/3516 3499/3617/3517 
f 3492/3610/3510 3499/3617/3517 3491/3609/3509 
f 3491/3609/3509 3499/3617/3517 2161/2266/2178 
f 2161/2266/2178 3499/3617/3517 3500/3618/3518 
f 2161/2266/2178 3500/3618/3518 3501/3619/3519 
f 2161/2266/2178 3501/3619/3519 2160/2265/2177 
f 2160/2265/2177 3501/3619/3519 2157/2262/2174 
f 2157/2262/2174 3501/3619/3519 3502/3620/3520 
f 3502/3620/3520 3501/3619/3519 3503/3621/3521 
f 3502/3620/3520 3503/3621/3521 3504/3622/3522 
f 3502/3620/3520 3504/3622/3522 2157/2262/2174 
f 2157/2262/2174 3504/3622/3522 2156/2261/2173 
f 3505/3623/3523 3506/3624/3524 3497/3615/3515 
f 3497/3615/3515 3506/3624/3524 3507/3625/3525 
f 3497/3615/3515 3507/3625/3525 3508/3626/3526 
f 3497/3615/3515 3508/3626/3526 3498/3616/3516 
f 3498/3616/3516 3508/3626/3526 3499/3617/3517 
f 3499/3617/3517 3508/3626/3526 3509/3627/3527 
f 3499/3617/3517 3509/3627/3527 3510/3628/3528 
f 3499/3617/3517 3510/3628/3528 3500/3618/3518 
f 3500/3618/3518 3510/3628/3528 3501/3619/3519 
f 3501/3619/3519 3510/3628/3528 3511/3629/3529 
f 3501/3619/3519 3511/3629/3529 3503/3621/3521 
f 3503/3621/3521 3511/3629/3529 3386/3504/3404 
f 3503/3621/3521 3386/3504/3404 3389/3507/3407 
f 3503/3621/3521 3389/3507/3407 3377/3495/3395 
f 3507/3625/3525 3512/3630/3530 3508/3626/3526 
f 3508/3626/3526 3512/3630/3530 3513/3631/3531 
f 3508/3626/3526 3513/3631/3531 3384/3502/3402 
f 3508/3626/3526 3384/3502/3402 3509/3627/3527 
f 3509/3627/3527 3384/3502/3402 3510/3628/3528 
f 3510/3628/3528 3384/3502/3402 3385/3503/3403 
f 3510/3628/3528 3385/3503/3403 3386/3504/3404 
f 3510/3628/3528 3386/3504/3404 3511/3629/3529 
f 3382/3500/3400 3384/3502/3402 3397/3515/3415 
f 3397/3515/3415 3384/3502/3402 3513/3631/3531 
f 3397/3515/3415 3513/3631/3531 3512/3630/3530 
f 3397/3515/3415 3512/3630/3530 3400/3518/3418 
f 3400/3518/3418 3512/3630/3530 3401/3519/3419 
f 3401/3519/3419 3512/3630/3530 3514/3632/3532 
f 3401/3519/3419 3514/3632/3532 3515/3633/3533 
f 3401/3519/3419 3515/3633/3533 3407/3525/3425 
f 3407/3525/3425 3515/3633/3533 3408/3526/3426 
f 3408/3526/3426 3515/3633/3533 3516/3634/3534 
f 3408/3526/3426 3516/3634/3534 3517/3635/3535 
f 3408/3526/3426 3517/3635/3535 3409/3527/3427 
f 3409/3527/3427 3517/3635/3535 3410/3528/3428 
f 3410/3528/3428 3517/3635/3535 3414/3532/3432 
f 3505/3623/3523 3518/3636/3536 3506/3624/3524 
f 3506/3624/3524 3518/3636/3536 3519/3637/3537 
f 3519/3637/3537 3518/3636/3536 3520/3638/3538 
f 3520/3638/3538 3518/3636/3536 3521/3639/3539 
f 3520/3638/3538 3521/3639/3539 3522/3640/3540 
f 3520/3638/3538 3522/3640/3540 3523/3641/3541 
f 3520/3638/3538 3523/3641/3541 3517/3635/3535 
f 3520/3638/3538 3517/3635/3535 3516/3634/3534 
f 3520/3638/3538 3516/3634/3534 3515/3633/3533 
f 3520/3638/3538 3515/3633/3533 3519/3637/3537 
f 3519/3637/3537 3515/3633/3533 3506/3624/3524 
f 3506/3624/3524 3515/3633/3533 3514/3632/3532 
f 3506/3624/3524 3514/3632/3532 3512/3630/3530 
f 3506/3624/3524 3512/3630/3530 3507/3625/3525 
f 3414/3532/3432 3517/3635/3535 3415/3533/3433 
f 3415/3533/3433 3517/3635/3535 3523/3641/3541 
f 3415/3533/3433 3523/3641/3541 3522/3640/3540 
f 3415/3533/3433 3522/3640/3540 3425/3543/3443 
f 3425/3543/3443 3522/3640/3540 3426/3544/3444 
f 3426/3544/3444 3522/3640/3540 3524/3642/3542 
f 3524/3642/3542 3522/3640/3540 3496/3614/3514 
f 3496/3614/3514 3522/3640/3540 3521/3639/3539 
f 3496/3614/3514 3521/3639/3539 3518/3636/3536 
f 3496/3614/3514 3518/3636/3536 3495/3613/3513 
f 3495/3613/3513 3518/3636/3536 3494/3612/3512 
f 3494/3612/3512 3518/3636/3536 3505/3623/3523 
f 3494/3612/3512 3505/3623/3523 3497/3615/3515 
f 3494/3612/3512 3497/3615/3515 3493/3611/3511 
f 3496/3614/3514 3434/3552/3452 3524/3642/3542 
f 3524/3642/3542 3434/3552/3452 3432/3550/3450 
f 3524/3642/3542 3432/3550/3450 3426/3544/3444 
f 3426/3544/3444 3432/3550/3450 3428/3546/3446 
f 661/722/670 655/716/664 2266/2371/2283 
f 2266/2371/2283 655/716/664 652/713/661 
f 2266/2371/2283 652/713/661 651/712/660 
f 47/47/47 927/1004/936 37/37/37 
f 37/37/37 927/1004/936 924/1001/933 
f 37/37/37 924/1001/933 920/997/929 
f 3525/3643/3543 3526/3644/3544 3527/3645/3545 
f 3527/3645/3545 3526/3644/3544 3315/3433/3333 
f 3527/3645/3545 3315/3433/3333 3316/3434/3334 
f 3300/3418/3318 3298/3416/3316 3316/3434/3334 
f 3316/3434/3334 3298/3416/3316 3527/3645/3545 
f 3527/3645/3545 3298/3416/3316 3297/3415/3315 
f 3527/3645/3545 3297/3415/3315 3525/3643/3543 
f 3525/3643/3543 3297/3415/3315 3296/3414/3314 
f 3525/3643/3543 3296/3414/3314 3528/3646/3546 
f 3528/3646/3546 3296/3414/3314 3284/3402/3302 
f 3528/3646/3546 3284/3402/3302 3529/3647/3547 
f 3529/3647/3547 3284/3402/3302 3282/3400/3300 
f 3529/3647/3547 3282/3400/3300 3530/3648/3548 
f 3530/3648/3548 3282/3400/3300 3280/3398/3298 
f 3530/3648/3548 3280/3398/3298 3531/3649/3549 
f 3531/3649/3549 3280/3398/3298 3266/3384/3284 
f 3531/3649/3549 3266/3384/3284 3268/3386/3286 
f 3526/3644/3544 3525/3643/3543 3532/3650/3550 
f 3532/3650/3550 3525/3643/3543 3528/3646/3546 
f 3532/3650/3550 3528/3646/3546 3533/3651/3551 
f 3533/3651/3551 3528/3646/3546 3534/3652/3552 
f 3534/3652/3552 3528/3646/3546 3529/3647/3547 
f 3534/3652/3552 3529/3647/3547 3535/3653/3553 
f 3535/3653/3553 3529/3647/3547 3536/3654/3554 
f 3536/3654/3554 3529/3647/3547 3530/3648/3548 
f 3536/3654/3554 3530/3648/3548 3537/3655/3555 
f 3537/3655/3555 3530/3648/3548 3531/3649/3549 
f 3537/3655/3555 3531/3649/3549 3538/3656/3556 
f 3538/3656/3556 3531/3649/3549 3268/3386/3286 
f 3538/3656/3556 3268/3386/3286 3256/3374/3274 
f 3256/3374/3274 3268/3386/3286 3265/3383/3283 
f 3532/3650/3550 3533/3651/3551 3539/3657/3557 
f 3539/3657/3557 3533/3651/3551 3534/3652/3552 
f 3539/3657/3557 3534/3652/3552 3540/3658/3558 
f 3540/3658/3558 3534/3652/3552 3541/3659/3559 
f 3541/3659/3559 3534/3652/3552 3535/3653/3553 
f 3541/3659/3559 3535/3653/3553 3536/3654/3554 
f 3541/3659/3559 3536/3654/3554 3542/3660/3560 
f 3542/3660/3560 3536/3654/3554 3543/3661/3561 
f 3543/3661/3561 3536/3654/3554 3537/3655/3555 
f 3543/3661/3561 3537/3655/3555 3544/3662/3562 
f 3544/3662/3562 3537/3655/3555 3545/3663/3563 
f 3545/3663/3563 3537/3655/3555 3538/3656/3556 
f 3545/3663/3563 3538/3656/3556 3256/3374/3274 
f 3545/3663/3563 3256/3374/3274 3257/3375/3275 
f 3545/3663/3563 3546/3664/3564 3547/3665/3565 
f 3547/3665/3565 3546/3664/3564 3548/3666/3566 
f 3547/3665/3565 3548/3666/3566 3549/3667/3567 
f 3549/3667/3567 3548/3666/3566 3550/3668/3568 
f 3549/3667/3567 3550/3668/3568 3551/3669/3569 
f 3549/3667/3567 3551/3669/3569 3547/3665/3565 
f 3547/3665/3565 3551/3669/3569 3552/3670/3570 
f 3547/3665/3565 3552/3670/3570 3543/3661/3561 
f 3547/3665/3565 3543/3661/3561 3544/3662/3562 
f 3547/3665/3565 3544/3662/3562 3545/3663/3563 
f 3543/3661/3561 3552/3670/3570 3553/3671/3571 
f 3553/3671/3571 3552/3670/3570 3551/3669/3569 
f 3553/3671/3571 3551/3669/3569 3554/3672/3572 
f 3554/3672/3572 3551/3669/3569 2804/2909/2822 
f 3554/3672/3572 2804/2909/2822 3555/3673/3573 
f 3554/3672/3572 3555/3673/3573 3553/3671/3571 
f 3553/3671/3571 3555/3673/3573 3556/3674/3574 
f 3553/3671/3571 3556/3674/3574 3541/3659/3559 
f 3553/3671/3571 3541/3659/3559 3542/3660/3560 
f 3553/3671/3571 3542/3660/3560 3543/3661/3561 
f 3551/3669/3569 3550/3668/3568 3557/3675/3575 
f 3557/3675/3575 3550/3668/3568 2802/2907/2820 
f 3557/3675/3575 2802/2907/2820 2804/2909/2822 
f 3557/3675/3575 2804/2909/2822 3551/3669/3569 
f 3558/3676/3576 3559/3677/3577 2793/2898/2811 
f 2793/2898/2811 3559/3677/3577 2791/2896/2809 
f 2791/2896/2809 3559/3677/3577 2808/2913/2826 
f 2808/2913/2826 3559/3677/3577 3558/3676/3576 
f 2808/2913/2826 3558/3676/3576 3560/3678/3578 
f 3560/3678/3578 3558/3676/3576 3556/3674/3574 
f 3560/3678/3578 3556/3674/3574 3555/3673/3573 
f 3560/3678/3578 3555/3673/3573 2808/2913/2826 
f 2808/2913/2826 3555/3673/3573 3561/3679/3579 
f 2808/2913/2826 3561/3679/3579 2805/2910/2823 
f 2805/2910/2823 3561/3679/3579 2804/2909/2822 
f 2804/2909/2822 3561/3679/3579 3555/3673/3573 
f 3556/3674/3574 3558/3676/3576 3562/3680/3580 
f 3562/3680/3580 3558/3676/3576 3563/3681/3581 
f 3563/3681/3581 3558/3676/3576 3564/3682/3582 
f 3563/3681/3581 3564/3682/3582 3565/3683/3583 
f 3563/3681/3581 3565/3683/3583 3566/3684/3584 
f 3566/3684/3584 3565/3683/3583 3567/3685/3585 
f 3567/3685/3585 3565/3683/3583 3568/3686/3586 
f 3568/3686/3586 3565/3683/3583 2798/2903/2816 
f 2798/2903/2816 3565/3683/3583 3569/3687/3587 
f 2798/2903/2816 3569/3687/3587 2794/2899/2812 
f 2794/2899/2812 3569/3687/3587 2793/2898/2811 
f 2793/2898/2811 3569/3687/3587 3565/3683/3583 
f 2793/2898/2811 3565/3683/3583 3564/3682/3582 
f 2793/2898/2811 3564/3682/3582 3558/3676/3576 
f 2799/2904/2817 3570/3688/3588 2798/2903/2816 
f 2798/2903/2816 3570/3688/3588 3571/3689/3589 
f 2798/2903/2816 3571/3689/3589 3568/3686/3586 
f 3568/3686/3586 3571/3689/3589 3567/3685/3585 
f 3567/3685/3585 3571/3689/3589 3572/3690/3590 
f 3567/3685/3585 3572/3690/3590 3573/3691/3591 
f 3567/3685/3585 3573/3691/3591 3574/3692/3592 
f 3567/3685/3585 3574/3692/3592 3539/3657/3557 
f 3567/3685/3585 3539/3657/3557 3566/3684/3584 
f 3566/3684/3584 3539/3657/3557 3563/3681/3581 
f 3563/3681/3581 3539/3657/3557 3540/3658/3558 
f 3563/3681/3581 3540/3658/3558 3541/3659/3559 
f 3563/3681/3581 3541/3659/3559 3562/3680/3580 
f 3562/3680/3580 3541/3659/3559 3556/3674/3574 
f 3348/3466/3366 3347/3465/3365 2799/2904/2817 
f 2799/2904/2817 3347/3465/3365 3575/3693/3593 
f 2799/2904/2817 3575/3693/3593 3576/3694/3594 
f 2799/2904/2817 3576/3694/3594 3570/3688/3588 
f 3570/3688/3588 3576/3694/3594 3571/3689/3589 
f 3571/3689/3589 3576/3694/3594 3577/3695/3595 
f 3571/3689/3589 3577/3695/3595 3578/3696/3596 
f 3571/3689/3589 3578/3696/3596 3572/3690/3590 
f 3572/3690/3590 3578/3696/3596 3573/3691/3591 
f 3573/3691/3591 3578/3696/3596 3579/3697/3597 
f 3573/3691/3591 3579/3697/3597 3526/3644/3544 
f 3573/3691/3591 3526/3644/3544 3532/3650/3550 
f 3573/3691/3591 3532/3650/3550 3574/3692/3592 
f 3574/3692/3592 3532/3650/3550 3539/3657/3557 
f 3315/3433/3333 3526/3644/3544 3313/3431/3331 
f 3313/3431/3331 3526/3644/3544 3579/3697/3597 
f 3313/3431/3331 3579/3697/3597 3578/3696/3596 
f 3313/3431/3331 3578/3696/3596 3312/3430/3330 
f 3312/3430/3330 3578/3696/3596 3309/3427/3327 
f 3309/3427/3327 3578/3696/3596 3577/3695/3595 
f 3309/3427/3327 3577/3695/3595 3576/3694/3594 
f 3309/3427/3327 3576/3694/3594 3308/3426/3326 
f 3308/3426/3326 3576/3694/3594 3306/3424/3324 
f 3306/3424/3324 3576/3694/3594 3575/3693/3593 
f 3306/3424/3324 3575/3693/3593 3347/3465/3365 
f 3306/3424/3324 3347/3465/3365 3319/3437/3337 
f 3319/3437/3337 3347/3465/3365 3320/3438/3338 
f 3320/3438/3338 3347/3465/3365 3331/3449/3349 
f 3580/3698/3598 3581/3699/3599 3582/3700/3600 
f 3582/3700/3600 3581/3699/3599 3583/3701/3601 
f 3583/3701/3601 3581/3699/3599 3584/3702/3602 
f 3581/3699/3599 3580/3698/3598 3585/3703/3603 
f 3585/3703/3603 3580/3698/3598 3586/3704/3604 
f 3585/3703/3603 3586/3704/3604 3587/3705/3605 
f 3585/3703/3603 3587/3705/3605 3581/3699/3599 
f 3581/3699/3599 3587/3705/3605 3588/3706/3606 
f 3581/3699/3599 3588/3706/3606 3589/3707/3607 
f 3581/3699/3599 3589/3707/3607 3584/3702/3602 
f 3584/3702/3602 3589/3707/3607 3590/3708/3608 
f 3584/3702/3602 3590/3708/3608 3591/3709/3609 
f 3584/3702/3602 3591/3709/3609 3592/3710/3610 
f 3584/3702/3602 3592/3710/3610 3593/3711/3611 
f 3584/3702/3602 3593/3711/3611 3594/3712/3612 
f 3584/3702/3602 3594/3712/3612 3583/3701/3601 
f 3583/3701/3601 3594/3712/3612 3582/3700/3600 
f 3595/3713/3613 3596/3714/3614 2084/2189/2101 
f 2084/2189/2101 3596/3714/3614 3597/3715/3615 
f 2084/2189/2101 3597/3715/3615 2083/2188/2100 
f 2083/2188/2100 3597/3715/3615 3587/3705/3605 
f 3587/3705/3605 3597/3715/3615 3596/3714/3614 
f 3587/3705/3605 3596/3714/3614 3588/3706/3606 
f 3588/3706/3606 3596/3714/3614 3598/3716/3616 
f 3588/3706/3606 3598/3716/3616 3599/3717/3617 
f 3588/3706/3606 3599/3717/3617 3589/3707/3607 
f 3589/3707/3607 3599/3717/3617 3590/3708/3608 
f 3590/3708/3608 3599/3717/3617 3600/3718/3618 
f 3601/3719/3619 3602/3720/3620 3603/3721/3621 
f 3603/3721/3621 3602/3720/3620 3604/3722/3622 
f 3604/3722/3622 3602/3720/3620 3605/3723/3623 
f 3605/3723/3623 3602/3720/3620 3606/3724/3624 
f 3605/3723/3623 3606/3724/3624 3607/3725/3625 
f 3605/3723/3623 3607/3725/3625 3608/3726/3626 
f 3608/3726/3626 3607/3725/3625 3609/3727/3627 
f 3609/3727/3627 3607/3725/3625 3610/3728/3628 
f 3609/3727/3627 3610/3728/3628 3592/3710/3610 
f 3609/3727/3627 3592/3710/3610 3591/3709/3609 
f 3611/3729/3629 3612/3730/3630 3613/3731/3631 
f 3613/3731/3631 3612/3730/3630 3610/3728/3628 
f 3613/3731/3631 3610/3728/3628 3607/3725/3625 
f 3613/3731/3631 3607/3725/3625 3611/3729/3629 
f 3611/3729/3629 3607/3725/3625 3606/3724/3624 
f 3611/3729/3629 3606/3724/3624 3602/3720/3620 
f 3611/3729/3629 3602/3720/3620 3614/3732/3632 
f 3611/3729/3629 3614/3732/3632 3615/3733/3633 
f 3611/3729/3629 3615/3733/3633 3616/3734/3634 
f 3616/3734/3634 3615/3733/3633 3617/3735/3635 
f 3617/3735/3635 3615/3733/3633 3618/3736/3636 
f 3617/3735/3635 3618/3736/3636 3619/3737/3637 
f 3617/3735/3635 3619/3737/3637 3620/3738/3638 
f 3620/3738/3638 3619/3737/3637 3621/3739/3639 
f 3611/3729/3629 3616/3734/3634 3612/3730/3630 
f 3612/3730/3630 3616/3734/3634 3617/3735/3635 
f 3612/3730/3630 3617/3735/3635 3622/3740/3640 
f 3622/3740/3640 3617/3735/3635 3620/3738/3638 
f 3622/3740/3640 3620/3738/3638 3621/3739/3639 
f 3622/3740/3640 3621/3739/3639 3623/3741/3641 
f 3623/3741/3641 3621/3739/3639 3624/3742/3642 
f 3624/3742/3642 3621/3739/3639 3625/3743/3643 
f 3624/3742/3642 3625/3743/3643 3626/3744/3644 
f 3624/3742/3642 3626/3744/3644 3627/3745/3645 
f 3627/3745/3645 3626/3744/3644 3628/3746/3646 
f 3627/3745/3645 3628/3746/3646 3629/3747/3647 
f 3629/3747/3647 3628/3746/3646 3630/3748/3648 
f 3629/3747/3647 3630/3748/3648 1478/1583/1487 
f 3627/3745/3645 3629/3747/3647 3624/3742/3642 
f 3624/3742/3642 3629/3747/3647 3631/3749/3649 
f 3624/3742/3642 3631/3749/3649 3632/3750/3650 
f 3624/3742/3642 3632/3750/3650 3623/3741/3641 
f 3623/3741/3641 3632/3750/3650 3622/3740/3640 
f 3622/3740/3640 3632/3750/3650 3612/3730/3630 
f 3612/3730/3630 3632/3750/3650 3633/3751/3651 
f 3633/3751/3651 3632/3750/3650 1475/1580/1484 
f 1475/1580/1484 3632/3750/3650 3631/3749/3649 
f 1475/1580/1484 3631/3749/3649 3629/3747/3647 
f 1475/1580/1484 3629/3747/3647 1476/1581/1485 
f 1476/1581/1485 3629/3747/3647 1478/1583/1487 
f 1478/1583/1487 3630/3748/3648 3634/3752/3652 
f 3634/3752/3652 3630/3748/3648 3628/3746/3646 
f 3634/3752/3652 3628/3746/3646 3635/3753/3653 
f 3635/3753/3653 3628/3746/3646 3636/3754/3654 
f 3635/3753/3653 3636/3754/3654 3637/3755/3655 
f 3635/3753/3653 3637/3755/3655 3634/3752/3652 
f 3634/3752/3652 3637/3755/3655 3638/3756/3656 
f 3634/3752/3652 3638/3756/3656 3391/3509/3409 
f 3391/3509/3409 3638/3756/3656 3380/3498/3398 
f 3380/3498/3398 3638/3756/3656 3637/3755/3655 
f 3639/3757/3657 3380/3498/3398 3640/3758/3658 
f 3640/3758/3658 3380/3498/3398 3637/3755/3655 
f 3640/3758/3658 3637/3755/3655 3641/3759/3659 
f 3641/3759/3659 3637/3755/3655 3642/3760/3660 
f 3641/3759/3659 3642/3760/3660 3643/3761/3661 
f 3641/3759/3659 3643/3761/3661 3644/3762/3662 
f 3644/3762/3662 3643/3761/3661 3645/3763/3663 
f 3645/3763/3663 3643/3761/3661 3646/3764/3664 
f 3646/3764/3664 3643/3761/3661 3647/3765/3665 
f 3647/3765/3665 3643/3761/3661 3648/3766/3666 
f 3647/3765/3665 3648/3766/3666 3649/3767/3667 
f 3647/3765/3665 3649/3767/3667 3650/3768/3668 
f 3650/3768/3668 3649/3767/3667 3651/3769/3669 
f 3651/3769/3669 3649/3767/3667 3652/3770/3670 
f 3637/3755/3655 3636/3754/3654 3642/3760/3660 
f 3642/3760/3660 3636/3754/3654 3643/3761/3661 
f 3643/3761/3661 3636/3754/3654 3648/3766/3666 
f 3648/3766/3666 3636/3754/3654 3649/3767/3667 
f 3649/3767/3667 3636/3754/3654 3653/3771/3671 
f 3653/3771/3671 3636/3754/3654 3628/3746/3646 
f 3653/3771/3671 3628/3746/3646 3626/3744/3644 
f 3653/3771/3671 3626/3744/3644 3649/3767/3667 
f 3649/3767/3667 3626/3744/3644 3652/3770/3670 
f 3652/3770/3670 3626/3744/3644 3654/3772/3672 
f 3654/3772/3672 3626/3744/3644 3625/3743/3643 
f 3654/3772/3672 3625/3743/3643 3621/3739/3639 
f 3654/3772/3672 3621/3739/3639 3655/3773/3673 
f 3655/3773/3673 3621/3739/3639 3619/3737/3637 
f 3652/3770/3670 3654/3772/3672 3651/3769/3669 
f 3651/3769/3669 3654/3772/3672 3656/3774/3674 
f 3656/3774/3674 3654/3772/3672 3657/3775/3675 
f 3657/3775/3675 3654/3772/3672 3655/3773/3673 
f 3657/3775/3675 3655/3773/3673 3619/3737/3637 
f 3657/3775/3675 3619/3737/3637 3658/3776/3676 
f 3658/3776/3676 3619/3737/3637 3659/3777/3677 
f 3659/3777/3677 3619/3737/3637 3618/3736/3636 
f 3659/3777/3677 3618/3736/3636 3615/3733/3633 
f 3659/3777/3677 3615/3733/3633 3660/3778/3678 
f 3660/3778/3678 3615/3733/3633 3661/3779/3679 
f 3661/3779/3679 3615/3733/3633 3614/3732/3632 
f 3661/3779/3679 3614/3732/3632 3602/3720/3620 
f 3661/3779/3679 3602/3720/3620 3601/3719/3619 
f 3662/3780/3680 3663/3781/3681 3664/3782/3682 
f 3664/3782/3682 3663/3781/3681 3665/3783/3683 
f 3664/3782/3682 3665/3783/3683 3666/3784/3684 
f 3666/3784/3684 3665/3783/3683 3667/3785/3685 
f 3668/3786/3686 3669/3787/3687 3662/3780/3680 
f 3662/3780/3680 3669/3787/3687 3663/3781/3681 
f 3663/3781/3681 3669/3787/3687 890/967/899 
f 3663/3781/3681 890/967/899 892/969/901 
f 3663/3781/3681 892/969/901 894/971/903 
f 3663/3781/3681 894/971/903 3665/3783/3683 
f 3665/3783/3683 894/971/903 3667/3785/3685 
f 3667/3785/3685 894/971/903 896/973/905 
f 3670/3788/3688 3671/3789/3689 3672/3790/3690 
f 3672/3790/3690 3671/3789/3689 3673/3791/3691 
f 3673/3791/3691 3671/3789/3689 3674/3792/3692 
f 3673/3791/3691 3674/3792/3692 3675/3793/3693 
f 3210/3328/3228 3670/3788/3688 3209/3327/3227 
f 3209/3327/3227 3670/3788/3688 3672/3790/3690 
f 3209/3327/3227 3672/3790/3690 372/396/372 
f 372/396/372 3672/3790/3690 371/395/371 
f 371/395/371 3672/3790/3690 369/393/369 
f 369/393/369 3672/3790/3690 3673/3791/3691 
f 369/393/369 3673/3791/3691 3675/3793/3693 
f 369/393/369 3675/3793/3693 368/392/368 
f 1434/1539/1443 1441/1546/1450 1186/1291/1195 
f 1186/1291/1195 1441/1546/1450 1187/1292/1196 
f 1187/1292/1196 1441/1546/1450 1189/1294/1198 
f 3676/3794/3694 2655/2760/2673 3677/3795/3695 
f 3677/3795/3695 2655/2760/2673 2657/2762/2675 
f 3677/3795/3695 2657/2762/2675 3678/3796/3696 
f 3677/3795/3695 3678/3796/3696 3676/3794/3694 
f 2657/2762/2675 2664/2769/2682 3679/3797/3697 
f 3679/3797/3697 2664/2769/2682 3680/3798/3698 
f 3679/3797/3697 3680/3798/3698 3678/3796/3696 
f 3679/3797/3697 3678/3796/3696 2657/2762/2675 
f 3678/3796/3696 3680/3798/3698 3681/3799/3699 
f 3681/3799/3699 3680/3798/3698 3682/3800/3700 
f 3682/3800/3700 3680/3798/3698 3683/3801/3701 
f 3682/3800/3700 3683/3801/3701 3684/3802/3702 
f 3682/3800/3700 3684/3802/3702 3685/3803/3703 
f 3685/3803/3703 3684/3802/3702 1826/1931/1843 
f 1826/1931/1843 3684/3802/3702 1825/1930/1842 
f 1825/1930/1842 3684/3802/3702 1824/1929/1841 
f 1824/1929/1841 3684/3802/3702 3686/3804/3704 
f 1824/1929/1841 3686/3804/3704 3687/3805/3705 
f 1824/1929/1841 3687/3805/3705 1823/1928/1840 
f 1823/1928/1840 3687/3805/3705 1822/1927/1839 
f 1822/1927/1839 3687/3805/3705 3688/3806/3706 
f 1822/1927/1839 3688/3806/3706 3689/3807/3707 
f 3690/3808/3708 3691/3809/3709 3692/3810/3710 
f 3692/3810/3710 3691/3809/3709 3689/3807/3707 
f 3692/3810/3710 3689/3807/3707 3693/3811/3711 
f 3692/3810/3710 3693/3811/3711 3694/3812/3712 
f 3694/3812/3712 3693/3811/3711 3695/3813/3713 
f 3695/3813/3713 3693/3811/3711 3689/3807/3707 
f 3695/3813/3713 3689/3807/3707 3688/3806/3706 
f 3695/3813/3713 3688/3806/3706 3687/3805/3705 
f 3695/3813/3713 3687/3805/3705 3696/3814/3714 
f 3696/3814/3714 3687/3805/3705 3697/3815/3715 
f 3697/3815/3715 3687/3805/3705 3686/3804/3704 
f 3697/3815/3715 3686/3804/3704 3684/3802/3702 
f 3697/3815/3715 3684/3802/3702 3683/3801/3701 
f 3697/3815/3715 3683/3801/3701 3680/3798/3698 
f 3697/3815/3715 3680/3798/3698 3698/3816/3716 
f 3698/3816/3716 3680/3798/3698 2664/2769/2682 
f 3698/3816/3716 2664/2769/2682 3699/3817/3717 
f 3698/3816/3716 3699/3817/3717 3697/3815/3715 
f 3697/3815/3715 3699/3817/3717 3696/3814/3714 
f 3696/3814/3714 3699/3817/3717 3695/3813/3713 
f 3695/3813/3713 3699/3817/3717 3700/3818/3718 
f 3695/3813/3713 3700/3818/3718 3694/3812/3712 
f 3694/3812/3712 3700/3818/3718 3701/3819/3719 
f 3701/3819/3719 3700/3818/3718 3699/3817/3717 
f 3701/3819/3719 3699/3817/3717 3702/3820/3720 
f 3702/3820/3720 3699/3817/3717 2664/2769/2682 
f 3702/3820/3720 2664/2769/2682 2662/2767/2680 
f 3702/3820/3720 2662/2767/2680 3701/3819/3719 
f 2645/2750/2663 2644/2749/2662 3703/3821/3721 
f 3703/3821/3721 2644/2749/2662 3701/3819/3719 
f 3703/3821/3721 3701/3819/3719 2662/2767/2680 
f 3703/3821/3721 2662/2767/2680 2645/2750/2663 
f 2644/2749/2662 2650/2755/2668 3704/3822/3722 
f 3704/3822/3722 2650/2755/2668 3694/3812/3712 
f 3704/3822/3722 3694/3812/3712 3701/3819/3719 
f 3704/3822/3722 3701/3819/3719 2644/2749/2662 
f 2650/2755/2668 3705/3823/3723 3706/3824/3724 
f 3706/3824/3724 3705/3823/3723 3692/3810/3710 
f 3706/3824/3724 3692/3810/3710 3694/3812/3712 
f 3706/3824/3724 3694/3812/3712 2650/2755/2668 
f 2638/2743/2656 3707/3825/3725 3708/3826/3726 
f 3708/3826/3726 3707/3825/3725 3705/3823/3723 
f 3708/3826/3726 3705/3823/3723 2650/2755/2668 
f 3708/3826/3726 2650/2755/2668 2638/2743/2656 
f 2631/2736/2649 2630/2735/2648 3709/3827/3727 
f 3709/3827/3727 2630/2735/2648 3707/3825/3725 
f 3709/3827/3727 3707/3825/3725 2638/2743/2656 
f 3709/3827/3727 2638/2743/2656 2631/2736/2649 
f 2630/2735/2648 3710/3828/3728 3711/3829/3729 
f 3711/3829/3729 3710/3828/3728 3712/3830/3730 
f 3711/3829/3729 3712/3830/3730 3707/3825/3725 
f 3711/3829/3729 3707/3825/3725 2630/2735/2648 
f 3707/3825/3725 3712/3830/3730 3713/3831/3731 
f 3713/3831/3731 3712/3830/3730 3714/3832/3732 
f 3713/3831/3731 3714/3832/3732 3705/3823/3723 
f 3713/3831/3731 3705/3823/3723 3707/3825/3725 
f 3705/3823/3723 3714/3832/3732 3715/3833/3733 
f 3715/3833/3733 3714/3832/3732 3690/3808/3708 
f 3715/3833/3733 3690/3808/3708 3692/3810/3710 
f 3715/3833/3733 3692/3810/3710 3705/3823/3723 
f 3716/3834/3734 3717/3835/3735 3718/3836/3736 
f 3718/3836/3736 3717/3835/3735 3714/3832/3732 
f 3718/3836/3736 3714/3832/3732 3712/3830/3730 
f 3718/3836/3736 3712/3830/3730 3716/3834/3734 
f 3716/3834/3734 3712/3830/3730 3719/3837/3737 
f 3719/3837/3737 3712/3830/3730 3710/3828/3728 
f 3719/3837/3737 3710/3828/3728 3720/3838/3738 
f 3719/3837/3737 3720/3838/3738 3716/3834/3734 
f 3716/3834/3734 3720/3838/3738 3721/3839/3739 
f 3721/3839/3739 3720/3838/3738 3722/3840/3740 
f 3721/3839/3739 3722/3840/3740 3723/3841/3741 
f 3723/3841/3741 3722/3840/3740 3724/3842/3742 
f 3723/3841/3741 3724/3842/3742 3725/3843/3743 
f 3723/3841/3741 3725/3843/3743 3726/3844/3744 
f 3727/3845/3745 3728/3846/3746 3729/3847/3747 
f 3729/3847/3747 3728/3846/3746 3730/3848/3748 
f 3729/3847/3747 3730/3848/3748 3731/3849/3749 
f 3729/3847/3747 3731/3849/3749 3732/3850/3750 
f 3729/3847/3747 3732/3850/3750 3726/3844/3744 
f 3726/3844/3744 3732/3850/3750 3723/3841/3741 
f 3723/3841/3741 3732/3850/3750 3733/3851/3751 
f 3723/3841/3741 3733/3851/3751 3734/3852/3752 
f 3723/3841/3741 3734/3852/3752 3735/3853/3753 
f 3723/3841/3741 3735/3853/3753 3721/3839/3739 
f 3721/3839/3739 3735/3853/3753 3736/3854/3754 
f 3721/3839/3739 3736/3854/3754 3716/3834/3734 
f 3716/3834/3734 3736/3854/3754 3737/3855/3755 
f 3716/3834/3734 3737/3855/3755 3717/3835/3735 
f 1777/1882/1794 3736/3854/3754 1776/1881/1793 
f 1776/1881/1793 3736/3854/3754 218/232/1792 
f 218/232/1792 3736/3854/3754 3735/3853/3753 
f 218/232/1792 3735/3853/3753 202/216/3756 
f 202/216/3756 3735/3853/3753 3734/3852/3752 
f 202/216/3756 3734/3852/3752 203/217/653 
f 203/217/653 3734/3852/3752 645/706/654 
f 645/706/654 3734/3852/3752 644/705/652 
f 644/705/652 3734/3852/3752 3733/3851/3751 
f 644/705/652 3733/3851/3751 3732/3850/3750 
f 644/705/652 3732/3850/3750 643/704/3757 
f 643/704/3757 3732/3850/3750 642/703/3758 
f 642/703/3758 3732/3850/3750 3731/3849/3749 
f 642/703/3758 3731/3849/3749 3730/3848/3748 
f 642/703/3758 3730/3848/3748 617/676/3759 
f 617/676/3759 3730/3848/3748 618/677/3760 
f 618/677/3760 3730/3848/3748 3728/3846/3746 
f 618/677/3760 3728/3846/3746 3727/3845/3745 
f 618/677/3760 3727/3845/3745 624/683/3761 
f 624/683/3761 3727/3845/3745 3738/3856/3762 
f 624/683/3761 3738/3856/3762 627/686/3763 
f 627/686/3763 3738/3856/3762 3739/3857/3764 
f 627/686/3763 3739/3857/3764 626/685/3765 
f 626/685/3765 3739/3857/3764 3740/3858/3766 
f 626/685/3765 3740/3858/3766 625/684/3767 
f 625/684/3767 3740/3858/3766 3741/3859/3768 
f 625/684/3767 3741/3859/3768 623/682/3769 
f 623/682/3769 3741/3859/3768 3742/3860/3770 
f 3729/3847/3747 3743/3861/3771 3727/3845/3745 
f 3727/3845/3745 3743/3861/3771 3744/3862/3772 
f 3727/3845/3745 3744/3862/3772 3738/3856/3762 
f 3738/3856/3762 3744/3862/3772 3739/3857/3764 
f 3739/3857/3764 3744/3862/3772 3740/3858/3766 
f 3740/3858/3766 3744/3862/3772 3745/3863/3773 
f 3740/3858/3766 3745/3863/3773 3741/3859/3768 
f 3741/3859/3768 3745/3863/3773 3746/3864/3774 
f 3741/3859/3768 3746/3864/3774 3742/3860/3770 
f 3742/3860/3770 3746/3864/3774 3747/3865/3775 
f 3747/3865/3775 3746/3864/3774 3748/3866/3776 
f 3747/3865/3775 3748/3866/3776 3749/3867/3777 
f 3749/3867/3777 3748/3866/3776 3750/3868/3778 
f 3749/3867/3777 3750/3868/3778 3751/3869/3779 
f 3726/3844/3744 3725/3843/3743 3729/3847/3747 
f 3729/3847/3747 3725/3843/3743 3743/3861/3771 
f 3743/3861/3771 3725/3843/3743 3752/3870/3780 
f 3743/3861/3771 3752/3870/3780 3744/3862/3772 
f 3744/3862/3772 3752/3870/3780 3745/3863/3773 
f 3745/3863/3773 3752/3870/3780 3753/3871/3781 
f 3745/3863/3773 3753/3871/3781 3746/3864/3774 
f 3746/3864/3774 3753/3871/3781 3754/3872/3782 
f 3746/3864/3774 3754/3872/3782 3755/3873/3783 
f 3746/3864/3774 3755/3873/3783 3748/3866/3776 
f 3748/3866/3776 3755/3873/3783 3756/3874/3784 
f 3748/3866/3776 3756/3874/3784 3750/3868/3778 
f 3750/3868/3778 3756/3874/3784 3757/3875/3785 
f 3757/3875/3785 3756/3874/3784 3758/3876/3786 
f 3720/3838/3738 2625/2730/2643 3722/3840/3740 
f 3722/3840/3740 2625/2730/2643 3759/3877/3787 
f 3722/3840/3740 3759/3877/3787 3760/3878/3788 
f 3722/3840/3740 3760/3878/3788 3724/3842/3742 
f 3724/3842/3742 3760/3878/3788 3725/3843/3743 
f 3725/3843/3743 3760/3878/3788 3752/3870/3780 
f 3752/3870/3780 3760/3878/3788 3753/3871/3781 
f 3753/3871/3781 3760/3878/3788 3761/3879/3789 
f 3753/3871/3781 3761/3879/3789 3754/3872/3782 
f 3754/3872/3782 3761/3879/3789 3755/3873/3783 
f 3755/3873/3783 3761/3879/3789 3762/3880/3790 
f 3755/3873/3783 3762/3880/3790 3756/3874/3784 
f 3756/3874/3784 3762/3880/3790 3758/3876/3786 
f 3758/3876/3786 3762/3880/3790 3763/3881/3791 
f 3763/3881/3791 3762/3880/3790 3764/3882/3792 
f 3764/3882/3792 3762/3880/3790 3765/3883/3793 
f 3765/3883/3793 3762/3880/3790 3761/3879/3789 
f 3765/3883/3793 3761/3879/3789 3766/3884/3794 
f 3766/3884/3794 3761/3879/3789 3759/3877/3787 
f 3759/3877/3787 3761/3879/3789 3760/3878/3788 
f 3757/3875/3785 3758/3876/3786 3767/3885/3795 
f 3767/3885/3795 3758/3876/3786 3768/3886/3796 
f 3768/3886/3796 3758/3876/3786 3769/3887/3797 
f 3769/3887/3797 3758/3876/3786 3763/3881/3791 
f 3769/3887/3797 3763/3881/3791 3764/3882/3792 
f 3769/3887/3797 3764/3882/3792 2558/2663/2576 
f 2558/2663/2576 3764/3882/3792 3770/3888/3798 
f 2558/2663/2576 3770/3888/3798 2559/2664/2577 
f 2559/2664/2577 3770/3888/3798 3771/3889/3799 
f 2559/2664/2577 3771/3889/3799 3772/3890/3800 
f 2559/2664/2577 3772/3890/3800 2560/2665/2578 
f 2560/2665/2578 3772/3890/3800 2561/2666/2579 
f 2561/2666/2579 3772/3890/3800 3773/3891/3801 
f 2561/2666/2579 3773/3891/3801 2565/2670/2583 
f 2565/2670/2583 3773/3891/3801 2572/2677/2590 
f 2572/2677/2590 3773/3891/3801 3772/3890/3800 
f 2572/2677/2590 3772/3890/3800 2586/2691/2604 
f 2586/2691/2604 3772/3890/3800 2587/2692/2605 
f 2587/2692/2605 3772/3890/3800 3771/3889/3799 
f 2587/2692/2605 3771/3889/3799 3770/3888/3798 
f 2587/2692/2605 3770/3888/3798 3774/3892/3802 
f 3774/3892/3802 3770/3888/3798 3775/3893/3803 
f 3775/3893/3803 3770/3888/3798 3764/3882/3792 
f 3775/3893/3803 3764/3882/3792 3765/3883/3793 
f 3775/3893/3803 3765/3883/3793 3776/3894/3804 
f 3776/3894/3804 3765/3883/3793 3777/3895/3805 
f 3777/3895/3805 3765/3883/3793 3766/3884/3794 
f 3777/3895/3805 3766/3884/3794 3759/3877/3787 
f 2587/2692/2605 3778/3896/3806 2585/2690/2603 
f 2585/2690/2603 3778/3896/3806 2594/2699/2612 
f 2594/2699/2612 3778/3896/3806 2609/2714/2627 
f 2609/2714/2627 3778/3896/3806 2587/2692/2605 
f 2609/2714/2627 2587/2692/2605 3774/3892/3802 
f 2609/2714/2627 3774/3892/3802 3775/3893/3803 
f 2609/2714/2627 3775/3893/3803 3779/3897/3807 
f 2609/2714/2627 3779/3897/3807 2605/2710/2623 
f 2605/2710/2623 3779/3897/3807 2604/2709/2622 
f 2604/2709/2622 3779/3897/3807 3775/3893/3803 
f 2604/2709/2622 3775/3893/3803 3776/3894/3804 
f 2604/2709/2622 3776/3894/3804 3777/3895/3805 
f 2604/2709/2622 3777/3895/3805 2621/2726/2639 
f 2621/2726/2639 3777/3895/3805 2619/2724/2637 
f 2625/2730/2643 2619/2724/2637 3780/3898/3808 
f 3780/3898/3808 2619/2724/2637 3777/3895/3805 
f 3780/3898/3808 3777/3895/3805 3759/3877/3787 
f 3780/3898/3808 3759/3877/3787 2625/2730/2643 
f 2612/2717/2630 2625/2730/2643 3781/3899/3809 
f 3781/3899/3809 2625/2730/2643 3720/3838/3738 
f 3781/3899/3809 3720/3838/3738 3710/3828/3728 
f 3781/3899/3809 3710/3828/3728 2612/2717/2630 
f 2610/2715/2628 2612/2717/2630 3782/3900/3810 
f 3782/3900/3810 2612/2717/2630 3710/3828/3728 
f 3782/3900/3810 3710/3828/3728 2630/2735/2648 
f 3782/3900/3810 2630/2735/2648 2610/2715/2628 
f 3127/3245/3145 3126/3244/3144 3133/3251/3151 
f 3133/3251/3151 3126/3244/3144 3783/3901/3811 
f 3133/3251/3151 3783/3901/3811 3784/3902/3812 
f 3133/3251/3151 3784/3902/3812 3136/3254/3154 
f 3116/3234/3134 3118/3236/3136 3125/3243/3143 
f 3125/3243/3143 3118/3236/3136 3126/3244/3144 
f 3126/3244/3144 3118/3236/3136 3785/3903/3813 
f 3126/3244/3144 3785/3903/3813 3786/3904/3814 
f 3126/3244/3144 3786/3904/3814 3783/3901/3811 
f 3783/3901/3811 3786/3904/3814 3784/3902/3812 
f 3784/3902/3812 3786/3904/3814 3787/3905/3815 
f 3784/3902/3812 3787/3905/3815 3183/3301/3201 
f 3784/3902/3812 3183/3301/3201 3788/3906/3816 
f 3788/3906/3816 3183/3301/3201 3172/3290/3190 
f 3788/3906/3816 3172/3290/3190 3168/3286/3186 
f 3788/3906/3816 3168/3286/3186 3784/3902/3812 
f 3784/3902/3812 3168/3286/3186 3136/3254/3154 
f 3136/3254/3154 3168/3286/3186 3135/3253/3153 
f 3184/3302/3202 3183/3301/3201 3789/3907/3817 
f 3789/3907/3817 3183/3301/3201 3790/3908/3818 
f 3790/3908/3818 3183/3301/3201 3787/3905/3815 
f 3790/3908/3818 3787/3905/3815 3786/3904/3814 
f 3790/3908/3818 3786/3904/3814 3791/3909/3819 
f 3791/3909/3819 3786/3904/3814 3792/3910/3820 
f 3792/3910/3820 3786/3904/3814 3785/3903/3813 
f 3792/3910/3820 3785/3903/3813 3118/3236/3136 
f 3792/3910/3820 3118/3236/3136 3793/3911/3821 
f 3793/3911/3821 3118/3236/3136 3102/3220/3120 
f 3102/3220/3120 3118/3236/3136 3117/3235/3135 
f 3102/3220/3120 3117/3235/3135 3103/3221/3121 
f 3102/3220/3120 3103/3221/3121 3101/3219/3119 
f 3101/3219/3119 3103/3221/3121 3100/3218/3118 
f 3102/3220/3120 3094/3212/3112 3793/3911/3821 
f 3793/3911/3821 3094/3212/3112 3794/3912/3822 
f 3793/3911/3821 3794/3912/3822 3792/3910/3820 
f 3792/3910/3820 3794/3912/3822 3795/3913/3823 
f 3792/3910/3820 3795/3913/3823 3791/3909/3819 
f 3791/3909/3819 3795/3913/3823 3796/3914/3824 
f 3791/3909/3819 3796/3914/3824 3790/3908/3818 
f 3790/3908/3818 3796/3914/3824 3797/3915/3825 
f 3790/3908/3818 3797/3915/3825 3789/3907/3817 
f 3789/3907/3817 3797/3915/3825 3798/3916/3826 
f 3789/3907/3817 3798/3916/3826 3184/3302/3202 
f 3184/3302/3202 3798/3916/3826 3799/3917/3827 
f 3184/3302/3202 3799/3917/3827 3800/3918/3828 
f 3800/3918/3828 3799/3917/3827 1220/1325/1229 
f 1220/1325/1229 3799/3917/3827 1235/1340/1244 
f 1235/1340/1244 3799/3917/3827 1238/1343/1247 
f 1238/1343/1247 3799/3917/3827 3798/3916/3826 
f 1238/1343/1247 3798/3916/3826 1236/1341/1245 
f 1236/1341/1245 3798/3916/3826 3797/3915/3825 
f 1236/1341/1245 3797/3915/3825 3801/3919/3829 
f 3801/3919/3829 3797/3915/3825 3796/3914/3824 
f 3801/3919/3829 3796/3914/3824 3802/3920/3830 
f 3802/3920/3830 3796/3914/3824 3795/3913/3823 
f 3802/3920/3830 3795/3913/3823 3803/3921/3831 
f 3803/3921/3831 3795/3913/3823 3794/3912/3822 
f 3803/3921/3831 3794/3912/3822 3804/3922/3832 
f 3804/3922/3832 3794/3912/3822 3094/3212/3112 
f 3804/3922/3832 3094/3212/3112 3093/3211/3111 
f 1237/1342/1246 1236/1341/1245 3805/3923/3833 
f 3805/3923/3833 1236/1341/1245 3801/3919/3829 
f 3805/3923/3833 3801/3919/3829 3806/3924/3834 
f 3806/3924/3834 3801/3919/3829 3802/3920/3830 
f 3806/3924/3834 3802/3920/3830 3807/3925/3835 
f 3807/3925/3835 3802/3920/3830 3803/3921/3831 
f 3807/3925/3835 3803/3921/3831 3808/3926/3836 
f 3808/3926/3836 3803/3921/3831 3804/3922/3832 
f 3808/3926/3836 3804/3922/3832 3809/3927/3837 
f 3809/3927/3837 3804/3922/3832 3093/3211/3111 
f 3809/3927/3837 3093/3211/3111 3064/3182/3082 
f 3064/3182/3082 3093/3211/3111 3091/3209/3109 
f 3064/3182/3082 3091/3209/3109 3065/3183/3083 
f 3065/3183/3083 3091/3209/3109 3078/3196/3096 
f 1239/1344/1248 1237/1342/1246 1254/1359/1263 
f 1254/1359/1263 1237/1342/1246 3810/3928/3838 
f 3810/3928/3838 1237/1342/1246 3805/3923/3833 
f 3810/3928/3838 3805/3923/3833 3811/3929/3839 
f 3811/3929/3839 3805/3923/3833 3806/3924/3834 
f 3811/3929/3839 3806/3924/3834 3812/3930/3840 
f 3812/3930/3840 3806/3924/3834 3807/3925/3835 
f 3812/3930/3840 3807/3925/3835 3813/3931/3841 
f 3813/3931/3841 3807/3925/3835 3808/3926/3836 
f 3813/3931/3841 3808/3926/3836 3814/3932/3842 
f 3814/3932/3842 3808/3926/3836 3809/3927/3837 
f 3814/3932/3842 3809/3927/3837 3815/3933/3843 
f 3815/3933/3843 3809/3927/3837 3064/3182/3082 
f 3815/3933/3843 3064/3182/3082 3066/3184/3084 
f 3816/3934/3844 3230/3348/3248 3817/3935/3845 
f 3817/3935/3845 3230/3348/3248 3232/3350/3250 
f 3817/3935/3845 3232/3350/3250 3818/3936/3846 
f 3817/3935/3845 3818/3936/3846 3816/3934/3844 
f 3818/3936/3846 3232/3350/3250 3819/3937/3847 
f 3819/3937/3847 3232/3350/3250 2820/2925/2838 
f 3819/3937/3847 2820/2925/2838 2809/2914/2827 
f 3819/3937/3847 2809/2914/2827 3818/3936/3846 
f 3550/3668/3568 3818/3936/3846 3820/3938/3848 
f 3820/3938/3848 3818/3936/3846 2809/2914/2827 
f 3820/3938/3848 2809/2914/2827 2802/2907/2820 
f 3820/3938/3848 2802/2907/2820 3550/3668/3568 
f 3548/3666/3566 3816/3934/3844 3821/3939/3849 
f 3821/3939/3849 3816/3934/3844 3818/3936/3846 
f 3821/3939/3849 3818/3936/3846 3550/3668/3568 
f 3821/3939/3849 3550/3668/3568 3548/3666/3566 
f 3249/3367/3267 3234/3352/3252 3822/3940/3850 
f 3822/3940/3850 3234/3352/3252 3230/3348/3248 
f 3822/3940/3850 3230/3348/3248 3816/3934/3844 
f 3822/3940/3850 3816/3934/3844 3249/3367/3267 
f 3252/3370/3270 3251/3369/3269 3823/3941/3851 
f 3823/3941/3851 3251/3369/3269 3249/3367/3267 
f 3823/3941/3851 3249/3367/3267 3824/3942/3852 
f 3824/3942/3852 3249/3367/3267 3816/3934/3844 
f 3824/3942/3852 3816/3934/3844 3548/3666/3566 
f 3824/3942/3852 3548/3666/3566 3823/3941/3851 
f 3823/3941/3851 3548/3666/3566 3546/3664/3564 
f 3823/3941/3851 3546/3664/3564 3545/3663/3563 
f 3823/3941/3851 3545/3663/3563 3257/3375/3275 
f 3823/3941/3851 3257/3375/3275 3252/3370/3270 
f 2471/2576/2488 2473/2578/2490 3825/3943/3853 
f 3825/3943/3853 2473/2578/2490 3826/3944/3854 
f 3825/3943/3853 3826/3944/3854 2489/2594/2506 
f 3825/3943/3853 2489/2594/2506 2471/2576/2488 
f 2489/2594/2506 3826/3944/3854 3827/3945/3855 
f 3827/3945/3855 3826/3944/3854 3828/3946/3856 
f 3828/3946/3856 3826/3944/3854 3829/3947/3857 
f 3828/3946/3856 3829/3947/3857 3830/3948/3858 
f 3828/3946/3856 3830/3948/3858 3831/3949/3859 
f 3831/3949/3859 3830/3948/3858 3832/3950/3860 
f 3832/3950/3860 3830/3948/3858 3833/3951/3861 
f 3832/3950/3860 3833/3951/3861 3834/3952/3862 
f 3832/3950/3860 3834/3952/3862 3835/3953/3863 
f 3835/3953/3863 3834/3952/3862 3836/3954/3864 
f 3836/3954/3864 3834/3952/3862 3837/3955/3865 
f 3837/3955/3865 3834/3952/3862 3838/3956/3866 
f 3838/3956/3866 3834/3952/3862 3839/3957/3867 
f 3838/3956/3866 3839/3957/3867 3840/3958/3868 
f 3841/3959/3869 3832/3950/3860 3842/3960/3870 
f 3842/3960/3870 3832/3950/3860 3843/3961/3871 
f 3843/3961/3871 3832/3950/3860 3835/3953/3863 
f 3843/3961/3871 3835/3953/3863 3836/3954/3864 
f 3843/3961/3871 3836/3954/3864 3844/3962/3872 
f 3844/3962/3872 3836/3954/3864 3845/3963/3873 
f 3845/3963/3873 3836/3954/3864 3846/3964/3874 
f 3846/3964/3874 3836/3954/3864 3847/3965/3875 
f 3847/3965/3875 3836/3954/3864 3837/3955/3865 
f 3847/3965/3875 3837/3955/3865 3838/3956/3866 
f 3847/3965/3875 3838/3956/3866 3848/3966/3876 
f 3848/3966/3876 3838/3956/3866 3849/3967/3877 
f 3849/3967/3877 3838/3956/3866 3850/3968/3878 
f 3849/3967/3877 3850/3968/3878 3851/3969/3879 
f 3847/3965/3875 3852/3970/3880 3846/3964/3874 
f 3846/3964/3874 3852/3970/3880 3845/3963/3873 
f 3845/3963/3873 3852/3970/3880 3853/3971/3881 
f 3845/3963/3873 3853/3971/3881 3854/3972/3882 
f 3845/3963/3873 3854/3972/3882 3855/3973/3883 
f 3845/3963/3873 3855/3973/3883 3856/3974/3884 
f 3845/3963/3873 3856/3974/3884 3844/3962/3872 
f 3844/3962/3872 3856/3974/3884 3843/3961/3871 
f 3843/3961/3871 3856/3974/3884 3857/3975/3885 
f 3843/3961/3871 3857/3975/3885 3858/3976/3886 
f 3843/3961/3871 3858/3976/3886 3842/3960/3870 
f 3842/3960/3870 3858/3976/3886 3841/3959/3869 
f 3841/3959/3869 3858/3976/3886 3859/3977/3887 
f 3841/3959/3869 3859/3977/3887 3860/3978/3888 
f 2482/2587/2499 3861/3979/3889 2511/2616/2528 
f 2511/2616/2528 3861/3979/3889 3860/3978/3888 
f 2511/2616/2528 3860/3978/3888 3862/3980/3890 
f 3862/3980/3890 3860/3978/3888 3863/3981/3891 
f 3863/3981/3891 3860/3978/3888 3859/3977/3887 
f 3863/3981/3891 3859/3977/3887 3858/3976/3886 
f 3863/3981/3891 3858/3976/3886 3864/3982/3892 
f 3864/3982/3892 3858/3976/3886 3865/3983/3893 
f 3865/3983/3893 3858/3976/3886 3857/3975/3885 
f 3865/3983/3893 3857/3975/3885 3856/3974/3884 
f 3865/3983/3893 3856/3974/3884 3866/3984/3894 
f 3866/3984/3894 3856/3974/3884 3867/3985/3895 
f 3867/3985/3895 3856/3974/3884 3855/3973/3883 
f 3867/3985/3895 3855/3973/3883 3854/3972/3882 
f 3867/3985/3895 3868/3986/3896 3866/3984/3894 
f 3866/3984/3894 3868/3986/3896 3865/3983/3893 
f 3865/3983/3893 3868/3986/3896 3869/3987/3897 
f 3865/3983/3893 3869/3987/3897 3870/3988/3898 
f 3865/3983/3893 3870/3988/3898 3864/3982/3892 
f 3864/3982/3892 3870/3988/3898 3863/3981/3891 
f 3863/3981/3891 3870/3988/3898 3871/3989/3899 
f 3863/3981/3891 3871/3989/3899 3872/3990/3900 
f 3863/3981/3891 3872/3990/3900 3862/3980/3890 
f 3862/3980/3890 3872/3990/3900 2511/2616/2528 
f 2511/2616/2528 3872/3990/3900 3873/3991/3901 
f 2511/2616/2528 3873/3991/3901 2512/2617/2529 
f 2511/2616/2528 2512/2617/2529 2510/2615/2527 
f 2510/2615/2527 2512/2617/2529 2509/2614/2526 
f 3874/3992/3902 3875/3993/3903 3876/3994/3904 
f 3876/3994/3904 3875/3993/3903 3877/3995/3905 
f 3877/3995/3905 3875/3993/3903 3878/3996/3906 
f 3877/3995/3905 3878/3996/3906 3879/3997/3907 
f 3877/3995/3905 3879/3997/3907 3880/3998/3908 
f 3880/3998/3908 3879/3997/3907 3881/3999/3909 
f 3881/3999/3909 3879/3997/3907 3882/4000/3910 
f 3881/3999/3909 3882/4000/3910 3883/4001/3911 
f 3881/3999/3909 3883/4001/3911 3884/4002/3912 
f 3881/3999/3909 3884/4002/3912 3885/4003/3913 
f 3881/3999/3909 3885/4003/3913 3886/4004/3914 
f 3886/4004/3914 3885/4003/3913 3867/3985/3895 
f 3867/3985/3895 3885/4003/3913 3887/4005/3915 
f 3867/3985/3895 3887/4005/3915 3868/3986/3896 
f 3867/3985/3895 3854/3972/3882 3886/4004/3914 
f 3886/4004/3914 3854/3972/3882 3881/3999/3909 
f 3881/3999/3909 3854/3972/3882 3880/3998/3908 
f 3880/3998/3908 3854/3972/3882 3877/3995/3905 
f 3877/3995/3905 3854/3972/3882 3853/3971/3881 
f 3877/3995/3905 3853/3971/3881 3852/3970/3880 
f 3877/3995/3905 3852/3970/3880 3876/3994/3904 
f 3876/3994/3904 3852/3970/3880 3874/3992/3902 
f 3874/3992/3902 3852/3970/3880 3888/4006/3916 
f 3874/3992/3902 3888/4006/3916 3889/4007/3917 
f 3874/3992/3902 3889/4007/3917 3890/4008/3918 
f 3890/4008/3918 3889/4007/3917 3891/4009/3919 
f 3891/4009/3919 3889/4007/3917 3892/4010/3920 
f 3891/4009/3919 3892/4010/3920 3893/4011/3921 
f 3894/4012/3922 3895/4013/3923 3896/4014/3924 
f 3896/4014/3924 3895/4013/3923 3897/4015/3925 
f 3896/4014/3924 3897/4015/3925 3898/4016/3926 
f 3898/4016/3926 3897/4015/3925 3899/4017/3927 
f 3899/4017/3927 3897/4015/3925 3900/4018/3928 
f 3899/4017/3927 3900/4018/3928 3893/4011/3921 
f 3899/4017/3927 3893/4011/3921 3901/4019/3929 
f 3901/4019/3929 3893/4011/3921 3849/3967/3877 
f 3849/3967/3877 3893/4011/3921 3892/4010/3920 
f 3849/3967/3877 3892/4010/3920 3889/4007/3917 
f 3849/3967/3877 3889/4007/3917 3848/3966/3876 
f 3848/3966/3876 3889/4007/3917 3847/3965/3875 
f 3847/3965/3875 3889/4007/3917 3888/4006/3916 
f 3847/3965/3875 3888/4006/3916 3852/3970/3880 
f 3891/4009/3919 3893/4011/3921 3902/4020/3930 
f 3902/4020/3930 3893/4011/3921 3903/4021/3931 
f 3903/4021/3931 3893/4011/3921 3900/4018/3928 
f 3903/4021/3931 3900/4018/3928 3897/4015/3925 
f 3903/4021/3931 3897/4015/3925 3904/4022/3932 
f 3904/4022/3932 3897/4015/3925 3905/4023/3933 
f 3905/4023/3933 3897/4015/3925 3895/4013/3923 
f 3905/4023/3933 3895/4013/3923 3894/4012/3922 
f 3905/4023/3933 3894/4012/3922 3906/4024/3934 
f 3906/4024/3934 3894/4012/3922 3907/4025/3935 
f 3907/4025/3935 3894/4012/3922 3908/4026/3936 
f 3907/4025/3935 3908/4026/3936 3909/4027/3937 
f 3907/4025/3935 3909/4027/3937 3910/4028/3938 
f 3910/4028/3938 3909/4027/3937 3911/4029/3939 
f 3905/4023/3933 3906/4024/3934 731/792/740 
f 731/792/740 3906/4024/3934 3907/4025/3935 
f 731/792/740 3907/4025/3935 3912/4030/3940 
f 3912/4030/3940 3907/4025/3935 3913/4031/3941 
f 3913/4031/3941 3907/4025/3935 3910/4028/3938 
f 3913/4031/3941 3910/4028/3938 3911/4029/3939 
f 3913/4031/3941 3911/4029/3939 3914/4032/3942 
f 3914/4032/3942 3911/4029/3939 3915/4033/3943 
f 3915/4033/3943 3911/4029/3939 3916/4034/3944 
f 3915/4033/3943 3916/4034/3944 3917/4035/3945 
f 3915/4033/3943 3917/4035/3945 3918/4036/3946 
f 3918/4036/3946 3917/4035/3945 2402/2507/2419 
f 2402/2507/2419 3917/4035/3945 3919/4037/3947 
f 2402/2507/2419 3919/4037/3947 2400/2505/2417 
f 3909/4027/3937 3920/4038/3948 3911/4029/3939 
f 3911/4029/3939 3920/4038/3948 3921/4039/3949 
f 3911/4029/3939 3921/4039/3949 3916/4034/3944 
f 3916/4034/3944 3921/4039/3949 3917/4035/3945 
f 3917/4035/3945 3921/4039/3949 3922/4040/3950 
f 3917/4035/3945 3922/4040/3950 3923/4041/3951 
f 3917/4035/3945 3923/4041/3951 3919/4037/3947 
f 3919/4037/3947 3923/4041/3951 2400/2505/2417 
f 2400/2505/2417 3923/4041/3951 3924/4042/3952 
f 2400/2505/2417 3924/4042/3952 3925/4043/3953 
f 2400/2505/2417 3925/4043/3953 2399/2504/2416 
f 2399/2504/2416 3925/4043/3953 2387/2492/2404 
f 2387/2492/2404 3925/4043/3953 3926/4044/3954 
f 2387/2492/2404 3926/4044/3954 2388/2493/2405 
f 2432/2537/2449 2416/2521/2433 3927/4045/3955 
f 3927/4045/3955 2416/2521/2433 3928/4046/3956 
f 3928/4046/3956 2416/2521/2433 2415/2520/2432 
f 3928/4046/3956 2415/2520/2432 2392/2497/2409 
f 3928/4046/3956 2392/2497/2409 3929/4047/3957 
f 3929/4047/3957 2392/2497/2409 3930/4048/3958 
f 3930/4048/3958 2392/2497/2409 2393/2498/2410 
f 3930/4048/3958 2393/2498/2410 2388/2493/2405 
f 3930/4048/3958 2388/2493/2405 3926/4044/3954 
f 3930/4048/3958 3926/4044/3954 3925/4043/3953 
f 3930/4048/3958 3925/4043/3953 3931/4049/3959 
f 3931/4049/3959 3925/4043/3953 3932/4050/3960 
f 3932/4050/3960 3925/4043/3953 3924/4042/3952 
f 3932/4050/3960 3924/4042/3952 3923/4041/3951 
f 3928/4046/3956 3929/4047/3957 3933/4051/3961 
f 3933/4051/3961 3929/4047/3957 3930/4048/3958 
f 3933/4051/3961 3930/4048/3958 3931/4049/3959 
f 3933/4051/3961 3931/4049/3959 3932/4050/3960 
f 3933/4051/3961 3932/4050/3960 3934/4052/3962 
f 3934/4052/3962 3932/4050/3960 3935/4053/3963 
f 3935/4053/3963 3932/4050/3960 3936/4054/3964 
f 3935/4053/3963 3936/4054/3964 3937/4055/3965 
f 3935/4053/3963 3937/4055/3965 3938/4056/3966 
f 3938/4056/3966 3937/4055/3965 3939/4057/3967 
f 3939/4057/3967 3937/4055/3965 3940/4058/3968 
f 3939/4057/3967 3940/4058/3968 3941/4059/3969 
f 3939/4057/3967 3941/4059/3969 3942/4060/3970 
f 3942/4060/3970 3941/4059/3969 3943/4061/3971 
f 3944/4062/3972 3945/4063/3973 3946/4064/3974 
f 3946/4064/3974 3945/4063/3973 3933/4051/3961 
f 3946/4064/3974 3933/4051/3961 3934/4052/3962 
f 3946/4064/3974 3934/4052/3962 3935/4053/3963 
f 3946/4064/3974 3935/4053/3963 3947/4065/3975 
f 3947/4065/3975 3935/4053/3963 3948/4066/3976 
f 3948/4066/3976 3935/4053/3963 3938/4056/3966 
f 3948/4066/3976 3938/4056/3966 3939/4057/3967 
f 3948/4066/3976 3939/4057/3967 3949/4067/3977 
f 3949/4067/3977 3939/4057/3967 3950/4068/3978 
f 3950/4068/3978 3939/4057/3967 3942/4060/3970 
f 3950/4068/3978 3942/4060/3970 3943/4061/3971 
f 3950/4068/3978 3943/4061/3971 3951/4069/3979 
f 3951/4069/3979 3943/4061/3971 3952/4070/3980 
f 3953/4071/3981 3948/4066/3976 3954/4072/3982 
f 3954/4072/3982 3948/4066/3976 3955/4073/3983 
f 3955/4073/3983 3948/4066/3976 3949/4067/3977 
f 3955/4073/3983 3949/4067/3977 3950/4068/3978 
f 3955/4073/3983 3950/4068/3978 3956/4074/3984 
f 3956/4074/3984 3950/4068/3978 3957/4075/3985 
f 3957/4075/3985 3950/4068/3978 3951/4069/3979 
f 3957/4075/3985 3951/4069/3979 3952/4070/3980 
f 3957/4075/3985 3952/4070/3980 3958/4076/3986 
f 3958/4076/3986 3952/4070/3980 3959/4077/3987 
f 3959/4077/3987 3952/4070/3980 3960/4078/3988 
f 3959/4077/3987 3960/4078/3988 3961/4079/3989 
f 3959/4077/3987 3961/4079/3989 3962/4080/3990 
f 3962/4080/3990 3961/4079/3989 3963/4081/3991 
f 3955/4073/3983 3956/4074/3984 3964/4082/3992 
f 3964/4082/3992 3956/4074/3984 3957/4075/3985 
f 3964/4082/3992 3957/4075/3985 3965/4083/3993 
f 3965/4083/3993 3957/4075/3985 3966/4084/3994 
f 3966/4084/3994 3957/4075/3985 3958/4076/3986 
f 3966/4084/3994 3958/4076/3986 3959/4077/3987 
f 3966/4084/3994 3959/4077/3987 3967/4085/3995 
f 3967/4085/3995 3959/4077/3987 3968/4086/3996 
f 3968/4086/3996 3959/4077/3987 3962/4080/3990 
f 3968/4086/3996 3962/4080/3990 3963/4081/3991 
f 3968/4086/3996 3963/4081/3991 3969/4087/3997 
f 3969/4087/3997 3963/4081/3991 3970/4088/3998 
f 3970/4088/3998 3963/4081/3991 3971/4089/3999 
f 3970/4088/3998 3971/4089/3999 3972/4090/4000 
f 3964/4082/3992 3965/4083/3993 3973/4091/4001 
f 3973/4091/4001 3965/4083/3993 3966/4084/3994 
f 3973/4091/4001 3966/4084/3994 3974/4092/4002 
f 3974/4092/4002 3966/4084/3994 3975/4093/4003 
f 3975/4093/4003 3966/4084/3994 3967/4085/3995 
f 3975/4093/4003 3967/4085/3995 3968/4086/3996 
f 3975/4093/4003 3968/4086/3996 3976/4094/4004 
f 3976/4094/4004 3968/4086/3996 3977/4095/4005 
f 3977/4095/4005 3968/4086/3996 3969/4087/3997 
f 3977/4095/4005 3969/4087/3997 3970/4088/3998 
f 3977/4095/4005 3970/4088/3998 3978/4096/4006 
f 3978/4096/4006 3970/4088/3998 3979/4097/4007 
f 3979/4097/4007 3970/4088/3998 3980/4098/4008 
f 3979/4097/4007 3980/4098/4008 3981/4099/4009 
f 3981/4099/4009 3982/4100/4010 3979/4097/4007 
f 3979/4097/4007 3982/4100/4010 2479/2584/2496 
f 3979/4097/4007 2479/2584/2496 3983/4101/4011 
f 3983/4101/4011 2479/2584/2496 2468/2573/2485 
f 3983/4101/4011 2468/2573/2485 3984/4102/4012 
f 3983/4101/4011 3984/4102/4012 3979/4097/4007 
f 3979/4097/4007 3984/4102/4012 3978/4096/4006 
f 3978/4096/4006 3984/4102/4012 3977/4095/4005 
f 3977/4095/4005 3984/4102/4012 3985/4103/4013 
f 3985/4103/4013 3984/4102/4012 2468/2573/2485 
f 3985/4103/4013 2468/2573/2485 2466/2571/2483 
f 3985/4103/4013 2466/2571/2483 3977/4095/4005 
f 3977/4095/4005 2466/2571/2483 3976/4094/4004 
f 3976/4094/4004 2466/2571/2483 3975/4093/4003 
f 3830/3948/3858 3829/3947/3857 3986/4104/4014 
f 3986/4104/4014 3829/3947/3857 3826/3944/3854 
f 3986/4104/4014 3826/3944/3854 3987/4105/4015 
f 3987/4105/4015 3826/3944/3854 2473/2578/2490 
f 3987/4105/4015 2473/2578/2490 2479/2584/2496 
f 3987/4105/4015 2479/2584/2496 3986/4104/4014 
f 3986/4104/4014 2479/2584/2496 3982/4100/4010 
f 3986/4104/4014 3982/4100/4010 3981/4099/4009 
f 3986/4104/4014 3981/4099/4009 3988/4106/4016 
f 3988/4106/4016 3981/4099/4009 3989/4107/4017 
f 3989/4107/4017 3981/4099/4009 3990/4108/4018 
f 3990/4108/4018 3981/4099/4009 3972/4090/4000 
f 3972/4090/4000 3981/4099/4009 3980/4098/4008 
f 3972/4090/4000 3980/4098/4008 3970/4088/3998 
f 3986/4104/4014 3988/4106/4016 3830/3948/3858 
f 3830/3948/3858 3988/4106/4016 3989/4107/4017 
f 3830/3948/3858 3989/4107/4017 3833/3951/3861 
f 3833/3951/3861 3989/4107/4017 3834/3952/3862 
f 3834/3952/3862 3989/4107/4017 3839/3957/3867 
f 3839/3957/3867 3989/4107/4017 3840/3958/3868 
f 3840/3958/3868 3989/4107/4017 3990/4108/4018 
f 3840/3958/3868 3990/4108/4018 3972/4090/4000 
f 3840/3958/3868 3972/4090/4000 3991/4109/4019 
f 3991/4109/4019 3972/4090/4000 3992/4110/4020 
f 3992/4110/4020 3972/4090/4000 3971/4089/3999 
f 3992/4110/4020 3971/4089/3999 3963/4081/3991 
f 3992/4110/4020 3963/4081/3991 3993/4111/4021 
f 3993/4111/4021 3963/4081/3991 3961/4079/3989 
f 3838/3956/3866 3840/3958/3868 3850/3968/3878 
f 3850/3968/3878 3840/3958/3868 3851/3969/3879 
f 3851/3969/3879 3840/3958/3868 3991/4109/4019 
f 3851/3969/3879 3991/4109/4019 3992/4110/4020 
f 3851/3969/3879 3992/4110/4020 3994/4112/4022 
f 3994/4112/4022 3992/4110/4020 3995/4113/4023 
f 3995/4113/4023 3992/4110/4020 3993/4111/4021 
f 3995/4113/4023 3993/4111/4021 3961/4079/3989 
f 3995/4113/4023 3961/4079/3989 3996/4114/4024 
f 3996/4114/4024 3961/4079/3989 3997/4115/4025 
f 3997/4115/4025 3961/4079/3989 3960/4078/3988 
f 3997/4115/4025 3960/4078/3988 3952/4070/3980 
f 3997/4115/4025 3952/4070/3980 3998/4116/4026 
f 3998/4116/4026 3952/4070/3980 3943/4061/3971 
f 3849/3967/3877 3851/3969/3879 3901/4019/3929 
f 3901/4019/3929 3851/3969/3879 3899/4017/3927 
f 3899/4017/3927 3851/3969/3879 3994/4112/4022 
f 3899/4017/3927 3994/4112/4022 3995/4113/4023 
f 3899/4017/3927 3995/4113/4023 3898/4016/3926 
f 3898/4016/3926 3995/4113/4023 3896/4014/3924 
f 3896/4014/3924 3995/4113/4023 3996/4114/4024 
f 3896/4014/3924 3996/4114/4024 3997/4115/4025 
f 3896/4014/3924 3997/4115/4025 3999/4117/4027 
f 3999/4117/4027 3997/4115/4025 4000/4118/4028 
f 4000/4118/4028 3997/4115/4025 3998/4116/4026 
f 4000/4118/4028 3998/4116/4026 3943/4061/3971 
f 4000/4118/4028 3943/4061/3971 4001/4119/4029 
f 4001/4119/4029 3943/4061/3971 3941/4059/3969 
f 3896/4014/3924 3999/4117/4027 3894/4012/3922 
f 3894/4012/3922 3999/4117/4027 4000/4118/4028 
f 3894/4012/3922 4000/4118/4028 3908/4026/3936 
f 3908/4026/3936 4000/4118/4028 3909/4027/3937 
f 3909/4027/3937 4000/4118/4028 4001/4119/4029 
f 3909/4027/3937 4001/4119/4029 3941/4059/3969 
f 3909/4027/3937 3941/4059/3969 3920/4038/3948 
f 3920/4038/3948 3941/4059/3969 3921/4039/3949 
f 3921/4039/3949 3941/4059/3969 3940/4058/3968 
f 3921/4039/3949 3940/4058/3968 3937/4055/3965 
f 3921/4039/3949 3937/4055/3965 3922/4040/3950 
f 3922/4040/3950 3937/4055/3965 3923/4041/3951 
f 3923/4041/3951 3937/4055/3965 3936/4054/3964 
f 3923/4041/3951 3936/4054/3964 3932/4050/3960 
f 4002/4120/4030 4003/4121/4031 4004/4122/4032 
f 4004/4122/4032 4003/4121/4031 4005/4123/4033 
f 4004/4122/4032 4005/4123/4033 4006/4124/4034 
f 4004/4122/4032 4006/4124/4034 4002/4120/4030 
f 4003/4121/4031 4007/4125/4035 4008/4126/4036 
f 4008/4126/4036 4007/4125/4035 4009/4127/4037 
f 4008/4126/4036 4009/4127/4037 4005/4123/4033 
f 4008/4126/4036 4005/4123/4033 4003/4121/4031 
f 4010/4128/4038 4011/4129/4039 4012/4130/4040 
f 4012/4130/4040 4011/4129/4039 4007/4125/4035 
f 4012/4130/4040 4007/4125/4035 4003/4121/4031 
f 4012/4130/4040 4003/4121/4031 4010/4128/4038 
f 4011/4129/4039 4013/4131/4041 4014/4132/4042 
f 4014/4132/4042 4013/4131/4041 4015/4133/4043 
f 4014/4132/4042 4015/4133/4043 4007/4125/4035 
f 4014/4132/4042 4007/4125/4035 4011/4129/4039 
f 4007/4125/4035 4015/4133/4043 4016/4134/4044 
f 4016/4134/4044 4015/4133/4043 4017/4135/4045 
f 4016/4134/4044 4017/4135/4045 4009/4127/4037 
f 4016/4134/4044 4009/4127/4037 4007/4125/4035 
f 4018/4136/4046 4019/4137/4047 4020/4138/4048 
f 4020/4138/4048 4019/4137/4047 4013/4131/4041 
f 4020/4138/4048 4013/4131/4041 4011/4129/4039 
f 4020/4138/4048 4011/4129/4039 4018/4136/4046 
f 4010/4128/4038 4021/4139/4049 4011/4129/4039 
f 4011/4129/4039 4021/4139/4049 4018/4136/4046 
f 4018/4136/4046 4021/4139/4049 2461/2566/2478 
f 4018/4136/4046 2461/2566/2478 4022/4140/4050 
f 4022/4140/4050 2461/2566/2478 2462/2567/2479 
f 4022/4140/4050 2462/2567/2479 2476/2581/2493 
f 4022/4140/4050 2476/2581/2493 4018/4136/4046 
f 4018/4136/4046 2476/2581/2493 4023/4141/4051 
f 4018/4136/4046 4023/4141/4051 4019/4137/4047 
f 4019/4137/4047 4023/4141/4051 4024/4142/4052 
f 4024/4142/4052 4023/4141/4051 2476/2581/2493 
f 4024/4142/4052 2476/2581/2493 4025/4143/4053 
f 4025/4143/4053 2476/2581/2493 2470/2575/2487 
f 4025/4143/4053 2470/2575/2487 2490/2595/2507 
f 4025/4143/4053 2490/2595/2507 4024/4142/4052 
f 4024/4142/4052 2490/2595/2507 4026/4144/4054 
f 4024/4142/4052 4026/4144/4054 4027/4145/4055 
f 4027/4145/4055 4026/4144/4054 4028/4146/4056 
f 4028/4146/4056 4026/4144/4054 2490/2595/2507 
f 4028/4146/4056 2490/2595/2507 4029/4147/4057 
f 4029/4147/4057 2490/2595/2507 2487/2592/2504 
f 4029/4147/4057 2487/2592/2504 2486/2591/2503 
f 4029/4147/4057 2486/2591/2503 4028/4146/4056 
f 4028/4146/4056 2486/2591/2503 4030/4148/4058 
f 4028/4146/4056 4030/4148/4058 4031/4149/4059 
f 4031/4149/4059 4030/4148/4058 2493/2598/2510 
f 2493/2598/2510 4030/4148/4058 2486/2591/2503 
f 2493/2598/2510 2486/2591/2503 2491/2596/2508 
f 4028/4146/4056 4031/4149/4059 4032/4150/4060 
f 4032/4150/4060 4031/4149/4059 4033/4151/4061 
f 4032/4150/4060 4033/4151/4061 4027/4145/4055 
f 4032/4150/4060 4027/4145/4055 4028/4146/4056 
f 4027/4145/4055 4033/4151/4061 4034/4152/4062 
f 4034/4152/4062 4033/4151/4061 4035/4153/4063 
f 4034/4152/4062 4035/4153/4063 4036/4154/4064 
f 4034/4152/4062 4036/4154/4064 4027/4145/4055 
f 4036/4154/4064 4035/4153/4063 4037/4155/4065 
f 4037/4155/4065 4035/4153/4063 4038/4156/4066 
f 4037/4155/4065 4038/4156/4066 4039/4157/4067 
f 4037/4155/4065 4039/4157/4067 4036/4154/4064 
f 4019/4137/4047 4036/4154/4064 4040/4158/4068 
f 4040/4158/4068 4036/4154/4064 4039/4157/4067 
f 4040/4158/4068 4039/4157/4067 4013/4131/4041 
f 4040/4158/4068 4013/4131/4041 4019/4137/4047 
f 4024/4142/4052 4027/4145/4055 4041/4159/4069 
f 4041/4159/4069 4027/4145/4055 4036/4154/4064 
f 4041/4159/4069 4036/4154/4064 4019/4137/4047 
f 4041/4159/4069 4019/4137/4047 4024/4142/4052 
f 4013/4131/4041 4039/4157/4067 4042/4160/4070 
f 4042/4160/4070 4039/4157/4067 4043/4161/4071 
f 4042/4160/4070 4043/4161/4071 4015/4133/4043 
f 4042/4160/4070 4015/4133/4043 4013/4131/4041 
f 4039/4157/4067 4038/4156/4066 4044/4162/4072 
f 4044/4162/4072 4038/4156/4066 4045/4163/4073 
f 4044/4162/4072 4045/4163/4073 4043/4161/4071 
f 4044/4162/4072 4043/4161/4071 4039/4157/4067 
f 4015/4133/4043 4043/4161/4071 4046/4164/4074 
f 4046/4164/4074 4043/4161/4071 4047/4165/4075 
f 4046/4164/4074 4047/4165/4075 4017/4135/4045 
f 4046/4164/4074 4017/4135/4045 4015/4133/4043 
f 4043/4161/4071 4045/4163/4073 4048/4166/4076 
f 4048/4166/4076 4045/4163/4073 4049/4167/4077 
f 4048/4166/4076 4049/4167/4077 4047/4165/4075 
f 4048/4166/4076 4047/4165/4075 4043/4161/4071 
f 4045/4163/4073 4050/4168/4078 4051/4169/4079 
f 4051/4169/4079 4050/4168/4078 4052/4170/4080 
f 4051/4169/4079 4052/4170/4080 4049/4167/4077 
f 4051/4169/4079 4049/4167/4077 4045/4163/4073 
f 4038/4156/4066 4053/4171/4081 4054/4172/4082 
f 4054/4172/4082 4053/4171/4081 4050/4168/4078 
f 4054/4172/4082 4050/4168/4078 4045/4163/4073 
f 4054/4172/4082 4045/4163/4073 4038/4156/4066 
f 4035/4153/4063 4055/4173/4083 4056/4174/4084 
f 4056/4174/4084 4055/4173/4083 4053/4171/4081 
f 4056/4174/4084 4053/4171/4081 4038/4156/4066 
f 4056/4174/4084 4038/4156/4066 4035/4153/4063 
f 4033/4151/4061 4057/4175/4085 4058/4176/4086 
f 4058/4176/4086 4057/4175/4085 4055/4173/4083 
f 4058/4176/4086 4055/4173/4083 4035/4153/4063 
f 4058/4176/4086 4035/4153/4063 4033/4151/4061 
f 4031/4149/4059 4059/4177/4087 4060/4178/4088 
f 4060/4178/4088 4059/4177/4087 4057/4175/4085 
f 4060/4178/4088 4057/4175/4085 4033/4151/4061 
f 4060/4178/4088 4033/4151/4061 4031/4149/4059 
f 2493/2598/2510 2495/2600/2512 4061/4179/4089 
f 4061/4179/4089 2495/2600/2512 4059/4177/4087 
f 4061/4179/4089 4059/4177/4087 4031/4149/4059 
f 4061/4179/4089 4031/4149/4059 2493/2598/2510 
f 4062/4180/4090 4055/4173/4083 4063/4181/4091 
f 4063/4181/4091 4055/4173/4083 4057/4175/4085 
f 4063/4181/4091 4057/4175/4085 4064/4182/4092 
f 4063/4181/4091 4064/4182/4092 4062/4180/4090 
f 4064/4182/4092 4057/4175/4085 4065/4183/4093 
f 4065/4183/4093 4057/4175/4085 4059/4177/4087 
f 4065/4183/4093 4059/4177/4087 4066/4184/4094 
f 4065/4183/4093 4066/4184/4094 4064/4182/4092 
f 4066/4184/4094 4059/4177/4087 4067/4185/4095 
f 4067/4185/4095 4059/4177/4087 2495/2600/2512 
f 4067/4185/4095 2495/2600/2512 4068/4186/4096 
f 4067/4185/4095 4068/4186/4096 4066/4184/4094 
f 4069/4187/4097 4070/4188/4098 4071/4189/4099 
f 4071/4189/4099 4070/4188/4098 4066/4184/4094 
f 4071/4189/4099 4066/4184/4094 4068/4186/4096 
f 4071/4189/4099 4068/4186/4096 4069/4187/4097 
f 4070/4188/4098 4072/4190/4100 4073/4191/4101 
f 4073/4191/4101 4072/4190/4100 4064/4182/4092 
f 4073/4191/4101 4064/4182/4092 4066/4184/4094 
f 4073/4191/4101 4066/4184/4094 4070/4188/4098 
f 4072/4190/4100 4074/4192/4102 4075/4193/4103 
f 4075/4193/4103 4074/4192/4102 4062/4180/4090 
f 4075/4193/4103 4062/4180/4090 4064/4182/4092 
f 4075/4193/4103 4064/4182/4092 4072/4190/4100 
f 4076/4194/4104 2578/2683/2596 4077/4195/4105 
f 4077/4195/4105 2578/2683/2596 4078/4196/4106 
f 4077/4195/4105 4078/4196/4106 4068/4186/4096 
f 4068/4186/4096 4078/4196/4106 4069/4187/4097 
f 4069/4187/4097 4078/4196/4106 2578/2683/2596 
f 4069/4187/4097 2578/2683/2596 4079/4197/4107 
f 4079/4197/4107 2578/2683/2596 2579/2684/2597 
f 4079/4197/4107 2579/2684/2597 2581/2686/2599 
f 4079/4197/4107 2581/2686/2599 4069/4187/4097 
f 4069/4187/4097 2581/2686/2599 4080/4198/4108 
f 4069/4187/4097 4080/4198/4108 4070/4188/4098 
f 4070/4188/4098 4080/4198/4108 2589/2694/2607 
f 2589/2694/2607 4080/4198/4108 2581/2686/2599 
f 2589/2694/2607 2581/2686/2599 2588/2693/2606 
f 2578/2683/2596 4076/4194/4104 2571/2676/2589 
f 2571/2676/2589 4076/4194/4104 4081/4199/4109 
f 4081/4199/4109 4076/4194/4104 4077/4195/4105 
f 4081/4199/4109 4077/4195/4105 4082/4200/4110 
f 4082/4200/4110 4077/4195/4105 2496/2601/2513 
f 2496/2601/2513 4077/4195/4105 4083/4201/4111 
f 2496/2601/2513 4083/4201/4111 2495/2600/2512 
f 2495/2600/2512 4083/4201/4111 4068/4186/4096 
f 4068/4186/4096 4083/4201/4111 4077/4195/4105 
f 2498/2603/2515 2505/2610/2522 4084/4202/4112 
f 4084/4202/4112 2505/2610/2522 2502/2607/2519 
f 4084/4202/4112 2502/2607/2519 4085/4203/4113 
f 4085/4203/4113 2502/2607/2519 2523/2628/2540 
f 4085/4203/4113 2523/2628/2540 4081/4199/4109 
f 4085/4203/4113 4081/4199/4109 4084/4202/4112 
f 4084/4202/4112 4081/4199/4109 4082/4200/4110 
f 4084/4202/4112 4082/4200/4110 2496/2601/2513 
f 4084/4202/4112 2496/2601/2513 2497/2602/2514 
f 4084/4202/4112 2497/2602/2514 2498/2603/2515 
f 2526/2631/2543 2571/2676/2589 4086/4204/4114 
f 4086/4204/4114 2571/2676/2589 4081/4199/4109 
f 4086/4204/4114 4081/4199/4109 2523/2628/2540 
f 4086/4204/4114 2523/2628/2540 2526/2631/2543 
f 4087/4205/4115 4006/4124/4034 4088/4206/4116 
f 4088/4206/4116 4006/4124/4034 4089/4207/4117 
f 4088/4206/4116 4089/4207/4117 4090/4208/4118 
f 4088/4206/4116 4090/4208/4118 4087/4205/4115 
f 2433/2538/2450 2434/2539/2451 4091/4209/4119 
f 4091/4209/4119 2434/2539/2451 2442/2547/2459 
f 4091/4209/4119 2442/2547/2459 4092/4210/4120 
f 4092/4210/4120 2442/2547/2459 4093/4211/4121 
f 4092/4210/4120 4093/4211/4121 4090/4208/4118 
f 4090/4208/4118 4093/4211/4121 4087/4205/4115 
f 4087/4205/4115 4093/4211/4121 2442/2547/2459 
f 4087/4205/4115 2442/2547/2459 4094/4212/4122 
f 4094/4212/4122 2442/2547/2459 2443/2548/2460 
f 4094/4212/4122 2443/2548/2460 2447/2552/2464 
f 4094/4212/4122 2447/2552/2464 4087/4205/4115 
f 4087/4205/4115 2447/2552/2464 4095/4213/4123 
f 4087/4205/4115 4095/4213/4123 4006/4124/4034 
f 4006/4124/4034 4095/4213/4123 4002/4120/4030 
f 4095/4213/4123 2447/2552/2464 4002/4120/4030 
f 4002/4120/4030 2447/2552/2464 4096/4214/4124 
f 4096/4214/4124 2447/2552/2464 2448/2553/2465 
f 4096/4214/4124 2448/2553/2465 2455/2560/2472 
f 4096/4214/4124 2455/2560/2472 4002/4120/4030 
f 4002/4120/4030 2455/2560/2472 4097/4215/4125 
f 4002/4120/4030 4097/4215/4125 4003/4121/4031 
f 4003/4121/4031 4097/4215/4125 4010/4128/4038 
f 4010/4128/4038 4097/4215/4125 2455/2560/2472 
f 4010/4128/4038 2455/2560/2472 4098/4216/4126 
f 4098/4216/4126 2455/2560/2472 2456/2561/2473 
f 4098/4216/4126 2456/2561/2473 2461/2566/2478 
f 4098/4216/4126 2461/2566/2478 4010/4128/4038 
f 4010/4128/4038 2461/2566/2478 4021/4139/4049 
f 4006/4124/4034 4005/4123/4033 4099/4217/4127 
f 4099/4217/4127 4005/4123/4033 4100/4218/4128 
f 4099/4217/4127 4100/4218/4128 4089/4207/4117 
f 4099/4217/4127 4089/4207/4117 4006/4124/4034 
f 4005/4123/4033 4009/4127/4037 4101/4219/4129 
f 4101/4219/4129 4009/4127/4037 4102/4220/4130 
f 4101/4219/4129 4102/4220/4130 4100/4218/4128 
f 4101/4219/4129 4100/4218/4128 4005/4123/4033 
f 4102/4220/4130 4103/4221/4131 4100/4218/4128 
f 4100/4218/4128 4103/4221/4131 4104/4222/4132 
f 4100/4218/4128 4104/4222/4132 4105/4223/4133 
f 4105/4223/4133 4104/4222/4132 4106/4224/4134 
f 4105/4223/4133 4106/4224/4134 4089/4207/4117 
f 4105/4223/4133 4089/4207/4117 4100/4218/4128 
f 4107/4225/4135 4108/4226/4136 4109/4227/4137 
f 4109/4227/4137 4108/4226/4136 4110/4228/4138 
f 4110/4228/4138 4108/4226/4136 4111/4229/4139 
f 4110/4228/4138 4111/4229/4139 4112/4230/4140 
f 4110/4228/4138 4112/4230/4140 4113/4231/4141 
f 4113/4231/4141 4112/4230/4140 4114/4232/4142 
f 4114/4232/4142 4112/4230/4140 4115/4233/4143 
f 4114/4232/4142 4115/4233/4143 4116/4234/4144 
f 4114/4232/4142 4116/4234/4144 4117/4235/4145 
f 4117/4235/4145 4116/4234/4144 4118/4236/4146 
f 4118/4236/4146 4116/4234/4144 4119/4237/4147 
f 4118/4236/4146 4119/4237/4147 4104/4222/4132 
f 4118/4236/4146 4104/4222/4132 4103/4221/4131 
f 4118/4236/4146 4103/4221/4131 4102/4220/4130 
f 4104/4222/4132 4119/4237/4147 4120/4238/4148 
f 4120/4238/4148 4119/4237/4147 4116/4234/4144 
f 4120/4238/4148 4116/4234/4144 4121/4239/4149 
f 4121/4239/4149 4116/4234/4144 4122/4240/4150 
f 4122/4240/4150 4116/4234/4144 4115/4233/4143 
f 4122/4240/4150 4115/4233/4143 4112/4230/4140 
f 4122/4240/4150 4112/4230/4140 4123/4241/4151 
f 4123/4241/4151 4112/4230/4140 4124/4242/4152 
f 4124/4242/4152 4112/4230/4140 4111/4229/4139 
f 4124/4242/4152 4111/4229/4139 4108/4226/4136 
f 4124/4242/4152 4108/4226/4136 4125/4243/4153 
f 4125/4243/4153 4108/4226/4136 4126/4244/4154 
f 4126/4244/4154 4108/4226/4136 4127/4245/4155 
f 4126/4244/4154 4127/4245/4155 4128/4246/4156 
f 4129/4247/4157 4130/4248/4158 4131/4249/4159 
f 4131/4249/4159 4130/4248/4158 4120/4238/4148 
f 4131/4249/4159 4120/4238/4148 4132/4250/4160 
f 4132/4250/4160 4120/4238/4148 4121/4239/4149 
f 4132/4250/4160 4121/4239/4149 4133/4251/4161 
f 4133/4251/4161 4121/4239/4149 4122/4240/4150 
f 4133/4251/4161 4122/4240/4150 4134/4252/4162 
f 4134/4252/4162 4122/4240/4150 4123/4241/4151 
f 4134/4252/4162 4123/4241/4151 4135/4253/4163 
f 4135/4253/4163 4123/4241/4151 4124/4242/4152 
f 4135/4253/4163 4124/4242/4152 4136/4254/4164 
f 4136/4254/4164 4124/4242/4152 4125/4243/4153 
f 4136/4254/4164 4125/4243/4153 4137/4255/4165 
f 4137/4255/4165 4125/4243/4153 4126/4244/4154 
f 4138/4256/4166 4131/4249/4159 4139/4257/4167 
f 4139/4257/4167 4131/4249/4159 4132/4250/4160 
f 4139/4257/4167 4132/4250/4160 4140/4258/4168 
f 4140/4258/4168 4132/4250/4160 4133/4251/4161 
f 4140/4258/4168 4133/4251/4161 4141/4259/4169 
f 4141/4259/4169 4133/4251/4161 4134/4252/4162 
f 4141/4259/4169 4134/4252/4162 4142/4260/4170 
f 4142/4260/4170 4134/4252/4162 4135/4253/4163 
f 4142/4260/4170 4135/4253/4163 4143/4261/4171 
f 4143/4261/4171 4135/4253/4163 4136/4254/4164 
f 4143/4261/4171 4136/4254/4164 4144/4262/4172 
f 4144/4262/4172 4136/4254/4164 4137/4255/4165 
f 4144/4262/4172 4137/4255/4165 4145/4263/4173 
f 4145/4263/4173 4137/4255/4165 4146/4264/4174 
f 4147/4265/4175 4148/4266/4176 4149/4267/4177 
f 4149/4267/4177 4148/4266/4176 4150/4268/4178 
f 4149/4267/4177 4150/4268/4178 4151/4269/4179 
f 4151/4269/4179 4150/4268/4178 4138/4256/4166 
f 4151/4269/4179 4138/4256/4166 4152/4270/4180 
f 4152/4270/4180 4138/4256/4166 4139/4257/4167 
f 4152/4270/4180 4139/4257/4167 4153/4271/4181 
f 4153/4271/4181 4139/4257/4167 4140/4258/4168 
f 4153/4271/4181 4140/4258/4168 4154/4272/4182 
f 4154/4272/4182 4140/4258/4168 4141/4259/4169 
f 4154/4272/4182 4141/4259/4169 4155/4273/4183 
f 4155/4273/4183 4141/4259/4169 4142/4260/4170 
f 4155/4273/4183 4142/4260/4170 4156/4274/4184 
f 4156/4274/4184 4142/4260/4170 4143/4261/4171 
f 4157/4275/4185 4152/4270/4180 4158/4276/4186 
f 4158/4276/4186 4152/4270/4180 4153/4271/4181 
f 4158/4276/4186 4153/4271/4181 4159/4277/4187 
f 4159/4277/4187 4153/4271/4181 4154/4272/4182 
f 4159/4277/4187 4154/4272/4182 4160/4278/4188 
f 4160/4278/4188 4154/4272/4182 4155/4273/4183 
f 4160/4278/4188 4155/4273/4183 4161/4279/4189 
f 4161/4279/4189 4155/4273/4183 4156/4274/4184 
f 4161/4279/4189 4156/4274/4184 4162/4280/4190 
f 4162/4280/4190 4156/4274/4184 4163/4281/4191 
f 4162/4280/4190 4163/4281/4191 4164/4282/4192 
f 4164/4282/4192 4163/4281/4191 4165/4283/4193 
f 4164/4282/4192 4165/4283/4193 4166/4284/4194 
f 4166/4284/4194 4165/4283/4193 4167/4285/4195 
f 4156/4274/4184 4143/4261/4171 4163/4281/4191 
f 4163/4281/4191 4143/4261/4171 4144/4262/4172 
f 4163/4281/4191 4144/4262/4172 4165/4283/4193 
f 4165/4283/4193 4144/4262/4172 4145/4263/4173 
f 4165/4283/4193 4145/4263/4173 4167/4285/4195 
f 4167/4285/4195 4145/4263/4173 4168/4286/4196 
f 4167/4285/4195 4168/4286/4196 4169/4287/4197 
f 4169/4287/4197 4168/4286/4196 4170/4288/4198 
f 4170/4288/4198 4168/4286/4196 4171/4289/4199 
f 4170/4288/4198 4171/4289/4199 4172/4290/4200 
f 4172/4290/4200 4171/4289/4199 4173/4291/4201 
f 4172/4290/4200 4173/4291/4201 4174/4292/4202 
f 4174/4292/4202 4173/4291/4201 4175/4293/4203 
f 4174/4292/4202 4175/4293/4203 4176/4294/4204 
f 4166/4284/4194 4167/4285/4195 4177/4295/4205 
f 4177/4295/4205 4167/4285/4195 4169/4287/4197 
f 4177/4295/4205 4169/4287/4197 4170/4288/4198 
f 4177/4295/4205 4170/4288/4198 4178/4296/4206 
f 4178/4296/4206 4170/4288/4198 4172/4290/4200 
f 4178/4296/4206 4172/4290/4200 4179/4297/4207 
f 4179/4297/4207 4172/4290/4200 4174/4292/4202 
f 4179/4297/4207 4174/4292/4202 4180/4298/4208 
f 4180/4298/4208 4174/4292/4202 4176/4294/4204 
f 4180/4298/4208 4176/4294/4204 4181/4299/4209 
f 4181/4299/4209 4176/4294/4204 4182/4300/4210 
f 4181/4299/4209 4182/4300/4210 4183/4301/4211 
f 4183/4301/4211 4182/4300/4210 4184/4302/4212 
f 4183/4301/4211 4184/4302/4212 4185/4303/4213 
f 4175/4293/4203 4186/4304/4214 4176/4294/4204 
f 4176/4294/4204 4186/4304/4214 4182/4300/4210 
f 4182/4300/4210 4186/4304/4214 4187/4305/4215 
f 4182/4300/4210 4187/4305/4215 4184/4302/4212 
f 4184/4302/4212 4187/4305/4215 4188/4306/4216 
f 4184/4302/4212 4188/4306/4216 4189/4307/4217 
f 4189/4307/4217 4188/4306/4216 3274/3392/3292 
f 4189/4307/4217 3274/3392/3292 4190/4308/4218 
f 4190/4308/4218 3274/3392/3292 3273/3391/3291 
f 4190/4308/4218 3273/3391/3291 4191/4309/4219 
f 4191/4309/4219 3273/3391/3291 3272/3390/3290 
f 4191/4309/4219 3272/3390/3290 4192/4310/4220 
f 4192/4310/4220 3272/3390/3290 3271/3389/3289 
f 4192/4310/4220 3271/3389/3289 3275/3393/3293 
f 4184/4302/4212 4189/4307/4217 4185/4303/4213 
f 4185/4303/4213 4189/4307/4217 4193/4311/4221 
f 4193/4311/4221 4189/4307/4217 4190/4308/4218 
f 4193/4311/4221 4190/4308/4218 4194/4312/4222 
f 4194/4312/4222 4190/4308/4218 4191/4309/4219 
f 4194/4312/4222 4191/4309/4219 4195/4313/4223 
f 4195/4313/4223 4191/4309/4219 4192/4310/4220 
f 4195/4313/4223 4192/4310/4220 4196/4314/4224 
f 4196/4314/4224 4192/4310/4220 3275/3393/3293 
f 4196/4314/4224 3275/3393/3293 4197/4315/4225 
f 4197/4315/4225 3275/3393/3293 3276/3394/3294 
f 4197/4315/4225 3276/3394/3294 4198/4316/4226 
f 4198/4316/4226 3276/3394/3294 3277/3395/3295 
f 4198/4316/4226 3277/3395/3295 3286/3404/3304 
f 1064/1169/1073 1056/1161/1065 4199/4317/4227 
f 4199/4317/4227 1056/1161/1065 1040/1145/1049 
f 4199/4317/4227 1040/1145/1049 1069/1174/1078 
f 4199/4317/4227 1069/1174/1078 1064/1169/1073 
f 1104/1209/1113 1088/1193/1097 4200/4318/4228 
f 4200/4318/4228 1088/1193/1097 4201/4319/4229 
f 4200/4318/4228 4201/4319/4229 4202/4320/4230 
f 4200/4318/4228 4202/4320/4230 4203/4321/4231 
f 4203/4321/4231 4202/4320/4230 1038/1143/1047 
f 1038/1143/1047 4202/4320/4230 4204/4322/4232 
f 1038/1143/1047 4204/4322/4232 1040/1145/1049 
f 1040/1145/1049 4204/4322/4232 1069/1174/1078 
f 1069/1174/1078 4204/4322/4232 4202/4320/4230 
f 1069/1174/1078 4202/4320/4230 1067/1172/1076 
f 1067/1172/1076 4202/4320/4230 1087/1192/1096 
f 1087/1192/1096 4202/4320/4230 4201/4319/4229 
f 1087/1192/1096 4201/4319/4229 1088/1193/1097 
f 1087/1192/1096 1088/1193/1097 1086/1191/1095 
f 4017/4135/4045 4047/4165/4075 4205/4323/4233 
f 4205/4323/4233 4047/4165/4075 4206/4324/4234 
f 4205/4323/4233 4206/4324/4234 4207/4325/4235 
f 4205/4323/4233 4207/4325/4235 4017/4135/4045 
f 4047/4165/4075 4049/4167/4077 4208/4326/4236 
f 4208/4326/4236 4049/4167/4077 4209/4327/4237 
f 4208/4326/4236 4209/4327/4237 4206/4324/4234 
f 4208/4326/4236 4206/4324/4234 4047/4165/4075 
f 4209/4327/4237 4210/4328/4238 4206/4324/4234 
f 4206/4324/4234 4210/4328/4238 4211/4329/4239 
f 4206/4324/4234 4211/4329/4239 4212/4330/4240 
f 4206/4324/4234 4212/4330/4240 4207/4325/4235 
f 4207/4325/4235 4212/4330/4240 4213/4331/4241 
f 4213/4331/4241 4212/4330/4240 4211/4329/4239 
f 4213/4331/4241 4211/4329/4239 4214/4332/4242 
f 4214/4332/4242 4211/4329/4239 4215/4333/4243 
f 4215/4333/4243 4211/4329/4239 4216/4334/4244 
f 4215/4333/4243 4216/4334/4244 4217/4335/4245 
f 4215/4333/4243 4217/4335/4245 4218/4336/4246 
f 4218/4336/4246 4217/4335/4245 4219/4337/4247 
f 4219/4337/4247 4217/4335/4245 4220/4338/4248 
f 4219/4337/4247 4220/4338/4248 4221/4339/4249 
f 4209/4327/4237 4222/4340/4250 4210/4328/4238 
f 4210/4328/4238 4222/4340/4250 4211/4329/4239 
f 4211/4329/4239 4222/4340/4250 4216/4334/4244 
f 4216/4334/4244 4222/4340/4250 4217/4335/4245 
f 4217/4335/4245 4222/4340/4250 4223/4341/4251 
f 4217/4335/4245 4223/4341/4251 4224/4342/4252 
f 4217/4335/4245 4224/4342/4252 4220/4338/4248 
f 4220/4338/4248 4224/4342/4252 4221/4339/4249 
f 4221/4339/4249 4224/4342/4252 4225/4343/4253 
f 4221/4339/4249 4225/4343/4253 4226/4344/4254 
f 4221/4339/4249 4226/4344/4254 4227/4345/4255 
f 4227/4345/4255 4226/4344/4254 4228/4346/4256 
f 4228/4346/4256 4226/4344/4254 4229/4347/4257 
f 4228/4346/4256 4229/4347/4257 4230/4348/4258 
f 4222/4340/4250 4231/4349/4259 4223/4341/4251 
f 4223/4341/4251 4231/4349/4259 4224/4342/4252 
f 4224/4342/4252 4231/4349/4259 4232/4350/4260 
f 4224/4342/4252 4232/4350/4260 4233/4351/4261 
f 4224/4342/4252 4233/4351/4261 4225/4343/4253 
f 4225/4343/4253 4233/4351/4261 4226/4344/4254 
f 4226/4344/4254 4233/4351/4261 4234/4352/4262 
f 4226/4344/4254 4234/4352/4262 4235/4353/4263 
f 4226/4344/4254 4235/4353/4263 4229/4347/4257 
f 4229/4347/4257 4235/4353/4263 4230/4348/4258 
f 4230/4348/4258 4235/4353/4263 4236/4354/4264 
f 4230/4348/4258 4236/4354/4264 4237/4355/4265 
f 4230/4348/4258 4237/4355/4265 4238/4356/4266 
f 4238/4356/4266 4237/4355/4265 4239/4357/4267 
f 4240/4358/4268 4241/4359/4269 4231/4349/4259 
f 4231/4349/4259 4241/4359/4269 4242/4360/4270 
f 4231/4349/4259 4242/4360/4270 4232/4350/4260 
f 4232/4350/4260 4242/4360/4270 4233/4351/4261 
f 4233/4351/4261 4242/4360/4270 4243/4361/4271 
f 4233/4351/4261 4243/4361/4271 4244/4362/4272 
f 4233/4351/4261 4244/4362/4272 4234/4352/4262 
f 4234/4352/4262 4244/4362/4272 4235/4353/4263 
f 4235/4353/4263 4244/4362/4272 4245/4363/4273 
f 4235/4353/4263 4245/4363/4273 4246/4364/4274 
f 4235/4353/4263 4246/4364/4274 4236/4354/4264 
f 4236/4354/4264 4246/4364/4274 4237/4355/4265 
f 4237/4355/4265 4246/4364/4274 4247/4365/4275 
f 4237/4355/4265 4247/4365/4275 4248/4366/4276 
f 4240/4358/4268 4249/4367/4277 4241/4359/4269 
f 4241/4359/4269 4249/4367/4277 4242/4360/4270 
f 4242/4360/4270 4249/4367/4277 4250/4368/4278 
f 4242/4360/4270 4250/4368/4278 4251/4369/4279 
f 4242/4360/4270 4251/4369/4279 4243/4361/4271 
f 4243/4361/4271 4251/4369/4279 4244/4362/4272 
f 4244/4362/4272 4251/4369/4279 4252/4370/4280 
f 4244/4362/4272 4252/4370/4280 4253/4371/4281 
f 4244/4362/4272 4253/4371/4281 4245/4363/4273 
f 4245/4363/4273 4253/4371/4281 4246/4364/4274 
f 4246/4364/4274 4253/4371/4281 4254/4372/4282 
f 4246/4364/4274 4254/4372/4282 4255/4373/4283 
f 4246/4364/4274 4255/4373/4283 4247/4365/4275 
f 4247/4365/4275 4255/4373/4283 4248/4366/4276 
f 4255/4373/4283 4256/4374/4284 4248/4366/4276 
f 4248/4366/4276 4256/4374/4284 4257/4375/4285 
f 4257/4375/4285 4256/4374/4284 4258/4376/4286 
f 4258/4376/4286 4256/4374/4284 4255/4373/4283 
f 4258/4376/4286 4255/4373/4283 4259/4377/4287 
f 4258/4376/4286 4259/4377/4287 4260/4378/4288 
f 4260/4378/4288 4259/4377/4287 4261/4379/4289 
f 4261/4379/4289 4259/4377/4287 4255/4373/4283 
f 4261/4379/4289 4255/4373/4283 4254/4372/4282 
f 4261/4379/4289 4254/4372/4282 4253/4371/4281 
f 4261/4379/4289 4253/4371/4281 4262/4380/4290 
f 4262/4380/4290 4253/4371/4281 4263/4381/4291 
f 4263/4381/4291 4253/4371/4281 4252/4370/4280 
f 4263/4381/4291 4252/4370/4280 4251/4369/4279 
f 4263/4381/4291 4264/4382/4292 4262/4380/4290 
f 4262/4380/4290 4264/4382/4292 4261/4379/4289 
f 4261/4379/4289 4264/4382/4292 4265/4383/4293 
f 4261/4379/4289 4265/4383/4293 4260/4378/4288 
f 4260/4378/4288 4265/4383/4293 4266/4384/4294 
f 4266/4384/4294 4265/4383/4293 4264/4382/4292 
f 4266/4384/4294 4264/4382/4292 4267/4385/4295 
f 4266/4384/4294 4267/4385/4295 4268/4386/4296 
f 4268/4386/4296 4267/4385/4295 4269/4387/4297 
f 4269/4387/4297 4267/4385/4295 4264/4382/4292 
f 4269/4387/4297 4264/4382/4292 4270/4388/4298 
f 4269/4387/4297 4270/4388/4298 4271/4389/4299 
f 4269/4387/4297 4271/4389/4299 4272/4390/4300 
f 4272/4390/4300 4271/4389/4299 4273/4391/4301 
f 4263/4381/4291 4251/4369/4279 4274/4392/4302 
f 4274/4392/4302 4251/4369/4279 4275/4393/4303 
f 4275/4393/4303 4251/4369/4279 4250/4368/4278 
f 4275/4393/4303 4250/4368/4278 4249/4367/4277 
f 4275/4393/4303 4249/4367/4277 4276/4394/4304 
f 4276/4394/4304 4249/4367/4277 4277/4395/4305 
f 4276/4394/4304 4277/4395/4305 4278/4396/4306 
f 4276/4394/4304 4278/4396/4306 4275/4393/4303 
f 4275/4393/4303 4278/4396/4306 4279/4397/4307 
f 4275/4393/4303 4279/4397/4307 4271/4389/4299 
f 4275/4393/4303 4271/4389/4299 4274/4392/4302 
f 4274/4392/4302 4271/4389/4299 4263/4381/4291 
f 4263/4381/4291 4271/4389/4299 4270/4388/4298 
f 4263/4381/4291 4270/4388/4298 4264/4382/4292 
f 4271/4389/4299 4279/4397/4307 4273/4391/4301 
f 4273/4391/4301 4279/4397/4307 4278/4396/4306 
f 4273/4391/4301 4278/4396/4306 4280/4398/4308 
f 4280/4398/4308 4278/4396/4306 4281/4399/4309 
f 4280/4398/4308 4281/4399/4309 4282/4400/4310 
f 4280/4398/4308 4282/4400/4310 4273/4391/4301 
f 4273/4391/4301 4282/4400/4310 4283/4401/4311 
f 4283/4401/4311 4282/4400/4310 4284/4402/4312 
f 4283/4401/4311 4284/4402/4312 4285/4403/4313 
f 4285/4403/4313 4284/4402/4312 4286/4404/4314 
f 4285/4403/4313 4286/4404/4314 4287/4405/4315 
f 4285/4403/4313 4287/4405/4315 4288/4406/4316 
f 4288/4406/4316 4287/4405/4315 4268/4386/4296 
f 4288/4406/4316 4268/4386/4296 4269/4387/4297 
f 4288/4406/4316 4269/4387/4297 4285/4403/4313 
f 4285/4403/4313 4269/4387/4297 4272/4390/4300 
f 4285/4403/4313 4272/4390/4300 4273/4391/4301 
f 4285/4403/4313 4273/4391/4301 4283/4401/4311 
f 4287/4405/4315 4286/4404/4314 4289/4407/4317 
f 4289/4407/4317 4286/4404/4314 4284/4402/4312 
f 4289/4407/4317 4284/4402/4312 4290/4408/4318 
f 4290/4408/4318 4284/4402/4312 4291/4409/4319 
f 4290/4408/4318 4291/4409/4319 2607/2712/2625 
f 4290/4408/4318 2607/2712/2625 4289/4407/4317 
f 4289/4407/4317 2607/2712/2625 4292/4410/4320 
f 4289/4407/4317 4292/4410/4320 2620/2725/2638 
f 2620/2725/2638 4292/4410/4320 2601/2706/2619 
f 2601/2706/2619 4292/4410/4320 2607/2712/2625 
f 2623/2728/2641 4287/4405/4315 4293/4411/4321 
f 4293/4411/4321 4287/4405/4315 4289/4407/4317 
f 4293/4411/4321 4289/4407/4317 2620/2725/2638 
f 4293/4411/4321 2620/2725/2638 2623/2728/2641 
f 4294/4412/4322 4268/4386/4296 4295/4413/4323 
f 4295/4413/4323 4268/4386/4296 4287/4405/4315 
f 4295/4413/4323 4287/4405/4315 2623/2728/2641 
f 4295/4413/4323 2623/2728/2641 4294/4412/4322 
f 2616/2721/2634 4296/4414/4324 4297/4415/4325 
f 4297/4415/4325 4296/4414/4324 4294/4412/4322 
f 4297/4415/4325 4294/4412/4322 2623/2728/2641 
f 4297/4415/4325 2623/2728/2641 2616/2721/2634 
f 2614/2719/2632 2627/2732/2645 4298/4416/4326 
f 4298/4416/4326 2627/2732/2645 4296/4414/4324 
f 4298/4416/4326 4296/4414/4324 2616/2721/2634 
f 4298/4416/4326 2616/2721/2634 2614/2719/2632 
f 2627/2732/2645 2637/2742/2655 4299/4417/4327 
f 4299/4417/4327 2637/2742/2655 4300/4418/4328 
f 4299/4417/4327 4300/4418/4328 4296/4414/4324 
f 4299/4417/4327 4296/4414/4324 2627/2732/2645 
f 4296/4414/4324 4300/4418/4328 4301/4419/4329 
f 4301/4419/4329 4300/4418/4328 4302/4420/4330 
f 4301/4419/4329 4302/4420/4330 4294/4412/4322 
f 4301/4419/4329 4294/4412/4322 4296/4414/4324 
f 2637/2742/2655 4303/4421/4331 4304/4422/4332 
f 4304/4422/4332 4303/4421/4331 4305/4423/4333 
f 4304/4422/4332 4305/4423/4333 4300/4418/4328 
f 4304/4422/4332 4300/4418/4328 2637/2742/2655 
f 4300/4418/4328 4305/4423/4333 4306/4424/4334 
f 4306/4424/4334 4305/4423/4333 4307/4425/4335 
f 4306/4424/4334 4307/4425/4335 4302/4420/4330 
f 4306/4424/4334 4302/4420/4330 4300/4418/4328 
f 2633/2738/2651 4308/4426/4336 4309/4427/4337 
f 4309/4427/4337 4308/4426/4336 4303/4421/4331 
f 4309/4427/4337 4303/4421/4331 2637/2742/2655 
f 4309/4427/4337 2637/2742/2655 2633/2738/2651 
f 2634/2739/2652 2641/2746/2659 4310/4428/4338 
f 4310/4428/4338 2641/2746/2659 4308/4426/4336 
f 4310/4428/4338 4308/4426/4336 2633/2738/2651 
f 4310/4428/4338 2633/2738/2651 2634/2739/2652 
f 2641/2746/2659 2652/2757/2670 4311/4429/4339 
f 4311/4429/4339 2652/2757/2670 2867/2972/2885 
f 4311/4429/4339 2867/2972/2885 4308/4426/4336 
f 4311/4429/4339 4308/4426/4336 2641/2746/2659 
f 4308/4426/4336 2867/2972/2885 4312/4430/4340 
f 4312/4430/4340 2867/2972/2885 2868/2973/2886 
f 4312/4430/4340 2868/2973/2886 4303/4421/4331 
f 4312/4430/4340 4303/4421/4331 4308/4426/4336 
f 4305/4423/4333 2870/2975/2888 4313/4431/4341 
f 4313/4431/4341 2870/2975/2888 4314/4432/4342 
f 4313/4431/4341 4314/4432/4342 4307/4425/4335 
f 4313/4431/4341 4307/4425/4335 4305/4423/4333 
f 4303/4421/4331 2868/2973/2886 4315/4433/4343 
f 4315/4433/4343 2868/2973/2886 2870/2975/2888 
f 4315/4433/4343 2870/2975/2888 4305/4423/4333 
f 4315/4433/4343 4305/4423/4333 4303/4421/4331 
f 2870/2975/2888 2871/2976/2889 4316/4434/4344 
f 4316/4434/4344 2871/2976/2889 4317/4435/4345 
f 4316/4434/4344 4317/4435/4345 4314/4432/4342 
f 4316/4434/4344 4314/4432/4342 2870/2975/2888 
f 4317/4435/4345 4257/4375/4285 4318/4436/4346 
f 4318/4436/4346 4257/4375/4285 4258/4376/4286 
f 4318/4436/4346 4258/4376/4286 4314/4432/4342 
f 4318/4436/4346 4314/4432/4342 4317/4435/4345 
f 4319/4437/4347 4320/4438/4348 4321/4439/4349 
f 4321/4439/4349 4320/4438/4348 4257/4375/4285 
f 4321/4439/4349 4257/4375/4285 4317/4435/4345 
f 4321/4439/4349 4317/4435/4345 4319/4437/4347 
f 2871/2976/2889 2865/2970/2883 4322/4440/4350 
f 4322/4440/4350 2865/2970/2883 2857/2962/2875 
f 4322/4440/4350 2857/2962/2875 2861/2966/2879 
f 4322/4440/4350 2861/2966/2879 2871/2976/2889 
f 2871/2976/2889 2861/2966/2879 4323/4441/4351 
f 2871/2976/2889 4323/4441/4351 4317/4435/4345 
f 4317/4435/4345 4323/4441/4351 4319/4437/4347 
f 4319/4437/4347 4323/4441/4351 2861/2966/2879 
f 4319/4437/4347 2861/2966/2879 4324/4442/4352 
f 4324/4442/4352 2861/2966/2879 2859/2964/2877 
f 4324/4442/4352 2859/2964/2877 3223/3341/3241 
f 4324/4442/4352 3223/3341/3241 4319/4437/4347 
f 4319/4437/4347 3223/3341/3241 4325/4443/4353 
f 4319/4437/4347 4325/4443/4353 4320/4438/4348 
f 4320/4438/4348 4325/4443/4353 4326/4444/4354 
f 4326/4444/4354 4325/4443/4353 3223/3341/3241 
f 4326/4444/4354 3223/3341/3241 4327/4445/4355 
f 4327/4445/4355 3223/3341/3241 3219/3337/3237 
f 4327/4445/4355 3219/3337/3237 3218/3336/3236 
f 4327/4445/4355 3218/3336/3236 4326/4444/4354 
f 4326/4444/4354 3218/3336/3236 4328/4446/4356 
f 4326/4444/4354 4328/4446/4356 4329/4447/4357 
f 4329/4447/4357 4328/4446/4356 3238/3356/3256 
f 3238/3356/3256 4328/4446/4356 3218/3336/3236 
f 3238/3356/3256 3218/3336/3236 4330/4448/4358 
f 4330/4448/4358 3218/3336/3236 3224/3342/3242 
f 4330/4448/4358 3224/3342/3242 3228/3346/3246 
f 4330/4448/4358 3228/3346/3246 3238/3356/3256 
f 4228/4346/4256 4230/4348/4258 4331/4449/4359 
f 4331/4449/4359 4230/4348/4258 4332/4450/4360 
f 4332/4450/4360 4230/4348/4258 4238/4356/4266 
f 4332/4450/4360 4238/4356/4266 4239/4357/4267 
f 4332/4450/4360 4239/4357/4267 4333/4451/4361 
f 4333/4451/4361 4239/4357/4267 4334/4452/4362 
f 4334/4452/4362 4239/4357/4267 4335/4453/4363 
f 4334/4452/4362 4335/4453/4363 4329/4447/4357 
f 4334/4452/4362 4329/4447/4357 4336/4454/4364 
f 4336/4454/4364 4329/4447/4357 3238/3356/3256 
f 4336/4454/4364 3238/3356/3256 3239/3357/3257 
f 4336/4454/4364 3239/3357/3257 4334/4452/4362 
f 3239/3357/3257 4337/4455/4365 4334/4452/4362 
f 4334/4452/4362 4337/4455/4365 4338/4456/4366 
f 4334/4452/4362 4338/4456/4366 4333/4451/4361 
f 4333/4451/4361 4338/4456/4366 4332/4450/4360 
f 4332/4450/4360 4338/4456/4366 4339/4457/4367 
f 4332/4450/4360 4339/4457/4367 4340/4458/4368 
f 4332/4450/4360 4340/4458/4368 4331/4449/4359 
f 4331/4449/4359 4340/4458/4368 4228/4346/4256 
f 4228/4346/4256 4340/4458/4368 4341/4459/4369 
f 4228/4346/4256 4341/4459/4369 4342/4460/4370 
f 4228/4346/4256 4342/4460/4370 4227/4345/4255 
f 4227/4345/4255 4342/4460/4370 4221/4339/4249 
f 4221/4339/4249 4342/4460/4370 4343/4461/4371 
f 4221/4339/4249 4343/4461/4371 4219/4337/4247 
f 4219/4337/4247 4343/4461/4371 4107/4225/4135 
f 4107/4225/4135 4343/4461/4371 4342/4460/4370 
f 4107/4225/4135 4342/4460/4370 4344/4462/4372 
f 4344/4462/4372 4342/4460/4370 4345/4463/4373 
f 4345/4463/4373 4342/4460/4370 4341/4459/4369 
f 4345/4463/4373 4341/4459/4369 4340/4458/4368 
f 4345/4463/4373 4340/4458/4368 4346/4464/4374 
f 4346/4464/4374 4340/4458/4368 4347/4465/4375 
f 4347/4465/4375 4340/4458/4368 4339/4457/4367 
f 4347/4465/4375 4339/4457/4367 4338/4456/4366 
f 4347/4465/4375 4338/4456/4366 4348/4466/4376 
f 4348/4466/4376 4338/4456/4366 3245/3363/3263 
f 3245/3363/3263 4338/4456/4366 4337/4455/4365 
f 3245/3363/3263 4337/4455/4365 3239/3357/3257 
f 3243/3361/3261 4349/4467/4377 3245/3363/3263 
f 3245/3363/3263 4349/4467/4377 4350/4468/4378 
f 3245/3363/3263 4350/4468/4378 4348/4466/4376 
f 4348/4466/4376 4350/4468/4378 4347/4465/4375 
f 4347/4465/4375 4350/4468/4378 4351/4469/4379 
f 4347/4465/4375 4351/4469/4379 4352/4470/4380 
f 4347/4465/4375 4352/4470/4380 4346/4464/4374 
f 4346/4464/4374 4352/4470/4380 4345/4463/4373 
f 4345/4463/4373 4352/4470/4380 4353/4471/4381 
f 4345/4463/4373 4353/4471/4381 4128/4246/4156 
f 4345/4463/4373 4128/4246/4156 4344/4462/4372 
f 4344/4462/4372 4128/4246/4156 4107/4225/4135 
f 4107/4225/4135 4128/4246/4156 4127/4245/4155 
f 4107/4225/4135 4127/4245/4155 4108/4226/4136 
f 3246/3364/3264 3258/3376/3276 3243/3361/3261 
f 3243/3361/3261 3258/3376/3276 4354/4472/4382 
f 3243/3361/3261 4354/4472/4382 4349/4467/4377 
f 4349/4467/4377 4354/4472/4382 4350/4468/4378 
f 4350/4468/4378 4354/4472/4382 4355/4473/4383 
f 4350/4468/4378 4355/4473/4383 4356/4474/4384 
f 4350/4468/4378 4356/4474/4384 4351/4469/4379 
f 4351/4469/4379 4356/4474/4384 4352/4470/4380 
f 4352/4470/4380 4356/4474/4384 4357/4475/4385 
f 4352/4470/4380 4357/4475/4385 4358/4476/4386 
f 4352/4470/4380 4358/4476/4386 4353/4471/4381 
f 4353/4471/4381 4358/4476/4386 4128/4246/4156 
f 4128/4246/4156 4358/4476/4386 4359/4477/4387 
f 4128/4246/4156 4359/4477/4387 4126/4244/4154 
f 4137/4255/4165 4126/4244/4154 4146/4264/4174 
f 4146/4264/4174 4126/4244/4154 4359/4477/4387 
f 4146/4264/4174 4359/4477/4387 4358/4476/4386 
f 4146/4264/4174 4358/4476/4386 4360/4478/4388 
f 4360/4478/4388 4358/4476/4386 4357/4475/4385 
f 4360/4478/4388 4357/4475/4385 4361/4479/4389 
f 4361/4479/4389 4357/4475/4385 4356/4474/4384 
f 4361/4479/4389 4356/4474/4384 4362/4480/4390 
f 4362/4480/4390 4356/4474/4384 4355/4473/4383 
f 4362/4480/4390 4355/4473/4383 4363/4481/4391 
f 4363/4481/4391 4355/4473/4383 4354/4472/4382 
f 4363/4481/4391 4354/4472/4382 4364/4482/4392 
f 4364/4482/4392 4354/4472/4382 3258/3376/3276 
f 4364/4482/4392 3258/3376/3276 3259/3377/3277 
f 3274/3392/3292 4188/4306/4216 3259/3377/3277 
f 3259/3377/3277 4188/4306/4216 4364/4482/4392 
f 4364/4482/4392 4188/4306/4216 4187/4305/4215 
f 4364/4482/4392 4187/4305/4215 4363/4481/4391 
f 4363/4481/4391 4187/4305/4215 4186/4304/4214 
f 4363/4481/4391 4186/4304/4214 4362/4480/4390 
f 4362/4480/4390 4186/4304/4214 4175/4293/4203 
f 4362/4480/4390 4175/4293/4203 4361/4479/4389 
f 4361/4479/4389 4175/4293/4203 4173/4291/4201 
f 4361/4479/4389 4173/4291/4201 4360/4478/4388 
f 4360/4478/4388 4173/4291/4201 4171/4289/4199 
f 4360/4478/4388 4171/4289/4199 4146/4264/4174 
f 4146/4264/4174 4171/4289/4199 4168/4286/4196 
f 4146/4264/4174 4168/4286/4196 4145/4263/4173 
f 2817/2922/2835 2751/2856/2769 4365/4483/4393 
f 4365/4483/4393 2751/2856/2769 2774/2879/2792 
f 4365/4483/4393 2774/2879/2792 2773/2878/2791 
f 4365/4483/4393 2773/2878/2791 2817/2922/2835 
f 2812/2917/2830 2773/2878/2791 4366/4484/4394 
f 4366/4484/4394 2773/2878/2791 2770/2875/2788 
f 4366/4484/4394 2770/2875/2788 2785/2890/2803 
f 4366/4484/4394 2785/2890/2803 2812/2917/2830 
f 4106/4224/4134 4367/4485/4395 4368/4486/4396 
f 4368/4486/4396 4367/4485/4395 4090/4208/4118 
f 4368/4486/4396 4090/4208/4118 4089/4207/4117 
f 4368/4486/4396 4089/4207/4117 4106/4224/4134 
f 4120/4238/4148 4130/4248/4158 4104/4222/4132 
f 4104/4222/4132 4130/4248/4158 4106/4224/4134 
f 4106/4224/4134 4130/4248/4158 4369/4487/4397 
f 4106/4224/4134 4369/4487/4397 4367/4485/4395 
f 4367/4485/4395 4369/4487/4397 4370/4488/4398 
f 4367/4485/4395 4370/4488/4398 4371/4489/4399 
f 4371/4489/4399 4370/4488/4398 4372/4490/4400 
f 4372/4490/4400 4370/4488/4398 4373/4491/4401 
f 4372/4490/4400 4373/4491/4401 4374/4492/4402 
f 4372/4490/4400 4374/4492/4402 4375/4493/4403 
f 4372/4490/4400 4375/4493/4403 4376/4494/4404 
f 4372/4490/4400 4376/4494/4404 4377/4495/4405 
f 4377/4495/4405 4376/4494/4404 2422/2527/2439 
f 2422/2527/2439 4376/4494/4404 2423/2528/2440 
f 4130/4248/4158 4129/4247/4157 4369/4487/4397 
f 4369/4487/4397 4129/4247/4157 4378/4496/4406 
f 4369/4487/4397 4378/4496/4406 4370/4488/4398 
f 4370/4488/4398 4378/4496/4406 4379/4497/4407 
f 4370/4488/4398 4379/4497/4407 4373/4491/4401 
f 4373/4491/4401 4379/4497/4407 4374/4492/4402 
f 4374/4492/4402 4379/4497/4407 4380/4498/4408 
f 4374/4492/4402 4380/4498/4408 4375/4493/4403 
f 4375/4493/4403 4380/4498/4408 4381/4499/4409 
f 4375/4493/4403 4381/4499/4409 4376/4494/4404 
f 4376/4494/4404 4381/4499/4409 4382/4500/4410 
f 4376/4494/4404 4382/4500/4410 2423/2528/2440 
f 2423/2528/2440 4382/4500/4410 2414/2519/2431 
f 2423/2528/2440 2414/2519/2431 2413/2518/2430 
f 4131/4249/4159 4138/4256/4166 4129/4247/4157 
f 4129/4247/4157 4138/4256/4166 4150/4268/4178 
f 4129/4247/4157 4150/4268/4178 4378/4496/4406 
f 4378/4496/4406 4150/4268/4178 4148/4266/4176 
f 4378/4496/4406 4148/4266/4176 4379/4497/4407 
f 4379/4497/4407 4148/4266/4176 4380/4498/4408 
f 4380/4498/4408 4148/4266/4176 4383/4501/4411 
f 4380/4498/4408 4383/4501/4411 4384/4502/4412 
f 4380/4498/4408 4384/4502/4412 4381/4499/4409 
f 4381/4499/4409 4384/4502/4412 4385/4503/4413 
f 4381/4499/4409 4385/4503/4413 4382/4500/4410 
f 4382/4500/4410 4385/4503/4413 4386/4504/4414 
f 4382/4500/4410 4386/4504/4414 2414/2519/2431 
f 2414/2519/2431 4386/4504/4414 4387/4505/4415 
f 4148/4266/4176 4147/4265/4175 4383/4501/4411 
f 4383/4501/4411 4147/4265/4175 4388/4506/4416 
f 4383/4501/4411 4388/4506/4416 4384/4502/4412 
f 4384/4502/4412 4388/4506/4416 4389/4507/4417 
f 4384/4502/4412 4389/4507/4417 4385/4503/4413 
f 4385/4503/4413 4389/4507/4417 4390/4508/4418 
f 4385/4503/4413 4390/4508/4418 4386/4504/4414 
f 4386/4504/4414 4390/4508/4418 4391/4509/4419 
f 4386/4504/4414 4391/4509/4419 4387/4505/4415 
f 4387/4505/4415 4391/4509/4419 4392/4510/4420 
f 4387/4505/4415 4392/4510/4420 4393/4511/4421 
f 4393/4511/4421 4392/4510/4420 4394/4512/4422 
f 4393/4511/4421 4394/4512/4422 4395/4513/4423 
f 4395/4513/4423 4394/4512/4422 4396/4514/4424 
f 4391/4509/4419 4397/4515/4425 4392/4510/4420 
f 4392/4510/4420 4397/4515/4425 4398/4516/4426 
f 4392/4510/4420 4398/4516/4426 4394/4512/4422 
f 4394/4512/4422 4398/4516/4426 4399/4517/4427 
f 4394/4512/4422 4399/4517/4427 4396/4514/4424 
f 4396/4514/4424 4399/4517/4427 4400/4518/4428 
f 4396/4514/4424 4400/4518/4428 4401/4519/4429 
f 4401/4519/4429 4400/4518/4428 4402/4520/4430 
f 4401/4519/4429 4402/4520/4430 4403/4521/4431 
f 4403/4521/4431 4402/4520/4430 4404/4522/4432 
f 4403/4521/4431 4404/4522/4432 4405/4523/4433 
f 4405/4523/4433 4404/4522/4432 4406/4524/4434 
f 4405/4523/4433 4406/4524/4434 4407/4525/4435 
f 4407/4525/4435 4406/4524/4434 4408/4526/4436 
f 4395/4513/4423 4396/4514/4424 4409/4527/4437 
f 4409/4527/4437 4396/4514/4424 4401/4519/4429 
f 4409/4527/4437 4401/4519/4429 4410/4528/4438 
f 4410/4528/4438 4401/4519/4429 4403/4521/4431 
f 4410/4528/4438 4403/4521/4431 4411/4529/4439 
f 4411/4529/4439 4403/4521/4431 4405/4523/4433 
f 4411/4529/4439 4405/4523/4433 4412/4530/4440 
f 4412/4530/4440 4405/4523/4433 4407/4525/4435 
f 4412/4530/4440 4407/4525/4435 4413/4531/4441 
f 4412/4530/4440 4413/4531/4441 4414/4532/4442 
f 4414/4532/4442 4413/4531/4441 4415/4533/4443 
f 4414/4532/4442 4415/4533/4443 4416/4534/4444 
f 4414/4532/4442 4416/4534/4444 2395/2500/2412 
f 2395/2500/2412 4416/4534/4444 2396/2501/2413 
f 2414/2519/2431 4387/4505/4415 2412/2517/2429 
f 2412/2517/2429 4387/4505/4415 4393/4511/4421 
f 2412/2517/2429 4393/4511/4421 2409/2514/2426 
f 2409/2514/2426 4393/4511/4421 4395/4513/4423 
f 2409/2514/2426 4395/4513/4423 2406/2511/2423 
f 2406/2511/2423 4395/4513/4423 4409/4527/4437 
f 2406/2511/2423 4409/4527/4437 2405/2510/2422 
f 2405/2510/2422 4409/4527/4437 4410/4528/4438 
f 2405/2510/2422 4410/4528/4438 2404/2509/2421 
f 2404/2509/2421 4410/4528/4438 4411/4529/4439 
f 2404/2509/2421 4411/4529/4439 2403/2508/2420 
f 2403/2508/2420 4411/4529/4439 4412/4530/4440 
f 2403/2508/2420 4412/4530/4440 4414/4532/4442 
f 2403/2508/2420 4414/4532/4442 2395/2500/2412 
f 2109/2214/2126 2105/2210/2122 4417/4535/4445 
f 4417/4535/4445 2105/2210/2122 2103/2208/2120 
f 4417/4535/4445 2103/2208/2120 2125/2230/2142 
f 4417/4535/4445 2125/2230/2142 2109/2214/2126 
f 2102/2207/2119 2126/2231/2143 4418/4536/4446 
f 4418/4536/4446 2126/2231/2143 2125/2230/2142 
f 4418/4536/4446 2125/2230/2142 2103/2208/2120 
f 4418/4536/4446 2103/2208/2120 2102/2207/2119 
f 4419/4537/4447 4420/4538/4448 4421/4539/4449 
f 4421/4539/4449 4420/4538/4448 2126/2231/2143 
f 4421/4539/4449 2126/2231/2143 2102/2207/2119 
f 4421/4539/4449 2102/2207/2119 4419/4537/4447 
f 4422/4540/4450 4423/4541/4451 4424/4542/4452 
f 4424/4542/4452 4423/4541/4451 4420/4538/4448 
f 4424/4542/4452 4420/4538/4448 4419/4537/4447 
f 4424/4542/4452 4419/4537/4447 4422/4540/4450 
f 4425/4543/4453 4422/4540/4450 4426/4544/4454 
f 4426/4544/4454 4422/4540/4450 4427/4545/4455 
f 4426/4544/4454 4427/4545/4455 4428/4546/4456 
f 4428/4546/4456 4427/4545/4455 4429/4547/4457 
f 4429/4547/4457 4427/4545/4455 4422/4540/4450 
f 4429/4547/4457 4422/4540/4450 4430/4548/4458 
f 4430/4548/4458 4422/4540/4450 4419/4537/4447 
f 4430/4548/4458 4419/4537/4447 2102/2207/2119 
f 4430/4548/4458 2102/2207/2119 4429/4547/4457 
f 4429/4547/4457 2102/2207/2119 4431/4549/4459 
f 4429/4547/4457 4431/4549/4459 4432/4550/4460 
f 4432/4550/4460 4431/4549/4459 2106/2211/2123 
f 2106/2211/2123 4431/4549/4459 2102/2207/2119 
f 2106/2211/2123 2102/2207/2119 2104/2209/2121 
f 2163/2268/2180 2162/2267/2179 4433/4551/4461 
f 4433/4551/4461 2162/2267/2179 4434/4552/4462 
f 4434/4552/4462 2162/2267/2179 2150/2255/2167 
f 4434/4552/4462 2150/2255/2167 4435/4553/4463 
f 4435/4553/4463 2150/2255/2167 2148/2253/2165 
f 4435/4553/4463 2148/2253/2165 4436/4554/4464 
f 4435/4553/4463 4436/4554/4464 4434/4552/4462 
f 4434/4552/4462 4436/4554/4464 4437/4555/4465 
f 4434/4552/4462 4437/4555/4465 4438/4556/4466 
f 4438/4556/4466 4437/4555/4465 4426/4544/4454 
f 4426/4544/4454 4437/4555/4465 4436/4554/4464 
f 4426/4544/4454 4436/4554/4464 4425/4543/4453 
f 4425/4543/4453 4436/4554/4464 4423/4541/4451 
f 4425/4543/4453 4423/4541/4451 4422/4540/4450 
f 4434/4552/4462 4439/4557/4467 4433/4551/4461 
f 4433/4551/4461 4439/4557/4467 2036/2141/2053 
f 4433/4551/4461 2036/2141/2053 4440/4558/4468 
f 4440/4558/4468 2036/2141/2053 2022/2127/2039 
f 4440/4558/4468 2022/2127/2039 2024/2129/2041 
f 4440/4558/4468 2024/2129/2041 4433/4551/4461 
f 4433/4551/4461 2024/2129/2041 4441/4559/4469 
f 4433/4551/4461 4441/4559/4469 2163/2268/2180 
f 2163/2268/2180 4441/4559/4469 4442/4560/4470 
f 2163/2268/2180 4442/4560/4470 2164/2269/2181 
f 2164/2269/2181 4442/4560/4470 2165/2270/2182 
f 2165/2270/2182 4442/4560/4470 4443/4561/4471 
f 2165/2270/2182 4443/4561/4471 2166/2271/2183 
f 2166/2271/2183 4443/4561/4471 2176/2281/2193 
f 2021/2126/2038 4444/4562/4472 2027/2132/2044 
f 2027/2132/2044 4444/4562/4472 2025/2130/2042 
f 2025/2130/2042 4444/4562/4472 4445/4563/4473 
f 2025/2130/2042 4445/4563/4473 4446/4564/4474 
f 2025/2130/2042 4446/4564/4474 4447/4565/4475 
f 2025/2130/2042 4447/4565/4475 4448/4566/4476 
f 4448/4566/4476 4447/4565/4475 4442/4560/4470 
f 4448/4566/4476 4442/4560/4470 4441/4559/4469 
f 4448/4566/4476 4441/4559/4469 2024/2129/2041 
f 4448/4566/4476 2024/2129/2041 2025/2130/2042 
f 663/724/672 662/723/671 680/741/689 
f 680/741/689 662/723/671 684/745/693 
f 684/745/693 662/723/671 4449/4567/4477 
f 684/745/693 4449/4567/4477 685/746/694 
f 685/746/694 4449/4567/4477 4450/4568/4478 
f 685/746/694 4450/4568/4478 4451/4569/4479 
f 685/746/694 4451/4569/4479 697/758/706 
f 697/758/706 4451/4569/4479 4452/4570/4480 
f 697/758/706 4452/4570/4480 698/759/707 
f 698/759/707 4452/4570/4480 4453/4571/4481 
f 698/759/707 4453/4571/4481 2021/2126/2038 
f 2021/2126/2038 4453/4571/4481 4454/4572/4482 
f 2021/2126/2038 4454/4572/4482 4445/4563/4473 
f 2021/2126/2038 4445/4563/4473 4444/4562/4472 
f 4455/4573/4483 4445/4563/4473 4456/4574/4484 
f 4456/4574/4484 4445/4563/4473 4454/4572/4482 
f 4456/4574/4484 4454/4572/4482 4453/4571/4481 
f 4456/4574/4484 4453/4571/4481 4457/4575/4485 
f 4457/4575/4485 4453/4571/4481 4452/4570/4480 
f 4457/4575/4485 4452/4570/4480 4458/4576/4486 
f 4458/4576/4486 4452/4570/4480 4451/4569/4479 
f 4458/4576/4486 4451/4569/4479 4459/4577/4487 
f 4459/4577/4487 4451/4569/4479 4450/4568/4478 
f 4459/4577/4487 4450/4568/4478 4460/4578/4488 
f 4460/4578/4488 4450/4568/4478 4449/4567/4477 
f 4460/4578/4488 4449/4567/4477 2269/2374/2286 
f 2269/2374/2286 4449/4567/4477 662/723/671 
f 2269/2374/2286 662/723/671 664/725/673 
f 2260/2365/2277 2261/2366/2278 2269/2374/2286 
f 2269/2374/2286 2261/2366/2278 4460/4578/4488 
f 4460/4578/4488 2261/2366/2278 2262/2367/2279 
f 4460/4578/4488 2262/2367/2279 4459/4577/4487 
f 4459/4577/4487 2262/2367/2279 2263/2368/2280 
f 4459/4577/4487 2263/2368/2280 4458/4576/4486 
f 4458/4576/4486 2263/2368/2280 4461/4579/4489 
f 4458/4576/4486 4461/4579/4489 4457/4575/4485 
f 4457/4575/4485 4461/4579/4489 4462/4580/4490 
f 4457/4575/4485 4462/4580/4490 4456/4574/4484 
f 4456/4574/4484 4462/4580/4490 4463/4581/4491 
f 4456/4574/4484 4463/4581/4491 4455/4573/4483 
f 4455/4573/4483 4463/4581/4491 4464/4582/4492 
f 4464/4582/4492 4463/4581/4491 4465/4583/4493 
f 2205/2310/2222 2207/2312/2224 2263/2368/2280 
f 2263/2368/2280 2207/2312/2224 4461/4579/4489 
f 4461/4579/4489 2207/2312/2224 2209/2314/2226 
f 4461/4579/4489 2209/2314/2226 4462/4580/4490 
f 4462/4580/4490 2209/2314/2226 2210/2315/2227 
f 4462/4580/4490 2210/2315/2227 4463/4581/4491 
f 4463/4581/4491 2210/2315/2227 2211/2316/2228 
f 4463/4581/4491 2211/2316/2228 4465/4583/4493 
f 4465/4583/4493 2211/2316/2228 4466/4584/4494 
f 4466/4584/4494 2211/2316/2228 2173/2278/2190 
f 4466/4584/4494 2173/2278/2190 4467/4585/4495 
f 4467/4585/4495 2173/2278/2190 2174/2279/2191 
f 4467/4585/4495 2174/2279/2191 4443/4561/4471 
f 4443/4561/4471 2174/2279/2191 2176/2281/2193 
f 4465/4583/4493 4466/4584/4494 4464/4582/4492 
f 4464/4582/4492 4466/4584/4494 4468/4586/4496 
f 4468/4586/4496 4466/4584/4494 4469/4587/4497 
f 4469/4587/4497 4466/4584/4494 4467/4585/4495 
f 4469/4587/4497 4467/4585/4495 4443/4561/4471 
f 4469/4587/4497 4443/4561/4471 4470/4588/4498 
f 4470/4588/4498 4443/4561/4471 4442/4560/4470 
f 4470/4588/4498 4442/4560/4470 4447/4565/4475 
f 4470/4588/4498 4447/4565/4475 4469/4587/4497 
f 4469/4587/4497 4447/4565/4475 4468/4586/4496 
f 4468/4586/4496 4447/4565/4475 4464/4582/4492 
f 4464/4582/4492 4447/4565/4475 4446/4564/4474 
f 4464/4582/4492 4446/4564/4474 4445/4563/4473 
f 4464/4582/4492 4445/4563/4473 4455/4573/4483 
f 4314/4432/4342 4258/4376/4286 4471/4589/4499 
f 4471/4589/4499 4258/4376/4286 4260/4378/4288 
f 4471/4589/4499 4260/4378/4288 4307/4425/4335 
f 4471/4589/4499 4307/4425/4335 4314/4432/4342 
f 4307/4425/4335 4260/4378/4288 4472/4590/4500 
f 4472/4590/4500 4260/4378/4288 4266/4384/4294 
f 4472/4590/4500 4266/4384/4294 4302/4420/4330 
f 4472/4590/4500 4302/4420/4330 4307/4425/4335 
f 4302/4420/4330 4266/4384/4294 4473/4591/4501 
f 4473/4591/4501 4266/4384/4294 4268/4386/4296 
f 4473/4591/4501 4268/4386/4296 4294/4412/4322 
f 4473/4591/4501 4294/4412/4322 4302/4420/4330 
f 4009/4127/4037 4017/4135/4045 4474/4592/4502 
f 4474/4592/4502 4017/4135/4045 4207/4325/4235 
f 4474/4592/4502 4207/4325/4235 4102/4220/4130 
f 4474/4592/4502 4102/4220/4130 4009/4127/4037 
f 4118/4236/4146 4102/4220/4130 4475/4593/4503 
f 4475/4593/4503 4102/4220/4130 4207/4325/4235 
f 4475/4593/4503 4207/4325/4235 4213/4331/4241 
f 4475/4593/4503 4213/4331/4241 4118/4236/4146 
f 4118/4236/4146 4213/4331/4241 4117/4235/4145 
f 4117/4235/4145 4213/4331/4241 4114/4232/4142 
f 4114/4232/4142 4213/4331/4241 4214/4332/4242 
f 4114/4232/4142 4214/4332/4242 4215/4333/4243 
f 4114/4232/4142 4215/4333/4243 4113/4231/4141 
f 4113/4231/4141 4215/4333/4243 4110/4228/4138 
f 4110/4228/4138 4215/4333/4243 4218/4336/4246 
f 4110/4228/4138 4218/4336/4246 4219/4337/4247 
f 4110/4228/4138 4219/4337/4247 4109/4227/4137 
f 4109/4227/4137 4219/4337/4247 4107/4225/4135 
f 4049/4167/4077 4052/4170/4080 4476/4594/4504 
f 4476/4594/4504 4052/4170/4080 4240/4358/4268 
f 4476/4594/4504 4240/4358/4268 4209/4327/4237 
f 4476/4594/4504 4209/4327/4237 4049/4167/4077 
f 4209/4327/4237 4240/4358/4268 4477/4595/4505 
f 4477/4595/4505 4240/4358/4268 4231/4349/4259 
f 4477/4595/4505 4231/4349/4259 4222/4340/4250 
f 4477/4595/4505 4222/4340/4250 4209/4327/4237 
f 4050/4168/4078 4478/4596/4506 4052/4170/4080 
f 4052/4170/4080 4478/4596/4506 4277/4395/4305 
f 4052/4170/4080 4277/4395/4305 4479/4597/4507 
f 4479/4597/4507 4277/4395/4305 4249/4367/4277 
f 4479/4597/4507 4249/4367/4277 4240/4358/4268 
f 4479/4597/4507 4240/4358/4268 4052/4170/4080 
f 4277/4395/4305 4478/4596/4506 4480/4598/4508 
f 4480/4598/4508 4478/4596/4506 4050/4168/4078 
f 4480/4598/4508 4050/4168/4078 4481/4599/4509 
f 4481/4599/4509 4050/4168/4078 4053/4171/4081 
f 4481/4599/4509 4053/4171/4081 4482/4600/4510 
f 4481/4599/4509 4482/4600/4510 4480/4598/4508 
f 4483/4601/4511 4281/4399/4309 4484/4602/4512 
f 4484/4602/4512 4281/4399/4309 4480/4598/4508 
f 4484/4602/4512 4480/4598/4508 4482/4600/4510 
f 4484/4602/4512 4482/4600/4510 4483/4601/4511 
f 4480/4598/4508 4281/4399/4309 4485/4603/4513 
f 4485/4603/4513 4281/4399/4309 4278/4396/4306 
f 4485/4603/4513 4278/4396/4306 4277/4395/4305 
f 4485/4603/4513 4277/4395/4305 4480/4598/4508 
f 4486/4604/4514 4282/4400/4310 4487/4605/4515 
f 4487/4605/4515 4282/4400/4310 4281/4399/4309 
f 4487/4605/4515 4281/4399/4309 4483/4601/4511 
f 4487/4605/4515 4483/4601/4511 4486/4604/4514 
f 2599/2704/2617 4486/4604/4514 4488/4606/4516 
f 4488/4606/4516 4486/4604/4514 4483/4601/4511 
f 4488/4606/4516 4483/4601/4511 4074/4192/4102 
f 4488/4606/4516 4074/4192/4102 2599/2704/2617 
f 4074/4192/4102 4483/4601/4511 4489/4607/4517 
f 4489/4607/4517 4483/4601/4511 4482/4600/4510 
f 4489/4607/4517 4482/4600/4510 4062/4180/4090 
f 4489/4607/4517 4062/4180/4090 4074/4192/4102 
f 2591/2696/2609 2599/2704/2617 4490/4608/4518 
f 4490/4608/4518 2599/2704/2617 4074/4192/4102 
f 4490/4608/4518 4074/4192/4102 4072/4190/4100 
f 4490/4608/4518 4072/4190/4100 2591/2696/2609 
f 2589/2694/2607 2591/2696/2609 4491/4609/4519 
f 4491/4609/4519 2591/2696/2609 4072/4190/4100 
f 4491/4609/4519 4072/4190/4100 4070/4188/4098 
f 4491/4609/4519 4070/4188/4098 2589/2694/2607 
f 2596/2701/2614 4291/4409/4319 4492/4610/4520 
f 4492/4610/4520 4291/4409/4319 4486/4604/4514 
f 4492/4610/4520 4486/4604/4514 2599/2704/2617 
f 4492/4610/4520 2599/2704/2617 2596/2701/2614 
f 2607/2712/2625 4291/4409/4319 4493/4611/4521 
f 4493/4611/4521 4291/4409/4319 2596/2701/2614 
f 4493/4611/4521 2596/2701/2614 2597/2702/2615 
f 4493/4611/4521 2597/2702/2615 2607/2712/2625 
f 4291/4409/4319 4284/4402/4312 4494/4612/4522 
f 4494/4612/4522 4284/4402/4312 4282/4400/4310 
f 4494/4612/4522 4282/4400/4310 4486/4604/4514 
f 4494/4612/4522 4486/4604/4514 4291/4409/4319 
f 4482/4600/4510 4053/4171/4081 4495/4613/4523 
f 4495/4613/4523 4053/4171/4081 4055/4173/4083 
f 4495/4613/4523 4055/4173/4083 4062/4180/4090 
f 4495/4613/4523 4062/4180/4090 4482/4600/4510 
f 2145/2250/2162 2154/2259/2171 4496/4614/4524 
f 4496/4614/4524 2154/2259/2171 4497/4615/4525 
f 4496/4614/4524 4497/4615/4525 2142/2247/2159 
f 4496/4614/4524 2142/2247/2159 2145/2250/2162 
f 4498/4616/4526 4499/4617/4527 4500/4618/4528 
f 4500/4618/4528 4499/4617/4527 4501/4619/4529 
f 4501/4619/4529 4499/4617/4527 4502/4620/4530 
f 4502/4620/4530 4499/4617/4527 3381/3499/3399 
f 3381/3499/3399 4499/4617/4527 4503/4621/4531 
f 4503/4621/4531 4499/4617/4527 4498/4616/4526 
f 4503/4621/4531 4498/4616/4526 4504/4622/4532 
f 4504/4622/4532 4498/4616/4526 4505/4623/4533 
f 4505/4623/4533 4498/4616/4526 2132/2237/2149 
f 4505/4623/4533 2132/2237/2149 2134/2239/2151 
f 4505/4623/4533 2134/2239/2151 4504/4622/4532 
f 4504/4622/4532 2134/2239/2151 2141/2246/2158 
f 4504/4622/4532 2141/2246/2158 4497/4615/4525 
f 4497/4615/4525 2141/2246/2158 2142/2247/2159 
f 4498/4616/4526 4500/4618/4528 4506/4624/4534 
f 4506/4624/4534 4500/4618/4528 4501/4619/4529 
f 4506/4624/4534 4501/4619/4529 4507/4625/4535 
f 4506/4624/4534 4507/4625/4535 4508/4626/4536 
f 4506/4624/4534 4508/4626/4536 4509/4627/4537 
f 4506/4624/4534 4509/4627/4537 4510/4628/4538 
f 4506/4624/4534 4510/4628/4538 4511/4629/4539 
f 4506/4624/4534 4511/4629/4539 4498/4616/4526 
f 4498/4616/4526 4511/4629/4539 2132/2237/2149 
f 2132/2237/2149 4511/4629/4539 4510/4628/4538 
f 2132/2237/2149 4510/4628/4538 2131/2236/2148 
f 2131/2236/2148 4510/4628/4538 4512/4630/4540 
f 2131/2236/2148 4512/4630/4540 2119/2224/2136 
f 2119/2224/2136 4512/4630/4540 2122/2227/2139 
f 2148/2253/2165 2140/2245/2157 4513/4631/4541 
f 4513/4631/4541 2140/2245/2157 4423/4541/4451 
f 4513/4631/4541 4423/4541/4451 4436/4554/4464 
f 4513/4631/4541 4436/4554/4464 2148/2253/2165 
f 4423/4541/4451 2140/2245/2157 4514/4632/4542 
f 4514/4632/4542 2140/2245/2157 2137/2242/2154 
f 4514/4632/4542 2137/2242/2154 4420/4538/4448 
f 4514/4632/4542 4420/4538/4448 4423/4541/4451 
f 4420/4538/4448 2137/2242/2154 4515/4633/4543 
f 4515/4633/4543 2137/2242/2154 2127/2232/2144 
f 4515/4633/4543 2127/2232/2144 2126/2231/2143 
f 4515/4633/4543 2126/2231/2143 4420/4538/4448 
f 16/16/16 14/14/14 193/207/193 
f 193/207/193 14/14/14 4516/4634/4544 
f 4516/4634/4544 14/14/14 11/11/11 
f 4516/4634/4544 11/11/11 4517/4635/4545 
f 4517/4635/4545 11/11/11 9/9/9 
f 4517/4635/4545 9/9/9 4518/4636/4546 
f 4519/4637/4547 641/700/646 4520/4638/4548 
f 4520/4638/4548 641/700/646 636/702/648 
f 4520/4638/4548 636/702/648 4521/4639/4549 
f 4521/4639/4549 636/702/648 4522/4640/4550 
f 4522/4640/4550 636/702/648 221/4641/4551 
f 4522/4640/4550 221/4641/4551 4523/4642/4552 
f 4523/4642/4552 221/4641/4551 220/4643/4553 
f 1728/1833/1737 1727/1832/1736 1847/1952/1864 
f 1847/1952/1864 1727/1832/1736 4524/4644/4554 
f 1847/1952/1864 4524/4644/4554 1848/1953/1865 
f 1848/1953/1865 4524/4644/4554 1860/1965/1877 
f 1860/1965/1877 4524/4644/4554 1724/1829/1733 
f 1724/1829/1733 4524/4644/4554 1727/1832/1736 
f 1724/1829/1733 1723/1828/1732 1860/1965/1877 
f 1860/1965/1877 1723/1828/1732 1720/1825/1729 
f 1860/1965/1877 1720/1825/1729 1859/1964/1876 
f 1859/1964/1876 1720/1825/1729 1856/1961/1873 
f 1856/1961/1873 1720/1825/1729 1719/1824/1728 
f 1856/1961/1873 1719/1824/1728 1717/1822/1726 
f 1856/1961/1873 1717/1822/1726 1855/1960/1872 
f 1855/1960/1872 1717/1822/1726 1853/1958/1870 
f 1853/1958/1870 1717/1822/1726 1716/1821/1725 
f 1853/1958/1870 1716/1821/1725 1705/1810/1714 
f 1853/1958/1870 1705/1810/1714 4525/4645/4555 
f 4525/4645/4555 1705/1810/1714 4526/4646/4556 
f 4526/4646/4556 1705/1810/1714 1704/1809/1713 
f 4526/4646/4556 1704/1809/1713 1701/1806/1710 
f 4527/4647/4557 4528/4648/4558 4529/4649/4559 
f 4529/4649/4559 4528/4648/4558 4530/4650/4560 
f 4530/4650/4560 4528/4648/4558 4531/4651/4561 
f 4531/4651/4561 4528/4648/4558 4532/4652/4562 
f 4531/4651/4561 4532/4652/4562 4533/4653/4563 
f 4531/4651/4561 4533/4653/4563 4534/4654/4564 
f 4531/4651/4561 4534/4654/4564 4535/4655/4565 
f 4535/4655/4565 4534/4654/4564 4526/4646/4556 
f 4526/4646/4556 4534/4654/4564 4536/4656/4566 
f 4526/4646/4556 4536/4656/4566 4537/4657/4567 
f 4526/4646/4556 4537/4657/4567 4525/4645/4555 
f 4525/4645/4555 4537/4657/4567 1853/1958/1870 
f 1853/1958/1870 4537/4657/4567 4538/4658/4568 
f 1853/1958/1870 4538/4658/4568 1854/1959/1871 
f 1854/1959/1871 4538/4658/4568 1865/1970/1882 
f 1865/1970/1882 4538/4658/4568 4537/4657/4567 
f 1865/1970/1882 4537/4657/4567 1874/1979/1891 
f 1874/1979/1891 4537/4657/4567 1875/1980/1892 
f 1875/1980/1892 4537/4657/4567 4536/4656/4566 
f 1875/1980/1892 4536/4656/4566 4534/4654/4564 
f 1875/1980/1892 4534/4654/4564 4533/4653/4563 
f 1875/1980/1892 4533/4653/4563 4539/4659/4569 
f 1875/1980/1892 4539/4659/4569 4540/4660/4570 
f 1875/1980/1892 4540/4660/4570 1876/1981/1893 
f 1876/1981/1893 4540/4660/4570 1877/1982/1894 
f 1877/1982/1894 4540/4660/4570 4541/4661/4571 
f 1877/1982/1894 4541/4661/4571 4542/4662/4572 
f 1877/1982/1894 4542/4662/4572 1889/1994/1906 
f 1896/2001/1913 1888/1993/1905 1925/2030/1942 
f 1925/2030/1942 1888/1993/1905 1926/2031/1943 
f 1926/2031/1943 1888/1993/1905 1889/1994/1906 
f 1926/2031/1943 1889/1994/1906 4542/4662/4572 
f 1926/2031/1943 4542/4662/4572 1929/2034/1946 
f 1929/2034/1946 4542/4662/4572 1930/2035/1947 
f 1930/2035/1947 4542/4662/4572 1943/2048/1960 
f 1943/2048/1960 4542/4662/4572 1944/2049/1961 
f 1944/2049/1961 4542/4662/4572 4541/4661/4571 
f 1944/2049/1961 4541/4661/4571 4540/4660/4570 
f 1944/2049/1961 4540/4660/4570 1947/2052/1964 
f 1947/2052/1964 4540/4660/4570 1948/2053/1965 
f 1948/2053/1965 4540/4660/4570 4539/4659/4569 
f 1948/2053/1965 4539/4659/4569 4533/4653/4563 
f 1948/2053/1965 4533/4653/4563 1951/2056/1968 
f 1951/2056/1968 4533/4653/4563 1952/2057/1969 
f 1952/2057/1969 4533/4653/4563 4532/4652/4562 
f 1952/2057/1969 4532/4652/4562 4528/4648/4558 
f 1952/2057/1969 4528/4648/4558 1955/2060/1972 
f 1955/2060/1972 4528/4648/4558 1964/2069/1981 
f 1964/2069/1981 4528/4648/4558 4527/4647/4557 
f 1964/2069/1981 4527/4647/4557 4543/4663/4573 
f 1964/2069/1981 4543/4663/4573 1965/2070/1982 
f 1965/2070/1982 4543/4663/4573 1966/2071/1983 
f 1966/2071/1983 4543/4663/4573 4544/4664/4574 
f 1966/2071/1983 4544/4664/4574 4545/4665/4575 
f 1966/2071/1983 4545/4665/4575 1969/2074/1986 
f 1969/2074/1986 4545/4665/4575 1970/2075/1987 
f 4527/4647/4557 4529/4649/4559 4543/4663/4573 
f 4543/4663/4573 4529/4649/4559 4546/4666/4576 
f 4543/4663/4573 4546/4666/4576 4547/4667/4577 
f 4543/4663/4573 4547/4667/4577 4544/4664/4574 
f 4544/4664/4574 4547/4667/4577 4545/4665/4575 
f 4545/4665/4575 4547/4667/4577 4548/4668/4578 
f 4545/4665/4575 4548/4668/4578 4549/4669/4579 
f 4545/4665/4575 4549/4669/4579 4550/4670/4580 
f 4550/4670/4580 4549/4669/4579 4551/4671/4581 
f 4551/4671/4581 4549/4669/4579 4552/4672/4582 
f 4551/4671/4581 4552/4672/4582 4553/4673/4583 
f 4551/4671/4581 4553/4673/4583 4554/4674/4584 
f 4554/4674/4584 4553/4673/4583 4555/4675/4585 
f 4555/4675/4585 4553/4673/4583 4556/4676/4586 
f 4545/4665/4575 4550/4670/4580 1970/2075/1987 
f 1970/2075/1987 4550/4670/4580 4551/4671/4581 
f 1970/2075/1987 4551/4671/4581 1973/2078/1990 
f 1973/2078/1990 4551/4671/4581 1974/2079/1991 
f 1974/2079/1991 4551/4671/4581 4554/4674/4584 
f 1974/2079/1991 4554/4674/4584 4555/4675/4585 
f 1974/2079/1991 4555/4675/4585 1985/2090/2002 
f 1985/2090/2002 4555/4675/4585 1986/2091/2003 
f 1986/2091/2003 4555/4675/4585 4557/4677/4587 
f 1986/2091/2003 4557/4677/4587 4558/4678/4588 
f 1986/2091/2003 4558/4678/4588 1989/2094/2006 
f 1989/2094/2006 4558/4678/4588 1990/2095/2007 
f 1990/2095/2007 4558/4678/4588 4559/4679/4589 
f 1990/2095/2007 4559/4679/4589 4560/4680/4590 
f 4561/4681/4591 4562/4682/4592 4563/4683/4593 
f 4563/4683/4593 4562/4682/4592 4564/4684/4594 
f 4564/4684/4594 4562/4682/4592 4565/4685/4595 
f 4565/4685/4595 4562/4682/4592 4566/4686/4596 
f 4565/4685/4595 4566/4686/4596 4560/4680/4590 
f 4565/4685/4595 4560/4680/4590 4567/4687/4597 
f 4567/4687/4597 4560/4680/4590 4568/4688/4598 
f 4568/4688/4598 4560/4680/4590 4559/4679/4589 
f 4568/4688/4598 4559/4679/4589 4558/4678/4588 
f 4568/4688/4598 4558/4678/4588 4569/4689/4599 
f 4569/4689/4599 4558/4678/4588 4570/4690/4600 
f 4570/4690/4600 4558/4678/4588 4557/4677/4587 
f 4570/4690/4600 4557/4677/4587 4555/4675/4585 
f 4570/4690/4600 4555/4675/4585 4556/4676/4586 
f 1990/2095/2007 4560/4680/4590 1993/2098/2010 
f 1993/2098/2010 4560/4680/4590 1994/2099/2011 
f 1994/2099/2011 4560/4680/4590 4566/4686/4596 
f 1994/2099/2011 4566/4686/4596 4562/4682/4592 
f 1994/2099/2011 4562/4682/4592 1997/2102/2014 
f 1997/2102/2014 4562/4682/4592 2006/2111/2023 
f 2006/2111/2023 4562/4682/4592 4561/4681/4591 
f 2006/2111/2023 4561/4681/4591 4571/4691/4601 
f 2006/2111/2023 4571/4691/4601 2007/2112/2024 
f 2007/2112/2024 4571/4691/4601 2008/2113/2025 
f 2008/2113/2025 4571/4691/4601 4572/4692/4602 
f 2008/2113/2025 4572/4692/4602 1595/1700/1604 
f 2008/2113/2025 1595/1700/1604 2011/2116/2028 
f 2011/2116/2028 1595/1700/1604 1593/1698/1602 
f 4561/4681/4591 4563/4683/4593 4571/4691/4601 
f 4571/4691/4601 4563/4683/4593 4573/4693/4603 
f 4571/4691/4601 4573/4693/4603 4574/4694/4604 
f 4571/4691/4601 4574/4694/4604 4572/4692/4602 
f 4572/4692/4602 4574/4694/4604 1595/1700/1604 
f 1595/1700/1604 4574/4694/4604 4575/4695/4605 
f 1595/1700/1604 4575/4695/4605 4576/4696/4606 
f 1595/1700/1604 4576/4696/4606 1594/1699/1603 
f 1594/1699/1603 4576/4696/4606 1591/1696/1600 
f 1591/1696/1600 4576/4696/4606 1596/1701/1605 
f 1596/1701/1605 4576/4696/4606 4577/4697/4607 
f 1596/1701/1605 4577/4697/4607 1600/1705/1609 
f 1596/1701/1605 1600/1705/1609 1597/1702/1606 
f 1597/1702/1606 1600/1705/1609 1598/1703/1607 
f 4576/4696/4606 4575/4695/4605 1640/1745/1649 
f 1640/1745/1649 4575/4695/4605 4574/4694/4604 
f 1640/1745/1649 4574/4694/4604 1643/1748/1652 
f 1643/1748/1652 4574/4694/4604 1644/1749/1653 
f 1644/1749/1653 4574/4694/4604 4573/4693/4603 
f 1644/1749/1653 4573/4693/4603 4563/4683/4593 
f 1644/1749/1653 4563/4683/4593 1654/1759/1663 
f 1654/1759/1663 4563/4683/4593 1655/1760/1664 
f 1655/1760/1664 4563/4683/4593 4564/4684/4594 
f 1655/1760/1664 4564/4684/4594 4565/4685/4595 
f 1655/1760/1664 4565/4685/4595 1658/1763/1667 
f 1658/1763/1667 4565/4685/4595 1659/1764/1668 
f 1659/1764/1668 4565/4685/4595 4567/4687/4597 
f 1659/1764/1668 4567/4687/4597 4568/4688/4598 
f 1682/1787/1691 1681/1786/1690 4549/4669/4579 
f 4549/4669/4579 1681/1786/1690 1678/1783/1687 
f 4549/4669/4579 1678/1783/1687 4552/4672/4582 
f 4552/4672/4582 1678/1783/1687 4553/4673/4583 
f 4553/4673/4583 1678/1783/1687 1677/1782/1686 
f 4553/4673/4583 1677/1782/1686 1675/1780/1684 
f 4553/4673/4583 1675/1780/1684 4556/4676/4586 
f 4556/4676/4586 1675/1780/1684 4570/4690/4600 
f 4570/4690/4600 1675/1780/1684 1674/1779/1683 
f 4570/4690/4600 1674/1779/1683 1663/1768/1672 
f 4570/4690/4600 1663/1768/1672 4569/4689/4599 
f 4569/4689/4599 1663/1768/1672 4568/4688/4598 
f 4568/4688/4598 1663/1768/1672 1662/1767/1671 
f 4568/4688/4598 1662/1767/1671 1659/1764/1668 
f 4549/4669/4579 4548/4668/4578 1682/1787/1691 
f 1682/1787/1691 4548/4668/4578 4547/4667/4577 
f 1682/1787/1691 4547/4667/4577 1685/1790/1694 
f 1685/1790/1694 4547/4667/4577 1686/1791/1695 
f 1686/1791/1695 4547/4667/4577 4546/4666/4576 
f 1686/1791/1695 4546/4666/4576 4529/4649/4559 
f 1686/1791/1695 4529/4649/4559 1696/1801/1705 
f 1696/1801/1705 4529/4649/4559 1697/1802/1706 
f 1697/1802/1706 4529/4649/4559 4530/4650/4560 
f 1697/1802/1706 4530/4650/4560 4531/4651/4561 
f 1697/1802/1706 4531/4651/4561 1700/1805/1709 
f 1700/1805/1709 4531/4651/4561 1701/1806/1710 
f 1701/1806/1710 4531/4651/4561 4535/4655/4565 
f 1701/1806/1710 4535/4655/4565 4526/4646/4556 
f 3181/3299/3199 4578/4698/4608 3180/3298/3198 
f 3180/3298/3198 4578/4698/4608 1141/1246/1150 
f 3180/3298/3198 1141/1246/1150 4579/4699/4609 
f 4579/4699/4609 1141/1246/1150 1132/1237/1141 
f 4579/4699/4609 1132/1237/1141 1134/1239/1143 
f 4579/4699/4609 1134/1239/1143 3180/3298/3198 
f 3181/3299/3199 4580/4700/4610 4578/4698/4608 
f 4578/4698/4608 4580/4700/4610 1141/1246/1150 
f 1141/1246/1150 4580/4700/4610 4581/4701/4611 
f 1141/1246/1150 4581/4701/4611 1142/1247/1151 
f 1142/1247/1151 4581/4701/4611 1155/1260/1164 
f 1155/1260/1164 4581/4701/4611 4580/4700/4610 
f 3184/3302/3202 3800/3918/3828 3181/3299/3199 
f 3181/3299/3199 3800/3918/3828 4580/4700/4610 
f 4580/4700/4610 3800/3918/3828 4582/4702/4612 
f 4580/4700/4610 4582/4702/4612 1155/1260/1164 
f 1155/1260/1164 4582/4702/4612 4583/4703/4613 
f 1155/1260/1164 4583/4703/4613 4584/4704/4614 
f 4584/4704/4614 4583/4703/4613 4585/4705/4615 
f 4584/4704/4614 4585/4705/4615 1156/1261/1165 
f 4584/4704/4614 1156/1261/1165 1155/1260/1164 
f 3800/3918/3828 1220/1325/1229 4582/4702/4612 
f 4582/4702/4612 1220/1325/1229 1219/1324/1228 
f 4582/4702/4612 1219/1324/1228 4583/4703/4613 
f 4583/4703/4613 1219/1324/1228 1218/1323/1227 
f 4583/4703/4613 1218/1323/1227 4585/4705/4615 
f 4585/4705/4615 1218/1323/1227 1182/1287/1191 
f 4585/4705/4615 1182/1287/1191 4586/4706/4616 
f 4586/4706/4616 1182/1287/1191 1183/1288/1192 
f 4586/4706/4616 1183/1288/1192 1162/1267/1171 
f 4586/4706/4616 1162/1267/1171 4585/4705/4615 
f 4585/4705/4615 1162/1267/1171 4587/4707/4617 
f 4585/4705/4615 4587/4707/4617 1156/1261/1165 
f 1156/1261/1165 4587/4707/4617 1158/1263/1167 
f 1158/1263/1167 4587/4707/4617 1162/1267/1171 
f 4588/4708/4618 915/992/924 4589/4709/4619 
f 4589/4709/4619 915/992/924 913/990/922 
f 4589/4709/4619 913/990/922 4590/4710/4620 
f 4590/4710/4620 913/990/922 911/988/920 
f 4590/4710/4620 911/988/920 4591/4711/4621 
f 4591/4711/4621 911/988/920 909/986/918 
f 4591/4711/4621 909/986/918 4592/4712/4622 
f 4592/4712/4622 909/986/918 907/984/916 
f 890/967/899 3669/3787/3687 907/984/916 
f 907/984/916 3669/3787/3687 4592/4712/4622 
f 4592/4712/4622 3669/3787/3687 3668/3786/3686 
f 4592/4712/4622 3668/3786/3686 4593/4713/4623 
f 4592/4712/4622 4593/4713/4623 4591/4711/4621 
f 4591/4711/4621 4593/4713/4623 4594/4714/4624 
f 4591/4711/4621 4594/4714/4624 4590/4710/4620 
f 4590/4710/4620 4594/4714/4624 4595/4715/4625 
f 4590/4710/4620 4595/4715/4625 4589/4709/4619 
f 4589/4709/4619 4595/4715/4625 4596/4716/4626 
f 4589/4709/4619 4596/4716/4626 4588/4708/4618 
f 4588/4708/4618 4596/4716/4626 2/2/2 
f 4588/4708/4618 2/2/2 917/994/926 
f 4588/4708/4618 917/994/926 915/992/924 
f 794/864/803 797/867/806 808/879/817 
f 808/879/817 797/867/806 4597/4717/4627 
f 808/878/817 4597/4718/4627 806/876/815 
f 806/876/815 4597/4718/4627 774/835/783 
f 774/835/783 4597/4718/4627 773/834/782 
f 773/838/782 4597/4717/4627 775/836/784 
f 775/836/784 4597/4717/4627 797/867/806 
f 4598/4719/4628 827/904/836 4599/4720/4629 
f 4599/4720/4629 827/904/836 828/905/837 
f 4599/4720/4629 828/905/837 4600/4721/4630 
f 4600/4721/4630 828/905/837 829/906/838 
f 4600/4721/4630 829/906/838 806/876/815 
f 4600/4721/4630 806/876/815 4601/4722/4631 
f 4601/4722/4631 806/876/815 774/835/783 
f 4601/4722/4631 774/835/783 754/815/763 
f 4601/4722/4631 754/815/763 756/817/765 
f 4601/4722/4631 756/817/765 4600/4721/4630 
f 4600/4721/4630 756/817/765 4602/4723/4632 
f 4600/4721/4630 4602/4723/4632 4599/4720/4629 
f 747/808/756 4603/4724/4633 749/810/758 
f 749/810/758 4603/4724/4633 4604/4725/4634 
f 749/810/758 4604/4725/4634 755/816/764 
f 755/816/764 4604/4725/4634 756/817/765 
f 756/817/765 4604/4725/4634 4605/4726/4635 
f 756/817/765 4605/4726/4635 4606/4727/4636 
f 756/817/765 4606/4727/4636 4602/4723/4632 
f 4602/4723/4632 4606/4727/4636 4599/4720/4629 
f 4599/4720/4629 4606/4727/4636 4607/4728/4637 
f 4599/4720/4629 4607/4728/4637 4608/4729/4638 
f 4599/4720/4629 4608/4729/4638 4598/4719/4628 
f 4598/4719/4628 4608/4729/4638 4609/4730/4639 
f 4598/4719/4628 4609/4730/4639 830/907/839 
f 4598/4719/4628 830/907/839 827/904/836 
f 4408/4526/4436 4610/4731/4640 4407/4525/4435 
f 4407/4525/4435 4610/4731/4640 4413/4531/4441 
f 4413/4531/4441 4610/4731/4640 4611/4732/4641 
f 4413/4531/4441 4611/4732/4641 4415/4533/4443 
f 4415/4533/4443 4611/4732/4641 4609/4730/4639 
f 4415/4533/4443 4609/4730/4639 4608/4729/4638 
f 4415/4533/4443 4608/4729/4638 4416/4534/4444 
f 4416/4534/4444 4608/4729/4638 2396/2501/2413 
f 2396/2501/2413 4608/4729/4638 4607/4728/4637 
f 2396/2501/2413 4607/4728/4637 4606/4727/4636 
f 2396/2501/2413 4606/4727/4636 2397/2502/2414 
f 2397/2502/2414 4606/4727/4636 2398/2503/2415 
f 2398/2503/2415 4606/4727/4636 4605/4726/4635 
f 2398/2503/2415 4605/4726/4635 4604/4725/4634 
f 841/918/850 833/910/842 852/929/861 
f 852/929/861 833/910/842 832/909/841 
f 852/929/861 832/909/841 4612/4733/4642 
f 4612/4733/4642 832/909/841 831/908/840 
f 4612/4733/4642 831/908/840 4613/4734/4643 
f 4613/4734/4643 831/908/840 830/907/839 
f 4613/4734/4643 830/907/839 4614/4735/4644 
f 4614/4735/4644 830/907/839 4609/4730/4639 
f 4614/4735/4644 4609/4730/4639 4611/4732/4641 
f 853/930/862 852/929/861 4615/4736/4645 
f 4615/4736/4645 852/929/861 4612/4733/4642 
f 4615/4736/4645 4612/4733/4642 4616/4737/4646 
f 4616/4737/4646 4612/4733/4642 4613/4734/4643 
f 4616/4737/4646 4613/4734/4643 4617/4738/4647 
f 4617/4738/4647 4613/4734/4643 4614/4735/4644 
f 4617/4738/4647 4614/4735/4644 4618/4739/4648 
f 4618/4739/4648 4614/4735/4644 4611/4732/4641 
f 4618/4739/4648 4611/4732/4641 4610/4731/4640 
f 855/932/864 854/931/863 870/947/879 
f 870/947/879 854/931/863 4619/4740/4649 
f 4619/4740/4649 854/931/863 853/930/862 
f 4619/4740/4649 853/930/862 4620/4741/4650 
f 4620/4741/4650 853/930/862 4615/4736/4645 
f 4620/4741/4650 4615/4736/4645 4621/4742/4651 
f 4621/4742/4651 4615/4736/4645 4616/4737/4646 
f 4621/4742/4651 4616/4737/4646 4622/4743/4652 
f 4622/4743/4652 4616/4737/4646 4617/4738/4647 
f 4622/4743/4652 4617/4738/4647 4623/4744/4653 
f 4623/4744/4653 4617/4738/4647 4618/4739/4648 
f 4623/4744/4653 4618/4739/4648 4624/4745/4654 
f 4624/4745/4654 4618/4739/4648 4610/4731/4640 
f 4624/4745/4654 4610/4731/4640 4408/4526/4436 
f 3933/4051/3961 3945/4063/3973 3928/4046/3956 
f 3928/4046/3956 3945/4063/3973 3944/4062/3972 
f 3928/4046/3956 3944/4062/3972 3927/4045/3955 
f 3927/4045/3955 3944/4062/3972 2432/2537/2449 
f 2432/2537/2449 3944/4062/3972 4625/4746/4655 
f 2432/2537/2449 4625/4746/4655 2430/2535/2447 
f 2432/2537/2449 2430/2535/2447 2431/2536/2448 
f 3946/4064/3974 4626/4747/4656 3944/4062/3972 
f 3944/4062/3972 4626/4747/4656 4627/4748/4657 
f 3944/4062/3972 4627/4748/4657 4625/4746/4655 
f 4625/4746/4655 4627/4748/4657 2430/2535/2447 
f 2430/2535/2447 4627/4748/4657 4628/4749/4658 
f 2430/2535/2447 4628/4749/4658 2429/2534/2446 
f 2429/2534/2446 4628/4749/4658 2437/2542/2454 
f 2437/2542/2454 4628/4749/4658 4627/4748/4657 
f 2437/2542/2454 4627/4748/4657 4629/4750/4659 
f 4629/4750/4659 4627/4748/4657 3953/4071/3981 
f 3953/4071/3981 4627/4748/4657 4626/4747/4656 
f 3953/4071/3981 4626/4747/4656 3946/4064/3974 
f 3953/4071/3981 3946/4064/3974 3947/4065/3975 
f 3953/4071/3981 3947/4065/3975 3948/4066/3976 
f 3964/4082/3992 4630/4751/4660 3955/4073/3983 
f 3955/4073/3983 4630/4751/4660 4631/4752/4661 
f 3955/4073/3983 4631/4752/4661 3954/4072/3982 
f 3954/4072/3982 4631/4752/4661 3953/4071/3981 
f 3953/4071/3981 4631/4752/4661 4629/4750/4659 
f 4629/4750/4659 4631/4752/4661 2437/2542/2454 
f 2437/2542/2454 4631/4752/4661 4632/4753/4662 
f 2437/2542/2454 4632/4753/4662 2450/2555/2467 
f 2450/2555/2467 4632/4753/4662 4633/4754/4663 
f 4633/4754/4663 4632/4753/4662 4631/4752/4661 
f 4633/4754/4663 4631/4752/4661 4630/4751/4660 
f 4633/4754/4663 4630/4751/4660 3964/4082/3992 
f 4633/4754/4663 3964/4082/3992 4634/4755/4664 
f 4634/4755/4664 3964/4082/3992 3973/4091/4001 
f 2466/2571/2483 2465/2570/2482 3975/4093/4003 
f 3975/4093/4003 2465/2570/2482 2463/2568/2480 
f 3975/4093/4003 2463/2568/2480 3974/4092/4002 
f 3974/4092/4002 2463/2568/2480 3973/4091/4001 
f 3973/4091/4001 2463/2568/2480 4635/4756/4665 
f 3973/4091/4001 4635/4756/4665 4636/4757/4666 
f 3973/4091/4001 4636/4757/4666 4634/4755/4664 
f 4634/4755/4664 4636/4757/4666 4633/4754/4663 
f 4633/4754/4663 4636/4757/4666 4637/4758/4667 
f 4633/4754/4663 4637/4758/4667 2450/2555/2467 
f 2450/2555/2467 4637/4758/4667 2452/2557/2469 
f 2452/2557/2469 4637/4758/4667 4636/4757/4666 
f 2452/2557/2469 4636/4757/4666 4635/4756/4665 
f 2452/2557/2469 4635/4756/4665 2463/2568/2480 
f 4638/4759/4668 4639/4760/4669 4640/4761/4670 
f 4640/4761/4670 4639/4760/4669 4641/4762/4671 
f 4640/4761/4670 4641/4762/4671 4642/4763/4672 
f 4640/4761/4670 4642/4763/4672 4643/4764/4673 
f 4643/4764/4673 4642/4763/4672 4644/4765/4674 
f 4644/4765/4674 4642/4763/4672 4645/4766/4675 
f 4644/4765/4674 4645/4766/4675 4646/4767/4676 
f 4644/4765/4674 4646/4767/4676 4647/4768/4677 
f 4648/4769/4678 4649/4770/4679 4650/4771/4680 
f 4650/4771/4680 4649/4770/4679 4638/4759/4668 
f 4650/4771/4680 4638/4759/4668 4640/4761/4670 
f 4650/4771/4680 4640/4761/4670 4651/4772/4681 
f 4651/4772/4681 4640/4761/4670 4652/4773/4682 
f 4652/4773/4682 4640/4761/4670 4643/4764/4673 
f 4652/4773/4682 4643/4764/4673 4644/4765/4674 
f 4652/4773/4682 4644/4765/4674 4653/4774/4683 
f 4653/4774/4683 4644/4765/4674 1500/1605/1509 
f 1500/1605/1509 4644/4765/4674 4647/4768/4677 
f 1500/1605/1509 4647/4768/4677 1493/1598/1502 
f 1493/1598/1502 4647/4768/4677 4646/4767/4676 
f 1493/1598/1502 4646/4767/4676 1494/1599/1503 
f 1494/1599/1503 4646/4767/4676 1497/1602/1506 
f 1513/1618/1522 4654/4775/4684 1500/1605/1509 
f 1500/1605/1509 4654/4775/4684 4655/4776/4685 
f 1500/1605/1509 4655/4776/4685 4653/4774/4683 
f 4653/4774/4683 4655/4776/4685 4652/4773/4682 
f 4652/4773/4682 4655/4776/4685 4656/4777/4686 
f 4652/4773/4682 4656/4777/4686 4657/4778/4687 
f 4652/4773/4682 4657/4778/4687 4651/4772/4681 
f 4651/4772/4681 4657/4778/4687 4650/4771/4680 
f 4650/4771/4680 4657/4778/4687 4658/4779/4688 
f 4650/4771/4680 4658/4779/4688 4659/4780/4689 
f 4650/4771/4680 4659/4780/4689 4648/4769/4678 
f 4648/4769/4678 4659/4780/4689 4660/4781/4690 
f 4660/4781/4690 4659/4780/4689 4661/4782/4691 
f 4660/4781/4690 4661/4782/4691 4662/4783/4692 
f 4659/4780/4689 4658/4779/4688 4663/4784/4693 
f 4663/4784/4693 4658/4779/4688 4657/4778/4687 
f 4663/4784/4693 4657/4778/4687 4664/4785/4694 
f 4664/4785/4694 4657/4778/4687 4665/4786/4695 
f 4665/4786/4695 4657/4778/4687 4656/4777/4686 
f 4665/4786/4695 4656/4777/4686 4655/4776/4685 
f 4665/4786/4695 4655/4776/4685 4666/4787/4696 
f 4666/4787/4696 4655/4776/4685 4667/4788/4697 
f 4667/4788/4697 4655/4776/4685 4654/4775/4684 
f 4667/4788/4697 4654/4775/4684 1513/1618/1522 
f 4667/4788/4697 1513/1618/1522 4668/4789/4698 
f 4668/4789/4698 1513/1618/1522 1612/1717/1621 
f 1612/1717/1621 1513/1618/1522 1512/1617/1521 
f 1612/1717/1621 1512/1617/1521 1511/1616/1520 
f 4664/4785/4694 4665/4786/4695 4669/4790/4699 
f 4669/4790/4699 4665/4786/4695 4670/4791/4700 
f 4670/4791/4700 4665/4786/4695 4671/4792/4701 
f 4671/4792/4701 4665/4786/4695 4666/4787/4696 
f 4671/4792/4701 4666/4787/4696 4667/4788/4697 
f 4671/4792/4701 4667/4788/4697 4672/4793/4702 
f 4672/4793/4702 4667/4788/4697 4673/4794/4703 
f 4673/4794/4703 4667/4788/4697 4668/4789/4698 
f 4673/4794/4703 4668/4789/4698 1612/1717/1621 
f 4673/4794/4703 1612/1717/1621 4674/4795/4704 
f 4674/4795/4704 1612/1717/1621 4675/4796/4705 
f 4675/4796/4705 1612/1717/1621 1613/1718/1622 
f 4675/4796/4705 1613/1718/1622 1614/1719/1623 
f 4675/4796/4705 1614/1719/1623 1623/1728/1632 
f 4664/4785/4694 4669/4790/4699 4663/4784/4693 
f 4663/4784/4693 4669/4790/4699 4676/4797/4706 
f 4663/4784/4693 4676/4797/4706 4677/4798/4707 
f 4663/4784/4693 4677/4798/4707 4678/4799/4708 
f 4678/4799/4708 4677/4798/4707 4679/4800/4709 
f 4679/4800/4709 4677/4798/4707 4680/4801/4710 
f 4679/4800/4709 4680/4801/4710 4681/4802/4711 
f 4679/4800/4709 4681/4802/4711 4682/4803/4712 
f 4682/4803/4712 4681/4802/4711 4683/4804/4713 
f 4683/4804/4713 4681/4802/4711 4684/4805/4714 
f 4683/4804/4713 4684/4805/4714 4685/4806/4715 
f 4683/4804/4713 4685/4806/4715 4686/4807/4716 
f 4686/4807/4716 4685/4806/4715 235/249/4717 
f 235/249/4717 4685/4806/4715 219/233/4718 
f 4663/4784/4693 4678/4799/4708 4659/4780/4689 
f 4659/4780/4689 4678/4799/4708 4679/4800/4709 
f 4659/4780/4689 4679/4800/4709 4661/4782/4691 
f 4661/4782/4691 4679/4800/4709 4662/4783/4692 
f 4662/4783/4692 4679/4800/4709 4682/4803/4712 
f 4662/4783/4692 4682/4803/4712 4683/4804/4713 
f 4662/4783/4692 4683/4804/4713 4687/4808/4719 
f 4687/4808/4719 4683/4804/4713 4688/4809/4720 
f 4688/4809/4720 4683/4804/4713 4686/4807/4716 
f 4688/4809/4720 4686/4807/4716 235/249/4717 
f 4688/4809/4720 235/249/4717 233/247/4721 
f 4688/4809/4720 233/247/4721 231/245/4722 
f 4688/4809/4720 231/245/4722 4689/4810/4723 
f 4689/4810/4723 231/245/4722 4690/4811/4724 
f 4660/4781/4690 4662/4783/4692 4691/4812/4725 
f 4691/4812/4725 4662/4783/4692 4692/4813/4726 
f 4692/4813/4726 4662/4783/4692 4687/4808/4719 
f 4692/4813/4726 4687/4808/4719 4688/4809/4720 
f 4692/4813/4726 4688/4809/4720 4689/4810/4723 
f 4692/4813/4726 4689/4810/4723 4690/4811/4724 
f 4692/4813/4726 4690/4811/4724 4693/4814/4727 
f 4693/4814/4727 4690/4811/4724 4694/4815/4728 
f 4694/4815/4728 4690/4811/4724 4695/4816/4729 
f 4694/4815/4728 4695/4816/4729 4696/4817/4730 
f 4694/4815/4728 4696/4817/4730 4697/4818/4731 
f 4694/4815/4728 4697/4818/4731 4698/4819/4732 
f 4694/4815/4728 4698/4819/4732 4699/4820/4733 
f 4699/4820/4733 4698/4819/4732 4700/4821/4734 
f 4648/4769/4678 4660/4781/4690 4649/4770/4679 
f 4649/4770/4679 4660/4781/4690 4701/4822/4735 
f 4701/4822/4735 4660/4781/4690 4702/4823/4736 
f 4702/4823/4736 4660/4781/4690 4691/4812/4725 
f 4702/4823/4736 4691/4812/4725 4692/4813/4726 
f 4702/4823/4736 4692/4813/4726 4693/4814/4727 
f 4702/4823/4736 4693/4814/4727 4694/4815/4728 
f 4702/4823/4736 4694/4815/4728 4699/4820/4733 
f 4702/4823/4736 4699/4820/4733 4700/4821/4734 
f 4702/4823/4736 4700/4821/4734 4701/4822/4735 
f 4701/4822/4735 4700/4821/4734 4649/4770/4679 
f 4649/4770/4679 4700/4821/4734 4703/4824/4737 
f 4649/4770/4679 4703/4824/4737 4639/4760/4669 
f 4649/4770/4679 4639/4760/4669 4638/4759/4668 
f 4698/4819/4732 4704/4825/4738 4700/4821/4734 
f 4700/4821/4734 4704/4825/4738 4705/4826/4739 
f 4700/4821/4734 4705/4826/4739 4703/4824/4737 
f 4703/4824/4737 4705/4826/4739 4639/4760/4669 
f 4639/4760/4669 4705/4826/4739 4706/4827/4740 
f 4639/4760/4669 4706/4827/4740 4707/4828/4741 
f 4639/4760/4669 4707/4828/4741 4641/4762/4671 
f 4641/4762/4671 4707/4828/4741 4642/4763/4672 
f 4642/4763/4672 4707/4828/4741 4708/4829/4742 
f 4642/4763/4672 4708/4829/4742 4709/4830/4743 
f 4642/4763/4672 4709/4830/4743 4645/4766/4675 
f 4645/4766/4675 4709/4830/4743 4646/4767/4676 
f 4646/4767/4676 4709/4830/4743 4710/4831/4744 
f 4646/4767/4676 4710/4831/4744 1497/1602/1506 
f 2549/2654/2566 2548/2653/2565 4705/4826/4739 
f 4705/4826/4739 2548/2653/2565 2545/2650/2562 
f 4705/4826/4739 2545/2650/2562 4706/4827/4740 
f 4706/4827/4740 2545/2650/2562 4707/4828/4741 
f 4707/4828/4741 2545/2650/2562 2544/2649/2561 
f 4707/4828/4741 2544/2649/2561 2543/2648/2560 
f 4707/4828/4741 2543/2648/2560 4708/4829/4742 
f 4708/4829/4742 2543/2648/2560 4709/4830/4743 
f 4709/4830/4743 2543/2648/2560 2542/2647/2559 
f 4709/4830/4743 2542/2647/2559 2541/2646/2558 
f 4709/4830/4743 2541/2646/2558 4710/4831/4744 
f 4710/4831/4744 2541/2646/2558 1497/1602/1506 
f 1497/1602/1506 2541/2646/2558 2540/2645/2557 
f 1497/1602/1506 2540/2645/2557 1499/1604/1508 
f 4705/4826/4739 4704/4825/4738 2549/2654/2566 
f 2549/2654/2566 4704/4825/4738 4698/4819/4732 
f 2549/2654/2566 4698/4819/4732 2552/2657/2569 
f 2552/2657/2569 4698/4819/4732 2553/2658/2570 
f 2553/2658/2570 4698/4819/4732 4697/4818/4731 
f 2553/2658/2570 4697/4818/4731 4696/4817/4730 
f 2553/2658/2570 4696/4817/4730 2556/2661/2573 
f 2556/2661/2573 4696/4817/4730 225/239/2574 
f 225/239/2574 4696/4817/4730 226/240/4745 
f 226/240/4745 4696/4817/4730 227/241/4746 
f 227/241/4746 4696/4817/4730 4695/4816/4729 
f 227/241/4746 4695/4816/4729 4690/4811/4724 
f 227/241/4746 4690/4811/4724 230/244/4747 
f 230/244/4747 4690/4811/4724 231/245/4722 
f 901/978/910 902/979/911 4711/4832/4748 
f 4711/4832/4748 902/979/911 4712/4833/4749 
f 4711/4832/4748 4712/4833/4749 4713/4834/4750 
f 4713/4834/4750 4712/4833/4749 4714/4835/4751 
f 4714/4835/4751 4712/4833/4749 4715/4836/4752 
f 4714/4835/4751 4715/4836/4752 884/961/893 
f 884/961/893 4715/4836/4752 883/960/892 
f 883/960/892 4715/4836/4752 882/959/891 
f 882/959/891 4715/4836/4752 4712/4833/4749 
f 882/959/891 4712/4833/4749 902/979/911 
f 4716/4837/4753 897/974/906 4717/4838/4754 
f 4717/4838/4754 897/974/906 899/976/908 
f 4717/4838/4754 899/976/908 901/978/910 
f 4717/4838/4754 901/978/910 4711/4832/4748 
f 4717/4838/4754 4711/4832/4748 4713/4834/4750 
f 4717/4838/4754 4713/4834/4750 4718/4839/4755 
f 4717/4838/4754 4718/4839/4755 4719/4840/4756 
f 4717/4838/4754 4719/4840/4756 4716/4837/4753 
f 4716/4837/4753 4719/4840/4756 3666/3784/3684 
f 4716/4837/4753 3666/3784/3684 3667/3785/3685 
f 4716/4837/4753 3667/3785/3685 897/974/906 
f 897/974/906 3667/3785/3685 896/973/905 
f 368/392/368 3675/3793/3693 366/390/366 
f 366/390/366 3675/3793/3693 4720/4841/4757 
f 4720/4841/4757 3675/3793/3693 3674/3792/3692 
f 4720/4841/4757 3674/3792/3692 4721/4842/4758 
f 4720/4841/4757 4721/4842/4758 4722/4843/4759 
f 4722/4843/4759 4721/4842/4758 4723/4844/4760 
f 4722/4843/4759 4723/4844/4760 4724/4845/4761 
f 4722/4843/4759 4724/4845/4761 4725/4846/4762 
f 4722/4843/4759 4725/4846/4762 362/386/362 
f 4722/4843/4759 362/386/362 364/388/364 
f 4722/4843/4759 364/388/364 366/390/366 
f 4722/4843/4759 366/390/366 4720/4841/4757 
f 362/386/362 4725/4846/4762 384/408/384 
f 384/408/384 4725/4846/4762 4726/4847/4763 
f 4726/4847/4763 4725/4846/4762 4724/4845/4761 
f 4726/4847/4763 4724/4845/4761 4727/4848/4764 
f 4726/4847/4763 4727/4848/4764 4728/4849/4765 
f 4728/4849/4765 4727/4848/4764 4729/4850/4766 
f 4728/4849/4765 4729/4850/4766 4730/4851/4767 
f 4730/4851/4767 4729/4850/4766 391/415/391 
f 4730/4851/4767 391/415/391 386/410/386 
f 4730/4851/4767 386/410/386 385/409/385 
f 4730/4851/4767 385/409/385 4728/4849/4765 
f 4728/4849/4765 385/409/385 4726/4847/4763 
f 4726/4847/4763 385/409/385 384/408/384 
f 4731/4852/4768 4732/4853/4769 4733/4854/4770 
f 4733/4854/4770 4732/4853/4769 4734/4855/4771 
f 4734/4855/4771 4732/4853/4769 4735/4856/4772 
f 4734/4855/4771 4735/4856/4772 4736/4857/4773 
f 4734/4855/4771 4736/4857/4773 4737/4858/4774 
f 4734/4855/4771 4737/4858/4774 4738/4859/4775 
f 4734/4855/4771 4738/4859/4775 4733/4854/4770 
f 4733/4854/4770 4738/4859/4775 4739/4860/4776 
f 4733/4854/4770 4739/4860/4776 4740/4861/4777 
f 4733/4854/4770 4740/4861/4777 4741/4862/4778 
f 4733/4854/4770 4741/4862/4778 4742/4863/4779 
f 4742/4863/4779 4741/4862/4778 4743/4864/4780 
f 4743/4864/4780 4741/4862/4778 4740/4861/4777 
f 4743/4864/4780 4740/4861/4777 4744/4865/4781 
f 4744/4865/4781 4745/4866/4782 4743/4864/4780 
f 4743/4864/4780 4745/4866/4782 4746/4867/4783 
f 4743/4864/4780 4746/4867/4783 4747/4868/4784 
f 4743/4864/4780 4747/4868/4784 4742/4863/4779 
f 4742/4863/4779 4747/4868/4784 4748/4869/4785 
f 4748/4869/4785 4747/4868/4784 4749/4870/4786 
f 4748/4869/4785 4749/4870/4786 4750/4871/4787 
f 4750/4871/4787 4749/4870/4786 1034/1139/1043 
f 4750/4871/4787 1034/1139/1043 1035/1140/1044 
f 4750/4871/4787 1035/1140/1044 1037/1142/1046 
f 4750/4871/4787 1037/1142/1046 1043/1148/1052 
f 4750/4871/4787 1043/1148/1052 1044/1149/1053 
f 4750/4871/4787 1044/1149/1053 4751/4872/4788 
f 4750/4871/4787 4751/4872/4788 4748/4869/4785 
f 703/764/712 702/763/711 708/769/717 
f 708/769/717 702/763/711 701/762/710 
f 708/769/717 701/762/710 4752/4873/4789 
f 4752/4873/4789 701/762/710 4753/4874/4790 
f 4753/4874/4790 701/762/710 700/761/709 
f 4753/4874/4790 700/761/709 699/760/708 
f 4753/4874/4790 699/760/708 4754/4875/4791 
f 4754/4875/4791 699/760/708 4755/4876/4792 
f 4755/4876/4792 699/760/708 4756/4877/4793 
f 4755/4876/4792 4756/4877/4793 4757/4878/4794 
f 4755/4876/4792 4757/4878/4794 4758/4879/4795 
f 4759/4880/4796 4753/4874/4790 4760/4881/4797 
f 4760/4881/4797 4753/4874/4790 4754/4875/4791 
f 4760/4881/4797 4754/4875/4791 4755/4876/4792 
f 4760/4881/4797 4755/4876/4792 3582/3700/3600 
f 3582/3700/3600 4755/4876/4792 3580/3698/3598 
f 3580/3698/3598 4755/4876/4792 4758/4879/4795 
f 3580/3698/3598 4758/4879/4795 3586/3704/3604 
f 3586/3704/3604 4758/4879/4795 4757/4878/4794 
f 3586/3704/3604 4757/4878/4794 4761/4882/4798 
f 4761/4882/4798 4757/4878/4794 4762/4883/4799 
f 4761/4882/4798 4762/4883/4799 4763/4884/4800 
f 4761/4882/4798 4763/4884/4800 3586/3704/3604 
f 3586/3704/3604 4763/4884/4800 4764/4885/4801 
f 3586/3704/3604 4764/4885/4801 3587/3705/3605 
f 4765/4886/4802 2039/2144/2056 4766/4887/4803 
f 4766/4887/4803 2039/2144/2056 2060/2165/2077 
f 4766/4887/4803 2060/2165/2077 2067/2172/2084 
f 4766/4887/4803 2067/2172/2084 4765/4886/4802 
f 4765/4886/4802 2067/2172/2084 4767/4888/4804 
f 4765/4886/4802 4767/4888/4804 4762/4883/4799 
f 4762/4883/4799 4767/4888/4804 4763/4884/4800 
f 4763/4884/4800 4767/4888/4804 2067/2172/2084 
f 4763/4884/4800 2067/2172/2084 4768/4889/4805 
f 4768/4889/4805 2067/2172/2084 2065/2170/2082 
f 4768/4889/4805 2065/2170/2082 2083/2188/2100 
f 4768/4889/4805 2083/2188/2100 4763/4884/4800 
f 4763/4884/4800 2083/2188/2100 4764/4885/4801 
f 4764/4885/4801 2083/2188/2100 3587/3705/3605 
f 2031/2136/2048 4769/4890/4806 695/756/704 
f 695/756/704 4769/4890/4806 694/755/703 
f 694/755/703 4769/4890/4806 699/760/708 
f 699/760/708 4769/4890/4806 2031/2136/2048 
f 699/760/708 2031/2136/2048 4756/4877/4793 
f 4756/4877/4793 2031/2136/2048 2030/2135/2047 
f 4756/4877/4793 2030/2135/2047 4757/4878/4794 
f 4757/4878/4794 2030/2135/2047 4762/4883/4799 
f 4762/4883/4799 2030/2135/2047 2028/2133/2045 
f 4762/4883/4799 2028/2133/2045 4765/4886/4802 
f 4765/4886/4802 2028/2133/2045 4770/4891/4807 
f 4770/4891/4807 2028/2133/2045 2034/2139/2051 
f 4770/4891/4807 2034/2139/2051 2039/2144/2056 
f 4770/4891/4807 2039/2144/2056 4765/4886/4802 
f 1117/1222/1126 4771/4892/4808 1119/1224/1128 
f 1119/1224/1128 4771/4892/4808 4772/4893/4809 
f 1119/1224/1128 4772/4893/4809 1125/1230/1134 
f 1125/1230/1134 4772/4893/4809 1126/1231/1135 
f 1126/1231/1135 4772/4893/4809 4773/4894/4810 
f 1126/1231/1135 4773/4894/4810 4774/4895/4811 
f 1126/1231/1135 4774/4895/4811 4775/4896/4812 
f 1126/1231/1135 4775/4896/4812 4776/4897/4813 
f 1126/1231/1135 4776/4897/4813 1129/1234/1138 
f 1129/1234/1138 4776/4897/4813 4777/4898/4814 
f 1129/1234/1138 4777/4898/4814 1130/1235/1139 
f 1130/1235/1139 4777/4898/4814 4778/4899/4815 
f 1130/1235/1139 4778/4899/4815 1135/1240/1144 
f 1130/1235/1139 1135/1240/1144 1133/1238/1142 
f 4779/4900/4816 4780/4901/4817 4781/4902/4818 
f 4781/4902/4818 4780/4901/4817 4782/4903/4819 
f 4782/4903/4819 4780/4901/4817 4783/4904/4820 
f 4782/4903/4819 4783/4904/4820 4784/4905/4821 
f 4782/4903/4819 4784/4905/4821 4785/4906/4822 
f 4785/4906/4822 4784/4905/4821 4786/4907/4823 
f 4786/4907/4823 4784/4905/4821 4787/4908/4824 
f 4786/4907/4823 4787/4908/4824 4788/4909/4825 
f 4788/4909/4825 4787/4908/4824 4789/4910/4826 
f 4789/4910/4826 4787/4908/4824 4759/4880/4796 
f 4789/4910/4826 4759/4880/4796 4760/4881/4797 
f 4789/4910/4826 4760/4881/4797 4790/4911/4827 
f 4790/4911/4827 4760/4881/4797 3582/3700/3600 
f 4790/4911/4827 3582/3700/3600 3594/3712/3612 
f 4759/4880/4796 4787/4908/4824 4753/4874/4790 
f 4753/4874/4790 4787/4908/4824 4752/4873/4789 
f 4752/4873/4789 4787/4908/4824 708/769/717 
f 708/769/717 4787/4908/4824 4784/4905/4821 
f 708/769/717 4784/4905/4821 4783/4904/4820 
f 708/769/717 4783/4904/4820 4780/4901/4817 
f 708/769/717 4780/4901/4817 709/770/718 
f 709/770/718 4780/4901/4817 710/771/719 
f 710/771/719 4780/4901/4817 4791/4912/4828 
f 710/771/719 4791/4912/4828 4792/4913/4829 
f 710/771/719 4792/4913/4829 4793/4914/4830 
f 710/771/719 4793/4914/4830 718/779/727 
f 710/771/719 718/779/727 711/772/720 
f 711/772/720 718/779/727 712/773/721 
f 737/798/746 720/781/729 4794/4915/4831 
f 4794/4915/4831 720/781/729 3875/3993/3903 
f 3875/3993/3903 720/781/729 719/780/728 
f 3875/3993/3903 719/780/728 718/779/727 
f 3875/3993/3903 718/779/727 3878/3996/3906 
f 3878/3996/3906 718/779/727 3879/3997/3907 
f 3879/3997/3907 718/779/727 4793/4914/4830 
f 3879/3997/3907 4793/4914/4830 4792/4913/4829 
f 3879/3997/3907 4792/4913/4829 3882/4000/3910 
f 3882/4000/3910 4792/4913/4829 3883/4001/3911 
f 3883/4001/3911 4792/4913/4829 4795/4916/4832 
f 4795/4916/4832 4792/4913/4829 4779/4900/4816 
f 4779/4900/4816 4792/4913/4829 4791/4912/4828 
f 4779/4900/4816 4791/4912/4828 4780/4901/4817 
f 731/792/740 732/793/741 3905/4023/3933 
f 3905/4023/3933 732/793/741 733/794/742 
f 3905/4023/3933 733/794/742 3904/4022/3932 
f 3904/4022/3932 733/794/742 3903/4021/3931 
f 3903/4021/3931 733/794/742 734/795/743 
f 3903/4021/3931 734/795/743 735/796/744 
f 3903/4021/3931 735/796/744 3902/4020/3930 
f 3902/4020/3930 735/796/744 3891/4009/3919 
f 3891/4009/3919 735/796/744 736/797/745 
f 3891/4009/3919 736/797/745 737/798/746 
f 3891/4009/3919 737/798/746 3890/4008/3918 
f 3890/4008/3918 737/798/746 3874/3992/3902 
f 3874/3992/3902 737/798/746 4794/4915/4831 
f 3874/3992/3902 4794/4915/4831 3875/3993/3903 
f 630/689/4833 4796/4917/4834 629/688/630 
f 629/688/630 4796/4917/4834 628/687/628 
f 628/687/628 4796/4917/4834 4797/4918/4835 
f 628/687/628 4797/4918/4835 4798/4919/4836 
f 628/687/628 4798/4919/4836 635/694/637 
f 635/694/637 4798/4919/4836 634/693/636 
f 634/693/636 4798/4919/4836 4799/4920/4837 
f 634/693/636 4799/4920/4837 4800/4921/4838 
f 634/693/636 4800/4921/4838 633/692/635 
f 633/692/635 4800/4921/4838 222/236/629 
f 222/236/629 4800/4921/4838 223/237/4839 
f 223/237/4839 4800/4921/4838 2557/2662/2575 
f 223/237/4839 2557/2662/2575 225/239/2574 
f 225/239/2574 2557/2662/2575 2555/2660/2572 
f 2558/2663/2576 2557/2662/2575 3769/3887/3797 
f 3769/3887/3797 2557/2662/2575 4800/4921/4838 
f 3769/3887/3797 4800/4921/4838 4799/4920/4837 
f 3769/3887/3797 4799/4920/4837 4798/4919/4836 
f 3769/3887/3797 4798/4919/4836 3768/3886/3796 
f 3768/3886/3796 4798/4919/4836 3767/3885/3795 
f 3767/3885/3795 4798/4919/4836 4797/4918/4835 
f 3767/3885/3795 4797/4918/4835 4796/4917/4834 
f 3767/3885/3795 4796/4917/4834 4801/4922/4840 
f 3767/3885/3795 4801/4922/4840 4802/4923/4841 
f 3767/3885/3795 4802/4923/4841 3757/3875/3785 
f 3757/3875/3785 4802/4923/4841 3750/3868/3778 
f 3750/3868/3778 4802/4923/4841 4803/4924/4842 
f 3750/3868/3778 4803/4924/4842 3751/3869/3779 
f 623/682/3769 3742/3860/3770 622/681/4843 
f 622/681/4843 3742/3860/3770 621/680/4844 
f 621/680/4844 3742/3860/3770 3747/3865/3775 
f 621/680/4844 3747/3865/3775 619/678/4845 
f 619/678/4845 3747/3865/3775 3749/3867/3777 
f 619/678/4845 3749/3867/3777 620/679/4846 
f 620/679/4846 3749/3867/3777 3751/3869/3779 
f 620/679/4846 3751/3869/3779 632/691/4847 
f 632/691/4847 3751/3869/3779 4803/4924/4842 
f 632/691/4847 4803/4924/4842 631/690/4848 
f 631/690/4848 4803/4924/4842 4802/4923/4841 
f 631/690/4848 4802/4923/4841 630/689/4833 
f 630/689/4833 4802/4923/4841 4801/4922/4840 
f 630/689/4833 4801/4922/4840 4796/4917/4834 
f 4804/4925/4849 4805/4926/4850 4806/4927/4851 
f 4806/4927/4851 4805/4926/4850 4807/4928/4852 
f 4806/4927/4851 4807/4928/4852 4808/4929/4853 
f 4808/4929/4853 4807/4928/4852 1937/2042/1954 
f 1937/2042/1954 4807/4928/4852 1936/2041/1953 
f 1936/2041/1953 4807/4928/4852 1935/2040/1952 
f 1935/2040/1952 4807/4928/4852 4809/4930/4854 
f 1935/2040/1952 4809/4930/4854 3145/3263/3163 
f 1935/2040/1952 3145/3263/3163 1934/2039/1951 
f 1934/2039/1951 3145/3263/3163 1914/2019/1931 
f 1914/2019/1931 3145/3263/3163 3146/3264/3164 
f 1914/2019/1931 3146/3264/3164 3147/3265/3165 
f 1914/2019/1931 3147/3265/3165 1915/2020/1932 
f 1915/2020/1932 3147/3265/3165 1917/2022/1934 
f 3145/3263/3163 4809/4930/4854 3143/3261/3161 
f 3143/3261/3161 4809/4930/4854 4807/4928/4852 
f 3143/3261/3161 4807/4928/4852 4805/4926/4850 
f 3143/3261/3161 4805/4926/4850 4804/4925/4849 
f 3143/3261/3161 4804/4925/4849 3144/3262/3162 
f 3144/3262/3162 4804/4925/4849 3109/3227/3127 
f 3109/3227/3127 4804/4925/4849 4810/4931/4855 
f 3109/3227/3127 4810/4931/4855 4811/4932/4856 
f 3109/3227/3127 4811/4932/4856 3112/3230/3130 
f 3112/3230/3130 4811/4932/4856 3107/3225/3125 
f 3107/3225/3125 4811/4932/4856 4812/4933/4857 
f 3107/3225/3125 4812/4933/4857 4813/4934/4858 
f 3107/3225/3125 4813/4934/4858 3096/3214/3114 
f 3096/3214/3114 4813/4934/4858 3095/3213/3113 
f 4806/4927/4851 4814/4935/4859 4804/4925/4849 
f 4804/4925/4849 4814/4935/4859 4815/4936/4860 
f 4804/4925/4849 4815/4936/4860 4810/4931/4855 
f 4810/4931/4855 4815/4936/4860 4811/4932/4856 
f 4811/4932/4856 4815/4936/4860 4816/4937/4861 
f 4811/4932/4856 4816/4937/4861 4817/4938/4862 
f 4811/4932/4856 4817/4938/4862 4812/4933/4857 
f 4812/4933/4857 4817/4938/4862 4813/4934/4858 
f 4813/4934/4858 4817/4938/4862 4818/4939/4863 
f 4813/4934/4858 4818/4939/4863 4819/4940/4864 
f 4813/4934/4858 4819/4940/4864 3095/3213/3113 
f 3095/3213/3113 4819/4940/4864 3084/3202/3102 
f 3095/3213/3113 3084/3202/3102 3083/3201/3101 
f 3095/3213/3113 3083/3201/3101 3085/3203/3103 
f 2398/2503/2415 4604/4725/4634 2401/2506/2418 
f 2401/2506/2418 4604/4725/4634 2402/2507/2419 
f 2402/2507/2419 4604/4725/4634 4603/4724/4633 
f 2402/2507/2419 4603/4724/4633 747/808/756 
f 2402/2507/2419 747/808/756 3918/4036/3946 
f 3918/4036/3946 747/808/756 3915/4033/3943 
f 3915/4033/3943 747/808/756 746/807/755 
f 3915/4033/3943 746/807/755 743/804/752 
f 3915/4033/3943 743/804/752 3914/4032/3942 
f 3914/4032/3942 743/804/752 3913/4031/3941 
f 3913/4031/3941 743/804/752 742/803/751 
f 3913/4031/3941 742/803/751 729/790/738 
f 3913/4031/3941 729/790/738 3912/4030/3940 
f 3912/4030/3940 729/790/738 731/792/740 
f 4397/4515/4425 4391/4509/4419 4820/4941/4865 
f 4820/4941/4865 4391/4509/4419 4390/4508/4418 
f 4820/4941/4865 4390/4508/4418 4821/4942/4866 
f 4821/4942/4866 4390/4508/4418 4389/4507/4417 
f 4821/4942/4866 4389/4507/4417 4822/4943/4867 
f 4822/4943/4867 4389/4507/4417 4388/4506/4416 
f 4822/4943/4867 4388/4506/4416 4823/4944/4868 
f 4823/4944/4868 4388/4506/4416 4147/4265/4175 
f 4823/4944/4868 4147/4265/4175 4824/4945/4869 
f 4824/4945/4869 4147/4265/4175 4149/4267/4177 
f 4824/4945/4869 4149/4267/4177 4825/4946/4870 
f 4825/4946/4870 4149/4267/4177 4151/4269/4179 
f 4825/4946/4870 4151/4269/4179 4157/4275/4185 
f 4157/4275/4185 4151/4269/4179 4152/4270/4180 
f 3043/3155/3061 3048/3160/3066 3044/3156/3062 
f 3044/3156/3062 3048/3160/3066 4826/4947/4871 
f 4826/4947/4871 3048/3160/3066 3050/3162/3068 
f 4826/4947/4871 3050/3162/3068 4827/4948/4872 
f 4827/4948/4872 3050/3162/3068 3052/3164/3070 
f 4827/4948/4872 3052/3164/3070 4828/4949/4873 
f 4828/4949/4873 3052/3164/3070 263/279/263 
f 4828/4949/4873 263/279/263 4829/4950/4874 
f 4829/4950/4874 263/279/263 261/277/261 
f 4829/4950/4874 261/277/261 4830/4951/4875 
f 4830/4951/4875 261/277/261 259/275/259 
f 4830/4951/4875 259/275/259 4831/4952/4876 
f 4831/4952/4876 259/275/259 251/273/251 
f 4831/4952/4876 251/273/251 252/4953/252 
f 525/575/525 526/576/526 4832/4954/4877 
f 4832/4954/4877 526/576/526 530/580/530 
f 4832/4954/4877 530/580/530 4833/4955/4878 
f 4833/4955/4878 530/580/530 532/582/532 
f 4833/4956/4878 532/584/532 4834/4957/4879 
f 4834/4957/4879 532/584/532 534/586/534 
f 4834/4957/4879 534/586/534 4835/4958/4880 
f 4835/4958/4880 534/586/534 536/588/536 
f 4835/4958/4880 536/588/536 4836/4959/4881 
f 4836/4959/4881 536/588/536 3027/3132/3045 
f 4836/4959/4881 3027/3132/3045 4837/4960/4882 
f 4837/4960/4882 3027/3132/3045 3028/3134/3046 
f 4837/4960/4882 3028/3134/3046 3034/3146/3052 
f 3034/3146/3052 3028/3134/3046 3029/3136/3047 
f 805/875/814 4838/4961/4883 782/850/791 
f 782/850/791 4838/4961/4883 4839/4962/4884 
f 4839/4962/4884 4838/4961/4883 4840/4963/4885 
f 4839/4962/4884 4840/4963/4885 4841/4964/4886 
f 4841/4964/4886 4840/4963/4885 4842/4965/4887 
f 4841/4964/4886 4842/4965/4887 4843/4966/4888 
f 4843/4967/4888 4842/4968/4887 4844/4969/4889 
f 4843/4967/4888 4844/4969/4889 4845/4970/4890 
f 4845/4970/4890 4844/4969/4889 4846/4971/4891 
f 4845/4970/4890 4846/4971/4891 4847/4972/4892 
f 4847/4972/4892 4846/4971/4891 4848/4973/4893 
f 4847/4972/4892 4848/4973/4893 4849/4974/4894 
f 4849/4974/4894 4848/4973/4893 104/111/104 
f 4849/4974/4894 104/111/104 103/110/103 
f 782/850/791 4839/4962/4884 783/851/792 
f 783/851/792 4839/4962/4884 4850/4975/4895 
f 4850/4975/4895 4839/4962/4884 4841/4964/4886 
f 4850/4975/4895 4841/4964/4886 4851/4976/4896 
f 4851/4976/4896 4841/4964/4886 4843/4966/4888 
f 4851/4976/4896 4843/4966/4888 4852/4977/4897 
f 4852/4978/4897 4843/4967/4888 4845/4970/4890 
f 4852/4978/4897 4845/4970/4890 4853/4979/4898 
f 4853/4979/4898 4845/4970/4890 4847/4972/4892 
f 4853/4979/4898 4847/4972/4892 118/4980/118 
f 118/4980/118 4847/4972/4892 4849/4974/4894 
f 118/4980/118 4849/4974/4894 117/4981/117 
f 117/4981/117 4849/4974/4894 103/110/103 
f 117/4981/117 103/110/103 105/112/105 
f 116/130/116 126/140/126 118/132/118 
f 118/132/118 126/140/126 4853/4982/4898 
f 4853/4982/4898 126/140/126 4854/4983/4899 
f 4853/4982/4898 4854/4983/4899 4855/4984/4900 
f 4853/4982/4898 4855/4984/4900 4852/4985/4897 
f 4852/4985/4897 4855/4984/4900 2367/2472/2384 
f 4852/4985/4897 2367/2472/2384 4851/4986/4896 
f 4851/4986/4896 2367/2472/2384 2369/2474/2386 
f 4851/4986/4896 2369/2474/2386 4850/4987/4895 
f 4850/4987/4895 2369/2474/2386 764/825/773 
f 4850/4987/4895 764/825/773 783/4988/792 
f 783/4988/792 764/825/773 766/827/775 
f 766/827/775 764/825/773 763/824/772 
f 766/827/775 763/824/772 761/822/770 
f 126/140/126 125/139/125 4854/4983/4899 
f 4854/4983/4899 125/139/125 4856/4989/4901 
f 4856/4989/4901 125/139/125 124/138/124 
f 4856/4989/4901 124/138/124 4857/4990/4902 
f 4857/4990/4902 124/138/124 2377/2482/2394 
f 4857/4990/4902 2377/2482/2394 2376/2481/2393 
f 4857/4990/4902 2376/2481/2393 4856/4989/4901 
f 4856/4989/4901 2376/2481/2393 2372/2477/2389 
f 4856/4989/4901 2372/2477/2389 2371/2476/2388 
f 4856/4989/4901 2371/2476/2388 4854/4983/4899 
f 4854/4983/4899 2371/2476/2388 4855/4984/4900 
f 4855/4984/4900 2371/2476/2388 2370/2475/2387 
f 4855/4984/4900 2370/2475/2387 2367/2472/2384 
f 2367/2472/2384 2370/2475/2387 2368/2473/2385 
f 464/498/464 469/503/469 465/499/465 
f 465/499/465 469/503/469 4858/4991/4903 
f 4858/4991/4903 469/503/469 471/505/471 
f 4858/4991/4903 471/505/471 4859/4992/4904 
f 4859/4992/4904 471/505/471 473/507/473 
f 4859/4992/4904 473/507/473 4860/4993/4905 
f 4860/4994/4905 473/509/473 475/511/475 
f 4860/4994/4905 475/511/475 4861/4995/4906 
f 4861/4995/4906 475/511/475 4862/4996/4907 
f 4862/4996/4907 475/511/475 509/552/509 
f 4862/4996/4907 509/552/509 510/554/510 
f 4862/4996/4907 510/554/510 4863/4997/4908 
f 4863/4997/4908 510/554/510 511/556/511 
f 4863/4997/4908 511/556/511 516/566/516 
f 1834/1939/1851 1836/1941/1853 4864/4998/4909 
f 4864/4998/4909 1836/1941/1853 4865/4999/4910 
f 4865/4999/4910 1836/1941/1853 1841/1946/1858 
f 4865/4999/4910 1841/1946/1858 1838/1943/1855 
f 4865/4999/4910 1838/1943/1855 4866/5000/4911 
f 4866/5000/4911 1838/1943/1855 4867/5001/4912 
f 4867/5001/4912 1838/1943/1855 1837/1942/1854 
f 4867/5001/4912 1837/1942/1854 4868/5002/4913 
f 4867/5001/4912 4868/5002/4913 4869/5003/4914 
f 4869/5003/4914 4868/5002/4913 1900/2005/1917 
f 1900/2005/1917 4868/5002/4913 1902/2007/1919 
f 1902/2007/1919 4868/5002/4913 1890/1995/1907 
f 1890/1995/1907 4868/5002/4913 1837/1942/1854 
f 1890/1995/1907 1837/1942/1854 1839/1944/1856 
f 1822/1927/1839 3689/3807/3707 1821/1926/1838 
f 1821/1926/1838 3689/3807/3707 1820/1925/1837 
f 1820/1925/1837 3689/3807/3707 3691/3809/3709 
f 1820/1925/1837 3691/3809/3709 3690/3808/3708 
f 1820/1925/1837 3690/3808/3708 1819/1924/1836 
f 1819/1924/1836 3690/3808/3708 1781/1886/1798 
f 1781/1886/1798 3690/3808/3708 4870/5004/4915 
f 4870/5004/4915 3690/3808/3708 3714/3832/3732 
f 4870/5004/4915 3714/3832/3732 3717/3835/3735 
f 4870/5004/4915 3717/3835/3735 1781/1886/1798 
f 1781/1886/1798 3717/3835/3735 1780/1885/1797 
f 1780/1885/1797 3717/3835/3735 1777/1882/1794 
f 1777/1882/1794 3717/3835/3735 3737/3855/3755 
f 1777/1882/1794 3737/3855/3755 3736/3854/3754 
f 2676/2781/2694 4871/5005/4916 2687/2792/2705 
f 2687/2792/2705 4871/5005/4916 4872/5006/4917 
f 4872/5006/4917 4871/5005/4916 4873/5007/4918 
f 4873/5007/4918 4871/5005/4916 4874/5008/4919 
f 4873/5007/4918 4874/5008/4919 4875/5009/4920 
f 4875/5009/4920 4874/5008/4919 4876/5010/4921 
f 4876/5010/4921 4874/5008/4919 4877/5011/4922 
f 4876/5010/4921 4877/5011/4922 3676/3794/3694 
f 3676/3794/3694 4877/5011/4922 2655/2760/2673 
f 2655/2760/2673 4877/5011/4922 4874/5008/4919 
f 2655/2760/2673 4874/5008/4919 2653/2758/2671 
f 2653/2758/2671 4874/5008/4919 2665/2770/2683 
f 2665/2770/2683 4874/5008/4919 4871/5005/4916 
f 2665/2770/2683 4871/5005/4916 2676/2781/2694 
f 1566/1671/1575 1485/1590/1494 3396/3514/3414 
f 3396/3514/3414 1485/1590/1494 3395/3513/3413 
f 3395/3513/3413 1485/1590/1494 3394/3512/3412 
f 3394/3512/3412 1485/1590/1494 1484/1589/1493 
f 3394/3512/3412 1484/1589/1493 1483/1588/1492 
f 3394/3512/3412 1483/1588/1492 3393/3511/3411 
f 3393/3511/3411 1483/1588/1492 3392/3510/3410 
f 3392/3510/3410 1483/1588/1492 1482/1587/1491 
f 3392/3510/3410 1482/1587/1491 1478/1583/1487 
f 3392/3510/3410 1478/1583/1487 4878/5012/4923 
f 4878/5012/4923 1478/1583/1487 3634/3752/3652 
f 4878/5012/4923 3634/3752/3652 3391/3509/3409 
f 4878/5012/4923 3391/3509/3409 3392/3510/3410 
f 3392/3510/3410 3391/3509/3409 3390/3508/3408 
f 2421/2526/2438 2433/2538/2450 2422/2527/2439 
f 2422/2527/2439 2433/2538/2450 4879/5013/4924 
f 2422/2527/2439 4879/5013/4924 4880/5014/4925 
f 2422/2527/2439 4880/5014/4925 4377/4495/4405 
f 4377/4495/4405 4880/5014/4925 4372/4490/4400 
f 4372/4490/4400 4880/5014/4925 4371/4489/4399 
f 4371/4489/4399 4880/5014/4925 4367/4485/4395 
f 4367/4485/4395 4880/5014/4925 4881/5015/4926 
f 4367/4485/4395 4881/5015/4926 4090/4208/4118 
f 4090/4208/4118 4881/5015/4926 4092/4210/4120 
f 4092/4210/4120 4881/5015/4926 4880/5014/4925 
f 4092/4210/4120 4880/5014/4925 4879/5013/4924 
f 4092/4210/4120 4879/5013/4924 2433/2538/2450 
f 4092/4210/4120 2433/2538/2450 4091/4209/4119 
f 1378/1483/1387 4882/5016/4927 1369/1474/1378 
f 1369/1474/1378 4882/5016/4927 1289/1394/1298 
f 1289/1394/1298 4882/5016/4927 4883/5017/4928 
f 1289/1394/1298 4883/5017/4928 1292/1397/1301 
f 1292/1397/1301 4883/5017/4928 1294/1399/1303 
f 1294/1399/1303 4883/5017/4928 4884/5018/4929 
f 1294/1399/1303 4884/5018/4929 1394/1499/1403 
f 1394/1499/1403 4884/5018/4929 1392/1497/1401 
f 1392/1497/1401 4884/5018/4929 4883/5017/4928 
f 1392/1497/1401 4883/5017/4928 4882/5016/4927 
f 1392/1497/1401 4882/5016/4927 1391/1496/1400 
f 1391/1496/1400 4882/5016/4927 1378/1483/1387 
f 1391/1496/1400 1378/1483/1387 1384/1489/1393 
f 1384/1489/1393 1378/1483/1387 1377/1482/1386 
f 2047/2152/2064 4428/4546/4456 4885/5019/4930 
f 4885/5019/4930 4428/4546/4456 4429/4547/4457 
f 4885/5019/4930 4429/4547/4457 4432/4550/4460 
f 4885/5019/4930 4432/4550/4460 2047/2152/2064 
f 2047/2152/2064 4432/4550/4460 4886/5020/4931 
f 2047/2152/2064 4886/5020/4931 2048/2153/2065 
f 2048/2153/2065 4886/5020/4931 2056/2161/2073 
f 2056/2161/2073 4886/5020/4931 4432/4550/4460 
f 2056/2161/2073 4432/4550/4460 4887/5021/4932 
f 4887/5021/4932 4432/4550/4460 2106/2211/2123 
f 4887/5021/4932 2106/2211/2123 2095/2200/2112 
f 4887/5021/4932 2095/2200/2112 2056/2161/2073 
f 2056/2161/2073 2095/2200/2112 2094/2199/2111 
f 2056/2161/2073 2094/2199/2111 2054/2159/2071 
f 4428/4546/4456 2047/2152/2064 4888/5022/4933 
f 4888/5022/4933 2047/2152/2064 2043/2148/2060 
f 4888/5022/4933 2043/2148/2060 2042/2147/2059 
f 4888/5022/4933 2042/2147/2059 4428/4546/4456 
f 4428/4546/4456 2042/2147/2059 4889/5023/4934 
f 4428/4546/4456 4889/5023/4934 4426/4544/4454 
f 4426/4544/4454 4889/5023/4934 4438/4556/4466 
f 4438/4556/4466 4889/5023/4934 2042/2147/2059 
f 4438/4556/4466 2042/2147/2059 4890/5024/4935 
f 4890/5024/4935 2042/2147/2059 2037/2142/2054 
f 4890/5024/4935 2037/2142/2054 2036/2141/2053 
f 4890/5024/4935 2036/2141/2053 4438/4556/4466 
f 4438/4556/4466 2036/2141/2053 4439/4557/4467 
f 4438/4556/4466 4439/4557/4467 4434/4552/4462 
f 4237/4355/4265 4891/5025/4936 4239/4357/4267 
f 4239/4357/4267 4891/5025/4936 4892/5026/4937 
f 4239/4357/4267 4892/5026/4937 4335/4453/4363 
f 4335/4453/4363 4892/5026/4937 4329/4447/4357 
f 4329/4447/4357 4892/5026/4937 4893/5027/4938 
f 4329/4447/4357 4893/5027/4938 4326/4444/4354 
f 4326/4444/4354 4893/5027/4938 4320/4438/4348 
f 4320/4438/4348 4893/5027/4938 4892/5026/4937 
f 4320/4438/4348 4892/5026/4937 4894/5028/4939 
f 4320/4438/4348 4894/5028/4939 4257/4375/4285 
f 4257/4375/4285 4894/5028/4939 4248/4366/4276 
f 4248/4366/4276 4894/5028/4939 4892/5026/4937 
f 4248/4366/4276 4892/5026/4937 4891/5025/4936 
f 4248/4366/4276 4891/5025/4936 4237/4355/4265 
f 2750/2855/2768 3356/3474/3374 2749/2854/2767 
f 2749/2854/2767 3356/3474/3374 2759/2864/2777 
f 2759/2864/2777 3356/3474/3374 4895/5029/4940 
f 4895/5029/4940 3356/3474/3374 3355/3473/3373 
f 4895/5029/4940 3355/3473/3373 3354/3472/3372 
f 4895/5029/4940 3354/3472/3372 4896/5030/4941 
f 4896/5030/4941 3354/3472/3372 4897/5031/4942 
f 4897/5031/4942 3354/3472/3372 3353/3471/3371 
f 4897/5031/4942 3353/3471/3371 3352/3470/3370 
f 4897/5031/4942 3352/3470/3370 4898/5032/4943 
f 4898/5032/4943 3352/3470/3370 4899/5033/4944 
f 4899/5033/4944 3352/3470/3370 3351/3469/3369 
f 4899/5033/4944 3351/3469/3369 3350/3468/3368 
f 4899/5033/4944 3350/3468/3368 4900/5034/4945 
f 3350/3468/3368 2784/2889/2802 4900/5034/4945 
f 4900/5034/4945 2784/2889/2802 2779/2884/2797 
f 4900/5034/4945 2779/2884/2797 4899/5033/4944 
f 4899/5033/4944 2779/2884/2797 2778/2883/2796 
f 4899/5033/4944 2778/2883/2796 2777/2882/2795 
f 4899/5033/4944 2777/2882/2795 4898/5032/4943 
f 4898/5032/4943 2777/2882/2795 4897/5031/4942 
f 4897/5031/4942 2777/2882/2795 2768/2873/2786 
f 4897/5031/4942 2768/2873/2786 2765/2870/2783 
f 4897/5031/4942 2765/2870/2783 4896/5030/4941 
f 4896/5030/4941 2765/2870/2783 4895/5029/4940 
f 4895/5029/4940 2765/2870/2783 2764/2869/2782 
f 4895/5029/4940 2764/2869/2782 2758/2863/2776 
f 4895/5029/4940 2758/2863/2776 2759/2864/2777 
f 3841/3959/3869 3860/3978/3888 4901/5035/4946 
f 4901/5035/4946 3860/3978/3888 4902/5036/4947 
f 4902/5036/4947 3860/3978/3888 3861/3979/3889 
f 4902/5036/4947 3861/3979/3889 2482/2587/2499 
f 4902/5036/4947 2482/2587/2499 4903/5037/4948 
f 4903/5037/4948 2482/2587/2499 2483/2588/2500 
f 4903/5037/4948 2483/2588/2500 2489/2594/2506 
f 4903/5037/4948 2489/2594/2506 4902/5036/4947 
f 4902/5036/4947 2489/2594/2506 3827/3945/3855 
f 4902/5036/4947 3827/3945/3855 3828/3946/3856 
f 4902/5036/4947 3828/3946/3856 4901/5035/4946 
f 4901/5035/4946 3828/3946/3856 3841/3959/3869 
f 3841/3959/3869 3828/3946/3856 3831/3949/3859 
f 3841/3959/3869 3831/3949/3859 3832/3950/3860 
f 2156/2261/2173 3504/3622/3522 2154/2259/2171 
f 2154/2259/2171 3504/3622/3522 4904/5038/4949 
f 2154/2259/2171 4904/5038/4949 4497/4615/4525 
f 4497/4615/4525 4904/5038/4949 4905/5039/4950 
f 4497/4615/4525 4905/5039/4950 4504/4622/4532 
f 4504/4622/4532 4905/5039/4950 4503/4621/4531 
f 4503/4621/4531 4905/5039/4950 3381/3499/3399 
f 3381/3499/3399 4905/5039/4950 3379/3497/3397 
f 3379/3497/3397 4905/5039/4950 4904/5038/4949 
f 3379/3497/3397 4904/5038/4949 3504/3622/3522 
f 3379/3497/3397 3504/3622/3522 4906/5040/4951 
f 4906/5040/4951 3504/3622/3522 3503/3621/3521 
f 4906/5040/4951 3503/3621/3521 3377/3495/3395 
f 4906/5040/4951 3377/3495/3395 3379/3497/3397 
f 1640/1745/1649 1639/1744/1648 4576/4696/4606 
f 4576/4696/4606 1639/1744/1648 1636/1741/1645 
f 4576/4696/4606 1636/1741/1645 4577/4697/4607 
f 4577/4697/4607 1636/1741/1645 1600/1705/1609 
f 1600/1705/1609 1636/1741/1645 1635/1740/1644 
f 1600/1705/1609 1635/1740/1644 1633/1738/1642 
f 1600/1705/1609 1633/1738/1642 1601/1706/1610 
f 1601/1706/1610 1633/1738/1642 1602/1707/1611 
f 1602/1707/1611 1633/1738/1642 1632/1737/1641 
f 1602/1707/1611 1632/1737/1641 1620/1725/1629 
f 1602/1707/1611 1620/1725/1629 1603/1708/1612 
f 1603/1708/1612 1620/1725/1629 1604/1709/1613 
f 1604/1709/1613 1620/1725/1629 1619/1724/1628 
f 1604/1709/1613 1619/1724/1628 1608/1713/1617 
f 4732/4853/4769 4731/4852/4768 3202/3320/3220 
f 3202/3320/3220 4731/4852/4768 1913/2018/1930 
f 4732/4853/4769 3202/3320/3220 4735/4856/4772 
f 3199/3317/3217 4735/4856/4772 3198/3316/3216 
f 4736/4857/4773 4735/4856/4772 3199/3317/3217 
f 3198/3316/3216 4735/4856/4772 3202/3320/3220 
f 1034/1139/1043 4749/4870/4786 4746/4867/4783 
f 1034/1139/1043 4746/4867/4783 1032/1137/1041 
f 4746/4867/4783 4749/4870/4786 4747/4868/4784 
f 4745/4866/4782 1032/1137/1041 4746/4867/4783 
f 3645/3763/3663 4907/5041/4952 4908/5042/4953 
f 3645/3763/3663 4908/5042/4953 3644/3762/3662 
f 3644/3762/3662 4908/5042/4953 3641/3759/3659 
f 3641/3759/3659 4908/5042/4953 4909/5043/4954 
f 3641/3759/3659 4909/5043/4954 3639/3757/3657 
f 3641/3759/3659 3639/3757/3657 3640/3758/3658 
f 4907/5041/4952 4508/4626/4536 4908/5042/4953 
f 4908/5042/4953 4508/4626/4536 4507/4625/4535 
f 4908/5042/4953 4507/4625/4535 4501/4619/4529 
f 4908/5042/4953 4501/4619/4529 4909/5043/4954 
f 4909/5043/4954 4501/4619/4529 3639/3757/3657 
f 3639/3757/3657 4501/4619/4529 4502/4620/4530 
f 3639/3757/3657 4502/4620/4530 3381/3499/3399 
f 3639/3757/3657 3381/3499/3399 3380/3498/3398 
f 3603/3721/3621 3604/3722/3622 4910/5044/4955 
f 4910/5044/4955 3604/3722/3622 3605/3723/3623 
f 3591/3709/3609 3590/3708/3608 3609/3727/3627 
f 3609/3727/3627 3590/3708/3608 3608/3726/3626 
f 3608/3726/3626 3590/3708/3608 3605/3723/3623 
f 3605/3723/3623 3590/3708/3608 3600/3718/3618 
f 3605/3723/3623 3600/3718/3618 4910/5044/4955 
f 4910/5044/4955 3600/3718/3618 3599/3717/3617 
f 4910/5044/4955 3599/3717/3617 3598/3716/3616 
f 4910/5044/4955 3598/3716/3616 4911/5045/4956 
f 4911/5045/4956 3598/3716/3616 3596/3714/3614 
f 4911/5045/4956 3596/3714/3614 3595/3713/3613 
f 4911/5045/4956 4912/5046/4957 4910/5044/4955 
f 4910/5044/4955 4912/5046/4957 3603/3721/3621 
# 0 polygons - 9140 triangles

