# 3ds Max Wavefront OBJ Exporter v0.99 - (c)2007 guruware
# File Created: 09.10.2024 15:25:18

mtllib Fogata.mtl

#
# object Campfire
#

v  0.6892 4.3279 -0.3864
v  0.5040 4.5099 -0.4052
v  0.2914 4.4448 -0.4778
v  0.4839 4.1622 -0.3663
v  0.7450 4.3980 -0.4834
v  0.4950 4.5842 -0.4890
v  0.4156 4.4918 -0.6621
v  0.6714 4.3067 -0.7017
v  4.1992 0.4352 -0.7991
v  4.1259 0.4504 -0.6098
v  4.0278 0.1573 -0.6825
v  4.0624 0.1493 -0.8815
v  3.6847 0.8241 -0.3911
v  3.4221 0.4974 -0.3309
v  3.7511 0.9648 -0.6157
v  3.8982 0.1897 -1.0976
v  4.0761 0.5211 -1.1393
v  3.8734 0.0914 -0.9213
v  0.2259 4.3412 -0.6751
v  0.1867 4.2940 -0.5951
v  0.3950 4.0623 -0.5661
v  0.4610 4.0985 -0.6798
v  3.2386 0.4178 -0.8068
v  3.5881 0.9462 -1.0996
v  3.2940 0.5621 -1.0618
v  1.2138 3.8070 -0.8594
v  0.8432 3.5099 -0.7501
v  1.3220 3.8119 -0.4949
v  1.8139 3.2492 -0.5760
v  1.7199 3.2326 -1.0010
v  1.2924 3.7937 -0.2329
v  1.7125 3.1398 -0.2945
v  2.1440 2.5532 -0.3592
v  2.2776 2.6692 -0.6397
v  1.3054 2.8491 -0.1770
v  0.8707 3.5075 -0.1495
v  1.7255 2.2111 -0.2461
v  1.4952 2.0756 -0.7256
v  1.0747 2.7470 -0.6454
v  2.1952 1.6148 -0.2902
v  2.0275 1.4604 -0.7021
v  2.1713 1.5777 -0.9555
v  1.6465 2.2056 -0.9647
v  2.7170 1.0468 -0.9124
v  2.6204 0.8967 -0.6664
v  2.6321 1.9603 -1.0047
v  3.0653 1.3958 -0.9770
v  3.2243 1.5019 -0.5299
v  3.1133 1.3932 -0.3081
v  2.7649 1.0264 -0.2709
v  2.6022 1.9836 -0.3607
v  2.7478 2.0958 -0.5916
v  2.1942 2.6009 -1.0287
v  1.2315 2.8773 -0.8941
v  0.6760 3.4052 -0.5526
v  -4.4942 0.6302 -0.4267
v  -4.3357 0.6050 -0.6111
v  -4.6239 0.4373 -0.7567
v  -4.7425 0.4507 -0.5366
v  -4.7135 0.4660 -0.2776
v  -4.3415 0.3961 -1.1421
v  -4.5061 0.4261 -0.9645
v  -4.2108 0.5811 -0.7780
v  -4.1213 0.5238 -0.9433
v  -4.1570 -0.0560 -0.0151
v  -4.6821 0.1035 -0.0960
v  -4.6636 -0.0940 -0.2290
v  -3.9525 -0.0965 -0.2135
v  -4.5908 -0.1521 -0.4731
v  -4.0938 0.3542 0.0626
v  -3.8392 0.2958 -0.1045
v  -4.0258 0.5510 -0.3158
v  -4.2438 0.5830 -0.1518
v  -4.1187 0.1602 0.0607
v  -4.7065 0.3493 -0.0625
v  -4.6753 0.5845 -0.2366
v  -4.3177 -0.0724 -1.0375
v  -4.4369 -0.1076 -0.9146
v  -4.5988 -0.0173 -0.9974
v  -4.4070 0.0089 -1.1746
v  -3.9324 0.0569 -1.1056
v  -3.9777 -0.1211 -0.9188
v  -3.7775 -0.1120 -0.6872
v  -4.7611 -0.0739 -0.3081
v  -4.8327 0.1766 -0.2288
v  -4.8689 0.1787 -0.5689
v  -4.7845 -0.0485 -0.5327
v  -3.8722 0.5409 -0.5331
v  -3.7725 0.4985 -0.7799
v  -3.9898 0.4230 -1.1055
v  -3.6329 0.0934 -0.6599
v  -3.5545 0.3125 -0.6649
v  -3.6656 0.3162 -0.3647
v  -3.7276 0.1014 -0.3999
v  -3.8517 -0.1034 -0.4588
v  -3.9007 0.2761 -1.1836
v  -4.4511 0.1884 -1.2578
v  -4.6675 0.1743 -1.0529
v  -4.7826 0.1762 -0.8100
v  -4.6933 -0.0431 -0.7678
v  -4.5126 -0.1347 -0.7088
v  -3.8733 0.1031 -0.1424
v  -0.3544 5.2971 -0.3196
v  -0.4027 5.1646 -0.3665
v  -0.3576 5.1342 -0.3195
v  -0.3086 5.2660 -0.2971
v  -0.2626 5.3617 -0.3844
v  -0.3773 5.2108 -0.4762
v  -0.2394 5.3273 -0.3425
v  -0.2367 5.1315 -0.3743
v  -0.2383 5.1794 -0.4856
v  -0.3060 5.1192 -0.5480
v  -2.4483 0.0185 -2.9988
v  -2.3755 0.0242 -2.9443
v  -2.5223 0.0804 -2.8406
v  -2.5850 0.0701 -2.9328
v  -2.3087 0.5580 -3.0022
v  -2.2164 0.4993 -2.9529
v  -2.4056 0.4344 -2.6503
v  -2.5102 0.4947 -2.7009
v  -2.2028 0.3990 -2.7482
v  -2.5135 0.5905 -2.9096
v  -2.2874 1.0171 -2.6800
v  -2.2874 0.8979 -2.4837
v  -2.0917 0.9509 -2.7897
v  -2.0095 0.8773 -2.7495
v  -2.0206 0.7768 -2.5568
v  -2.2052 0.8254 -2.4447
v  -1.7522 1.6172 -2.0320
v  -1.8490 1.6818 -2.0758
v  -1.8365 1.7690 -2.2811
v  -1.6453 1.7189 -2.3824
v  -1.5518 1.6586 -2.3487
v  -1.5624 1.5758 -2.1440
v  -1.1914 2.4553 -1.8569
v  -1.3582 2.5014 -1.7622
v  -1.4416 2.5496 -1.7994
v  -1.4386 2.6061 -1.9836
v  -1.2736 2.5635 -2.0732
v  -1.1934 2.5157 -2.0354
v  -0.8102 3.3731 -1.6511
v  -0.8140 3.2855 -1.4806
v  -0.8870 3.4224 -1.6931
v  -0.9941 3.3144 -1.4161
v  -1.0721 3.3627 -1.4551
v  -1.0583 3.4452 -1.6228
v  -0.7456 4.2658 -1.1528
v  -0.6132 4.2434 -1.2007
v  -0.5558 4.2042 -1.1726
v  -0.5706 4.1353 -1.0507
v  -0.7014 4.1550 -1.0004
v  -0.7535 4.1949 -1.0318
v  -0.4211 5.2932 -0.4943
v  -0.3714 5.1560 -0.5570
v  -0.3404 5.1489 -0.5172
v  -0.4150 5.3665 -0.4225
v  -0.4490 5.4194 -0.4215
v  -0.4498 5.4001 -0.4915
v  -0.3779 5.1800 -0.5986
v  1.5501 0.2850 -3.6203
v  1.5635 0.0886 -3.5240
v  1.3557 0.0820 -3.4707
v  1.8183 0.2410 -3.3116
v  1.7156 0.0851 -3.4060
v  1.5760 0.0318 -3.4253
v  1.6134 -0.0067 -3.2677
v  1.5317 0.0103 -3.1460
v  1.3802 0.0046 -3.2936
v  -0.3504 5.3984 -0.4567
v  -0.3872 5.4629 -0.4452
v  -0.3801 5.4148 -0.5019
v  -0.2972 5.2238 -0.6250
v  -0.2627 5.1925 -0.5495
v  0.1303 4.2610 -1.0353
v  0.0471 4.3018 -1.1677
v  -0.0029 4.1875 -0.9772
v  -0.0684 4.1941 -1.0334
v  0.1488 3.4721 -1.3806
v  0.2342 3.4705 -1.3215
v  -0.0872 4.2283 -1.1108
v  0.1208 3.5127 -1.4769
v  0.2819 3.6090 -1.5578
v  0.5147 2.9148 -1.9469
v  0.3937 3.5618 -1.3934
v  0.6544 2.8625 -1.7533
v  0.4693 2.7503 -1.6604
v  0.8421 2.4053 -1.9951
v  0.6328 2.2673 -1.8781
v  0.5101 2.2693 -1.9610
v  0.3639 2.7488 -1.7267
v  0.7266 1.5588 -2.3336
v  0.8889 1.5611 -2.2247
v  0.4730 2.3269 -2.0893
v  0.6720 1.6359 -2.5034
v  0.9343 1.8329 -2.6546
v  0.6778 2.4655 -2.2077
v  1.1961 1.2008 -3.0987
v  0.9097 0.9656 -2.9264
v  1.1484 1.7547 -2.3798
v  1.4533 1.1121 -2.7791
v  1.1588 0.8768 -2.6022
v  0.9727 0.8733 -2.7304
v  0.3292 2.7962 -1.8411
v  -0.7958 1.6630 -0.0400
v  -0.8358 1.5776 -0.1179
v  -0.8873 1.9953 -0.4619
v  -0.8755 2.0149 -0.3746
v  -0.6152 0.1918 1.4789
v  -0.6751 0.2213 1.5347
v  -0.7391 0.1824 1.5009
v  -0.7468 0.1535 1.4628
v  -0.6531 0.1362 1.3719
v  -0.9968 2.0104 -0.4398
v  -0.9555 2.0644 -0.4197
v  -0.6977 0.5968 1.1895
v  -0.7572 0.5162 1.1058
v  -0.8569 0.6464 1.2303
v  -0.9185 0.5417 1.1773
v  -0.8130 0.8864 0.7408
v  -0.7603 0.9858 0.8197
v  -0.9065 1.0369 0.8194
v  -0.9748 0.9314 0.7864
v  -0.9757 1.2542 0.3408
v  -0.8123 1.2121 0.3067
v  -0.7735 1.3074 0.3784
v  -0.9147 1.3586 0.3739
v  -0.9355 1.7078 -0.0471
v  -0.9948 1.6027 -0.0853
v  -0.1541 1.9946 -0.9186
v  -0.2382 1.9626 -0.9013
v  -0.1215 2.0150 -0.8247
v  -0.0896 1.9806 -0.9094
v  -0.1391 1.9359 -0.8240
v  -0.3422 0.2988 -2.0290
v  -0.1545 -0.0049 -2.2668
v  -0.0752 -0.0199 -2.2363
v  -0.2225 0.2522 -1.9162
v  -0.1468 0.3299 -2.0173
v  -0.2478 0.3479 -2.0776
v  -0.3320 1.5948 -1.1865
v  -0.2065 1.5070 -1.0830
v  -0.2369 1.6473 -1.2598
v  -0.1290 1.5922 -1.2022
v  -0.1554 1.2002 -1.5253
v  -0.2610 1.2437 -1.5756
v  -0.3769 0.7628 -1.7813
v  -0.2537 0.7006 -1.6725
v  -0.2347 1.1239 -1.4165
v  -0.3465 1.2006 -1.5086
v  -0.2804 0.7965 -1.8475
v  -0.1777 0.7663 -1.7938
v  0.0786 0.5556 2.4761
v  -0.1064 0.1188 2.3973
v  0.1509 0.1181 2.3152
v  0.7372 0.2004 -3.9648
v  0.8571 0.2967 -3.6999
v  0.7264 0.2824 -2.9993
v  0.4971 0.0394 -3.0464
v  -0.0412 0.1208 1.5576
v  0.3235 0.1931 1.5951
v  0.4207 0.9741 1.7174
v  0.7542 0.7735 -4.0942
v  0.8053 0.9152 -3.9198
v  0.4783 0.7604 -4.1367
v  0.3458 0.8802 -3.9810
v  0.2980 0.3609 -4.0230
v  -0.5767 0.4863 2.2624
v  -0.3586 0.8161 2.3076
v  -0.1583 0.9679 1.5525
v  -0.5404 0.4586 1.5052
v  -0.0722 0.9225 0.6247
v  0.5522 0.9442 0.7012
v  -0.4885 0.3941 0.5915
v  0.0724 0.0552 0.6675
v  -0.2690 0.3522 -0.3333
v  0.0201 0.8475 -0.2875
v  0.2638 0.0216 -0.2557
v  0.6486 0.1599 -0.2071
v  0.4650 0.1834 0.7196
v  -0.1453 0.4103 -1.2185
v  0.3717 0.0370 -1.1995
v  0.7398 0.1722 -1.1907
v  0.7028 0.9618 -1.1578
v  0.6654 0.9758 -0.2203
v  0.6929 0.2212 -2.1329
v  0.6717 1.0291 -2.0984
v  0.0342 0.9814 -2.1174
v  0.0491 0.8641 -1.1888
v  0.7503 1.0567 -3.0283
v  0.1472 1.0016 -3.0892
v  -0.0083 0.3181 -3.1198
v  -0.1684 0.3790 -2.1517
v  0.4086 0.0317 -2.1235
v  -2.3257 0.4729 -0.3284
v  -2.4003 0.3786 -0.2927
v  -2.2868 0.4005 -0.2504
v  -1.0270 0.3500 -3.0577
v  -1.0075 0.3585 -3.0318
v  -1.0220 0.3712 -2.9364
v  -1.1552 0.3143 -3.0061
v  -1.0305 0.4337 -3.0671
v  -1.0809 0.4943 -2.9794
v  -1.2233 0.4228 -2.9832
v  -2.3400 0.2915 -0.3206
v  -2.0973 0.4692 -0.8076
v  -2.1931 0.3601 -0.8509
v  -1.8971 0.2562 -1.3724
v  -1.7930 0.3627 -1.3296
v  -2.0318 0.3746 -0.7793
v  -2.1285 0.2671 -0.8221
v  -1.9468 0.3725 -1.3984
v  -1.7194 0.3651 -1.9542
v  -1.6612 0.2178 -1.9218
v  -1.2494 0.3447 -2.3945
v  -1.3218 0.4882 -2.4178
v  -1.5834 0.4761 -1.8947
v  -1.5120 0.3302 -1.8540
v  -1.4098 0.2298 -2.4793
v  -1.4708 0.3821 -2.4965
v  -1.8490 0.4732 -1.3553
v  3.1318 0.0011 2.2820
v  3.2650 0.2964 2.2447
v  2.6510 0.4783 2.9148
v  2.4879 0.1157 2.8850
v  2.8292 -0.1862 2.4868
v  -1.1720 1.3803 -0.4365
v  -1.5186 1.5101 -0.9863
v  -1.0401 1.4108 -1.4904
v  -0.5382 1.1751 -1.2588
v  -0.4611 1.4746 -1.2537
v  -0.9396 1.6004 -1.5420
v  -1.1941 1.9274 -1.2123
v  -0.6922 1.8668 -0.7979
v  -1.2258 1.6866 -1.2453
v  -1.5106 1.6999 -0.9287
v  -1.1303 1.6141 -0.4164
v  2.9380 1.0093 2.1385
v  3.1911 0.7248 2.5511
v  3.0014 0.4957 1.7936
v  2.3267 0.7441 2.6342
v  2.1266 0.4097 2.5793
v  2.2175 1.2331 1.5337
v  1.7658 1.0641 1.8924
v  2.3356 0.7536 1.2222
v  1.7074 0.9738 0.5706
v  1.4852 1.4896 0.9101
v  2.2176 0.3786 1.2101
v  1.6050 0.6329 0.5663
v  0.9634 0.8600 -0.0997
v  1.0521 1.1712 -0.1042
v  1.6461 0.7232 1.8700
v  1.0014 0.9532 1.2994
v  0.3272 1.1400 0.7025
v  -0.3519 1.4703 0.1713
v  -0.4020 1.2340 0.1867
v  0.3825 1.4009 0.6920
v  0.0503 1.7256 -0.3135
v  0.3140 1.3447 -0.7615
v  0.2292 1.0143 -0.7236
v  0.7934 1.6185 0.2559
v  1.1074 1.2916 1.2874
v  2.8270 0.1183 1.8607
v  1.2908 1.7779 1.1819
v  1.3295 1.7994 1.1290
v  1.2815 1.8214 1.1347
v  1.2403 1.8140 1.1376
v  2.2475 0.1573 -0.7692
v  2.0575 0.4576 -0.2280
v  2.0248 0.3565 -0.1890
v  2.2225 0.0719 -0.7390
v  2.1392 0.1943 -0.8369
v  1.9582 0.4936 -0.2820
v  2.0285 0.1350 -0.8283
v  1.8842 0.4105 -0.2657
v  2.1228 0.0617 -0.7756
v  1.3556 1.4882 0.7413
v  1.4753 1.4481 0.8496
v  1.4575 1.5523 0.7296
v  1.7118 1.1146 0.4923
v  1.6217 1.1429 0.4138
v  1.5310 1.5269 0.7971
v  1.7168 0.6904 0.1386
v  1.8344 0.6431 0.2486
v  1.6525 1.0412 0.5781
v  1.5126 1.0818 0.4316
v  1.7889 0.7713 0.1005
v  1.8699 0.7341 0.1788
v  -2.2978 0.3266 3.6980
v  -1.9111 0.6757 3.9347
v  -1.7774 0.6858 3.7433
v  -2.1598 0.4033 3.5961
v  -2.2073 0.4604 4.4870
v  -2.3718 0.2855 3.9624
v  -1.3044 -0.1525 4.6579
v  -1.0833 -0.0722 4.6740
v  -0.9602 0.3967 4.8589
v  -1.4063 0.2141 5.0722
v  -1.1655 -0.1291 4.2072
v  -0.9081 0.0401 4.1815
v  -0.7868 0.3901 3.7873
v  -0.6577 0.4586 4.0116
v  -0.7306 0.4619 4.5653
v  -0.9081 0.7580 3.8428
v  -0.8386 0.8814 4.0421
v  -1.8059 -0.2698 4.4220
v  -2.0625 -0.0322 4.7490
v  -2.3759 -0.1136 3.9736
v  -2.0232 0.0272 3.4030
v  -1.4716 0.1636 3.4648
v  -1.6221 -0.2151 4.0141
v  -2.2798 -0.0634 3.6265
v  -1.8076 0.9065 4.7248
v  -1.5386 1.0704 4.5505
v  -1.6238 1.0395 4.1468
v  -2.1837 0.2203 4.6939
v  -1.6019 0.6044 5.0285
v  -1.4304 1.0147 3.9689
v  -1.5839 0.4686 3.5158
v  -1.1494 0.7133 3.6963
v  -2.1217 0.2196 3.4463
v  -2.3465 0.1223 3.6330
v  -2.4326 0.0790 3.9480
v  -1.2129 0.8141 4.8142
v  -0.8427 0.7950 4.3880
v  -1.1407 1.0201 4.0669
v  -1.0037 0.3059 3.6271
v  -3.2159 0.5953 1.5586
v  -2.9985 0.1855 1.6625
v  -3.2850 0.1716 2.2409
v  -3.4442 0.5148 2.3650
v  -2.9518 0.5408 2.6852
v  -3.1636 0.4112 2.6038
v  -3.0181 0.1846 2.5798
v  -0.1314 0.7500 -1.2399
v  -0.1795 0.4160 -1.2779
v  -0.3751 0.2143 -1.7310
v  -0.1724 0.5828 -1.4677
v  -3.2920 0.5337 2.5272
v  -3.2343 0.7486 2.4977
v  -2.8009 1.0339 1.8680
v  -0.5450 0.6415 -1.9454
v  -0.5132 0.1308 -1.6474
v  -0.9539 0.6466 -2.0236
v  -0.3495 0.8942 -1.6942
v  -0.4700 1.1782 -1.6025
v  -1.3952 0.7537 -1.2984
v  -1.0376 1.1580 -1.0404
v  -0.5585 0.8040 -0.7229
v  -0.5927 0.3434 -0.7623
v  -1.0504 0.2057 -1.0762
v  -1.9058 0.7009 -0.6271
v  -1.6179 0.1978 -0.4673
v  -1.5253 1.1321 -0.3228
v  -1.0151 0.8620 -0.0253
v  -1.0824 0.2640 -0.0704
v  -2.1637 0.0873 0.2170
v  -2.3938 0.6184 0.1286
v  -1.9231 1.0993 0.3878
v  -1.4486 0.8491 0.6652
v  -1.5381 0.2336 0.6133
v  -2.5803 0.1420 0.9712
v  -1.9432 0.2393 1.3400
v  -2.7552 0.6312 0.8569
v  -2.3341 1.1333 1.1451
v  -1.8402 0.8413 1.4466
v  -2.4502 0.1992 2.0104
v  -2.3850 0.7210 2.1258
v  0.3867 0.2510 4.5480
v  1.2864 0.1169 3.9401
v  1.3328 0.2643 3.6970
v  -0.0943 0.0755 4.5354
v  0.6445 0.2716 4.0505
v  0.0972 0.1442 3.4877
v  -0.6604 -0.0456 3.9956
v  -0.8317 0.4122 3.6589
v  -1.3640 0.3623 3.9007
v  -1.3456 0.0279 4.2413
v  -0.1935 0.3073 3.0993
v  -1.6082 0.3089 3.5590
v  -1.9955 0.2780 3.7526
v  -1.8353 0.1866 3.1903
v  -2.1633 0.1338 3.2526
v  -1.1835 0.3404 3.3408
v  4.1588 0.0206 3.2040
v  4.3086 0.1364 2.6910
v  3.6886 0.1815 2.6264
v  3.5442 -0.0109 3.2811
v  -2.0951 0.0907 2.5139
v  -2.6219 0.0226 2.7127
v  -0.7687 0.3521 2.6935
v  3.3575 0.2726 2.0803
v  2.7810 0.2666 2.6004
v  2.7561 0.1229 2.7800
v  3.2994 0.1378 2.5285
v  3.7879 0.3129 1.9611
v  2.7380 0.1806 1.0934
v  2.5499 0.0563 1.7184
v  3.7797 0.2989 1.1893
v  -3.7727 -0.1960 2.1182
v  -3.3784 0.1856 2.0350
v  -4.2552 0.2430 1.6548
v  -4.4030 -0.1680 1.7953
v  -1.5312 0.8749 1.8428
v  -2.2048 0.6468 1.8688
v  -1.9514 0.4003 2.2370
v  -1.1483 0.6158 1.9497
v  -1.4177 0.7436 1.4898
v  -1.5938 0.8419 1.6037
v  -3.1383 0.1653 1.6941
v  -2.9946 0.4425 1.2760
v  -2.1826 0.6737 1.4407
v  -2.0470 0.4359 1.1840
v  -3.9209 0.1341 1.2821
v  -3.6289 0.2945 0.8442
v  2.8935 0.3671 0.1442
v  3.6357 0.1738 0.3777
v  1.7127 0.1447 0.1357
v  1.8254 0.1505 1.0449
v  2.1235 -0.0922 -0.3828
v  -2.8357 0.1343 0.9025
v  -2.3479 0.1466 0.8720
v  -1.7892 0.4581 0.5740
v  -2.1707 0.0875 0.2967
v  -2.6277 0.0806 0.0917
v  0.9923 0.3680 0.9095
v  0.3011 0.4225 1.4335
v  1.3999 0.2802 1.8401
v  0.5482 0.3167 0.1457
v  -0.1979 0.5056 0.4331
v  -4.2765 -0.0389 0.7095
v  -3.4107 0.0821 0.2148
v  -4.1492 -0.0938 -0.0104
v  -0.8803 0.4549 0.1926
v  -1.3461 0.3276 0.1033
v  -0.9530 0.6637 0.8764
v  -0.6798 0.3479 -0.3562
v  -1.3106 0.1148 -0.4044
v  -2.8892 0.1009 -0.3390
v  -2.7132 0.0783 -0.9739
v  -3.2616 0.0988 -0.9498
v  -1.6603 0.1362 -1.2544
v  1.4571 0.0775 -1.3717
v  0.9058 0.1913 -1.0580
v  0.1423 0.2612 -0.7775
v  3.6662 0.0548 -0.0740
v  3.8648 -0.2940 0.0719
v  4.4985 0.0008 -1.5180
v  4.4325 0.3746 -1.5170
v  -2.2256 0.7219 -2.4779
v  -2.5532 0.6998 -2.0566
v  -1.6272 0.1672 -2.0064
v  -1.7938 0.4457 -3.0290
v  -0.8909 0.1555 -1.5418
v  -0.8785 0.1152 -2.4054
v  4.6598 0.0545 -1.9917
v  -3.6128 0.4470 -2.2654
v  -2.5395 0.6435 -2.7744
v  -1.0488 0.3862 -3.4967
v  1.2011 0.1904 -1.9140
v  0.7118 0.2225 -2.0163
v  1.8430 0.1613 -1.6770
v  1.4809 0.1952 -2.1482
v  0.7538 0.1043 -2.6766
v  2.5146 -0.0065 -2.6311
v  1.7619 0.2206 -3.0735
v  4.2907 0.0636 -2.5818
v  4.1628 0.4238 -2.4014
v  4.5147 0.0784 -2.3056
v  0.8651 0.3223 -3.3842
v  -2.8558 0.3711 -2.9701
v  -2.2785 0.4457 -3.4856
v  -3.9721 0.0496 -2.9161
v  -4.2552 -0.0707 -2.2175
v  -2.9399 -0.0055 -3.0068
v  -2.4438 -0.0008 -3.6616
v  -1.2122 0.4275 -4.2809
v  -1.3224 0.0481 -4.5632
v  3.7737 0.0507 -2.7531
v  3.0997 -0.0606 -3.4922
v  2.9083 0.2662 -3.2561
v  3.6379 0.4339 -2.5764
v  3.2529 0.3706 -1.9956
v  3.7561 0.4791 -1.6778
v  3.0290 0.1432 -0.5373
v  2.3549 0.0681 -0.8756
v  1.9940 0.2222 -3.8390
v  0.9885 0.4567 -3.9324
v  2.1129 -0.0676 -4.1841
v  0.9939 0.0212 -4.0595
v  -0.2234 -0.0020 -4.3803
v  -0.1630 0.3996 -4.1488
v  -0.1271 0.3548 -3.5309
v  0.0136 0.1734 -2.6425
v  -0.0639 0.1655 -1.7906
v  -3.6572 -0.1902 -0.9677
v  -4.0506 -0.2805 -1.0007
v  -4.5176 -0.1262 -0.0990
v  -4.7433 -0.3272 0.7701
v  -4.3040 -0.2924 0.0035
v  4.0559 -0.0736 1.1332
v  4.3701 0.1822 2.1845
v  -2.7792 -0.2121 2.7687
v  -2.3802 -0.1552 3.3647
v  -2.1579 -0.0049 3.9432
v  3.1041 -0.0710 2.9873
v  2.6941 -0.1060 2.9342
v  1.9650 -0.0261 3.3328
v  2.0079 0.2005 3.1536
v  1.3204 0.3547 3.4618
v  2.0159 0.3351 2.9572
v  1.8339 0.1329 2.3752
v  0.9307 0.2419 2.9022
v  0.6663 0.3840 2.4974
v  -0.4008 0.3840 1.9563
v  -1.5969 2.3150 -0.2687
v  -1.6600 2.2417 -0.1516
v  -1.4627 2.5035 -0.1556
v  -1.4424 2.4995 -0.0361
v  -1.5364 2.3224 0.0296
v  -1.3992 2.4495 -0.2362
v  -1.4892 2.2488 -0.2785
v  -3.0678 0.0224 0.8644
v  -3.1402 0.1024 0.8450
v  -3.2474 0.0572 0.6362
v  -3.2197 -0.0370 0.5689
v  -2.9760 0.1796 0.8613
v  -3.0868 0.2335 0.8184
v  -3.2702 0.1862 0.5435
v  0.1185 5.0178 -0.2055
v  0.0292 4.8119 -0.1485
v  0.0862 4.7719 -0.2669
v  0.1626 4.9567 -0.2729
v  0.1114 5.0105 -0.2686
v  -0.0557 4.8631 -0.2907
v  -0.0621 4.8665 -0.2218
v  0.0863 4.9707 -0.3162
v  -0.0144 4.8265 -0.3301
v  -2.9008 0.1168 0.7967
v  -2.9816 -0.0059 0.8274
v  -3.1367 -0.0875 0.5529
v  -2.9859 0.0163 0.5163
v  -2.0206 1.5024 0.3111
v  -2.2147 1.3872 0.3917
v  -2.1753 1.2885 0.5387
v  -2.0073 1.4256 0.5211
v  -1.7472 1.9070 0.1751
v  -1.8589 1.9503 -0.0493
v  -2.1603 1.5819 0.0471
v  -2.3196 1.4086 0.0971
v  -1.8587 1.2641 0.4159
v  -1.7960 1.3883 0.2817
v  -1.5412 1.7823 0.2108
v  -2.0137 1.1551 0.1987
v  -1.8666 1.3185 0.0816
v  -1.9557 1.2869 0.5905
v  -2.0839 1.1637 0.5492
v  -3.1546 0.0495 0.3813
v  -3.2465 0.1014 0.4127
v  -3.0282 0.6371 0.3763
v  -3.0071 0.5728 0.2510
v  -2.9223 0.4876 0.1962
v  -2.7349 0.4173 0.3638
v  -2.6855 0.5067 0.6195
v  -2.7715 0.5846 0.6637
v  -2.8854 0.6328 0.6046
v  -2.6715 1.0262 0.2100
v  -2.5753 1.0001 0.4273
v  -2.6526 0.9691 0.0980
v  -2.5742 0.8909 0.0671
v  -2.3984 0.7838 0.2258
v  -2.4092 0.8491 0.4843
v  -2.4964 0.9375 0.5044
v  -2.3100 1.3660 -0.0176
v  -2.2306 1.2891 -0.0413
v  -2.0579 1.4597 -0.0993
v  -1.5400 1.7360 -0.0156
v  -1.7244 1.8289 -0.1616
v  -1.3374 2.2379 0.1222
v  -1.8230 1.9049 -0.1493
v  -2.1479 1.5451 -0.0698
v  -1.3147 2.1806 -0.1137
v  -1.2655 2.4405 0.0706
v  -1.2408 2.3959 -0.1253
v  -1.2182 2.9479 -0.0828
v  -1.0632 2.8807 0.0031
v  -1.2272 2.9418 -0.1860
v  -1.1654 2.9044 -0.2491
v  -1.0071 2.8336 -0.1689
v  -0.8464 3.3275 -0.0315
v  -0.7783 3.2749 -0.2185
v  -1.0230 3.4071 -0.1259
v  -1.0322 3.4008 -0.2444
v  -0.9544 3.3542 -0.3202
v  -0.5045 3.9773 -0.0988
v  -0.4348 3.9306 -0.2479
v  -0.6308 4.0519 -0.1719
v  -0.6216 4.0438 -0.2609
v  -0.5627 4.0059 -0.3168
v  -0.1968 4.3608 -0.2472
v  -0.2492 4.3996 -0.1380
v  -0.3382 4.4543 -0.1974
v  -0.3384 4.4532 -0.2655
v  -0.2912 4.4199 -0.3049
v  -2.5557 0.2228 -1.6196
v  -2.6242 -0.1038 -1.0343
v  -2.7712 -0.1387 -1.4488
v  -2.8544 0.3185 -1.8840
v  -2.2712 0.2540 -0.9859
v  -2.5148 0.5408 -1.7681
v  -2.7812 0.7200 -1.9419
v  -1.8482 2.3763 -0.9065
v  -1.5855 2.8032 -0.9523
v  -1.8004 2.9567 -1.3892
v  -2.0220 2.5607 -1.3947
v  -1.5677 2.9776 -1.2541
v  -1.4940 3.0656 -1.6018
v  -1.6736 3.2946 -1.6750
v  -1.5525 3.1262 -1.6087
v  -1.5990 2.8663 -1.6956
v  -1.8158 2.9204 -1.6329
v  -1.2725 2.7919 -1.6362
v  -1.5716 2.3260 -1.6941
v  -1.4155 3.0696 -1.4907
v  -0.2183 4.4788 -0.3540
v  0.0614 4.4753 -0.1603
v  0.1938 4.5176 -0.2819
v  -0.0372 4.5425 -0.4513
v  -0.3786 4.2625 -0.4200
v  -0.2619 4.1579 -0.0389
v  -0.3435 4.3483 -0.6191
v  0.4172 4.2568 -0.2912
v  0.4258 4.2789 -0.4395
v  0.2677 4.5128 -0.3373
v  -3.0387 0.3685 -0.6923
v  -3.0056 0.4829 -0.8538
v  -3.3867 0.2631 -1.2593
v  -3.2689 0.1598 -0.8905
v  -2.9671 0.7115 -1.0227
v  -2.8878 0.9781 -1.0943
v  -3.2132 1.0756 -1.6303
v  -3.3696 0.6378 -1.5203
v  -2.7378 0.6863 -0.5859
v  -3.0422 0.2461 -0.5533
v  0.2453 4.2775 -0.7243
v  0.0884 4.5358 -0.5588
v  0.3406 3.8734 -0.4398
v  0.1395 4.0914 -0.8383
v  -0.1997 4.3359 -0.7886
v  -1.0701 2.5517 -1.5326
v  -1.3353 2.1369 -1.6083
v  -0.8175 3.6711 -1.1994
v  -0.3852 3.3311 -1.3088
v  -2.7716 -0.0920 -0.7149
v  -3.0479 -0.2088 -1.1439
v  -2.3932 0.2683 -0.5578
v  -2.9523 -0.0219 -0.4795
v  -3.2688 -0.1420 -0.9019
v  -3.4770 0.0201 -1.3820
v  -3.2072 -0.0617 -1.6160
v  -2.1360 1.5424 -1.8904
v  -1.9184 1.3341 -1.7538
v  -1.6212 0.9697 -0.9120
v  -1.7196 0.9891 -0.4325
v  -1.9562 1.1435 -0.1329
v  -2.6093 0.4141 -0.3093
v  -2.6756 0.5175 -0.3875
v  -2.0590 1.2332 -0.1908
v  -2.1887 1.3677 -0.4125
v  -2.4063 1.6325 -1.0151
v  -2.5829 1.8774 -1.5652
v  -3.2801 1.0441 -1.9133
v  -3.4760 0.4906 -1.7434
v  -2.5643 1.9181 -1.8442
v  -1.9960 2.5672 -1.6401
v  -1.0232 1.7532 -0.8402
v  -1.1221 1.7764 -0.3770
v  -1.3828 1.9526 -0.0729
v  -1.5009 2.0339 -0.1213
v  -1.6404 2.1486 -0.3237
v  -1.3833 2.5473 -0.3099
v  -0.8361 3.3191 -0.1659
v  -0.9579 3.5343 -0.6801
v  -0.9647 3.6914 -0.9794
v  -0.1466 2.9645 -0.6933
v  -0.7497 2.1532 -0.8087
v  -0.8409 2.1723 -0.3626
v  -0.2737 2.9704 -0.2730
v  -1.1247 2.3470 -0.0552
v  -0.5981 3.1417 0.0492
v  -1.2436 2.4276 -0.0978
v  -0.7190 3.2218 0.0145
v  -0.1468 4.0984 0.0609
v  0.1348 4.2511 -0.0123
v  0.3090 4.3152 -0.1098
v  0.0179 3.9699 -0.0281
v  0.2344 3.8584 -0.1328
v  -4.5723 0.5675 -1.6738
v  -4.2762 0.4586 -1.6000
v  -4.0744 0.9360 -1.8874
v  -4.5626 0.9547 -2.2205
v  -3.2597 -0.0577 -2.9208
v  -3.4722 -0.0605 -2.9508
v  -3.4088 0.1787 -3.1522
v  -3.1259 0.0740 -3.0909
v  -3.0706 -0.1216 -2.5426
v  -2.8595 0.0331 -2.4862
v  -3.1826 -0.1419 -2.3799
v  -3.0150 0.2173 -2.9840
v  -3.2529 0.3993 -2.9343
v  -3.0425 0.3371 -2.4380
v  -2.9816 0.2281 -2.5745
v  -4.9223 0.5492 -2.1075
v  -3.0197 0.0764 -2.2419
v  -4.2007 0.9171 -2.4006
v  -4.5781 0.4447 -2.6939
v  -4.7676 0.5543 -2.4072
v  -3.9003 0.8870 -1.9536
v  -4.6711 0.0093 -2.2754
v  -4.4859 -0.0426 -2.5410
v  -4.1937 -0.1103 -1.9359
v  -4.4670 -0.0557 -1.8987
v  -4.7239 0.1036 -1.9349
v  -3.9612 0.3847 -1.6665
v  -4.0186 0.3879 -3.0674
v  -3.9953 -0.0603 -2.8257
v  -3.7721 0.8080 -2.7847
v  -3.4386 0.7121 -2.2335
v  -3.4564 0.2543 -1.9411
v  -3.6911 -0.1447 -2.1357
v  3.5604 0.8811 -1.8257
v  3.8093 1.0074 -1.7249
v  3.8175 1.0888 -2.4487
v  4.6705 1.0703 -2.1596
v  4.5550 1.0723 -2.4751
v  3.9948 0.7207 -1.1856
v  3.5458 0.4609 -1.3615
v  4.6982 0.9683 -1.8463
v  4.0382 1.0286 -2.8735
v  4.8707 0.8911 -2.7586
v  4.9783 0.5962 -1.7544
v  4.7776 0.7588 -1.6839
v  4.2421 0.4479 -1.0597
v  4.5229 0.2598 -1.0987
v  5.0919 0.8384 -2.0366
v  4.6750 -0.1343 -2.0152
v  4.3913 -0.0879 -1.6984
v  4.1029 -0.1079 -1.9097
v  4.4945 -0.1524 -2.2896
v  3.4820 0.0164 -1.9669
v  3.6374 0.0366 -2.6395
v  3.9129 -0.1165 -2.0866
v  3.6387 0.0227 -1.3665
v  4.3359 -0.1464 -2.4819
v  4.9113 0.0148 -2.9773
v  5.1756 -0.0179 -2.6552
v  3.3567 0.5866 -2.0189
v  4.0330 0.0617 -1.1299
v  5.0654 0.8953 -2.4368
v  5.2306 0.4906 -2.6676
v  4.9945 0.5475 -3.0064
v  3.8864 0.6427 -3.0584
v  3.5321 0.6152 -2.6979
v  4.4440 0.0661 -1.1144
v  5.1347 -0.0279 -1.8022
v  5.2073 0.2746 -1.8158
v  5.2847 0.3994 -2.1930
v  5.2505 -0.0404 -2.2012
v  3.9054 0.0535 -3.0501
v  -4.7114 0.1767 1.7399
v  -4.8488 0.0243 1.5230
v  -4.3656 -0.2721 1.5136
v  -4.2239 0.1449 1.8955
v  -4.8619 0.2783 1.5366
v  -3.6582 0.1509 1.8052
v  -3.2188 0.0144 1.3689
v  -3.4107 0.4588 1.4422
v  -3.6697 -0.2675 1.4722
v  -5.2847 0.1567 0.4791
v  -5.2434 0.0714 0.6386
v  -5.2062 0.2249 0.6249
v  -5.1671 0.4662 0.4617
v  -5.1501 0.5541 0.2767
v  -4.8950 0.5874 0.8813
v  -4.7199 0.7678 0.6954
v  -5.0604 0.2381 1.0289
v  -4.0429 0.4749 0.5130
v  -3.2853 0.2796 0.8831
v  -3.3456 -0.0237 0.7972
v  -4.0691 0.0884 0.3757
v  -4.7930 -0.2398 0.3387
v  -5.0495 -0.2395 0.5063
v  -5.1682 -0.0778 0.2696
v  -4.8272 0.3326 0.0118
v  -4.5188 0.1313 0.0956
v  -4.4866 0.5009 0.2181
v  -3.6651 -0.1922 1.0072
v  -3.6572 -0.2786 1.2406
v  -4.6045 -0.2462 0.9416
v  -4.3125 -0.2193 0.7090
v  -3.2026 -0.0225 1.0733
v  -4.8775 -0.1598 1.0242
v  -5.0499 0.0267 1.0664
v  -5.1830 -0.1171 0.5940
v  -4.6651 0.5013 1.4879
v  -4.3471 0.7357 1.1681
v  -4.6001 0.7719 0.5155
v  -5.0789 0.5358 0.1030
v  -5.2659 0.0397 0.3456
v  -3.3358 0.5178 1.1315
v  -4.1635 0.7623 0.8706
v  -0.1587 2.0016 -0.3003
v  -0.1799 1.9452 -0.2253
v  -0.1046 1.9582 -0.1673
v  -0.0544 2.0238 -0.2224
v  -0.1075 1.9006 -0.1817
v  0.2894 1.7241 -0.5150
v  0.2476 1.6220 -0.4245
v  1.5535 -0.0092 -1.7230
v  1.5990 -0.0006 -1.8335
v  1.7043 -0.0267 -1.6891
v  1.7107 0.1004 -1.7294
v  0.0968 1.5789 -0.5512
v  1.1682 0.4053 -1.3706
v  1.1980 0.5169 -1.4659
v  1.3555 0.5658 -1.3539
v  1.3331 0.4595 -1.2611
v  0.8298 0.7818 -1.0651
v  0.9490 0.8306 -0.9739
v  0.8779 0.8688 -1.1196
v  0.9883 0.9198 -1.0438
v  0.5993 1.2339 -0.6979
v  0.6285 1.3094 -0.7790
v  0.4775 1.1958 -0.8040
v  0.5122 1.2749 -0.8866
v  0.1475 1.6827 -0.6357
v  3.6317 0.7278 1.7552
v  3.8817 0.5993 1.5636
v  3.5905 0.4293 1.4457
v  3.2656 0.3285 1.6854
v  3.3288 0.5779 1.9609
v  3.9461 -0.0645 3.1511
v  3.7109 0.0738 3.2279
v  3.5114 0.0302 3.0087
v  3.8119 -0.1318 2.8763
v  4.2436 -0.0812 2.7374
v  4.2968 -0.0345 3.0446
v  4.4423 0.6542 2.7989
v  4.3666 0.5470 3.1187
v  4.5840 0.2736 3.0073
v  4.6663 0.3396 2.6980
v  4.0037 0.6741 3.1769
v  4.1809 0.1692 3.2531
v  4.0204 0.8119 2.9085
v  4.5426 0.0840 2.9059
v  4.5581 0.0908 2.6680
v  3.3763 0.4552 3.0245
v  3.5893 0.7350 2.9838
v  3.5178 0.8195 2.3685
v  3.2278 0.3051 2.5134
v  3.5983 0.5529 3.1957
v  3.6137 -0.1778 1.8794
v  3.6457 -0.1036 1.6830
v  3.8569 -0.0828 1.7218
v  3.1105 0.1733 2.0327
v  3.4569 -0.0910 1.7101
v  3.6570 0.2128 1.4218
v  3.7132 0.0140 1.5402
v  4.0309 0.3272 1.4708
v  3.9940 0.0922 1.5662
v  4.3143 0.7602 2.1101
v  4.5402 0.4015 2.0095
v  3.9224 0.9334 2.2626
v  3.4280 -0.0525 2.4948
v  3.7756 -0.1719 2.3749
v  4.2105 -0.0901 2.1794
v  4.4901 0.1250 2.0386
v  3.3552 -0.1426 1.9705
v  3.1261 0.1270 -2.3608
v  2.9439 0.8724 -2.6005
v  3.2257 0.1893 -2.2714
v  2.8497 0.7565 -1.7884
v  3.1605 0.2124 -1.9504
v  2.4901 0.6437 -2.6674
v  2.9013 0.0781 -2.5375
v  2.8684 -0.0415 -2.2737
v  2.2848 0.4314 -2.1343
v  0.2193 5.0151 -0.8680
v  0.1734 4.8658 -0.5796
v  0.3269 4.8247 -0.6070
v  0.3872 4.8519 -1.1158
v  0.4391 4.6167 -0.6751
v  0.0140 4.7096 -0.6886
v  0.0894 4.8201 -0.5977
v  0.1018 4.9710 -0.9000
v  0.0226 4.8461 -0.9436
v  0.3284 4.5398 -0.6078
v  0.0858 4.4793 -0.7669
v  0.1015 4.6677 -1.1031
v  0.2325 4.7982 -1.1640
v  0.5991 4.1593 -1.5672
v  0.4404 4.0286 -1.4941
v  0.7790 4.2187 -1.4714
v  1.1754 3.5649 -1.8048
v  0.8860 4.0002 -0.8624
v  1.2713 3.3929 -1.1620
v  1.0947 3.2559 -1.1033
v  0.7375 3.8749 -0.8126
v  1.4866 2.5950 -1.2547
v  1.7428 2.7711 -1.2933
v  0.7095 3.1579 -1.4560
v  1.0440 2.4492 -1.6541
v  1.3952 1.7601 -1.8600
v  1.9064 1.9372 -1.3917
v  1.2247 2.7104 -2.1412
v  1.6104 2.0343 -2.3615
v  2.0092 1.3367 -2.5952
v  1.8029 1.0847 -2.0222
v  1.8214 2.1896 -2.4517
v  2.2865 1.5278 -2.6701
v  2.7451 0.7823 -2.6997
v  2.4815 1.6223 -2.5306
v  2.0719 2.2849 -2.2845
v  2.5728 1.4314 -1.6137
v  2.6508 0.6302 -1.7259
v  2.3081 1.2921 -1.5913
v  3.0541 0.0215 -2.0458
v  2.9488 -0.0358 -2.1404
v  3.0311 0.0773 -2.4157
v  2.1841 2.1241 -1.4611
v  1.6309 2.9395 -2.0915
v  0.9888 3.4985 -1.9344
v  1.4027 2.8558 -2.2346
v  0.8277 3.3640 -1.8572
v  0.4123 3.8151 -1.1241
v  -0.0234 0.2137 3.8021
v  -0.0551 0.0417 3.6957
v  -0.2747 0.0469 3.8183
v  -0.0282 0.4636 3.9894
v  -0.3573 0.1494 4.0377
v  0.3961 0.6524 4.3455
v  -0.0232 0.5227 4.3438
v  -0.2458 0.2416 4.4985
v  0.1738 0.3006 4.7511
v  1.1825 0.3067 3.8139
v  1.1085 0.1518 3.7344
v  0.8597 0.3906 3.6127
v  0.9165 0.5754 3.7452
v  1.2364 0.1777 4.2334
v  1.1228 -0.0859 4.1891
v  0.9950 0.2271 4.7665
v  0.6229 0.3257 4.8387
v  0.6732 -0.0808 4.6682
v  0.9833 -0.0917 4.5972
v  1.1521 -0.1379 4.4718
v  1.1153 0.5646 4.3253
v  0.8065 0.1916 3.5658
v  0.9654 -0.0695 3.6713
v  0.5394 0.1454 3.5480
v  0.5790 0.4205 3.6345
v  0.6820 -0.1811 3.6587
v  -0.2559 -0.0476 3.9501
v  0.7978 0.6862 4.3497
v  -0.0516 -0.2209 4.1169
v  0.3733 -0.2837 4.1566
v  0.3065 -0.0785 4.6109
v  -0.1551 -0.0721 4.3928
v  0.0016 -0.1840 3.8230
v  0.3526 -0.1988 3.7063
v  0.7216 -0.2900 4.1556
v  0.2756 0.1035 3.6064
v  0.2766 0.3428 3.7171
v  0.2841 0.5568 3.8714
v  0.6121 0.6207 3.7790
v  1.0116 -0.2176 4.1227
v  1.1029 0.8516 3.5891
v  1.2608 0.4495 3.5131
v  1.5501 0.6504 3.2040
v  1.6087 1.4165 2.4959
v  0.8376 1.7340 3.0669
v  -0.1520 5.0622 -0.0104
v  0.0072 5.0637 -0.5964
v  -0.1239 4.6621 -0.5236
v  0.0808 5.2298 -0.1756
v  0.3050 5.0847 0.2463
v  0.4103 5.2733 0.0205
v  0.5776 4.8430 -0.4120
v  0.8094 -0.0038 3.0528
v  0.6180 0.1697 2.6605
v  1.4467 0.1722 2.7020
v  1.2284 0.0152 3.0858
v  1.0188 0.0068 3.1811
v  0.4833 4.4578 -0.6367
v  0.5586 4.7571 -0.2058
v  0.4586 0.5616 3.3137
v  0.6503 0.3505 3.3915
v  -0.0614 3.6874 0.8261
v  0.4241 3.9363 0.9908
v  0.0511 3.2878 0.2616
v  0.2801 2.4958 0.8882
v  0.0488 2.9763 1.4990
v  0.7406 3.3531 0.0889
v  0.9941 2.5237 0.7386
v  1.1919 1.7621 1.3631
v  0.4125 1.7228 1.5232
v  1.1200 2.9337 1.1813
v  1.3627 2.1846 1.8463
v  1.4686 0.9412 1.9526
v  0.7088 2.4898 2.3916
v  0.1915 1.4086 2.8276
v  0.1085 2.2005 2.1504
v  0.4838 0.9169 2.0578
v  0.5685 3.2483 1.6930
v  0.9055 3.6989 0.5343
v  0.0816 2.9556 -2.2327
v  0.1907 2.7066 -2.4015
v  -0.0984 2.7159 -2.3964
v  -0.1263 2.9289 -2.2166
v  0.1925 2.2266 -2.7491
v  -0.0619 2.2157 -2.7621
v  0.3805 2.7266 -2.2726
v  0.4399 2.6049 -2.2155
v  0.2999 2.5331 -2.3379
v  0.2384 2.1476 -2.6369
v  -0.1840 4.0194 -1.4513
v  -0.2478 4.0760 -1.4250
v  -0.2548 4.0048 -1.3026
v  -0.0662 4.0544 -1.3781
v  -0.2218 3.8775 -1.5775
v  -0.3317 4.0601 -1.4977
v  -0.0892 3.9009 -1.5770
v  -0.2849 3.7155 -1.3490
v  0.0927 3.7332 -1.3483
v  0.1235 4.0061 -1.2716
v  -0.3559 3.9418 -1.2805
v  -0.7102 5.0344 -0.6921
v  -0.6747 5.0981 -0.7063
v  -0.6896 5.1646 -0.8218
v  -0.7461 5.0302 -0.8645
v  -0.6180 5.1010 -0.7626
v  -0.7209 4.9179 -0.9556
v  -0.6727 4.8150 -0.7515
v  -0.6122 4.9792 -0.9958
v  0.5876 2.6569 -2.0537
v  0.6268 2.6411 -2.1287
v  0.6254 2.7395 -2.1391
v  0.6855 2.7281 -2.0298
v  0.4482 2.6136 -2.0738
v  0.4848 2.7095 -2.0244
v  -0.6034 4.9942 -0.7037
v  -0.1482 0.2453 -3.9908
v  -0.1580 0.3778 -4.1906
v  -0.1205 0.2314 -4.2425
v  0.1237 0.2963 -4.1509
v  0.0972 0.4581 -4.1793
v  0.1995 2.5491 -2.1231
v  0.2147 2.7225 -2.0821
v  -0.5538 4.8520 -0.7776
v  -0.5269 4.9246 -0.8903
v  0.6862 6.0518 -0.2295
v  0.6638 6.0958 -0.1360
v  0.5632 5.4502 -0.5373
v  0.6182 5.5141 -0.6479
v  0.6018 6.0748 -0.2086
v  0.4840 5.5203 -0.6023
v  0.0902 4.0920 -1.4973
v  0.0693 3.8537 -1.5939
v  0.2416 4.5390 -1.1068
v  0.1240 4.6235 -1.1753
v  0.2070 4.6400 -1.3408
v  0.2282 2.7791 -2.1719
v  0.1242 2.9290 -2.0933
v  0.0914 2.8695 -2.0286
v  0.4182 2.7582 -2.1216
v  0.0800 3.0612 -2.1084
v  0.0326 3.3931 -1.8449
v  0.0815 3.3371 -1.7682
v  0.0510 3.2763 -1.6949
v  -0.2282 3.2562 -1.7036
v  -0.1266 2.8315 -2.0804
v  -0.2363 3.3766 -1.8547
v  -0.3145 3.7972 -1.5477
v  -0.4215 3.9929 -1.4698
v  -0.6196 4.4516 -1.2274
v  -0.5579 4.3667 -1.0591
v  -0.5219 4.4980 -1.2526
v  -0.4487 4.4760 -1.1757
v  -0.4648 4.4137 -1.0819
v  -0.0564 3.4212 -1.8893
v  -0.1005 2.6030 -2.2267
v  -0.0740 2.0872 -2.5625
v  -0.0824 1.5829 -2.8889
v  0.2840 1.6710 -3.0030
v  0.2286 1.7654 -3.1147
v  -0.0699 1.7648 -3.1068
v  -0.1042 1.1472 -3.2874
v  -0.1060 1.3424 -3.5069
v  0.2790 1.2350 -3.4144
v  0.2100 1.3379 -3.5259
v  -0.1404 0.8685 -3.8749
v  -0.1296 0.7011 -3.6456
v  0.2358 0.7785 -3.8033
v  0.1572 0.8679 -3.9112
v  0.1489 3.7770 -1.4872
v  0.1908 4.0286 -1.4127
v  0.3111 4.5650 -1.2587
v  0.4524 5.0777 -1.0109
v  0.3806 5.0246 -0.9220
v  0.2976 5.0903 -0.9558
v  0.3590 5.1475 -1.0692
v  0.5319 5.5865 -0.7010
v  0.6328 6.1268 -0.2366
v  1.6293 0.0296 -4.6320
v  2.1232 0.1089 -4.8947
v  2.3149 -0.2282 -4.4708
v  2.0045 -0.3125 -4.1775
v  2.4973 0.0461 -4.7240
v  1.3590 0.0376 -4.3322
v  1.5254 -0.2045 -4.1431
v  1.4339 0.1785 -4.0082
v  1.4059 0.3911 -4.2811
v  1.6377 0.4014 -4.5461
v  1.6501 0.1661 -3.5564
v  1.6674 0.4704 -3.7541
v  1.5518 0.0026 -3.7747
v  1.8748 0.2451 -3.3316
v  1.9877 0.5258 -3.4474
v  3.0939 -0.0690 -3.9081
v  2.9863 -0.0337 -4.2360
v  3.0012 0.2461 -4.2427
v  3.0982 0.2915 -3.9350
v  2.8370 -0.2785 -3.8178
v  2.6807 -0.2893 -4.0633
v  2.9548 0.1181 -3.6539
v  2.1462 0.2369 -3.1477
v  2.4302 0.3523 -3.1720
v  2.1469 0.7272 -3.5972
v  2.4692 0.3471 -4.6644
v  2.4556 0.6210 -4.4438
v  2.9724 0.4769 -4.1237
v  2.9197 0.6097 -3.9195
v  2.4143 0.7904 -4.1323
v  2.1946 0.6924 -4.4447
v  1.8890 0.7478 -4.1767
v  2.3032 0.8311 -3.8047
v  2.2458 -0.3059 -3.4013
v  2.0833 -0.3212 -3.5592
v  2.3647 -0.3569 -3.8189
v  2.5677 -0.3355 -3.5919
v  2.1947 -0.0619 -3.1815
v  1.9181 -0.0817 -3.3871
v  2.5091 -0.0681 -3.1783
v  2.6876 0.0296 -3.3472
v  2.7036 0.4780 -3.3588
v  2.8580 0.5716 -3.6539
v  1.7469 0.7054 -3.9884
v  1.6741 -0.2514 -3.9368
v  2.1038 0.4240 -4.7602
v  -2.0458 -0.1638 -3.3689
v  -2.3946 -0.2088 -3.3755
v  -2.5203 -0.2059 -4.0939
v  -2.6787 -0.1735 -3.3371
v  -2.8375 -0.1470 -4.1978
v  -2.0106 -0.0548 -3.1696
v  -0.6093 0.5588 -4.7856
v  -0.8351 0.6096 -4.8989
v  -1.0360 0.8895 -4.3352
v  -0.7223 0.7610 -4.1129
v  -0.5342 0.5322 -4.1917
v  -0.5759 0.4612 -4.9070
v  -0.8152 0.4887 -5.0422
v  -2.6741 0.4933 -3.3577
v  -2.7575 0.2524 -3.2307
v  -2.0293 0.4028 -3.0725
v  -2.0532 0.6355 -3.2828
v  -2.8187 0.5216 -4.0094
v  -2.9621 0.2617 -4.1244
v  -2.1614 1.0431 -4.0169
v  -2.2284 0.9932 -4.4078
v  -1.3375 0.7348 -3.2280
v  -2.2948 0.7673 -4.7660
v  -0.6133 0.0607 -4.8514
v  -0.8203 0.0652 -4.9207
v  -0.8074 0.2848 -5.0722
v  -0.5458 0.2489 -4.9348
v  -0.7079 -0.1707 -4.1485
v  -0.8681 -0.2042 -4.2361
v  -0.5404 0.2055 -4.2273
v  -1.4226 -0.1845 -3.4329
v  -1.9288 -0.1525 -4.5865
v  -1.2301 0.5501 -3.1125
v  -1.2160 0.2486 -3.1728
v  -1.2971 -0.0585 -3.2259
v  -2.1537 -0.0045 -4.9530
v  -2.2769 0.2662 -5.0341
v  -2.3367 0.5088 -4.9820
v  -2.9545 0.0229 -4.1846
v  -2.7572 -0.0285 -3.2402
v  -2.0064 0.1705 -3.0884
v  -0.0895 2.7278 1.8219
v  -0.2780 2.7929 1.8544
v  -0.3714 2.3710 2.1028
v  -0.2819 2.3796 2.1683
v  0.0157 2.7746 2.0099
v  -0.1770 2.3551 2.2170
v  -0.1536 2.6537 1.6499
v  -0.1641 2.8877 1.5848
v  -0.1743 2.9368 1.6783
v  -0.5977 0.1496 3.4046
v  -0.6689 -0.0005 3.4599
v  -0.8425 -0.0856 3.3191
v  -0.7612 0.0747 3.1817
v  -0.7710 0.2522 3.5895
v  -0.8618 0.0530 3.5668
v  0.1197 5.6490 -0.2111
v  0.2040 5.6844 -0.1333
v  0.2231 5.6498 -0.1674
v  0.0905 5.6804 -0.1683
v  -1.0440 0.2135 3.2858
v  -1.0592 0.0015 3.3846
v  -0.9717 -0.0571 3.4229
v  -1.0195 -0.0759 3.3118
v  -0.9994 0.1424 3.1775
v  0.5713 3.4484 1.8009
v  0.5858 3.4246 1.8001
v  0.4232 3.0910 1.8055
v  0.3676 3.2005 1.7692
v  0.5594 3.4423 1.8509
v  0.3325 3.1688 1.8927
v  -0.3448 2.9535 1.6636
v  -0.3891 2.7559 1.7856
v  0.1072 2.6321 1.8568
v  -0.2510 2.1867 1.8644
v  -0.4505 2.2611 1.9084
v  -0.3786 2.6900 1.6753
v  -0.1512 2.1914 1.9333
v  -0.0885 2.2208 2.0559
v  -0.3899 1.7505 2.1447
v  -0.2378 1.8348 2.3259
v  -0.3279 1.9679 2.4759
v  -0.4398 1.5699 2.7541
v  -0.3525 1.4540 2.6335
v  -0.6870 1.5021 2.5818
v  -0.5947 1.9150 2.2853
v  -0.5475 1.1681 3.0728
v  -0.8159 1.0900 2.8604
v  -0.7918 1.0335 2.7748
v  -0.6821 1.4339 2.4974
v  -0.9064 0.5854 2.9684
v  -0.9384 0.6456 3.0785
v  -0.5914 0.9851 2.7793
v  -0.6689 0.5341 2.9604
v  -0.4897 0.6161 3.2047
v  -0.6285 0.7364 3.3809
v  -0.4512 1.0611 2.9477
v  -0.4896 1.3642 2.4816
v  -0.5958 1.8426 2.1843
v  -0.4390 2.3221 2.0140
v  -0.3388 2.8977 1.5757
v  -0.1432 3.2917 1.2920
v  -0.3099 3.2873 1.2650
v  -0.1417 3.3551 1.3657
v  -0.3114 3.3489 1.3315
v  -0.2414 3.7563 1.0293
v  -0.2335 3.7014 0.9413
v  -0.0482 3.6934 0.9905
v  -0.0545 3.7516 1.0860
v  -0.1355 4.1968 0.7997
v  0.0200 4.1953 0.8507
v  -0.1270 4.1562 0.7195
v  0.0215 4.1562 0.7726
v  -0.0683 4.6405 0.5672
v  0.0593 4.6468 0.6055
v  -0.0516 4.6036 0.5056
v  0.0738 4.6107 0.5448
v  0.1475 5.0391 0.2822
v  0.1298 5.0873 0.3487
v  -0.0164 5.0727 0.2982
v  0.0027 5.0292 0.2350
v  0.0897 5.4432 -0.0406
v  0.1877 5.4521 -0.0128
v  0.1691 5.4862 0.0242
v  0.0645 5.4730 -0.0041
v  -1.6074 0.0883 3.0204
v  -1.8328 -0.1435 2.9623
v  -1.7153 -0.1077 2.6534
v  -0.6628 4.5474 0.0700
v  -0.5584 4.4472 -0.1248
v  -0.7693 3.7298 0.1941
v  -0.9324 3.9810 0.5348
v  -0.5033 4.6125 -0.0405
v  -2.0988 0.0421 3.2152
v  -1.8786 0.2906 3.3601
v  -2.0317 0.4036 3.3102
v  -2.2738 0.5413 2.9550
v  -2.4890 0.2383 2.8225
v  -0.4275 4.7592 0.1912
v  -0.4957 4.6431 0.3453
v  -0.3083 4.6490 0.3733
v  -0.2860 4.7188 0.1655
v  -0.3828 4.5689 -0.0574
v  -2.2277 0.7654 2.8138
v  -2.4962 0.5455 2.4994
v  -1.8091 0.7806 3.2151
v  -0.1196 4.5338 0.1786
v  -0.1968 4.4733 0.3892
v  -0.2769 3.9108 0.7193
v  -0.1181 3.7880 0.5704
v  -0.4323 4.0484 0.8574
v  -0.4660 4.4346 -0.2065
v  -0.2236 4.4276 -0.1325
v  -1.9576 -0.0556 3.1254
v  -2.3607 0.0452 2.6327
v  -1.7224 0.1817 3.2598
v  -1.4856 0.4860 2.8570
v  -1.5691 0.6316 3.1205
v  -1.6709 0.7258 3.2645
v  -1.3319 1.3421 2.6726
v  -1.4169 1.4619 2.7941
v  -1.5777 1.4969 2.7595
v  -2.0628 1.4064 2.3485
v  -2.2104 1.2272 1.9514
v  -2.3413 0.3470 2.2989
v  -2.0825 1.0531 1.7720
v  -1.6229 0.2062 2.3441
v  -1.4660 0.8912 1.9106
v  -1.2434 1.1515 2.4431
v  -0.9117 1.7616 2.0216
v  -1.0479 1.9529 2.1963
v  -1.1667 2.1005 2.3229
v  -1.3245 2.1601 2.3073
v  -1.8206 2.1046 1.8847
v  -1.8518 1.9029 1.5172
v  -1.7061 1.7115 1.3267
v  -1.1376 1.5275 1.4800
v  -0.5546 2.4020 1.5888
v  -0.8269 2.2072 1.0957
v  -0.6771 2.5776 1.7523
v  -0.8318 2.7464 1.8704
v  -1.0259 2.8105 1.8345
v  -1.5053 2.7637 1.4271
v  -1.4702 2.5158 1.0766
v  -1.3203 2.3410 0.9305
v  -0.5438 2.8635 0.6534
v  -0.2484 3.0858 1.0737
v  -0.3853 3.2460 1.2309
v  -0.5546 3.3934 1.3547
v  -0.7798 3.4495 1.3426
v  -1.1968 3.3699 0.9728
v  -1.0851 3.0898 0.6170
v  -0.9709 2.9460 0.4826
v  -0.3001 3.5856 0.1705
v  -0.6610 3.6287 0.0567
v  -0.6283 4.0863 0.8412
v  0.7495 4.4090 0.3633
v  0.8139 4.2746 0.2308
v  1.0278 4.3218 0.2808
v  0.8583 4.4462 0.3684
v  0.7507 4.5877 0.4092
v  0.8755 4.4665 0.2234
v  0.7845 4.4872 0.3947
v  1.1211 3.8875 0.0651
v  1.1754 3.9322 -0.1253
v  1.0623 4.3598 0.1005
v  1.1642 4.3357 0.0209
v  1.0311 4.5534 -0.0467
v  0.8850 4.4955 -0.1066
v  2.0274 2.7426 -0.0205
v  2.0664 2.7566 0.0056
v  2.0479 3.0650 -0.2818
v  1.9631 3.0231 -0.2789
v  1.6425 3.0876 -0.0510
v  1.7404 3.1484 -0.0216
v  1.9161 2.5477 -0.0636
v  1.7850 2.5657 0.2761
v  1.6449 2.8160 0.2295
v  1.9410 2.9671 0.1146
v  2.1171 2.7647 0.1501
v  2.1905 2.6938 0.0034
v  2.1975 2.5517 -0.1498
v  2.1373 2.7929 -0.2593
v  2.0618 3.0049 -0.3655
v  1.9837 2.7523 -0.2812
v  2.0450 2.4896 -0.1919
v  1.9684 2.9814 -0.3754
v  3.8061 0.5729 1.1007
v  3.8965 0.3295 1.1768
v  3.8390 0.2187 1.0291
v  3.7209 0.4068 0.8400
v  1.9653 3.2643 -0.3717
v  1.9649 3.2496 -0.4205
v  1.9543 3.1649 -0.4039
v  1.9470 3.1962 -0.3477
v  2.0146 3.1787 -0.3441
v  1.9714 3.3002 -0.3995
v  2.0013 3.2583 -0.4293
v  0.9896 4.4920 -0.2906
v  1.1238 4.2501 -0.2214
v  3.6631 0.1215 1.0697
v  1.7926 3.2104 0.0792
v  2.0079 3.2101 -0.4437
v  3.7411 0.3066 1.3958
v  3.5533 0.1694 1.3232
v  1.2811 3.9734 0.1515
v  1.2999 4.0864 0.0647
v  1.2765 3.9734 -0.1474
v  1.5877 3.4174 -0.0964
v  1.4808 3.3603 -0.1113
v  1.2079 4.2902 -0.1198
v  1.3453 4.0186 -0.0639
v  1.6419 3.4651 -0.0005
v  1.5416 3.4521 0.1947
v  1.6763 3.2108 0.2856
v  1.8318 2.9618 0.3797
v  1.3835 3.3474 0.0932
v  1.5143 3.0769 0.1593
v  1.9619 2.7198 0.4403
v  2.0808 2.1008 0.4615
v  2.1640 2.0585 0.2212
v  2.4663 1.5706 0.3609
v  2.2785 2.3163 0.1202
v  2.6710 1.7048 0.3162
v  2.7250 1.8281 0.5396
v  2.3785 2.2670 0.3896
v  3.0198 1.2608 0.4948
v  3.0691 1.4091 0.7157
v  2.9025 1.3679 0.9186
v  2.5729 1.7841 0.7265
v  3.4188 0.9824 0.9106
v  3.2541 0.9428 1.1078
v  3.0716 0.7664 1.0322
v  2.7350 1.1888 0.8192
v  3.6098 0.5509 1.3416
v  3.3726 0.3227 1.2638
v  3.4713 0.2317 0.9423
v  3.1356 0.6894 0.7622
v  3.3491 0.8313 0.6994
v  2.8017 1.1215 0.5659
v  2.4051 1.6258 0.6283
v  2.2324 2.2460 0.5889
v  1.1024 4.5534 -0.1935
v  0.7609 4.9698 -0.3154
v  0.8365 5.0270 -0.2147
v  0.7593 4.9882 -0.1065
v  0.6846 4.9298 -0.2016
v  0.3866 5.3904 -0.3418
v  0.4678 5.4553 -0.4116
v  0.5166 5.4850 -0.2953
v  0.4310 5.4098 -0.2331
# 1548 vertices

vn -0.0611 0.9673 -0.2460
vn -0.1886 0.9747 -0.1201
vn -0.1096 0.7381 -0.6658
vn 0.2576 0.8305 -0.4938
vn 0.6332 0.0307 -0.7734
vn 0.1889 0.1060 -0.9763
vn -0.2786 -0.5365 -0.7966
vn -0.7041 0.5486 -0.4509
vn 0.2549 -0.8580 -0.4459
vn 0.9891 0.0025 -0.1472
vn 0.7741 0.6317 0.0410
vn 0.3619 0.5068 0.7824
vn 0.6516 -0.1600 0.7415
vn 0.5241 0.8140 -0.2506
vn -0.1232 0.8144 0.5671
vn 0.7212 0.1290 -0.6806
vn 0.1777 -0.7591 0.6263
vn 0.6296 -0.7649 -0.1361
vn -0.0562 -0.1425 0.9882
vn -0.6047 -0.7919 -0.0848
vn -0.9948 -0.0287 0.0973
vn -0.8674 -0.0207 0.4971
vn -0.4791 0.8744 0.0762
vn -0.4240 -0.8745 0.2354
vn -0.5504 -0.0862 0.8304
vn 0.3294 -0.8161 -0.4748
vn -0.3887 -0.8433 0.3713
vn 0.2900 -0.8292 -0.4778
vn -0.4907 -0.8574 0.1554
vn 0.7244 0.0321 -0.6887
vn 0.7847 0.1007 -0.6116
vn 0.3666 -0.8195 -0.4405
vn 0.4598 0.7571 -0.4641
vn 0.5391 0.7772 -0.3245
vn 0.4678 0.8256 -0.3153
vn 0.7874 0.1411 -0.6000
vn -0.3170 0.9057 0.2814
vn -0.4229 0.8932 0.1530
vn -0.3118 0.9042 0.2920
vn -0.8037 -0.0859 0.5888
vn -0.8554 -0.1028 0.5077
vn -0.3385 0.8903 0.3045
vn -0.7245 -0.0756 0.6851
vn -0.3378 -0.8717 0.3550
vn -0.4032 -0.8762 0.2641
vn -0.3866 -0.8541 0.3481
vn -0.6678 -0.0779 0.7403
vn 0.4393 -0.8499 -0.2911
vn 0.3527 -0.8522 -0.3863
vn 0.7308 0.1284 -0.6705
vn 0.3833 0.8617 -0.3325
vn -0.3053 0.8711 0.3847
vn 0.3817 0.8586 -0.3422
vn 0.7731 0.1295 -0.6209
vn 0.4326 -0.8317 -0.3481
vn -0.4767 -0.8618 0.1736
vn -0.8882 -0.1086 0.4464
vn -0.1664 -0.1131 -0.9796
vn -0.3555 -0.3199 -0.8782
vn -0.3583 -0.3222 -0.8763
vn -0.4446 -0.2620 -0.8565
vn -0.7204 0.0904 -0.6877
vn -0.1944 -0.6330 -0.7493
vn -0.4745 -0.4306 -0.7677
vn -0.0563 -0.2128 -0.9755
vn 0.0520 -0.3682 -0.9283
vn 0.0051 0.7768 0.6297
vn -0.4968 0.7922 0.3545
vn -0.3843 0.4542 0.8038
vn 0.3980 0.3812 0.8345
vn -0.1939 0.0124 0.9809
vn 0.2025 0.9108 -0.3599
vn 0.7062 0.6382 -0.3067
vn 0.3440 0.2316 -0.9100
vn 0.0664 0.3563 -0.9320
vn 0.1870 0.9582 0.2166
vn -0.5145 0.8460 -0.1400
vn -0.5150 0.3939 -0.7613
vn -0.0409 -0.3895 0.9201
vn -0.1542 -0.1982 0.9680
vn -0.5412 -0.4656 0.7002
vn -0.1389 -0.7279 0.6715
vn 0.4928 -0.6873 0.5336
vn 0.2987 -0.4330 0.8505
vn 0.4261 -0.0833 0.9008
vn -0.7463 0.2628 0.6115
vn -0.9244 0.3801 0.0328
vn -0.9881 -0.1458 -0.0498
vn -0.7154 -0.1114 0.6898
vn 0.3894 0.1107 -0.9144
vn 0.4580 -0.2306 -0.8585
vn 0.2512 -0.6163 -0.7464
vn 0.8738 -0.1024 0.4753
vn 0.9594 -0.1674 -0.2271
vn 0.8650 0.4189 -0.2763
vn 0.8228 0.3799 0.4227
vn 0.4627 0.1816 0.8677
vn 0.5098 -0.8532 -0.1104
vn -0.2903 -0.9533 -0.0839
vn -0.7952 -0.5995 -0.0907
vn -0.5813 -0.3651 -0.7272
vn -0.9067 -0.4161 -0.0692
vn -0.7160 -0.1620 -0.6791
vn -0.6560 -0.3072 0.6894
vn -0.1752 -0.1218 0.9770
vn -0.1095 -0.1626 -0.9806
vn 0.6978 0.6225 0.3543
vn -0.6021 0.7983 -0.0123
vn -0.6964 0.6896 0.1984
vn -0.6949 0.6924 0.1940
vn -0.8993 0.3881 -0.2013
vn -0.6185 0.5741 -0.5366
vn 0.1106 -0.2021 -0.9731
vn -0.5530 -0.5443 -0.6308
vn -0.0533 0.9782 -0.2005
vn 0.6805 0.6813 -0.2696
vn -0.1645 0.9358 0.3118
vn 0.8461 0.4384 0.3030
vn 0.7895 -0.5618 -0.2471
vn 0.1548 -0.8277 -0.5394
vn -0.0563 -0.8294 0.5557
vn 0.6187 -0.0045 0.7856
vn -0.2190 0.7040 0.6756
vn -0.9221 0.0624 0.3819
vn 0.1072 -0.9761 -0.1892
vn 0.7926 -0.5794 0.1898
vn -0.1659 0.8905 0.4236
vn -0.8595 0.5101 -0.0340
vn 0.7566 0.3568 0.5479
vn -0.8117 -0.4500 -0.3722
vn -0.7153 -0.3641 -0.5965
vn -0.7981 0.5875 -0.1337
vn 0.1421 -0.9048 -0.4014
vn 0.8037 -0.5784 0.1393
vn 0.7291 0.3593 0.5825
vn -0.1163 0.9060 0.4071
vn -0.0751 0.9358 0.3446
vn -0.7933 0.5851 -0.1682
vn -0.7271 -0.4015 -0.5569
vn 0.0962 -0.9270 -0.3625
vn 0.7995 -0.5835 0.1430
vn 0.7489 0.3939 0.5330
vn 0.7607 0.4249 0.4907
vn -0.0804 0.9462 0.3134
vn -0.8055 0.5705 -0.1603
vn -0.7400 -0.4330 -0.5147
vn 0.0947 -0.9367 -0.3371
vn 0.8115 -0.5711 0.1233
vn 0.8516 -0.5214 0.0537
vn 0.7452 0.4510 0.4912
vn 0.1592 -0.9005 -0.4047
vn -0.1519 0.9188 0.3644
vn -0.8399 0.5335 -0.0995
vn -0.7301 -0.4346 -0.5273
vn -0.6934 -0.4522 -0.5610
vn 0.1970 -0.8466 -0.4945
vn 0.8700 -0.4911 -0.0435
vn 0.7459 0.4442 0.4964
vn -0.2213 0.8749 0.4309
vn -0.8896 0.4521 -0.0647
vn -0.8830 0.2406 0.4029
vn -0.6536 0.5724 0.4951
vn -0.6538 0.5722 0.4951
vn -0.8503 0.3480 0.3949
vn -0.7275 0.5631 -0.3921
vn -0.9091 -0.3813 -0.1676
vn -0.8448 -0.5348 -0.0162
vn -0.8638 0.2807 0.4183
vn 0.1871 -0.9819 -0.0312
vn 0.2108 -0.7178 0.6636
vn -0.5830 -0.6345 0.5075
vn 0.9901 -0.0123 0.1399
vn 0.6363 -0.3302 0.6972
vn 0.1533 -0.3409 0.9275
vn 0.4083 -0.0063 0.9128
vn 0.2768 0.5521 0.7865
vn -0.4628 0.0369 0.8857
vn 0.8530 0.4107 -0.3219
vn 0.4397 0.0998 -0.8926
vn -0.2647 0.9097 0.3200
vn 0.2762 -0.6365 -0.7201
vn 0.2844 -0.7732 -0.5667
vn 0.8999 0.3910 -0.1931
vn 0.9180 0.3539 -0.1791
vn 0.2116 -0.8119 -0.5441
vn -0.0606 0.8932 0.4455
vn -0.8174 0.3754 0.4370
vn -0.7769 0.4433 0.4472
vn 0.0014 0.9038 0.4279
vn -0.8911 -0.4531 0.0257
vn -0.9097 -0.4122 0.0508
vn 0.1625 -0.8367 -0.5230
vn 0.1250 -0.8423 -0.5243
vn 0.9308 0.3143 -0.1865
vn 0.9319 0.2921 -0.2149
vn 0.0361 0.9101 0.4128
vn 0.9253 0.2805 -0.2553
vn 0.0557 0.9083 0.4145
vn -0.7601 0.4569 0.4620
vn -0.7612 0.4636 0.4535
vn -0.7499 0.4423 0.4920
vn 0.0784 0.8950 0.4391
vn -0.9238 -0.3781 0.0597
vn -0.9265 -0.3702 0.0673
vn 0.0639 -0.8042 -0.5909
vn 0.0898 -0.8220 -0.5623
vn 0.0459 -0.8356 -0.5474
vn -0.9072 -0.4013 0.1265
vn 0.9230 0.2691 -0.2750
vn 0.9354 0.2379 -0.2617
vn 0.0846 0.8714 0.4832
vn -0.7452 0.3858 0.5438
vn -0.9172 -0.3928 0.0663
vn -0.1177 0.8884 0.4437
vn 0.9566 -0.2478 0.1534
vn 0.9565 -0.2477 0.1541
vn 0.9632 -0.2607 0.0657
vn 0.7311 0.4882 0.4767
vn 0.0396 0.9978 -0.0534
vn -0.5445 0.8175 0.1873
vn -0.3679 0.3472 0.8626
vn 0.3447 -0.3479 0.8719
vn 0.7217 -0.1053 -0.6841
vn 0.5362 -0.8441 -0.0007
vn -0.5851 -0.7366 -0.3391
vn -0.1980 0.2495 -0.9479
vn 0.9202 0.1713 -0.3521
vn 0.3420 -0.7385 0.5811
vn -0.3712 0.7736 -0.5135
vn -0.9389 -0.0972 0.3300
vn 0.3927 -0.6223 0.6772
vn 0.9020 0.2303 -0.3652
vn -0.3465 0.6185 -0.7053
vn -0.9481 -0.1714 0.2678
vn -0.9377 -0.2025 0.2823
vn 0.4419 -0.5663 0.6957
vn 0.8824 0.2691 -0.3859
vn -0.3765 0.5746 -0.7267
vn -0.3989 0.6281 -0.6681
vn -0.9329 -0.2428 0.2660
vn 0.4880 -0.6478 0.5849
vn 0.8473 0.3014 -0.4373
vn -0.3684 -0.0734 -0.9268
vn 0.9344 -0.0906 -0.3446
vn 0.0883 0.4271 -0.8999
vn 0.2102 0.9311 0.2980
vn -0.9605 -0.1992 0.1945
vn -0.5025 -0.8626 -0.0590
vn 0.8767 0.2608 0.4042
vn 0.1834 0.7997 0.5716
vn -0.0622 -0.4714 -0.8797
vn 0.9608 -0.1717 -0.2174
vn -0.0486 -0.8850 -0.4630
vn -0.8086 0.3064 -0.5024
vn -0.9899 0.0361 -0.1368
vn 0.1389 0.7897 0.5975
vn -0.0629 -0.7573 -0.6500
vn 0.9650 -0.2368 -0.1129
vn 0.9701 -0.2229 -0.0960
vn -0.0767 -0.8147 -0.5748
vn -0.9979 -0.0603 -0.0230
vn 0.1245 0.8626 0.4903
vn 0.1195 0.8010 0.5866
vn -0.9984 -0.0140 -0.0555
vn -0.0597 -0.8686 -0.4918
vn 0.9683 -0.2135 -0.1298
vn 0.2905 0.9127 0.2876
vn 0.4704 -0.5203 0.7128
vn 0.9568 -0.0537 0.2857
vn 0.9106 0.0718 0.4071
vn 0.1274 -0.0521 0.9905
vn 0.5986 0.5231 0.6067
vn -0.1763 0.6453 0.7434
vn -0.2073 0.0087 0.9782
vn 0.7163 0.1533 0.6807
vn 0.3686 0.9086 -0.1965
vn 0.7331 0.2859 -0.6172
vn 0.4752 -0.8552 -0.2069
vn 0.6888 -0.3568 -0.6311
vn -0.2422 -0.9327 -0.2673
vn -0.5286 -0.5459 -0.6501
vn -0.6461 -0.7090 0.2826
vn -0.8895 0.4430 0.1124
vn -0.4582 0.5674 -0.6841
vn -0.4342 0.0489 -0.8995
vn -0.9840 -0.0675 0.1651
vn -0.4743 -0.0951 -0.8752
vn 0.7112 0.0873 -0.6975
vn -0.9738 -0.1238 0.1909
vn -0.1352 0.0279 0.9904
vn -0.9623 -0.1437 0.2311
vn -0.5483 -0.0750 -0.8329
vn -0.1135 -0.0188 0.9934
vn 0.8016 0.1031 0.5888
vn 0.7611 0.1421 0.6329
vn -0.9588 -0.0367 0.2818
vn -0.0889 -0.0262 0.9957
vn 0.8415 0.0079 0.5402
vn 0.6448 0.0465 -0.7629
vn 0.6594 0.0713 -0.7484
vn 0.8848 0.0041 0.4659
vn 0.6638 0.0518 -0.7461
vn -0.6250 0.0038 -0.7806
vn -0.6044 0.0212 -0.7964
vn 0.6736 0.0134 -0.7390
vn -0.6347 -0.1710 -0.7536
vn -0.8834 -0.2130 0.4175
vn -0.9377 -0.0425 0.3448
vn 0.0122 -0.0112 0.9999
vn -0.3811 0.7239 -0.5751
vn 0.3927 -0.7293 0.5602
vn 0.9553 -0.1405 0.2600
vn 0.8998 0.2803 0.3345
vn -0.1632 -0.4292 0.8883
vn 0.4033 -0.8207 -0.4046
vn 0.3406 -0.1288 -0.9314
vn -0.6277 -0.6997 -0.3414
vn -0.1795 0.4806 0.8584
vn 0.3212 0.9456 -0.0521
vn -0.9040 0.4187 -0.0861
vn -0.2000 0.3608 -0.9110
vn 0.0408 0.0229 -0.9989
vn -0.9196 -0.3843 -0.0821
vn -0.1813 -0.0318 0.9829
vn 0.8893 0.4316 0.1510
vn 0.9071 0.4169 0.0583
vn -0.1027 -0.0011 0.9947
vn -0.9054 -0.3881 -0.1721
vn -0.8871 -0.3885 -0.2490
vn -0.2498 -0.0780 0.9652
vn 0.8876 0.3774 0.2640
vn 0.2166 0.1259 -0.9681
vn 0.1776 0.1127 -0.9776
vn 0.8719 0.4389 0.2173
vn -0.2558 -0.1913 0.9476
vn -0.8634 -0.4084 -0.2961
vn 0.1275 0.0707 -0.9893
vn 0.6476 0.7090 0.2792
vn 0.6441 0.7003 0.3079
vn 0.6454 0.7023 0.3005
vn 0.6477 0.7086 0.2799
vn 0.1318 0.0482 0.9901
vn -0.6649 0.4473 0.5982
vn -0.9273 -0.3081 0.2126
vn -0.4691 -0.8322 0.2954
vn 0.1141 -0.5964 0.7945
vn 0.5330 -0.7722 -0.3458
vn 0.0761 -0.9383 -0.3373
vn -0.4293 -0.5146 -0.7422
vn 0.1523 -0.0260 -0.9880
vn -0.7032 -0.6888 -0.1764
vn -0.8460 0.1307 -0.5169
vn -0.5298 0.6341 -0.5632
vn 0.5191 0.0315 -0.8541
vn 0.7912 0.4678 -0.3939
vn 0.9580 0.1555 0.2410
vn 0.7824 -0.6214 -0.0427
vn 0.0411 0.8852 0.4635
vn 0.2760 0.9543 -0.1148
vn -0.3541 0.6984 -0.6220
vn -0.8143 0.4208 0.3998
vn 0.3932 -0.0809 -0.9159
vn -0.4091 0.6347 -0.6556
vn 0.7065 -0.6903 -0.1561
vn 0.7204 -0.6571 -0.2221
vn 0.3373 -0.0675 -0.9390
vn 0.1465 -0.5179 0.8428
vn 0.2145 -0.4876 0.8463
vn 0.2492 -0.4752 0.8439
vn 0.6834 -0.6755 -0.2769
vn -0.7465 0.4923 0.4475
vn -0.6730 0.5600 0.4832
vn -0.6053 0.5982 0.5252
vn -0.4107 0.6820 -0.6052
vn -0.5598 0.6039 0.5674
vn -0.4183 0.6500 -0.6344
vn 0.1931 -0.0352 -0.9805
vn 0.6040 -0.7238 -0.3337
vn 0.2322 -0.5093 0.8287
vn 0.2469 -0.0641 -0.9669
vn -0.4061 0.6523 -0.6400
vn 0.7703 0.1432 0.6215
vn 0.1154 -0.5272 0.8419
vn 0.1841 0.6464 -0.7404
vn 0.9112 -0.3850 -0.1465
vn 0.8906 0.0749 -0.4485
vn 0.1917 0.5597 0.8062
vn 0.6387 0.0008 0.7695
vn 0.1602 -0.9571 -0.2414
vn -0.0788 -0.5321 -0.8430
vn -0.6148 -0.7064 0.3508
vn -0.9563 -0.2107 0.2025
vn -0.0415 -0.3729 0.9269
vn 0.2159 0.9751 0.0504
vn -0.7225 0.3178 -0.6140
vn -0.9564 -0.2819 0.0766
vn 0.1284 0.7963 0.5910
vn 0.0975 -0.6587 -0.7461
vn 0.1227 -0.1470 -0.9815
vn 0.9285 0.0583 -0.3667
vn 0.1104 -0.7614 -0.6388
vn 0.9050 0.1218 -0.4076
vn -0.9335 -0.2501 0.2570
vn 0.2530 0.7126 0.6544
vn 0.1587 0.8171 0.5543
vn -0.9389 -0.2925 0.1812
vn -0.0098 -0.6910 -0.7228
vn 0.9102 0.0629 -0.4093
vn 0.6612 0.4010 -0.6340
vn -0.6241 -0.1018 -0.7747
vn -0.6582 -0.1655 -0.7344
vn -0.5100 -0.3820 -0.7707
vn -0.5340 -0.2559 -0.8058
vn -0.8177 0.2086 -0.5365
vn -0.8975 -0.0035 -0.4411
vn 0.2901 0.3766 0.8798
vn 0.6171 0.3867 0.6853
vn 0.6607 0.7472 0.0716
vn 0.0802 0.9393 0.3336
vn 0.4080 -0.2326 0.8829
vn 0.7121 -0.0306 0.7014
vn 0.8086 -0.5583 0.1857
vn 0.9831 -0.1635 -0.0825
vn 0.9558 0.2915 0.0377
vn 0.5155 -0.5755 -0.6349
vn 0.7740 -0.1917 -0.6035
vn -0.1105 0.1889 0.9758
vn -0.5260 0.6224 0.5796
vn -0.6960 0.0488 0.7163
vn -0.1673 -0.9223 0.3483
vn 0.2592 -0.8868 0.3826
vn 0.1623 -0.2890 0.9435
vn -0.4548 -0.5269 0.7180
vn -0.5472 0.3742 -0.7487
vn -0.0170 0.2597 -0.9655
vn -0.4533 -0.1645 -0.8760
vn -0.8016 0.5962 -0.0450
vn -0.2216 0.9059 -0.3609
vn -0.0897 -0.5228 -0.8477
vn 0.0086 -0.8940 -0.4481
vn -0.3364 -0.5863 -0.7369
vn 0.2250 -0.8289 -0.5121
vn -0.4954 -0.5890 -0.6384
vn -0.3919 -0.8746 -0.2856
vn -0.8503 -0.5238 -0.0515
vn -0.7440 -0.3086 -0.5926
vn -0.9990 0.0329 0.0313
vn 0.3803 0.6675 -0.6401
vn 0.6520 0.2344 -0.7211
vn 0.2848 -0.1473 -0.9472
vn 0.4928 -0.8164 0.3009
vn -0.7954 -0.4229 0.4342
vn -0.7963 -0.4216 0.4338
vn -0.8441 -0.3419 0.4130
vn 0.1065 0.9817 -0.1578
vn -0.4805 0.8572 0.1854
vn -0.0619 0.7343 0.6760
vn 0.9559 0.1624 -0.2445
vn 0.7464 0.2331 0.6233
vn 0.7313 -0.4791 0.4855
vn 0.9198 -0.3902 -0.0411
vn -0.6420 0.2499 0.7248
vn -0.6643 0.7350 0.1358
vn -0.9633 0.2670 -0.0284
vn -0.4885 0.6064 -0.6274
vn -0.2111 0.1434 -0.9669
vn -0.8994 -0.3957 -0.1857
vn 0.4304 -0.9026 0.0001
vn 0.0915 -0.2860 0.9538
vn -0.3057 -0.9517 -0.0279
vn 0.7001 -0.6394 -0.3178
vn 0.3731 -0.4063 -0.8341
vn -0.7971 -0.5976 -0.0870
vn -0.0637 -0.0507 -0.9967
vn 0.7265 0.5409 -0.4238
vn 0.6098 0.4479 0.6539
vn -0.2428 -0.1854 0.9522
vn -0.8040 -0.5769 -0.1443
vn -0.2928 -0.3056 0.9060
vn -0.1253 -0.0554 -0.9906
vn 0.7393 0.4847 -0.4675
vn 0.6154 0.3652 0.6985
vn -0.3769 -0.2602 0.8890
vn -0.8449 -0.5018 -0.1853
vn -0.1383 -0.0643 -0.9883
vn 0.7673 0.4457 -0.4611
vn 0.6113 0.3444 0.7125
vn -0.4278 -0.2255 0.8753
vn 0.5637 0.3666 0.7401
vn -0.8583 -0.4769 -0.1894
vn -0.1429 -0.0262 -0.9894
vn 0.7515 0.5078 -0.4213
vn 0.4902 0.3989 0.7750
vn -0.4532 -0.2324 0.8606
vn 0.6479 0.6702 -0.3621
vn 0.4602 0.5228 -0.7175
vn 0.5191 0.5592 -0.6464
vn 0.5710 0.5891 -0.5718
vn -0.1783 -0.3337 -0.9257
vn -0.0727 -0.0593 -0.9956
vn -0.2356 -0.2966 -0.9255
vn 0.0492 0.0919 -0.9946
vn 0.1499 0.1840 -0.9714
vn 0.1008 0.1428 -0.9846
vn -0.0554 0.1285 -0.9902
vn 0.0113 0.3297 -0.9440
vn 0.1089 0.1506 -0.9826
vn -0.1511 -0.1425 -0.9782
vn -0.2125 -0.0375 -0.9764
vn -0.1754 -0.1437 -0.9739
vn -0.2304 -0.0930 -0.9686
vn -0.1189 -0.1086 -0.9870
vn 0.0726 0.2641 -0.9618
vn 0.0285 0.1894 -0.9815
vn -0.0976 0.2100 -0.9728
vn -0.1385 0.4212 -0.8963
vn -0.1352 0.2934 -0.9464
vn -0.1567 0.1747 -0.9721
vn -0.0936 -0.0319 -0.9951
vn -0.1129 -0.0694 -0.9912
vn -0.1122 -0.1976 -0.9738
vn 0.1085 0.4677 -0.8772
vn -0.1380 0.3359 -0.9317
vn -0.0316 -0.0499 -0.9983
vn -0.1068 -0.0129 -0.9942
vn -0.0407 -0.0540 -0.9977
vn 0.1260 -0.1002 -0.9870
vn -0.2173 0.4872 -0.8458
vn -0.1597 0.4145 -0.8959
vn -0.4148 0.2674 -0.8697
vn -0.5065 0.3864 -0.7708
vn 0.0765 0.2456 -0.9664
vn -0.2440 0.2316 -0.9417
vn -0.0647 0.7486 -0.6598
vn 0.2669 0.4287 -0.8631
vn 0.1506 -0.2578 -0.9544
vn 0.0787 -0.3062 -0.9487
vn -0.1792 0.2681 -0.9466
vn -0.0696 -0.2339 -0.9698
vn -0.1483 -0.4717 -0.8692
vn -0.2535 -0.5006 -0.8277
vn -0.2075 -0.0036 -0.9782
vn 0.0319 -0.2430 -0.9695
vn -0.0289 -0.1134 -0.9931
vn 0.3656 -0.1565 -0.9175
vn 0.0413 -0.1431 -0.9889
vn 0.1336 0.0006 -0.9910
vn -0.2135 -0.0587 -0.9752
vn 0.0210 -0.3811 -0.9243
vn -0.2521 -0.4277 -0.8680
vn -0.3725 -0.3327 -0.8663
vn -0.3147 -0.2378 -0.9189
vn -0.0152 -0.0229 -0.9996
vn 0.1709 -0.0467 -0.9842
vn 0.1304 0.0183 -0.9913
vn 0.1635 0.0438 -0.9856
vn 0.1685 -0.1876 -0.9677
vn 0.1061 -0.1119 -0.9880
vn -0.2253 -0.1228 -0.9665
vn 0.1198 -0.1307 -0.9842
vn -0.0957 -0.1037 -0.9900
vn -0.1326 -0.3041 -0.9434
vn -0.2845 -0.3809 -0.8798
vn 0.0093 -0.1221 -0.9925
vn -0.0375 -0.2068 -0.9777
vn -0.2568 -0.1997 -0.9456
vn 0.0652 0.0475 -0.9967
vn 0.0120 0.2630 -0.9647
vn -0.1046 0.1790 -0.9783
vn 0.0878 0.1188 -0.9890
vn -0.2360 0.0867 -0.9679
vn 0.1282 -0.1602 -0.9787
vn 0.1995 -0.2203 -0.9548
vn 0.3952 0.0704 -0.9159
vn 0.5668 -0.0006 -0.8239
vn 0.7331 0.3830 -0.5621
vn 0.4184 0.2071 -0.8843
vn 0.1964 0.0486 -0.9793
vn -0.1003 0.2545 -0.9619
vn 0.2990 0.1035 -0.9486
vn 0.2743 0.0108 -0.9616
vn 0.0113 -0.0463 -0.9989
vn 0.0933 0.1213 -0.9882
vn 0.6668 0.1529 -0.7294
vn -0.3518 -0.0357 -0.9354
vn -0.2365 -0.2997 -0.9243
vn 0.0848 0.1337 -0.9874
vn -0.2696 0.1915 -0.9437
vn 0.0754 0.0855 -0.9935
vn -0.2462 0.1279 -0.9607
vn -0.2087 0.2186 -0.9532
vn -0.0172 0.2705 -0.9626
vn -0.1204 0.0554 -0.9912
vn 0.0129 0.1727 -0.9849
vn 0.2819 -0.4504 -0.8472
vn 0.1953 -0.2071 -0.9586
vn 0.3566 -0.2124 -0.9098
vn 0.0063 0.2433 -0.9699
vn -0.4218 -0.6053 -0.6751
vn -0.2618 -0.3416 -0.9026
vn -0.3675 -0.6073 -0.7044
vn -0.3742 0.0162 -0.9272
vn -0.4036 -0.7832 -0.4729
vn -0.4893 -0.4739 -0.7321
vn -0.0455 -0.2501 -0.9672
vn -0.1272 -0.5184 -0.8457
vn 0.1947 -0.4630 -0.8647
vn 0.1640 -0.2994 -0.9399
vn -0.0128 -0.1006 -0.9948
vn -0.0143 -0.2493 -0.9683
vn -0.2125 0.0107 -0.9771
vn -0.0374 0.0848 -0.9957
vn -0.0446 0.0010 -0.9990
vn -0.2693 0.0398 -0.9622
vn 0.0976 -0.0902 -0.9911
vn 0.1033 -0.2497 -0.9628
vn 0.1213 -0.3415 -0.9320
vn 0.1368 -0.6084 -0.7818
vn 0.1285 -0.6497 -0.7492
vn 0.0674 -0.2972 -0.9524
vn 0.0360 0.2109 -0.9768
vn 0.1323 0.1997 -0.9709
vn 0.2092 -0.0318 -0.9774
vn -0.1720 0.0329 -0.9846
vn -0.1800 -0.0521 -0.9823
vn -0.6278 -0.3269 -0.7063
vn -0.7681 -0.0814 -0.6351
vn -0.4843 -0.3145 0.8164
vn 0.2862 -0.2054 -0.9359
vn 0.0439 0.0175 -0.9989
vn -0.2061 0.2020 -0.9574
vn -0.2939 -0.0448 -0.9548
vn -0.2714 0.0689 -0.9600
vn -0.1978 0.7232 -0.6617
vn 0.2275 0.9399 -0.2545
vn 0.5798 0.8144 -0.0234
vn 0.3776 0.4143 -0.8281
vn 0.3017 0.3959 -0.8673
vn -0.2174 -0.2724 -0.9373
vn -0.1085 -0.2881 -0.9514
vn 0.0680 -0.0864 -0.9939
vn 0.0222 0.0321 -0.9992
vn 0.0944 0.1285 -0.9872
vn 0.0799 0.1827 -0.9799
vn -0.8332 -0.1826 -0.5219
vn -0.8268 0.1320 -0.5468
vn -0.8424 0.1555 -0.5160
vn -0.6585 0.5791 -0.4807
vn -0.5443 0.6674 -0.5083
vn -0.7683 -0.3117 -0.5591
vn 0.0694 -0.9938 -0.0874
vn 0.1975 -0.9758 0.0941
vn -0.6149 -0.6824 -0.3951
vn -0.2342 0.8629 0.4478
vn -0.6767 0.7361 0.0141
vn -0.9316 0.3221 0.1684
vn -0.7305 0.0872 0.6774
vn 0.1966 0.9666 -0.1644
vn -0.5220 0.7358 -0.4314
vn -0.9534 0.1308 -0.2720
vn 0.2161 0.5715 -0.7916
vn 0.2382 0.9712 -0.0039
vn 0.8549 -0.2500 0.4547
vn 0.8689 -0.4160 -0.2682
vn 0.0024 -0.5126 -0.8586
vn -0.6855 -0.4191 -0.5954
vn -0.6697 0.4477 -0.5925
vn 0.1623 -0.9141 -0.3715
vn -0.0730 -0.9913 -0.1093
vn 0.7799 0.4762 0.4061
vn 0.3693 0.5171 0.7722
vn 0.0666 -0.2549 0.9647
vn 0.6314 -0.3813 0.6753
vn -0.2029 0.6581 -0.7251
vn -0.5465 0.4569 -0.7018
vn -0.3515 0.8543 -0.3829
vn 0.2447 0.7133 -0.6568
vn -0.3990 0.7840 -0.4756
vn -0.8111 0.0398 -0.5836
vn -0.7171 0.0515 -0.6950
vn -0.7120 0.0173 -0.7020
vn 0.9368 0.3229 0.1347
vn 0.8530 0.4987 0.1536
vn 0.6186 0.7661 0.1745
vn 0.5927 -0.2650 0.7605
vn 0.6177 -0.4394 0.6522
vn 0.5644 0.8193 0.1009
vn 0.3080 0.8043 0.5081
vn -0.0680 -0.7976 0.5994
vn -0.8361 -0.5144 0.1904
vn -0.8123 0.0128 -0.5831
vn -0.6919 -0.6858 -0.2258
vn -0.0274 -0.9411 0.3371
vn 0.6812 -0.3734 0.6298
vn 0.7854 0.5409 0.3010
vn 0.1687 0.9278 -0.3328
vn -0.4529 0.6425 -0.6181
vn -0.7468 -0.0116 -0.6650
vn -0.5337 0.5570 -0.6363
vn -0.6209 -0.7165 -0.3180
vn 0.0143 -0.9533 0.3017
vn 0.6389 -0.3294 0.6951
vn 0.5697 0.7003 0.4301
vn -0.1248 0.9472 -0.2955
vn -0.6069 -0.7210 -0.3345
vn 0.0247 -0.9430 0.3319
vn 0.0430 -0.9483 0.3143
vn 0.7369 -0.3991 0.5455
vn 0.1157 -0.9494 0.2921
vn 0.5530 0.8332 -0.0051
vn -0.5892 -0.7730 -0.2350
vn -0.5804 -0.7439 -0.3312
vn 0.8479 -0.3642 0.3852
vn 0.4516 0.8922 -0.0013
vn 0.8625 -0.3653 0.3503
vn -0.7317 0.5505 -0.4020
vn 0.3570 0.9300 0.0877
vn -0.8531 -0.3664 -0.3714
vn -0.1504 -0.9882 0.0297
vn 0.8212 -0.3555 0.4463
vn 0.3270 0.9409 0.0882
vn 0.8287 -0.3287 0.4530
vn -0.7333 0.5300 -0.4259
vn -0.8174 -0.4179 -0.3966
vn -0.1336 -0.9910 0.0062
vn 0.2993 0.9510 0.0778
vn 0.8380 -0.3055 0.4522
vn -0.7083 0.4948 -0.5034
vn -0.7405 -0.4646 -0.4856
vn -0.0798 -0.9947 -0.0641
vn 0.8117 -0.2806 0.5122
vn 0.2455 0.9650 0.0918
vn -0.7147 0.4684 -0.5194
vn -0.7267 -0.4847 -0.4868
vn -0.0704 -0.9970 -0.0328
vn 0.7405 -0.3866 0.5497
vn 0.7533 -0.3739 0.5411
vn 0.6396 -0.4740 0.6052
vn 0.7521 -0.0880 0.6532
vn 0.6192 -0.6582 0.4282
vn 0.6632 -0.5620 0.4943
vn 0.1402 -0.8605 0.4898
vn 0.1641 -0.9716 0.1707
vn -0.7454 0.4616 -0.4810
vn -0.6945 0.4284 -0.5780
vn -0.5806 0.3857 -0.7171
vn -0.8113 0.2286 -0.5381
vn -0.5257 0.2236 -0.8208
vn 0.5364 -0.6887 -0.4877
vn 0.0751 0.0302 -0.9967
vn 0.1735 0.3133 -0.9337
vn 0.0357 -0.9972 -0.0657
vn -0.6196 -0.6113 -0.4924
vn 0.2955 -0.9130 -0.2813
vn 0.1658 -0.9852 -0.0442
vn -0.0587 -0.4384 -0.8969
vn -0.4924 0.2569 -0.8316
vn -0.1769 0.6273 -0.7584
vn 0.2588 0.3857 -0.8856
vn -0.2716 -0.0410 -0.9615
vn -0.7273 0.2766 -0.6282
vn -0.5738 0.6307 -0.5225
vn -0.5984 -0.1753 -0.7818
vn 0.9173 0.3514 -0.1872
vn 0.9609 -0.1788 -0.2115
vn 0.6380 0.0333 -0.7693
vn -0.7389 0.3986 -0.5432
vn -0.7642 0.3986 -0.5071
vn -0.8606 0.3883 -0.3296
vn -0.8505 0.4496 -0.2730
vn -0.7658 0.4964 -0.4088
vn -0.7516 0.4885 -0.4432
vn -0.8109 0.3293 -0.4837
vn -0.8505 0.3824 -0.3612
vn -0.7328 0.4770 -0.4853
vn -0.7291 0.6270 -0.2742
vn 0.6329 -0.6725 -0.3838
vn 0.1689 -0.4565 -0.8736
vn 0.9302 -0.1528 0.3337
vn 0.5796 -0.8001 -0.1545
vn -0.1372 -0.6938 -0.7070
vn 0.5443 -0.8162 0.1936
vn 0.5795 -0.7666 0.2766
vn -0.1855 -0.7901 -0.5843
vn 0.5417 -0.8404 0.0157
vn 0.2654 -0.3907 0.8814
vn 0.6268 -0.1329 0.7677
vn 0.3422 0.3265 0.8811
vn -0.0655 -0.0212 0.9976
vn 0.5768 0.4593 0.6756
vn -0.3081 0.7941 0.5239
vn -0.7027 0.3614 0.6129
vn -0.9317 -0.0967 0.3502
vn -0.2105 -0.5399 0.8150
vn 0.2047 -0.9788 0.0036
vn 0.5785 -0.7325 0.3588
vn 0.7744 -0.1501 0.6147
vn 0.6507 0.4639 0.6011
vn 0.0640 0.9766 0.2052
vn -0.0358 0.9587 0.2821
vn -0.6019 0.7337 -0.3153
vn -0.5488 0.7820 -0.2954
vn -0.7071 0.5526 -0.4413
vn -0.7345 0.4727 -0.4869
vn -0.7712 0.2605 -0.5808
vn -0.7065 -0.6238 -0.3343
vn -0.8880 -0.4597 -0.0100
vn -0.5207 -0.6556 -0.5469
vn -0.5831 -0.6692 -0.4606
vn 0.8147 -0.1727 0.5535
vn 0.7010 0.4742 0.5326
vn 0.1468 0.9746 0.1691
vn -0.4933 0.8247 -0.2766
vn -0.7038 0.5570 -0.4409
vn -0.7176 0.5439 -0.4350
vn -0.7239 0.5438 -0.4245
vn -0.7826 0.3318 -0.5267
vn -0.7234 -0.0591 -0.6879
vn 0.8513 -0.1617 0.4992
vn 0.8157 -0.1827 0.5488
vn 0.6935 0.4908 0.5274
vn 0.6823 0.5355 0.4978
vn 0.1477 0.9703 0.1915
vn 0.2273 0.9493 0.2174
vn -0.4896 0.8375 -0.2427
vn -0.3934 0.9005 -0.1853
vn -0.0948 0.9781 -0.1852
vn 0.2473 0.9371 -0.2464
vn 0.6422 0.7199 -0.2635
vn 0.3514 0.9158 0.1946
vn 0.7504 0.5840 0.3097
vn -0.3153 0.6350 -0.7052
vn -0.2334 0.6706 -0.7041
vn -0.3598 0.6130 -0.7034
vn 0.1892 -0.4282 0.8837
vn -0.0794 -0.4885 0.8689
vn 0.0535 -0.9973 0.0494
vn 0.6070 -0.7289 0.3168
vn 0.3944 -0.0315 0.9184
vn 0.9419 0.0297 0.3346
vn 0.2315 0.2460 0.9412
vn 0.7288 -0.4688 -0.4991
vn 0.4583 -0.5347 -0.7099
vn 0.7404 0.1623 -0.6523
vn 0.8891 -0.0402 -0.4560
vn -0.9587 0.1470 -0.2436
vn 0.7431 0.6529 0.1464
vn -0.4620 0.0042 -0.8869
vn -0.1045 -0.3981 -0.9114
vn -0.6259 -0.7569 -0.1878
vn -0.8406 -0.5166 -0.1628
vn 0.0891 0.5661 -0.8195
vn 0.3789 0.4345 -0.8171
vn -0.7075 -0.1670 0.6867
vn -0.4902 -0.3943 0.7773
vn -0.0006 0.4586 0.8887
vn -0.3144 0.5413 0.7799
vn -0.7657 0.4148 0.4917
vn -0.0639 0.9952 -0.0736
vn 0.3477 0.9349 0.0719
vn -0.5777 0.7725 -0.2636
vn -0.3095 -0.9454 -0.1018
vn -0.2520 -0.5073 0.8241
vn 0.1792 -0.4879 -0.8543
vn 0.5948 0.3200 -0.7374
vn 0.5279 0.8439 0.0960
vn 0.1354 0.3874 0.9119
vn -0.4800 0.0927 -0.8724
vn 0.2236 0.1226 -0.9669
vn 0.1486 -0.1128 -0.9824
vn -0.4071 -0.1628 -0.8988
vn -0.2568 0.2978 -0.9194
vn -0.1409 0.7363 -0.6618
vn -0.7191 0.2130 -0.6614
vn -0.7401 0.6502 -0.1715
vn 0.3838 0.4786 -0.7897
vn -0.1538 -0.6085 -0.7785
vn 0.3566 -0.4657 -0.8099
vn 0.6578 0.6024 -0.4521
vn 0.4898 0.6503 -0.5807
vn 0.1490 0.9379 -0.3132
vn 0.5275 0.8374 -0.1434
vn 0.7400 0.3224 -0.5903
vn 0.0928 0.0699 0.9932
vn 0.0488 0.1864 0.9813
vn -0.0416 0.1435 0.9888
vn 0.0497 -0.0190 0.9986
vn -0.8497 -0.0026 0.5273
vn -0.6685 -0.3137 0.6744
vn -0.1548 0.0152 0.9878
vn -0.5725 0.4058 0.7124
vn -0.0398 -0.1551 0.9871
vn 0.3027 -0.6753 0.6725
vn 0.6469 -0.3134 0.6952
vn -0.9862 0.0474 -0.1586
vn -0.2513 0.8010 0.5433
vn 0.6531 -0.1205 -0.7476
vn 0.9246 -0.3261 -0.1971
vn 0.4887 -0.8340 -0.2562
vn -0.3657 -0.8887 -0.2768
vn -0.8759 -0.4221 -0.2337
vn 0.2344 0.6652 0.7089
vn 0.5877 0.4035 0.7012
vn 0.8430 0.5300 -0.0914
vn 0.9825 0.1290 -0.1344
vn 0.7156 0.0561 0.6962
vn -0.3031 -0.6825 0.6651
vn -0.3157 0.7269 0.6098
vn -0.0745 0.7554 0.6511
vn -0.0375 0.7557 0.6539
vn -0.5725 0.8194 0.0283
vn -0.7727 0.5569 -0.3045
vn -0.7228 0.5546 0.4123
vn 0.3919 0.9076 -0.1507
vn 0.8275 0.4894 0.2753
vn 0.5703 0.4987 -0.6527
vn 0.2202 0.3519 0.9098
vn -0.9885 0.0859 -0.1243
vn -0.9357 0.3277 0.1302
vn -0.8973 0.3228 -0.3012
vn -0.8038 0.2568 -0.5366
vn -0.7790 -0.0350 -0.6261
vn -0.6647 0.3055 -0.6817
vn -0.3461 0.1061 -0.9322
vn -0.8827 0.3663 -0.2946
vn 0.4875 -0.7062 -0.5135
vn 0.6982 -0.5937 -0.4000
vn 0.6629 -0.5960 0.4532
vn 0.4817 -0.8083 0.3385
vn 0.0117 -0.5178 0.8554
vn -0.3706 -0.0858 0.9248
vn -0.4680 -0.6391 0.6103
vn -0.0075 -0.9955 -0.0948
vn 0.3621 -0.9057 0.2203
vn 0.4007 -0.7582 -0.5143
vn 0.2207 -0.3263 0.9191
vn 0.2393 -0.0788 0.9677
vn -0.0789 0.0155 0.9968
vn 0.1784 -0.3320 0.9263
vn 0.9023 -0.0726 0.4249
vn -0.2380 0.4919 0.8375
vn -0.4585 0.2494 0.8530
vn -0.8539 0.3973 0.3361
vn -0.7478 0.1674 0.6425
vn -0.2797 0.5627 -0.7779
vn -0.0383 0.3292 -0.9435
vn 0.0773 -0.3634 -0.9284
vn -0.5114 -0.6700 -0.5381
vn -0.9021 -0.3376 0.2688
vn 0.7647 -0.1131 -0.6344
vn 0.2783 -0.2035 -0.9387
vn -0.1512 0.9873 -0.0494
vn -0.4831 0.4434 -0.7550
vn -0.8775 0.4565 0.1470
vn -0.2160 0.8529 0.4753
vn 0.0200 0.9815 -0.1903
vn 0.7251 0.0306 -0.6879
vn 0.2437 0.2998 -0.9224
vn 0.3249 0.8784 0.3505
vn -0.4791 0.0211 0.8775
vn 0.0239 -0.9124 0.4086
vn 0.5824 0.2028 0.7872
vn 0.8687 -0.3828 -0.3144
vn -0.7522 -0.0312 0.6582
vn -0.7189 0.0764 0.6909
vn -0.4272 -0.8410 -0.3319
vn 0.7107 -0.0792 -0.6990
vn 0.4047 0.8471 0.3444
vn -0.7447 0.0131 0.6672
vn 0.3462 0.8858 0.3089
vn -0.3439 -0.8681 -0.3579
vn 0.7046 -0.0316 -0.7089
vn 0.3241 0.8901 0.3204
vn 0.7506 -0.0344 -0.6599
vn -0.7337 -0.0167 0.6792
vn -0.2704 -0.9100 -0.3143
vn -0.3433 -0.8569 -0.3846
vn -0.5732 -0.3476 -0.7420
vn 0.1500 -0.4622 -0.8740
vn 0.1296 -0.4799 -0.8677
vn -0.1474 -0.6763 -0.7217
vn -0.2635 -0.4832 -0.8349
vn -0.3549 -0.8416 -0.4071
vn -0.8216 -0.5580 -0.1164
vn -0.7303 -0.2130 -0.6490
vn -0.0039 0.5062 0.8624
vn -0.2426 0.8733 0.4224
vn -0.6107 0.4475 0.6533
vn -0.0920 0.1929 0.9769
vn 0.3337 0.0378 0.9419
vn 0.3765 0.4784 0.7933
vn 0.6401 0.1988 -0.7421
vn 0.5775 0.6134 -0.5387
vn 0.7892 0.6122 0.0486
vn 0.9911 0.0607 -0.1185
vn 0.1691 0.8216 -0.5444
vn 0.2896 0.9366 0.1970
vn 0.1252 0.3248 -0.9375
vn 0.7223 0.3121 0.6172
vn 0.7717 -0.0193 0.6357
vn -0.8599 0.4836 -0.1635
vn -0.4849 0.3731 -0.7910
vn -0.6190 0.0511 -0.7837
vn -0.9738 0.2251 -0.0317
vn -0.4235 0.8187 -0.3879
vn -0.0082 -0.1577 0.9875
vn -0.0115 -0.5212 0.8533
vn 0.2677 -0.3667 0.8910
vn -0.9955 -0.0931 0.0146
vn -0.4881 -0.6290 0.6051
vn -0.1398 -0.9493 0.2814
vn 0.0733 -0.7746 0.6282
vn 0.4613 -0.8867 -0.0319
vn 0.4289 -0.6733 0.6022
vn 0.1991 -0.7275 -0.6566
vn 0.5402 -0.2850 -0.7918
vn 0.8830 -0.4423 -0.1570
vn -0.0055 -0.1017 -0.9948
vn -0.5974 0.2294 0.7684
vn -0.0468 0.0560 0.9973
vn 0.3478 -0.1378 0.9274
vn 0.7178 -0.3503 0.6016
vn -0.5540 -0.1068 0.8257
vn 0.5630 -0.8176 0.1205
vn 0.5204 -0.8428 0.1375
vn 0.6884 -0.7225 0.0640
vn 0.7058 0.6896 -0.1623
vn 0.8092 0.5637 0.1655
vn 0.9389 -0.1557 0.3069
vn 0.8123 -0.5321 -0.2388
vn -0.3804 -0.8435 0.3791
vn -0.0175 -0.7287 0.6846
vn -0.1151 -0.2046 0.9721
vn -0.6824 0.2063 0.7012
vn 0.1910 0.1252 -0.9736
vn 0.0191 0.8803 -0.4740
vn 0.5863 0.6100 -0.5331
vn 0.5403 -0.3660 -0.7577
vn 0.7233 0.6167 -0.3108
vn -0.9338 0.3487 0.0805
vn -0.6049 0.7617 -0.2321
vn -0.6150 -0.2080 -0.7606
vn -0.9354 -0.2477 -0.2522
vn -0.0592 0.9677 0.2450
vn -0.8264 0.3276 0.4579
vn -0.8467 -0.5317 -0.0193
vn -0.3017 -0.7804 -0.5477
vn -0.1788 -0.8920 -0.4153
vn -0.7907 -0.6079 0.0727
vn 0.6295 -0.4297 -0.6474
vn 0.6386 -0.4257 -0.6411
vn 0.7699 0.5808 -0.2645
vn 0.7441 0.6041 -0.2854
vn -0.0942 0.9293 0.3572
vn -0.0311 0.9250 0.3786
vn -0.1478 0.9451 0.2914
vn 0.6919 0.6376 -0.3389
vn -0.8464 0.1872 0.4986
vn -0.8585 0.1652 0.4855
vn -0.8425 0.1598 0.5145
vn -0.1364 0.9389 0.3159
vn -0.6909 -0.7114 0.1287
vn -0.6517 -0.7453 0.1405
vn -0.5762 -0.7892 0.2125
vn -0.8108 0.1669 0.5610
vn -0.0357 -0.9533 -0.3000
vn 0.0504 -0.9728 -0.2259
vn 0.2654 -0.9641 0.0114
vn 0.7232 -0.4634 -0.5122
vn 0.6738 -0.4560 -0.5814
vn 0.7210 0.6517 -0.2356
vn -0.1296 0.9093 0.3955
vn -0.1359 0.9371 0.3216
vn 0.3873 0.5577 0.7342
vn 0.0435 0.2268 0.9730
vn 0.6497 -0.5451 0.5298
vn 0.4588 -0.6741 0.5789
vn 0.7131 0.6375 -0.2917
vn 0.6473 -0.4410 -0.6218
vn -0.1249 -0.9137 -0.3866
vn -0.0829 -0.9428 -0.3230
vn -0.7421 -0.6634 0.0959
vn -0.8226 0.2334 0.5186
vn -0.4578 -0.7128 -0.5314
vn -0.3731 -0.7957 -0.4771
vn -0.5300 -0.6277 -0.5702
vn -0.5455 -0.4019 -0.7355
vn -0.9747 -0.1757 -0.1379
vn -0.2463 0.2469 -0.9372
vn -0.4999 0.1513 -0.8528
vn -0.8112 0.5495 -0.2002
vn -0.3245 0.9164 -0.2342
vn 0.8848 -0.4355 -0.1658
vn 0.7829 -0.6012 0.1598
vn 0.2741 -0.9132 -0.3014
vn 0.4848 -0.5474 -0.6821
vn 0.9992 -0.0344 0.0209
vn 0.7994 -0.1493 0.5819
vn 0.5544 0.8323 0.0018
vn 0.0541 0.9728 -0.2254
vn 0.0226 0.6882 0.7252
vn 0.2902 0.5840 0.7581
vn 0.7982 0.3406 0.4968
vn 0.6904 0.2260 -0.6872
vn 0.2124 -0.9772 0.0025
vn 0.5112 -0.6984 0.5009
vn -0.0826 -0.9966 0.0003
vn -0.1666 -0.8725 -0.4593
vn 0.0837 -0.6777 0.7306
vn -0.7895 -0.1495 0.5952
vn -0.7419 -0.6698 -0.0310
vn 0.0824 0.2718 -0.9588
vn -0.3316 0.0727 0.9406
vn -0.0887 0.1093 0.9900
vn -0.2112 0.6730 0.7088
vn -0.5895 0.3973 0.7033
vn -0.4147 -0.4665 0.7813
vn -0.1346 -0.6127 0.7788
vn 0.1052 0.0642 0.9924
vn -0.2809 -0.9597 -0.0084
vn -0.3599 -0.7970 -0.4850
vn -0.3314 -0.4642 -0.8214
vn -0.0661 -0.5004 -0.8633
vn 0.4303 -0.0331 0.9021
vn -0.4428 -0.8965 0.0161
vn 0.1858 0.9493 -0.2536
vn 0.3410 0.8344 0.4330
vn 0.8979 0.4403 -0.0042
vn 0.9393 0.1828 -0.2903
vn 0.0932 0.7926 -0.6026
vn -0.8306 0.1858 -0.5250
vn -0.3759 -0.6524 -0.6580
vn -0.6978 -0.7116 0.0820
vn -0.2555 -0.0910 -0.9625
vn 0.3329 0.6916 -0.6410
vn 0.4838 0.1492 -0.8624
vn 0.8102 -0.4542 -0.3704
vn -0.2623 0.1709 0.9497
vn -0.5380 -0.3333 0.7742
vn 0.6073 -0.2963 0.7371
vn 0.3629 0.1871 0.9128
vn 0.0819 0.5275 0.8456
vn 0.3914 -0.9072 0.1544
vn 0.9844 0.0424 -0.1705
vn -0.7829 0.5810 0.2225
vn -0.4594 0.7240 0.5145
vn -0.8984 0.4001 -0.1811
vn 0.1740 0.7351 -0.6553
vn -0.7096 -0.5151 0.4808
vn -0.6451 -0.5312 0.5492
vn -0.9278 0.3353 -0.1633
vn 0.6782 -0.6737 0.2937
vn 0.5494 -0.7211 0.4221
vn 0.5551 -0.7356 0.3882
vn -0.6232 -0.5838 0.5204
vn 0.9399 0.0671 -0.3348
vn 0.9313 0.0849 -0.3541
vn 0.6034 -0.6609 0.4463
vn 0.0898 0.7167 -0.6916
vn -0.9237 0.3726 -0.0892
vn -0.9396 0.3007 -0.1636
vn -0.6077 -0.5715 0.5513
vn 0.1105 0.6995 -0.7060
vn 0.9540 0.0328 -0.2981
vn -0.1394 -0.8050 -0.5767
vn -0.0059 -0.8078 -0.5894
vn -0.0119 -0.8075 -0.5897
vn -0.1541 -0.8044 -0.5737
vn 0.5427 -0.6673 -0.5100
vn -0.6925 -0.5845 -0.4229
vn 0.4563 -0.7283 -0.5112
vn 0.5306 -0.6875 -0.4958
vn 0.5253 -0.4802 0.7024
vn 0.8363 -0.1920 0.5135
vn 0.9345 0.2508 0.2525
vn 0.1846 -0.4653 -0.8657
vn 0.5954 -0.2625 -0.7594
vn 0.4438 0.6740 -0.5905
vn -0.4177 -0.0881 -0.9043
vn -0.1686 -0.8368 -0.5209
vn 0.0373 -0.8813 -0.4711
vn -0.0602 -0.7970 -0.6010
vn -0.6187 0.6170 0.4863
vn 0.5674 0.7078 0.4209
vn 0.3565 0.9324 0.0598
vn -0.4581 0.8605 0.2228
vn -0.5041 0.8620 -0.0535
vn -0.0415 0.7062 -0.7068
vn -0.1269 -0.1496 -0.9806
vn -0.9623 -0.1326 -0.2377
vn 0.7291 0.3760 -0.5719
vn -0.9130 -0.3989 -0.0853
vn -0.4958 0.7250 0.4780
vn 0.1796 -0.7703 -0.6119
vn 0.4614 0.4005 0.7916
vn 0.6459 -0.3498 0.6786
vn 0.6760 -0.4265 -0.6010
vn 0.6465 0.7621 -0.0340
vn 0.0992 0.6240 0.7751
vn -0.0585 0.9186 -0.3908
vn 0.5831 0.8078 -0.0868
vn -0.5620 0.3137 0.7653
vn -0.7091 -0.6856 -0.1647
vn -0.3644 -0.6326 0.6834
vn 0.7679 -0.2894 0.5715
vn 0.3674 -0.8775 -0.3083
vn -0.0453 0.7824 0.6211
vn 0.1537 0.9652 -0.2116
vn 0.7221 0.6740 0.1556
vn 0.9351 -0.0696 -0.3474
vn 0.8830 -0.0542 -0.4663
vn 0.3758 0.8946 -0.2418
vn 0.1397 0.7774 0.6133
vn 0.9686 -0.2436 0.0490
vn -0.7486 0.3404 -0.5690
vn -0.9562 0.2820 -0.0780
vn 0.1285 -0.9087 -0.3971
vn 0.4605 -0.7874 -0.4098
vn 0.2428 0.8947 0.3748
vn -0.9422 0.2793 -0.1851
vn -0.1030 -0.9043 -0.4143
vn 0.5428 0.0679 -0.8371
vn 0.9539 0.1040 -0.2815
vn 0.5225 0.8178 0.2412
vn 0.0270 0.1902 -0.9814
vn 0.8105 -0.3440 -0.4740
vn 0.7011 -0.5750 -0.4218
vn 0.9984 -0.0533 -0.0194
vn 0.5722 0.6387 0.5145
vn -0.6726 0.5047 0.5412
vn -0.7487 -0.5879 -0.3063
vn -0.6463 0.6115 0.4565
vn -0.7403 -0.6075 -0.2880
vn -0.8850 -0.4656 0.0062
vn -0.8502 -0.5060 0.1453
vn -0.8837 -0.4665 0.0386
vn -0.4006 0.7213 0.5651
vn 0.1428 -0.8441 -0.5168
vn 0.9104 -0.1551 -0.3835
vn 0.7613 0.6367 0.1227
vn 0.1143 -0.8136 -0.5700
vn -0.7074 -0.5996 -0.3742
vn -0.8285 0.4350 0.3526
vn -0.5045 0.6585 0.5584
vn -0.5838 0.6482 0.4888
vn 0.9127 0.3332 0.2367
vn 0.5579 -0.6183 -0.5536
vn -0.7012 -0.5259 -0.4814
vn -0.5548 0.6458 0.5245
vn -0.7228 -0.4952 -0.4821
vn 0.9299 0.2472 0.2724
vn 0.5191 -0.6586 -0.5447
vn -0.7488 -0.5179 -0.4135
vn -0.5229 0.6740 0.5219
vn 0.9381 0.1941 0.2869
vn 0.4841 -0.7396 -0.4676
vn 0.3968 -0.6130 -0.6832
vn 0.9874 -0.1472 0.0584
vn 0.9737 -0.2035 0.1022
vn 0.9608 -0.2389 0.1404
vn 0.9548 -0.2646 0.1352
vn 0.1788 0.8193 0.5448
vn -0.9329 0.3288 -0.1468
vn -0.1575 -0.7889 -0.5941
vn -0.1786 -0.7227 -0.6677
vn 0.0446 -0.3577 -0.9328
vn -0.2478 -0.4996 0.8301
vn -0.1415 -0.5451 0.8263
vn 0.0766 -0.4680 0.8804
vn -0.1402 -0.2899 0.9467
vn 0.4769 -0.8160 0.3266
vn -0.8712 -0.3624 0.3310
vn -0.7094 0.0158 0.7046
vn -0.9337 0.3566 -0.0313
vn -0.9107 -0.1131 -0.3973
vn -0.5410 -0.6418 -0.5435
vn -0.5261 -0.7652 0.3711
vn -0.7964 0.5908 -0.1297
vn -0.7481 0.4657 -0.4727
vn -0.8078 0.4975 0.3160
vn -0.6513 0.7485 -0.1248
vn -0.4820 0.6420 -0.5962
vn 0.9024 0.0034 0.4310
vn 0.7313 -0.5221 0.4388
vn 0.8252 -0.5093 -0.2444
vn 0.9828 0.1438 -0.1159
vn 0.6295 0.2350 0.7406
vn 0.3006 -0.2681 0.9153
vn 0.8174 0.5683 0.0944
vn -0.3324 0.9082 -0.2544
vn 0.1625 0.8921 -0.4217
vn -0.2326 0.5116 -0.8272
vn 0.4913 -0.7739 -0.3996
vn 0.3959 -0.5630 -0.7254
vn 0.6770 -0.4403 -0.5898
vn 0.7263 -0.0192 -0.6871
vn 0.2576 -0.2429 -0.9352
vn 0.0351 -0.4989 -0.8659
vn -0.3023 -0.2438 -0.9215
vn 0.0902 0.2269 -0.9697
vn -0.1122 0.4816 0.8692
vn -0.3228 0.3170 0.8918
vn 0.0145 -0.0342 0.9993
vn 0.3763 0.3777 0.8460
vn -0.2286 0.8514 0.4720
vn -0.5911 0.6534 0.4729
vn 0.4313 0.8231 0.3695
vn 0.7402 0.6280 0.2403
vn 0.5167 0.6855 -0.5130
vn 0.6536 0.4393 -0.6163
vn -0.5798 0.1705 -0.7967
vn -0.5026 0.1966 0.8419
vn -0.0291 -0.9463 0.3221
vn -0.0337 -0.8285 -0.5590
vn 0.0319 -0.0085 0.9995
vn -0.0480 -0.0042 0.9988
vn -0.0533 -0.0832 0.9951
vn -0.3040 0.4659 0.8310
vn -0.4944 -0.2200 0.8409
vn 0.0046 0.1858 0.9826
vn 0.0576 0.2625 0.9632
vn 0.0190 0.7677 0.6405
vn 0.5720 -0.2906 -0.7671
vn 0.2370 -0.5091 -0.8274
vn 0.2402 -0.1068 -0.9648
vn 0.5915 0.0985 -0.8003
vn 0.9194 0.2479 -0.3053
vn 0.7817 -0.4339 -0.4480
vn 0.2338 -0.8442 -0.4824
vn -0.5789 0.4802 -0.6589
vn -0.7022 0.6590 -0.2695
vn -0.1241 0.9561 -0.2654
vn -0.2507 0.6245 -0.7397
vn -0.7462 0.0058 -0.6657
vn -0.9544 -0.1570 -0.2538
vn -0.3064 0.2155 -0.9272
vn -0.1643 -0.1957 -0.9668
vn 0.1877 0.4570 -0.8694
vn -0.3835 -0.4840 -0.7866
vn 0.5543 -0.4358 0.7091
vn 0.1589 -0.6419 0.7501
vn 0.2104 -0.9636 0.1650
vn 0.8272 -0.5202 0.2123
vn 0.6510 0.1335 0.7473
vn 0.1285 -0.1176 0.9847
vn 0.9451 0.2717 0.1816
vn 0.0699 0.1868 0.9799
vn -0.0201 -0.1700 0.9852
vn 0.4608 0.8425 -0.2792
vn 0.5088 0.8364 0.2038
vn 0.3477 0.6484 0.6773
vn -0.1883 -0.6141 0.7665
vn -0.4124 -0.8912 0.1890
vn -0.4654 -0.7842 -0.4104
vn -0.9224 -0.2552 0.2899
vn -0.6442 0.6847 0.3409
vn -0.0236 0.9732 0.2289
vn 0.0835 0.7640 -0.6397
vn 0.0992 0.7541 -0.6493
vn 0.0283 0.7962 -0.6044
vn 0.0452 0.9019 -0.4296
vn 0.5377 -0.1908 -0.8213
vn -0.3509 0.7001 -0.6218
vn 0.3199 0.8494 -0.4196
vn 0.4793 -0.8239 0.3024
vn 0.6833 -0.6636 0.3045
vn 0.7354 0.4585 -0.4989
vn 0.9169 0.1874 0.3523
vn 0.5900 0.3895 0.7072
vn 0.1461 -0.1477 0.9782
vn 0.3766 -0.7391 0.5585
vn -0.0244 0.9726 -0.2311
vn -0.2101 0.8999 0.3821
vn -0.0842 -0.9493 -0.3030
vn 0.4082 -0.0148 -0.9128
vn 0.8252 -0.5478 -0.1377
vn -0.6254 -0.1345 -0.7686
vn -0.9681 0.1495 -0.2013
vn -0.8268 0.4278 0.3652
vn -0.2762 0.5472 0.7901
vn -0.5806 -0.3957 0.7116
vn -0.6152 -0.7243 0.3114
vn 0.2423 -0.5884 -0.7714
vn 0.9994 0.0184 -0.0301
vn 0.8299 -0.2443 0.5016
vn -0.4699 -0.7806 -0.4122
vn 0.4733 0.6626 -0.5804
vn -0.1731 0.9001 -0.3998
vn -0.6664 0.5122 -0.5419
vn -0.2869 0.7330 -0.6168
vn -0.9036 0.2748 -0.3287
vn 0.8673 -0.2249 0.4440
vn 0.2125 -0.8412 0.4972
vn -0.7942 -0.5917 0.1383
vn -0.7387 -0.6537 0.1643
vn 0.6488 -0.5992 0.4692
vn 0.9392 -0.0340 0.3417
vn 0.3164 -0.7097 0.6295
vn 0.9552 0.0760 0.2860
vn 0.1171 0.8496 -0.5143
vn 0.2225 0.8108 -0.5413
vn 0.9714 0.0566 0.2306
vn -0.8873 0.2302 -0.3996
vn -0.8468 0.2928 -0.4440
vn 0.1754 0.8125 -0.5560
vn -0.9127 0.1625 -0.3749
vn -0.6695 -0.7107 0.2162
vn -0.7573 -0.5975 0.2637
vn -0.6247 -0.7571 0.1911
vn -0.9393 0.1339 -0.3159
vn 0.3761 -0.7682 0.5182
vn 0.4058 -0.8042 0.4343
vn 0.9888 0.0553 0.1388
vn 0.1046 0.8769 -0.4692
vn 0.9888 0.0314 0.1456
vn 0.3000 -0.7059 0.6416
vn -0.8058 -0.5648 0.1782
vn -0.9165 0.1880 -0.3532
vn -0.6848 -0.6733 0.2787
vn 0.7514 -0.4650 0.4682
vn -0.6452 -0.6432 0.4124
vn 0.6370 0.6564 -0.4041
vn -0.7674 0.4587 -0.4479
vn -0.7930 0.4300 -0.4316
vn -0.5946 -0.7347 0.3266
vn 0.7790 -0.4553 0.4310
vn 0.6001 0.7258 -0.3361
vn -0.8186 0.4261 -0.3850
vn 0.5734 0.7509 -0.3277
vn -0.5397 -0.7960 0.2740
vn 0.8149 -0.4709 0.3381
vn -0.8506 0.3980 -0.3436
vn 0.5278 0.7670 -0.3649
vn -0.5086 -0.7801 0.3644
vn 0.8428 -0.4149 0.3428
vn 0.8623 -0.3638 0.3523
vn 0.4888 0.7465 -0.4514
vn -0.8753 0.3197 -0.3629
vn -0.4695 -0.7707 0.4308
vn -0.4126 -0.7617 0.4995
vn 0.8826 -0.3125 0.3512
vn 0.4600 0.7266 -0.5103
vn -0.8975 0.2562 -0.3591
vn -0.5441 0.6238 -0.5611
vn 0.6829 0.1774 0.7086
vn -0.8172 -0.2077 -0.5376
vn -0.6650 -0.6761 -0.3174
vn -0.8342 -0.5511 -0.0196
vn -0.9199 -0.0056 -0.3921
vn -0.3577 -0.5467 -0.7570
vn -0.4741 0.7738 0.4200
vn 0.0624 0.9873 0.1463
vn -0.5113 0.8363 -0.1980
vn -0.7412 0.5754 -0.3458
vn -0.9324 0.3096 0.1865
vn -0.1641 -0.0633 -0.9844
vn -0.3743 0.4447 -0.8137
vn 0.4051 0.6165 -0.6752
vn 0.4632 -0.0827 -0.8824
vn 0.2040 -0.6666 -0.7170
vn -0.7301 0.4665 -0.4994
vn -0.9886 -0.0640 -0.1361
vn -0.3700 0.7788 -0.5065
vn 0.9206 0.0124 -0.3903
vn 0.7637 0.5135 -0.3913
vn 0.7702 0.5706 -0.2850
vn 0.9907 0.1326 0.0318
vn 0.4023 0.7568 -0.5152
vn -0.1347 -0.9495 -0.2834
vn 0.6116 -0.7541 -0.2393
vn 0.3953 -0.2157 0.8929
vn 0.3213 0.2718 0.9071
vn -0.0919 0.4676 0.8791
vn -0.5489 -0.2365 0.8017
vn 0.8084 0.2979 0.5078
vn 0.5845 0.7040 0.4035
vn 0.9590 0.1526 0.2390
vn 0.8440 0.5330 0.0596
vn 0.3731 0.8946 -0.2460
vn 0.8620 0.5068 -0.0038
vn 0.4704 0.8024 -0.3673
vn -0.3124 0.7373 -0.5990
vn -0.7646 0.3647 -0.5315
vn -0.9409 -0.2514 -0.2271
vn -0.5381 -0.6878 0.4873
vn -0.4674 -0.8128 0.3476
vn 0.5507 -0.5527 0.6255
vn 0.5432 -0.5737 0.6130
vn 0.9468 0.1744 0.2706
vn 0.9202 0.2363 0.3120
vn 0.7963 0.6043 -0.0269
vn 0.4584 0.8119 -0.3616
vn -0.2636 0.7348 -0.6250
vn -0.8023 0.2488 -0.5426
vn -0.8937 -0.3962 -0.2108
vn -0.4119 -0.8556 0.3136
vn 0.5245 -0.5680 0.6342
vn 0.9315 0.2195 0.2901
vn 0.5238 -0.5760 0.6275
vn 0.7613 0.6419 -0.0921
vn 0.4302 0.8114 -0.3956
vn -0.2478 0.7199 -0.6483
vn -0.8310 0.1407 -0.5382
vn -0.8562 -0.4960 -0.1444
vn -0.3720 -0.8603 0.3486
vn 0.5521 -0.5814 0.5976
vn 0.9685 0.1692 0.1827
vn 0.7738 0.5942 -0.2195
vn 0.4370 0.7690 -0.4665
vn -0.2733 0.7067 -0.6526
vn -0.8790 0.0683 -0.4719
vn -0.8449 -0.5298 -0.0733
vn -0.3611 -0.8516 0.3800
vn 0.6328 -0.6418 0.4332
vn -0.3285 -0.8937 0.3055
vn -0.3532 0.6644 -0.6587
vn 0.0281 0.7916 0.6105
vn -0.0977 0.8491 0.5190
vn -0.1245 0.8608 0.4934
vn 0.0354 0.7831 0.6209
vn -0.8862 -0.0519 0.4604
vn -0.3837 0.8121 0.4396
vn -0.3277 0.7818 -0.5304
vn 0.0689 -0.4452 -0.8928
vn 0.2563 0.9645 0.0643
vn -0.7648 0.3601 0.5342
vn -0.7023 -0.6738 0.2297
vn -0.0900 0.4555 -0.8857
vn 0.6495 0.5051 -0.5684
vn 0.3439 0.8054 -0.4828
vn -0.8579 0.4410 0.2636
vn -0.9085 -0.4159 -0.0401
vn 0.7207 -0.1638 -0.6736
vn 0.5090 0.6486 -0.5659
vn -0.7939 0.5462 -0.2674
vn -0.2500 -0.9167 0.3118
vn 0.5622 -0.7895 -0.2462
vn -0.8602 -0.4103 0.3030
vn -0.9273 0.2383 0.2887
vn -0.9361 0.1486 0.3189
vn 0.7718 0.0200 -0.6356
vn 0.7559 0.2047 -0.6219
vn 0.8636 -0.0835 -0.4972
vn 0.8201 -0.5700 0.0503
vn 0.8181 -0.5711 -0.0674
vn 0.7737 -0.6331 0.0226
vn -0.5834 -0.7695 0.2598
vn -0.3165 -0.8130 0.4887
vn -0.6838 -0.6642 0.3021
vn 0.8402 0.0328 -0.5412
vn 0.8993 0.2940 0.3239
vn 0.7259 -0.3730 0.5779
vn 0.5379 -0.8329 0.1305
vn 0.5590 0.8258 -0.0747
vn -0.8675 0.1327 -0.4794
vn -0.8136 -0.5560 -0.1702
vn -0.7805 -0.6215 0.0677
vn -0.7065 0.6266 -0.3290
vn 0.6481 0.6217 -0.4399
vn 0.2870 0.4274 -0.8573
vn -0.2245 -0.8722 -0.4347
vn -0.0930 -0.9434 0.3183
vn -0.1252 -0.9441 0.3049
vn 0.1964 -0.0186 0.9803
vn 0.8413 -0.0601 -0.5373
vn 0.6196 -0.7732 -0.1351
vn 0.4170 0.8947 0.1599
vn -0.1922 0.6050 0.7727
vn 0.3301 0.9394 -0.0923
vn 0.8058 0.3570 -0.4724
vn 0.4796 0.8759 -0.0526
vn 0.1835 -0.9800 -0.0766
vn 0.4736 -0.8722 -0.1222
vn -0.4033 -0.8520 0.3337
vn 0.8795 -0.3022 -0.3677
vn 0.8579 -0.3191 -0.4027
vn 0.8832 -0.0567 -0.4655
vn 0.1795 0.9448 -0.2742
vn 0.1234 0.9153 -0.3834
vn 0.1171 0.9251 -0.3611
vn -0.8710 0.3073 0.3834
vn -0.8771 0.2256 0.4241
vn 0.0734 0.9363 -0.3436
vn -0.8303 0.3888 0.3993
vn -0.4613 -0.6035 0.6504
vn -0.5085 -0.6311 0.5857
vn 0.7117 -0.6983 0.0768
vn 0.5064 -0.8599 -0.0647
vn 0.7727 0.0945 -0.6277
vn 0.8496 0.1388 -0.5088
vn 0.4910 -0.8711 -0.0044
vn 0.7658 0.0518 -0.6410
vn 0.0106 0.9039 -0.4276
vn 0.0194 0.9229 -0.3845
vn 0.7472 0.0095 -0.6645
vn 0.0201 0.8760 -0.4820
vn -0.7846 0.5265 0.3274
vn -0.7774 0.5097 0.3685
vn 0.1185 0.9036 -0.4118
vn -0.7066 0.5736 0.4144
vn -0.3950 -0.5336 0.7478
vn -0.5113 -0.5881 0.6267
vn 0.4494 -0.8933 -0.0078
vn -0.4897 -0.5914 0.6407
vn -0.7950 0.4676 0.3864
vn 0.0394 0.9367 -0.3480
vn 0.8797 -0.2230 -0.4200
vn 0.0340 -0.9941 0.1029
vn 0.8390 -0.0229 -0.5436
vn -0.0371 0.9831 -0.1793
vn -0.8720 0.0665 0.4849
vn -0.9990 -0.0352 0.0288
vn -0.2609 -0.8429 -0.4706
vn 0.3187 0.1456 -0.9366
vn -0.4764 0.7304 -0.4895
# 1615 vertex normals

vt 0.6233 0.9209 0.0000
vt 0.6138 0.9246 0.0000
vt 0.6040 0.9273 0.0000
vt 0.6165 0.9120 0.0000
vt 0.6261 0.9259 0.0000
vt 0.6137 0.9281 0.0000
vt 0.6121 0.9339 0.0000
vt 0.6248 0.9369 0.0000
vt 0.8397 0.9161 0.0000
vt 0.8353 0.9108 0.0000
vt 0.8481 0.9070 0.0000
vt 0.8535 0.9153 0.0000
vt 0.8120 0.9025 0.0000
vt 0.8198 0.8863 0.0000
vt 0.8077 0.9128 0.0000
vt 0.8465 0.9266 0.0000
vt 0.8340 0.9250 0.0000
vt 0.8545 0.9261 0.0000
vt 0.6071 0.9388 0.0000
vt 0.6040 0.9403 0.0000
vt 0.6000 0.9170 0.0000
vt 0.6097 0.9046 0.0000
vt 0.6192 0.9485 0.0000
vt 0.6144 0.9520 0.0000
vt 0.8574 0.9042 0.0000
vt 0.8312 0.8718 0.0000
vt 0.8104 0.9339 0.0000
vt 0.8217 0.9508 0.0000
vt 0.6558 0.9407 0.0000
vt 0.6499 0.9614 0.0000
vt 0.6582 0.9240 0.0000
vt 0.6882 0.9220 0.0000
vt 0.6880 0.9420 0.0000
vt 0.6562 0.9133 0.0000
vt 0.6875 0.9073 0.0000
vt 0.7171 0.9051 0.0000
vt 0.7188 0.9210 0.0000
vt 0.6806 0.8859 0.0000
vt 0.6478 0.8940 0.0000
vt 0.7142 0.8798 0.0000
vt 0.7109 0.8560 0.0000
vt 0.6735 0.8649 0.0000
vt 0.7479 0.8763 0.0000
vt 0.7498 0.8561 0.0000
vt 0.7562 0.9671 0.0000
vt 0.7598 0.9806 0.0000
vt 0.7206 0.9839 0.0000
vt 0.7190 0.9705 0.0000
vt 0.7910 0.9608 0.0000
vt 0.7978 0.9724 0.0000
vt 0.7519 0.9393 0.0000
vt 0.7824 0.9381 0.0000
vt 0.7784 0.9141 0.0000
vt 0.7781 0.9007 0.0000
vt 0.7840 0.8773 0.0000
vt 0.7901 0.8607 0.0000
vt 0.8322 0.9574 0.0000
vt 0.7466 0.9033 0.0000
vt 0.7487 0.9178 0.0000
vt 0.7195 0.9402 0.0000
vt 0.6839 0.9685 0.0000
vt 0.6428 0.9717 0.0000
vt 0.6807 0.9817 0.0000
vt 0.6365 0.8799 0.0000
vt 0.8086 0.3867 0.0000
vt 0.8011 0.3880 0.0000
vt 0.7952 0.3743 0.0000
vt 0.8063 0.3733 0.0000
vt 0.8176 0.3769 0.0000
vt 0.7788 0.3855 0.0000
vt 0.7858 0.3777 0.0000
vt 0.7951 0.3916 0.0000
vt 0.7889 0.3955 0.0000
vt 0.8426 0.4117 0.0000
vt 0.8354 0.3784 0.0000
vt 0.8414 0.3709 0.0000
vt 0.8183 0.4465 0.0000
vt 0.8265 0.4575 0.0000
vt 0.8130 0.4808 0.0000
vt 0.8015 0.4756 0.0000
vt 0.8306 0.4069 0.0000
vt 0.8228 0.4174 0.0000
vt 0.8123 0.4039 0.0000
vt 0.8198 0.3993 0.0000
vt 0.8363 0.4089 0.0000
vt 0.8286 0.3796 0.0000
vt 0.8176 0.3822 0.0000
vt 0.7743 0.4612 0.0000
vt 0.7804 0.4671 0.0000
vt 0.7750 0.4752 0.0000
vt 0.7667 0.4656 0.0000
vt 0.7613 0.3992 0.0000
vt 0.7644 0.3847 0.0000
vt 0.7751 0.4120 0.0000
vt 0.7743 0.4232 0.0000
vt 0.7805 0.4450 0.0000
vt 0.7912 0.4358 0.0000
vt 0.8352 0.3635 0.0000
vt 0.8262 0.3689 0.0000
vt 0.8078 0.3619 0.0000
vt 0.8164 0.3546 0.0000
vt 0.8086 0.4853 0.0000
vt 0.7974 0.4857 0.0000
vt 0.8051 0.4080 0.0000
vt 0.7959 0.4117 0.0000
vt 0.7816 0.4011 0.0000
vt 0.7966 0.4296 0.0000
vt 0.7984 0.4233 0.0000
vt 0.8112 0.4220 0.0000
vt 0.8120 0.4302 0.0000
vt 0.8075 0.4402 0.0000
vt 0.7769 0.4060 0.0000
vt 0.7701 0.3820 0.0000
vt 0.7781 0.3701 0.0000
vt 0.7922 0.3627 0.0000
vt 0.7944 0.3534 0.0000
vt 0.7755 0.3635 0.0000
vt 0.7861 0.4804 0.0000
vt 0.7903 0.4710 0.0000
vt 0.8277 0.4233 0.0000
vt 0.8287 0.4322 0.0000
vt 0.4663 0.1134 0.0000
vt 0.4725 0.1152 0.0000
vt 0.4710 0.1179 0.0000
vt 0.4653 0.1155 0.0000
vt 0.4622 0.1105 0.0000
vt 0.4724 0.1105 0.0000
vt 0.4612 0.1138 0.0000
vt 0.4674 0.1222 0.0000
vt 0.4616 0.1077 0.0000
vt 0.4677 0.1009 0.0000
vt 0.4705 0.1053 0.0000
vt 0.4757 0.1063 0.0000
vt 0.7419 0.1155 0.0000
vt 0.7421 0.1207 0.0000
vt 0.7345 0.1208 0.0000
vt 0.7367 0.1172 0.0000
vt 0.7409 0.1105 0.0000
vt 0.7166 0.1078 0.0000
vt 0.7188 0.1042 0.0000
vt 0.7181 0.1282 0.0000
vt 0.7160 0.1236 0.0000
vt 0.7226 0.1364 0.0000
vt 0.7228 0.0966 0.0000
vt 0.7146 0.1153 0.0000
vt 0.6933 0.1161 0.0000
vt 0.6955 0.1262 0.0000
vt 0.6961 0.1061 0.0000
vt 0.6983 0.1015 0.0000
vt 0.7019 0.0932 0.0000
vt 0.7008 0.1395 0.0000
vt 0.6978 0.1308 0.0000
vt 0.6540 0.1315 0.0000
vt 0.6533 0.1260 0.0000
vt 0.6532 0.1153 0.0000
vt 0.6543 0.1047 0.0000
vt 0.6551 0.0993 0.0000
vt 0.6568 0.0896 0.0000
vt 0.6547 0.1412 0.0000
vt 0.6102 0.1362 0.0000
vt 0.6101 0.1275 0.0000
vt 0.6104 0.1229 0.0000
vt 0.6114 0.1140 0.0000
vt 0.6120 0.1050 0.0000
vt 0.6121 0.1004 0.0000
vt 0.6117 0.0919 0.0000
vt 0.5679 0.1003 0.0000
vt 0.5674 0.0920 0.0000
vt 0.5682 0.1047 0.0000
vt 0.5665 0.1336 0.0000
vt 0.5680 0.1252 0.0000
vt 0.5684 0.1209 0.0000
vt 0.5686 0.1128 0.0000
vt 0.5254 0.1121 0.0000
vt 0.5251 0.1056 0.0000
vt 0.5248 0.1022 0.0000
vt 0.5238 0.0961 0.0000
vt 0.5236 0.1276 0.0000
vt 0.5250 0.1216 0.0000
vt 0.5253 0.1185 0.0000
vt 0.8570 0.8412 0.0000
vt 0.8589 0.8343 0.0000
vt 0.8611 0.8354 0.0000
vt 0.8564 0.8469 0.0000
vt 0.8529 0.8481 0.0000
vt 0.8545 0.8446 0.0000
vt 0.8568 0.8333 0.0000
vt 0.8603 0.5739 0.0000
vt 0.8620 0.5631 0.0000
vt 0.8691 0.5682 0.0000
vt 0.8498 0.5653 0.0000
vt 0.8556 0.5586 0.0000
vt 0.8632 0.5575 0.0000
vt 0.8724 0.5537 0.0000
vt 0.8788 0.5583 0.0000
vt 0.8727 0.5638 0.0000
vt 0.8558 0.5509 0.0000
vt 0.8483 0.5493 0.0000
vt 0.8498 0.8437 0.0000
vt 0.8514 0.8458 0.0000
vt 0.8487 0.8477 0.0000
vt 0.8521 0.8427 0.0000
vt 0.8520 0.8325 0.0000
vt 0.8477 0.8335 0.0000
vt 0.8449 0.7831 0.0000
vt 0.8525 0.7825 0.0000
vt 0.8675 0.7847 0.0000
vt 0.8638 0.7839 0.0000
vt 0.8671 0.7470 0.0000
vt 0.8717 0.7477 0.0000
vt 0.8600 0.7831 0.0000
vt 0.8624 0.7463 0.0000
vt 0.8532 0.7456 0.0000
vt 0.8541 0.7090 0.0000
vt 0.8437 0.7457 0.0000
vt 0.8428 0.7086 0.0000
vt 0.8323 0.7088 0.0000
vt 0.8348 0.7466 0.0000
vt 0.8418 0.6837 0.0000
vt 0.8296 0.6836 0.0000
vt 0.8747 0.6859 0.0000
vt 0.8815 0.6858 0.0000
vt 0.8771 0.7109 0.0000
vt 0.8714 0.7104 0.0000
vt 0.8803 0.6498 0.0000
vt 0.8887 0.6486 0.0000
vt 0.8678 0.6859 0.0000
vt 0.8717 0.6516 0.0000
vt 0.8546 0.6509 0.0000
vt 0.8545 0.6852 0.0000
vt 0.8559 0.6180 0.0000
vt 0.8746 0.6179 0.0000
vt 0.8390 0.6475 0.0000
vt 0.8385 0.6124 0.0000
vt 0.8217 0.6053 0.0000
vt 0.8919 0.6096 0.0000
vt 0.8832 0.6132 0.0000
vt 0.8242 0.6454 0.0000
vt 0.8655 0.7097 0.0000
vt 0.8376 0.7847 0.0000
vt 0.8435 0.8356 0.0000
vt 0.9421 0.5004 0.0000
vt 0.9369 0.4999 0.0000
vt 0.9429 0.4766 0.0000
vt 0.9451 0.4797 0.0000
vt 0.9535 0.5983 0.0000
vt 0.9500 0.5966 0.0000
vt 0.9510 0.5933 0.0000
vt 0.9529 0.5925 0.0000
vt 0.9582 0.5941 0.0000
vt 0.9464 0.4732 0.0000
vt 0.9475 0.4760 0.0000
vt 0.9419 0.5714 0.0000
vt 0.9429 0.5933 0.0000
vt 0.9372 0.5923 0.0000
vt 0.9364 0.5715 0.0000
vt 0.9470 0.5934 0.0000
vt 0.9486 0.5697 0.0000
vt 0.9538 0.5711 0.0000
vt 0.9612 0.5721 0.0000
vt 0.9363 0.5482 0.0000
vt 0.9421 0.5477 0.0000
vt 0.9485 0.5457 0.0000
vt 0.9539 0.5473 0.0000
vt 0.9613 0.5480 0.0000
vt 0.9539 0.5238 0.0000
vt 0.9614 0.5241 0.0000
vt 0.9363 0.5244 0.0000
vt 0.9417 0.5240 0.0000
vt 0.9484 0.5224 0.0000
vt 0.9483 0.4987 0.0000
vt 0.9535 0.5002 0.0000
vt 0.9605 0.4996 0.0000
vt 0.9505 0.4769 0.0000
vt 0.9553 0.4763 0.0000
vt 0.3896 0.9846 0.0000
vt 0.3934 0.9845 0.0000
vt 0.3874 0.9885 0.0000
vt 0.3869 0.9844 0.0000
vt 0.3835 0.9870 0.0000
vt 0.3942 0.8982 0.0000
vt 0.3899 0.8807 0.0000
vt 0.3934 0.8791 0.0000
vt 0.4012 0.8969 0.0000
vt 0.3861 0.8802 0.0000
vt 0.3844 0.8983 0.0000
vt 0.3781 0.8979 0.0000
vt 0.3894 0.8983 0.0000
vt 0.3984 0.9869 0.0000
vt 0.3959 0.9641 0.0000
vt 0.4036 0.9654 0.0000
vt 0.3904 0.9639 0.0000
vt 0.3846 0.9640 0.0000
vt 0.3848 0.9420 0.0000
vt 0.3904 0.9421 0.0000
vt 0.3953 0.9203 0.0000
vt 0.4030 0.9200 0.0000
vt 0.4029 0.9422 0.0000
vt 0.3956 0.9422 0.0000
vt 0.3900 0.9199 0.0000
vt 0.3847 0.9199 0.0000
vt 0.3781 0.9420 0.0000
vt 0.3779 0.9201 0.0000
vt 0.3775 0.9651 0.0000
vt 0.3967 0.9900 0.0000
vt 0.2928 0.4602 0.0000
vt 0.3094 0.4700 0.0000
vt 0.2983 0.4768 0.0000
vt 0.0195 0.4835 0.0000
vt 0.0327 0.4942 0.0000
vt 0.0648 0.5074 0.0000
vt 0.0568 0.5194 0.0000
vt 0.2857 0.5076 0.0000
vt 0.2719 0.4973 0.0000
vt 0.2573 0.4671 0.0000
vt 0.0386 0.4710 0.0000
vt 0.0474 0.4743 0.0000
vt 0.0340 0.4612 0.0000
vt 0.0408 0.4569 0.0000
vt 0.0218 0.4491 0.0000
vt 0.3032 0.4323 0.0000
vt 0.2924 0.4417 0.0000
vt 0.2600 0.4414 0.0000
vt 0.2695 0.4157 0.0000
vt 0.2236 0.4421 0.0000
vt 0.2213 0.4725 0.0000
vt 0.2297 0.4134 0.0000
vt 0.2800 0.3936 0.0000
vt 0.2338 0.3867 0.0000
vt 0.1874 0.4133 0.0000
vt 0.1855 0.4404 0.0000
vt 0.1880 0.3857 0.0000
vt 0.2421 0.5251 0.0000
vt 0.1949 0.5296 0.0000
vt 0.1902 0.5114 0.0000
vt 0.2332 0.5073 0.0000
vt 0.1466 0.4159 0.0000
vt 0.1425 0.3875 0.0000
vt 0.1478 0.5295 0.0000
vt 0.1460 0.5119 0.0000
vt 0.1482 0.4749 0.0000
vt 0.1850 0.4724 0.0000
vt 0.1033 0.5122 0.0000
vt 0.1128 0.4768 0.0000
vt 0.1114 0.4462 0.0000
vt 0.1486 0.4413 0.0000
vt 0.0795 0.4783 0.0000
vt 0.0735 0.4517 0.0000
vt 0.0624 0.4228 0.0000
vt 0.1065 0.4165 0.0000
vt 0.0100 0.4323 0.0000
vt 0.0466 0.4042 0.0000
vt 0.1027 0.5270 0.0000
vt 0.0971 0.3890 0.0000
vt 0.3166 0.4104 0.0000
vt 0.0635 0.5605 0.0000
vt 0.0635 0.5653 0.0000
vt 0.0588 0.5640 0.0000
vt 0.1941 0.5565 0.0000
vt 0.1930 0.5554 0.0000
vt 0.1894 0.5527 0.0000
vt 0.1967 0.5508 0.0000
vt 0.1910 0.5580 0.0000
vt 0.1865 0.5580 0.0000
vt 0.1864 0.5642 0.0000
vt 0.1929 0.5647 0.0000
vt 0.0634 0.5696 0.0000
vt 0.0865 0.5588 0.0000
vt 0.0874 0.5654 0.0000
vt 0.1120 0.5451 0.0000
vt 0.1121 0.5518 0.0000
vt 0.0862 0.5538 0.0000
vt 0.0859 0.5476 0.0000
vt 0.1131 0.5697 0.0000
vt 0.1128 0.5640 0.0000
vt 0.1383 0.5649 0.0000
vt 0.1390 0.5718 0.0000
vt 0.1643 0.5488 0.0000
vt 0.1619 0.5564 0.0000
vt 0.1375 0.5566 0.0000
vt 0.1377 0.5488 0.0000
vt 0.1688 0.5394 0.0000
vt 0.1632 0.5660 0.0000
vt 0.1392 0.5399 0.0000
vt 0.1122 0.5574 0.0000
vt 0.0871 0.5705 0.0000
vt 0.0610 0.5565 0.0000
vt 0.0624 0.5508 0.0000
vt 0.1655 0.5733 0.0000
vt 0.5856 0.4172 0.0000
vt 0.5756 0.4174 0.0000
vt 0.5764 0.3783 0.0000
vt 0.5904 0.3750 0.0000
vt 0.5988 0.4075 0.0000
vt 0.3567 0.3604 0.0000
vt 0.3280 0.3750 0.0000
vt 0.3162 0.3445 0.0000
vt 0.3405 0.3228 0.0000
vt 0.3547 0.4216 0.0000
vt 0.3340 0.4121 0.0000
vt 0.3425 0.3939 0.0000
vt 0.3671 0.3967 0.0000
vt 0.3256 0.4115 0.0000
vt 0.3318 0.3945 0.0000
vt 0.3462 0.4317 0.0000
vt 0.3350 0.3775 0.0000
vt 0.3602 0.3699 0.0000
vt 0.5464 0.4037 0.0000
vt 0.5664 0.4028 0.0000
vt 0.5583 0.4267 0.0000
vt 0.5557 0.3698 0.0000
vt 0.5640 0.3584 0.0000
vt 0.5135 0.4020 0.0000
vt 0.5159 0.3710 0.0000
vt 0.5193 0.4306 0.0000
vt 0.4782 0.4322 0.0000
vt 0.4757 0.4001 0.0000
vt 0.5266 0.4488 0.0000
vt 0.4816 0.4483 0.0000
vt 0.4368 0.4453 0.0000
vt 0.4366 0.4309 0.0000
vt 0.4858 0.3125 0.0000
vt 0.5335 0.3165 0.0000
vt 0.5219 0.3553 0.0000
vt 0.4794 0.3561 0.0000
vt 0.4387 0.3101 0.0000
vt 0.4392 0.3565 0.0000
vt 0.4017 0.3669 0.0000
vt 0.4000 0.3561 0.0000
vt 0.4389 0.3695 0.0000
vt 0.4006 0.3995 0.0000
vt 0.3943 0.4283 0.0000
vt 0.3911 0.4433 0.0000
vt 0.3900 0.3110 0.0000
vt 0.4376 0.4009 0.0000
vt 0.4777 0.3729 0.0000
vt 0.5756 0.4394 0.0000
vt 0.5794 0.3241 0.0000
vt 0.6027 0.3516 0.0000
vt 0.5957 0.0426 0.0000
vt 0.5982 0.0438 0.0000
vt 0.5965 0.0453 0.0000
vt 0.5960 0.0469 0.0000
vt 0.7169 0.0409 0.0000
vt 0.6883 0.0406 0.0000
vt 0.6889 0.0357 0.0000
vt 0.7174 0.0367 0.0000
vt 0.7174 0.0469 0.0000
vt 0.6877 0.0457 0.0000
vt 0.7160 0.0506 0.0000
vt 0.6878 0.0505 0.0000
vt 0.7181 0.0582 0.0000
vt 0.6883 0.0579 0.0000
vt 0.7166 0.0545 0.0000
vt 0.7217 0.0532 0.0000
vt 0.5960 0.0503 0.0000
vt 0.6189 0.0488 0.0000
vt 0.6179 0.0559 0.0000
vt 0.6189 0.0437 0.0000
vt 0.6421 0.0386 0.0000
vt 0.6423 0.0440 0.0000
vt 0.6184 0.0394 0.0000
vt 0.6649 0.0505 0.0000
vt 0.6646 0.0579 0.0000
vt 0.6410 0.0585 0.0000
vt 0.6419 0.0495 0.0000
vt 0.6650 0.0453 0.0000
vt 0.6651 0.0400 0.0000
vt 0.6413 0.0331 0.0000
vt 0.6653 0.0346 0.0000
vt 0.6178 0.0348 0.0000
vt 0.2194 0.0659 0.0000
vt 0.1960 0.0612 0.0000
vt 0.1934 0.0510 0.0000
vt 0.2148 0.0578 0.0000
vt 0.1977 0.0923 0.0000
vt 0.2177 0.0785 0.0000
vt 0.1473 0.1292 0.0000
vt 0.1280 0.1151 0.0000
vt 0.1343 0.0959 0.0000
vt 0.1522 0.1120 0.0000
vt 0.2860 0.1307 0.0000
vt 0.2748 0.1290 0.0000
vt 0.2833 0.1082 0.0000
vt 0.2979 0.1077 0.0000
vt 0.1101 0.0700 0.0000
vt 0.1344 0.0365 0.0000
vt 0.1262 0.0495 0.0000
vt 0.1266 0.0803 0.0000
vt 0.1474 0.0428 0.0000
vt 0.1446 0.0532 0.0000
vt 0.1907 0.1312 0.0000
vt 0.1885 0.1145 0.0000
vt 0.2286 0.0912 0.0000
vt 0.2514 0.0615 0.0000
vt 0.2783 0.0679 0.0000
vt 0.2628 0.0964 0.0000
vt 0.2356 0.0683 0.0000
vt 0.1746 0.0883 0.0000
vt 0.1688 0.0783 0.0000
vt 0.1766 0.0642 0.0000
vt 0.1961 0.1058 0.0000
vt 0.1606 0.0986 0.0000
vt 0.1707 0.0560 0.0000
vt 0.1906 0.0379 0.0000
vt 0.1616 0.0380 0.0000
vt 0.2220 0.0527 0.0000
vt 0.1913 0.0243 0.0000
vt 0.2239 0.0442 0.0000
vt 0.2287 0.0669 0.0000
vt 0.2258 0.0831 0.0000
vt 0.1496 0.0842 0.0000
vt 0.1375 0.0673 0.0000
vt 0.1576 0.0561 0.0000
vt 0.1565 0.0245 0.0000
vt 0.3014 0.0781 0.0000
vt 0.2516 0.1151 0.0000
vt 0.3122 0.0864 0.0000
vt 0.6350 0.3692 0.0000
vt 0.6234 0.3566 0.0000
vt 0.6524 0.3289 0.0000
vt 0.6550 0.3425 0.0000
vt 0.6799 0.3469 0.0000
vt 0.6712 0.3390 0.0000
vt 0.6815 0.3330 0.0000
vt 0.6962 0.5390 0.0000
vt 0.7002 0.5502 0.0000
vt 0.6718 0.5700 0.0000
vt 0.6892 0.5511 0.0000
vt 0.6640 0.3422 0.0000
vt 0.6661 0.3504 0.0000
vt 0.6641 0.3795 0.0000
vt 0.6625 0.5530 0.0000
vt 0.6585 0.5735 0.0000
vt 0.6497 0.5433 0.0000
vt 0.6741 0.5426 0.0000
vt 0.6744 0.5301 0.0000
vt 0.6357 0.5129 0.0000
vt 0.6640 0.5066 0.0000
vt 0.6988 0.5104 0.0000
vt 0.7153 0.5199 0.0000
vt 0.7386 0.5234 0.0000
vt 0.7222 0.5608 0.0000
vt 0.7157 0.5661 0.0000
vt 0.6145 0.5370 0.0000
vt 0.6296 0.4794 0.0000
vt 0.6030 0.4871 0.0000
vt 0.6603 0.4737 0.0000
vt 0.6930 0.4753 0.0000
vt 0.7222 0.4784 0.0000
vt 0.7508 0.4814 0.0000
vt 0.6002 0.4410 0.0000
vt 0.6257 0.4416 0.0000
vt 0.6607 0.4429 0.0000
vt 0.6925 0.4441 0.0000
vt 0.7227 0.4403 0.0000
vt 0.7552 0.4361 0.0000
vt 0.7479 0.3919 0.0000
vt 0.7192 0.4049 0.0000
vt 0.6080 0.3978 0.0000
vt 0.6286 0.4055 0.0000
vt 0.6612 0.4118 0.0000
vt 0.6915 0.4108 0.0000
vt 0.7094 0.3666 0.0000
vt 0.7297 0.3499 0.0000
vt 0.6899 0.3773 0.0000
vt 0.7024 0.3289 0.0000
vt 0.4076 0.8221 0.0000
vt 0.3836 0.8635 0.0000
vt 0.3780 0.8585 0.0000
vt 0.4080 0.8003 0.0000
vt 0.3835 0.8304 0.0000
vt 0.3620 0.8059 0.0000
vt 0.3880 0.7744 0.0000
vt 0.3721 0.7649 0.0000
vt 0.3855 0.7429 0.0000
vt 0.4009 0.7445 0.0000
vt 0.3456 0.7921 0.0000
vt 0.3722 0.7308 0.0000
vt 0.3824 0.7148 0.0000
vt 0.3574 0.7190 0.0000
vt 0.3617 0.7043 0.0000
vt 0.3605 0.7483 0.0000
vt 0.3313 0.9874 0.0000
vt 0.3241 0.9819 0.0000
vt 0.3276 0.9637 0.0000
vt 0.3399 0.9623 0.0000
vt 0.3312 0.7051 0.0000
vt 0.3394 0.6818 0.0000
vt 0.3312 0.7649 0.0000
vt 0.2898 0.9453 0.0000
vt 0.3171 0.9229 0.0000
vt 0.3299 0.9242 0.0000
vt 0.3255 0.9438 0.0000
vt 0.2811 0.9632 0.0000
vt 0.2488 0.9148 0.0000
vt 0.2777 0.9086 0.0000
vt 0.2482 0.9590 0.0000
vt 0.3163 0.6297 0.0000
vt 0.3102 0.6476 0.0000
vt 0.2933 0.6099 0.0000
vt 0.3016 0.6016 0.0000
vt 0.2920 0.7288 0.0000
vt 0.2965 0.6993 0.0000
vt 0.3151 0.7112 0.0000
vt 0.2972 0.7464 0.0000
vt 0.2765 0.7338 0.0000
vt 0.2825 0.7261 0.0000
vt 0.2928 0.6580 0.0000
vt 0.2736 0.6622 0.0000
vt 0.2785 0.6996 0.0000
vt 0.2624 0.7033 0.0000
vt 0.2765 0.6230 0.0000
vt 0.2562 0.6323 0.0000
vt 0.2060 0.9185 0.0000
vt 0.2122 0.9514 0.0000
vt 0.2108 0.8666 0.0000
vt 0.2502 0.8751 0.0000
vt 0.1835 0.8812 0.0000
vt 0.2507 0.6662 0.0000
vt 0.2468 0.6863 0.0000
vt 0.2371 0.7160 0.0000
vt 0.2217 0.6923 0.0000
vt 0.2155 0.6714 0.0000
vt 0.2471 0.8372 0.0000
vt 0.2721 0.8088 0.0000
vt 0.2864 0.8586 0.0000
vt 0.2151 0.8152 0.0000
vt 0.2295 0.7834 0.0000
vt 0.2526 0.6035 0.0000
vt 0.2253 0.6378 0.0000
vt 0.2203 0.6048 0.0000
vt 0.2197 0.7532 0.0000
vt 0.2155 0.7322 0.0000
vt 0.2505 0.7532 0.0000
vt 0.1950 0.7592 0.0000
vt 0.1921 0.7295 0.0000
vt 0.1992 0.6579 0.0000
vt 0.1717 0.6640 0.0000
vt 0.1746 0.6393 0.0000
vt 0.1566 0.7114 0.0000
vt 0.1439 0.8481 0.0000
vt 0.1590 0.8266 0.0000
vt 0.1746 0.7929 0.0000
vt 0.1912 0.9528 0.0000
vt 0.1964 0.9633 0.0000
vt 0.1229 0.9810 0.0000
vt 0.1217 0.9739 0.0000
vt 0.1023 0.6794 0.0000
vt 0.1205 0.6674 0.0000
vt 0.1241 0.7125 0.0000
vt 0.0781 0.6988 0.0000
vt 0.1433 0.7452 0.0000
vt 0.1051 0.7425 0.0000
vt 0.1005 0.9836 0.0000
vt 0.1172 0.6207 0.0000
vt 0.0903 0.6655 0.0000
vt 0.0567 0.7294 0.0000
vt 0.1213 0.8348 0.0000
vt 0.1189 0.8136 0.0000
vt 0.1270 0.8657 0.0000
vt 0.1081 0.8470 0.0000
vt 0.0904 0.8121 0.0000
vt 0.0820 0.8869 0.0000
vt 0.0647 0.8531 0.0000
vt 0.0754 0.9651 0.0000
vt 0.0850 0.9594 0.0000
vt 0.0870 0.9759 0.0000
vt 0.0556 0.8126 0.0000
vt 0.0807 0.6482 0.0000
vt 0.0595 0.6756 0.0000
vt 0.0900 0.5965 0.0000
vt 0.1235 0.5900 0.0000
vt 0.0755 0.6407 0.0000
vt 0.0497 0.6654 0.0000
vt 0.0233 0.7195 0.0000
vt 0.0100 0.7134 0.0000
vt 0.0689 0.9419 0.0000
vt 0.0399 0.9088 0.0000
vt 0.0518 0.9018 0.0000
vt 0.0795 0.9366 0.0000
vt 0.1072 0.9236 0.0000
vt 0.1187 0.9455 0.0000
vt 0.1740 0.9216 0.0000
vt 0.1608 0.8906 0.0000
vt 0.0299 0.8597 0.0000
vt 0.0314 0.8152 0.0000
vt 0.0142 0.8635 0.0000
vt 0.0212 0.8157 0.0000
vt 0.0128 0.7619 0.0000
vt 0.0254 0.7651 0.0000
vt 0.0526 0.7690 0.0000
vt 0.0927 0.7796 0.0000
vt 0.1305 0.7800 0.0000
vt 0.1758 0.6215 0.0000
vt 0.1762 0.6039 0.0000
vt 0.2189 0.5886 0.0000
vt 0.2582 0.5801 0.0000
vt 0.2200 0.5762 0.0000
vt 0.2431 0.9716 0.0000
vt 0.2865 0.9900 0.0000
vt 0.3420 0.6750 0.0000
vt 0.3668 0.6947 0.0000
vt 0.3911 0.7080 0.0000
vt 0.3354 0.9406 0.0000
vt 0.3415 0.9251 0.0000
vt 0.3611 0.8953 0.0000
vt 0.3511 0.8902 0.0000
vt 0.3566 0.8602 0.0000
vt 0.3348 0.8904 0.0000
vt 0.3088 0.8804 0.0000
vt 0.3336 0.8416 0.0000
vt 0.3168 0.8277 0.0000
vt 0.2979 0.7793 0.0000
vt 0.9122 0.3926 0.0000
vt 0.9162 0.3882 0.0000
vt 0.9139 0.4029 0.0000
vt 0.9193 0.4035 0.0000
vt 0.9229 0.3949 0.0000
vt 0.9085 0.4021 0.0000
vt 0.9074 0.3926 0.0000
vt 0.9350 0.2622 0.0000
vt 0.9330 0.2665 0.0000
vt 0.9233 0.2676 0.0000
vt 0.9185 0.2651 0.0000
vt 0.9395 0.2697 0.0000
vt 0.9355 0.2726 0.0000
vt 0.9231 0.2742 0.0000
vt 0.8955 0.5289 0.0000
vt 0.9006 0.5219 0.0000
vt 0.9040 0.5266 0.0000
vt 0.8964 0.5326 0.0000
vt 0.8934 0.5304 0.0000
vt 0.8934 0.5201 0.0000
vt 0.8960 0.5198 0.0000
vt 0.8922 0.5277 0.0000
vt 0.8909 0.5203 0.0000
vt 0.8900 0.5308 0.0000
vt 0.8856 0.5222 0.0000
vt 0.8988 0.2641 0.0000
vt 0.9040 0.2571 0.0000
vt 0.9140 0.2659 0.0000
vt 0.9078 0.2708 0.0000
vt 0.9394 0.2615 0.0000
vt 0.9436 0.2672 0.0000
vt 0.9081 0.2535 0.0000
vt 0.9384 0.3523 0.0000
vt 0.9372 0.3411 0.0000
vt 0.9444 0.3365 0.0000
vt 0.9454 0.3455 0.0000
vt 0.9310 0.3740 0.0000
vt 0.9195 0.3729 0.0000
vt 0.9231 0.3524 0.0000
vt 0.9238 0.3423 0.0000
vt 0.9526 0.3508 0.0000
vt 0.9494 0.3584 0.0000
vt 0.9407 0.3772 0.0000
vt 0.9639 0.3534 0.0000
vt 0.9587 0.3619 0.0000
vt 0.9517 0.3420 0.0000
vt 0.9584 0.3394 0.0000
vt 0.9148 0.2746 0.0000
vt 0.9180 0.2742 0.0000
vt 0.9249 0.2965 0.0000
vt 0.9190 0.2970 0.0000
vt 0.9135 0.2962 0.0000
vt 0.9032 0.2922 0.0000
vt 0.8926 0.2871 0.0000
vt 0.9470 0.2904 0.0000
vt 0.9419 0.2929 0.0000
vt 0.9363 0.2950 0.0000
vt 0.9243 0.3198 0.0000
vt 0.9357 0.3179 0.0000
vt 0.9182 0.3194 0.0000
vt 0.9128 0.3185 0.0000
vt 0.9019 0.3154 0.0000
vt 0.8909 0.3106 0.0000
vt 0.9473 0.3130 0.0000
vt 0.9417 0.3154 0.0000
vt 0.9179 0.3418 0.0000
vt 0.9124 0.3410 0.0000
vt 0.8956 0.3370 0.0000
vt 0.8820 0.3277 0.0000
vt 0.9508 0.3337 0.0000
vt 0.9116 0.3511 0.0000
vt 0.8983 0.3481 0.0000
vt 0.8973 0.3713 0.0000
vt 0.9084 0.3718 0.0000
vt 0.9496 0.3815 0.0000
vt 0.9321 0.3975 0.0000
vt 0.9141 0.3724 0.0000
vt 0.9173 0.3519 0.0000
vt 0.8976 0.3933 0.0000
vt 0.9417 0.4017 0.0000
vt 0.9285 0.4066 0.0000
vt 0.9367 0.4100 0.0000
vt 0.9147 0.4251 0.0000
vt 0.9228 0.4273 0.0000
vt 0.9101 0.4242 0.0000
vt 0.9058 0.4239 0.0000
vt 0.8975 0.4237 0.0000
vt 0.8995 0.4026 0.0000
vt 0.9304 0.4300 0.0000
vt 0.9189 0.4485 0.0000
vt 0.9270 0.4512 0.0000
vt 0.9107 0.4462 0.0000
vt 0.9061 0.4453 0.0000
vt 0.9015 0.4447 0.0000
vt 0.8926 0.4443 0.0000
vt 0.9114 0.4801 0.0000
vt 0.9184 0.4826 0.0000
vt 0.9045 0.4783 0.0000
vt 0.9005 0.4777 0.0000
vt 0.8966 0.4773 0.0000
vt 0.8894 0.4771 0.0000
vt 0.9117 0.5033 0.0000
vt 0.9063 0.5008 0.0000
vt 0.9005 0.4993 0.0000
vt 0.8972 0.4987 0.0000
vt 0.8938 0.4987 0.0000
vt 0.8880 0.4990 0.0000
vt 0.5508 0.6075 0.0000
vt 0.5733 0.6240 0.0000
vt 0.5537 0.6294 0.0000
vt 0.5363 0.6103 0.0000
vt 0.5776 0.5994 0.0000
vt 0.5408 0.5933 0.0000
vt 0.5271 0.5918 0.0000
vt 0.4255 0.5607 0.0000
vt 0.4136 0.5413 0.0000
vt 0.4271 0.5209 0.0000
vt 0.4417 0.5361 0.0000
vt 0.4147 0.5217 0.0000
vt 0.4160 0.5038 0.0000
vt 0.4285 0.5002 0.0000
vt 0.4201 0.5055 0.0000
vt 0.4432 0.5005 0.0000
vt 0.4486 0.5090 0.0000
vt 0.4371 0.5145 0.0000
vt 0.4612 0.4990 0.0000
vt 0.4738 0.5180 0.0000
vt 0.4016 0.4894 0.0000
vt 0.4107 0.5065 0.0000
vt 0.3211 0.5417 0.0000
vt 0.3095 0.5497 0.0000
vt 0.3025 0.5469 0.0000
vt 0.3135 0.5391 0.0000
vt 0.3325 0.5416 0.0000
vt 0.3267 0.5572 0.0000
vt 0.3310 0.5333 0.0000
vt 0.2940 0.5591 0.0000
vt 0.2883 0.5572 0.0000
vt 0.2985 0.5458 0.0000
vt 0.4877 0.6399 0.0000
vt 0.4868 0.6319 0.0000
vt 0.5111 0.6321 0.0000
vt 0.5028 0.6416 0.0000
vt 0.4836 0.6202 0.0000
vt 0.4778 0.6094 0.0000
vt 0.4973 0.5969 0.0000
vt 0.5072 0.6152 0.0000
vt 0.4694 0.6338 0.0000
vt 0.4878 0.6471 0.0000
vt 0.2909 0.5347 0.0000
vt 0.3048 0.5263 0.0000
vt 0.3085 0.5364 0.0000
vt 0.2895 0.5163 0.0000
vt 0.3130 0.5206 0.0000
vt 0.3260 0.5266 0.0000
vt 0.4794 0.4953 0.0000
vt 0.4907 0.5133 0.0000
vt 0.3862 0.4719 0.0000
vt 0.3682 0.5141 0.0000
vt 0.3521 0.4984 0.0000
vt 0.5264 0.6701 0.0000
vt 0.5011 0.6781 0.0000
vt 0.4923 0.6686 0.0000
vt 0.5148 0.6613 0.0000
vt 0.4729 0.6844 0.0000
vt 0.4689 0.6686 0.0000
vt 0.4885 0.6581 0.0000
vt 0.5069 0.6532 0.0000
vt 0.5206 0.6389 0.0000
vt 0.5334 0.6422 0.0000
vt 0.5014 0.5524 0.0000
vt 0.5173 0.5511 0.0000
vt 0.5640 0.5494 0.0000
vt 0.4245 0.6744 0.0000
vt 0.4274 0.6555 0.0000
vt 0.4314 0.6364 0.0000
vt 0.4676 0.6520 0.0000
vt 0.4685 0.6457 0.0000
vt 0.4337 0.6299 0.0000
vt 0.4390 0.6167 0.0000
vt 0.4545 0.5857 0.0000
vt 0.4702 0.5629 0.0000
vt 0.5073 0.5922 0.0000
vt 0.5179 0.6166 0.0000
vt 0.4798 0.5552 0.0000
vt 0.4521 0.5284 0.0000
vt 0.5357 0.5049 0.0000
vt 0.3820 0.6530 0.0000
vt 0.3901 0.6347 0.0000
vt 0.3988 0.6145 0.0000
vt 0.4028 0.6075 0.0000
vt 0.4096 0.5940 0.0000
vt 0.3975 0.5809 0.0000
vt 0.3634 0.5692 0.0000
vt 0.3723 0.5408 0.0000
vt 0.3727 0.5248 0.0000
vt 0.3231 0.4801 0.0000
vt 0.3503 0.4490 0.0000
vt 0.5221 0.4869 0.0000
vt 0.3732 0.6243 0.0000
vt 0.3619 0.6427 0.0000
vt 0.3219 0.6157 0.0000
vt 0.3373 0.6044 0.0000
vt 0.3851 0.6040 0.0000
vt 0.3529 0.5860 0.0000
vt 0.3894 0.5966 0.0000
vt 0.3577 0.5802 0.0000
vt 0.3218 0.5615 0.0000
vt 0.3088 0.5594 0.0000
vt 0.3014 0.5584 0.0000
vt 0.3150 0.5683 0.0000
vt 0.3060 0.5763 0.0000
vt 0.2924 0.5770 0.0000
vt 0.3549 0.0804 0.0000
vt 0.3604 0.0687 0.0000
vt 0.3831 0.0737 0.0000
vt 0.3785 0.0955 0.0000
vt 0.4536 0.0948 0.0000
vt 0.4456 0.1061 0.0000
vt 0.4404 0.0915 0.0000
vt 0.4504 0.0787 0.0000
vt 0.4495 0.0510 0.0000
vt 0.4567 0.0693 0.0000
vt 0.4374 0.0451 0.0000
vt 0.4663 0.0716 0.0000
vt 0.4557 0.0442 0.0000
vt 0.4449 0.0701 0.0000
vt 0.4355 0.0773 0.0000
vt 0.4262 0.0535 0.0000
vt 0.4338 0.0547 0.0000
vt 0.3579 0.1027 0.0000
vt 0.4228 0.0406 0.0000
vt 0.3922 0.0918 0.0000
vt 0.3829 0.1161 0.0000
vt 0.3690 0.1118 0.0000
vt 0.3883 0.0702 0.0000
vt 0.4187 0.0266 0.0000
vt 0.4309 0.0296 0.0000
vt 0.5245 0.0469 0.0000
vt 0.5143 0.0579 0.0000
vt 0.5039 0.0289 0.0000
vt 0.5167 0.0286 0.0000
vt 0.5303 0.0316 0.0000
vt 0.3694 0.0550 0.0000
vt 0.3367 0.0693 0.0000
vt 0.3385 0.0948 0.0000
vt 0.3529 0.1249 0.0000
vt 0.3753 0.1344 0.0000
vt 0.4164 0.1102 0.0000
vt 0.4153 0.1306 0.0000
vt 0.4128 0.0880 0.0000
vt 0.4069 0.0608 0.0000
vt 0.3960 0.0415 0.0000
vt 0.3794 0.0263 0.0000
vt 0.4800 0.0354 0.0000
vt 0.4906 0.0684 0.0000
vt 0.3450 0.0479 0.0000
vt 0.1145 0.1586 0.0000
vt 0.1094 0.1695 0.0000
vt 0.0870 0.1486 0.0000
vt 0.0719 0.1835 0.0000
vt 0.0670 0.1714 0.0000
vt 0.1231 0.1916 0.0000
vt 0.1366 0.1728 0.0000
vt 0.0799 0.1934 0.0000
vt 0.0691 0.1454 0.0000
vt 0.0494 0.1740 0.0000
vt 0.0741 0.2112 0.0000
vt 0.0833 0.2040 0.0000
vt 0.1237 0.2076 0.0000
vt 0.1130 0.2204 0.0000
vt 0.0616 0.2013 0.0000
vt 0.1962 0.2142 0.0000
vt 0.1771 0.2086 0.0000
vt 0.1808 0.1924 0.0000
vt 0.2044 0.2015 0.0000
vt 0.1725 0.1638 0.0000
vt 0.2033 0.1578 0.0000
vt 0.1853 0.1809 0.0000
vt 0.1508 0.1805 0.0000
vt 0.2094 0.1913 0.0000
vt 0.2418 0.2057 0.0000
vt 0.2330 0.2231 0.0000
vt 0.1182 0.1430 0.0000
vt 0.1447 0.2063 0.0000
vt 0.0516 0.1888 0.0000
vt 0.0335 0.1916 0.0000
vt 0.0349 0.1702 0.0000
vt 0.0661 0.1290 0.0000
vt 0.0887 0.1256 0.0000
vt 0.0973 0.1080 0.0000
vt 0.1394 0.1378 0.0000
vt 0.1532 0.2231 0.0000
vt 0.1958 0.2379 0.0000
vt 0.1213 0.2255 0.0000
vt 0.0624 0.2225 0.0000
vt 0.0650 0.2350 0.0000
vt 0.0456 0.2125 0.0000
vt 0.0388 0.2278 0.0000
vt 0.0177 0.2032 0.0000
vt 0.0141 0.1723 0.0000
vt 0.0572 0.1125 0.0000
vt 0.2256 0.1616 0.0000
vt 0.2151 0.2350 0.0000
vt 0.9216 0.2045 0.0000
vt 0.9342 0.1995 0.0000
vt 0.9360 0.2214 0.0000
vt 0.9028 0.2139 0.0000
vt 0.9246 0.1940 0.0000
vt 0.8718 0.2125 0.0000
vt 0.8436 0.1986 0.0000
vt 0.8591 0.1933 0.0000
vt 0.8775 0.2308 0.0000
vt 0.9508 0.1546 0.0000
vt 0.9523 0.1620 0.0000
vt 0.9457 0.1602 0.0000
vt 0.9370 0.1518 0.0000
vt 0.9335 0.1454 0.0000
vt 0.9224 0.1668 0.0000
vt 0.9117 0.1583 0.0000
vt 0.9386 0.1763 0.0000
vt 0.8849 0.1406 0.0000
vt 0.8521 0.1667 0.0000
vt 0.8467 0.1550 0.0000
vt 0.8897 0.1207 0.0000
vt 0.9615 0.1307 0.0000
vt 0.9654 0.1544 0.0000
vt 0.9558 0.1440 0.0000
vt 0.9314 0.1305 0.0000
vt 0.9255 0.1183 0.0000
vt 0.9105 0.1314 0.0000
vt 0.8170 0.1809 0.0000
vt 0.8187 0.1922 0.0000
vt 0.7740 0.1831 0.0000
vt 0.7858 0.1707 0.0000
vt 0.8308 0.1674 0.0000
vt 0.8391 0.1781 0.0000
vt 0.8197 0.2027 0.0000
vt 0.9543 0.1851 0.0000
vt 0.9615 0.1937 0.0000
vt 0.9659 0.2389 0.0000
vt 0.9465 0.1807 0.0000
vt 0.9601 0.1605 0.0000
vt 0.9125 0.1892 0.0000
vt 0.8957 0.1760 0.0000
vt 0.9069 0.1503 0.0000
vt 0.9329 0.1403 0.0000
vt 0.9551 0.1494 0.0000
vt 0.7509 0.1660 0.0000
vt 0.7615 0.1569 0.0000
vt 0.7760 0.1381 0.0000
vt 0.7971 0.1498 0.0000
vt 0.8587 0.1795 0.0000
vt 0.8880 0.1624 0.0000
vt 0.7094 0.1714 0.0000
vt 0.7129 0.1696 0.0000
vt 0.7146 0.1736 0.0000
vt 0.7109 0.1763 0.0000
vt 0.7129 0.1840 0.0000
vt 0.7095 0.1816 0.0000
vt 0.7116 0.1801 0.0000
vt 0.6861 0.1754 0.0000
vt 0.6870 0.1814 0.0000
vt 0.5782 0.1827 0.0000
vt 0.5730 0.1835 0.0000
vt 0.5758 0.1763 0.0000
vt 0.5803 0.1730 0.0000
vt 0.5751 0.1676 0.0000
vt 0.6883 0.1903 0.0000
vt 0.5786 0.1633 0.0000
vt 0.6086 0.1589 0.0000
vt 0.6091 0.1651 0.0000
vt 0.6096 0.1733 0.0000
vt 0.6089 0.1791 0.0000
vt 0.6081 0.1876 0.0000
vt 0.6344 0.1860 0.0000
vt 0.6348 0.1790 0.0000
vt 0.6347 0.1616 0.0000
vt 0.6349 0.1666 0.0000
vt 0.6350 0.1734 0.0000
vt 0.6609 0.1796 0.0000
vt 0.6605 0.1743 0.0000
vt 0.6611 0.1871 0.0000
vt 0.6611 0.1614 0.0000
vt 0.6606 0.1667 0.0000
vt 0.6883 0.1610 0.0000
vt 0.6866 0.1671 0.0000
vt 0.9055 0.9031 0.0000
vt 0.8935 0.9071 0.0000
vt 0.8925 0.8924 0.0000
vt 0.9036 0.8804 0.0000
vt 0.9173 0.8956 0.0000
vt 0.9314 0.8125 0.0000
vt 0.9436 0.8197 0.0000
vt 0.9400 0.8341 0.0000
vt 0.9240 0.8259 0.0000
vt 0.9061 0.8125 0.0000
vt 0.9171 0.8015 0.0000
vt 0.9182 0.9582 0.0000
vt 0.9284 0.9671 0.0000
vt 0.9163 0.9760 0.0000
vt 0.9047 0.9679 0.0000
vt 0.9398 0.9553 0.0000
vt 0.9390 0.9783 0.0000
vt 0.9328 0.9461 0.0000
vt 0.9076 0.9810 0.0000
vt 0.9213 0.9900 0.0000
vt 0.8919 0.9861 0.0000
vt 0.8953 0.9723 0.0000
vt 0.9548 0.9286 0.0000
vt 0.9443 0.9337 0.0000
vt 0.9302 0.9131 0.0000
vt 0.9453 0.8983 0.0000
vt 0.9530 0.9425 0.0000
vt 0.8900 0.8633 0.0000
vt 0.8803 0.8675 0.0000
vt 0.8759 0.8581 0.0000
vt 0.9192 0.8803 0.0000
vt 0.8848 0.8746 0.0000
vt 0.8846 0.8935 0.0000
vt 0.8765 0.8932 0.0000
vt 0.8724 0.8861 0.0000
vt 0.8821 0.9116 0.0000
vt 0.8737 0.9104 0.0000
vt 0.9022 0.9354 0.0000
vt 0.8875 0.9447 0.0000
vt 0.9166 0.9238 0.0000
vt 0.9468 0.8822 0.0000
vt 0.9683 0.9242 0.0000
vt 0.9215 0.8524 0.0000
vt 0.9054 0.8421 0.0000
vt 0.8846 0.8306 0.0000
vt 0.8655 0.9490 0.0000
vt 0.8774 0.9464 0.0000
vt 0.8662 0.9016 0.0000
vt 0.9029 0.8701 0.0000
vt 0.9646 0.9584 0.0000
vt 0.9513 0.9819 0.0000
vt 0.0242 0.3095 0.0000
vt 0.0586 0.2998 0.0000
vt 0.0299 0.3117 0.0000
vt 0.0595 0.3342 0.0000
vt 0.0356 0.3238 0.0000
vt 0.0484 0.2811 0.0000
vt 0.0265 0.2985 0.0000
vt 0.0147 0.2986 0.0000
vt 0.0255 0.2653 0.0000
vt 0.2603 0.2953 0.0000
vt 0.2701 0.3034 0.0000
vt 0.2642 0.3066 0.0000
vt 0.2481 0.2923 0.0000
vt 0.2558 0.3117 0.0000
vt 0.2761 0.2896 0.0000
vt 0.2734 0.3010 0.0000
vt 0.2626 0.2918 0.0000
vt 0.2639 0.2871 0.0000
vt 0.2614 0.3159 0.0000
vt 0.2761 0.3081 0.0000
vt 0.2723 0.3202 0.0000
vt 0.2716 0.2745 0.0000
vt 0.2560 0.2814 0.0000
vt 0.2496 0.2856 0.0000
vt 0.2182 0.2801 0.0000
vt 0.2222 0.2709 0.0000
vt 0.2172 0.2903 0.0000
vt 0.1852 0.2899 0.0000
vt 0.2231 0.3204 0.0000
vt 0.1904 0.3246 0.0000
vt 0.1934 0.3356 0.0000
vt 0.2262 0.3288 0.0000
vt 0.1579 0.3433 0.0000
vt 0.1572 0.3292 0.0000
vt 0.2018 0.3572 0.0000
vt 0.1641 0.3685 0.0000
vt 0.1232 0.3771 0.0000
vt 0.1239 0.3467 0.0000
vt 0.1114 0.2397 0.0000
vt 0.1526 0.2399 0.0000
vt 0.1517 0.2654 0.0000
vt 0.1164 0.2650 0.0000
vt 0.0819 0.2693 0.0000
vt 0.0700 0.2448 0.0000
vt 0.1202 0.2772 0.0000
vt 0.0882 0.2823 0.0000
vt 0.0547 0.2912 0.0000
vt 0.0914 0.2932 0.0000
vt 0.1225 0.2926 0.0000
vt 0.0906 0.3348 0.0000
vt 0.0554 0.3436 0.0000
vt 0.0895 0.3481 0.0000
vt 0.0258 0.3242 0.0000
vt 0.0100 0.3030 0.0000
vt 0.0201 0.3248 0.0000
vt 0.0378 0.3598 0.0000
vt 0.0230 0.3048 0.0000
vt 0.0782 0.3775 0.0000
vt 0.1239 0.3319 0.0000
vt 0.1538 0.2908 0.0000
vt 0.1850 0.2777 0.0000
vt 0.1522 0.2772 0.0000
vt 0.1855 0.2665 0.0000
vt 0.2326 0.2536 0.0000
vt 0.2369 0.3446 0.0000
vt 0.1928 0.2463 0.0000
vt 0.9556 0.7140 0.0000
vt 0.9614 0.7192 0.0000
vt 0.9519 0.7258 0.0000
vt 0.9437 0.7103 0.0000
vt 0.9404 0.7272 0.0000
vt 0.9305 0.6894 0.0000
vt 0.9297 0.7052 0.0000
vt 0.9217 0.7175 0.0000
vt 0.9100 0.6988 0.0000
vt 0.9600 0.6595 0.0000
vt 0.9674 0.6605 0.0000
vt 0.9674 0.6760 0.0000
vt 0.9589 0.6751 0.0000
vt 0.9434 0.6487 0.0000
vt 0.9517 0.6395 0.0000
vt 0.9153 0.6583 0.0000
vt 0.9087 0.6761 0.0000
vt 0.8965 0.6646 0.0000
vt 0.9131 0.6451 0.0000
vt 0.9284 0.6388 0.0000
vt 0.9359 0.6631 0.0000
vt 0.9748 0.6771 0.0000
vt 0.9801 0.6642 0.0000
vt 0.9756 0.6910 0.0000
vt 0.9649 0.6881 0.0000
vt 0.9900 0.6829 0.0000
vt 0.9485 0.7313 0.0000
vt 0.9333 0.6758 0.0000
vt 0.9352 0.7390 0.0000
vt 0.9311 0.7583 0.0000
vt 0.9090 0.7510 0.0000
vt 0.9200 0.7294 0.0000
vt 0.9491 0.7434 0.0000
vt 0.9522 0.7599 0.0000
vt 0.9523 0.7755 0.0000
vt 0.9290 0.7738 0.0000
vt 0.9858 0.7053 0.0000
vt 0.9712 0.7044 0.0000
vt 0.9612 0.7011 0.0000
vt 0.9500 0.6988 0.0000
vt 0.9554 0.6868 0.0000
vt 0.8946 0.6949 0.0000
vt 0.9042 0.7684 0.0000
vt 0.9285 0.7873 0.0000
vt 0.9060 0.7837 0.0000
vt 0.9246 0.7948 0.0000
vt 0.9115 0.7922 0.0000
vt 0.9505 0.7894 0.0000
vt 0.9640 0.6388 0.0000
vt 0.9705 0.7248 0.0000
vt 0.5122 0.9392 0.0000
vt 0.5033 0.9557 0.0000
vt 0.4898 0.9434 0.0000
vt 0.4829 0.9049 0.0000
vt 0.5250 0.9028 0.0000
vt 0.5188 0.7171 0.0000
vt 0.4993 0.6940 0.0000
vt 0.5245 0.6959 0.0000
vt 0.5085 0.7097 0.0000
vt 0.5101 0.7346 0.0000
vt 0.5067 0.7235 0.0000
vt 0.4829 0.7204 0.0000
vt 0.4850 0.9900 0.0000
vt 0.4532 0.9809 0.0000
vt 0.4726 0.9606 0.0000
vt 0.4884 0.9751 0.0000
vt 0.4993 0.9813 0.0000
vt 0.4662 0.7231 0.0000
vt 0.4717 0.6940 0.0000
vt 0.4852 0.7310 0.0000
vt 0.5359 0.9556 0.0000
vt 0.5249 0.9654 0.0000
vt 0.5482 0.9831 0.0000
vt 0.5160 0.9849 0.0000
vt 0.5476 0.7800 0.0000
vt 0.5189 0.7868 0.0000
vt 0.5723 0.7617 0.0000
vt 0.5891 0.8142 0.0000
vt 0.5531 0.8238 0.0000
vt 0.4163 0.8206 0.0000
vt 0.4202 0.7652 0.0000
vt 0.4510 0.7805 0.0000
vt 0.4500 0.8281 0.0000
vt 0.4508 0.8729 0.0000
vt 0.4159 0.8737 0.0000
vt 0.4808 0.8274 0.0000
vt 0.4808 0.8665 0.0000
vt 0.4572 0.9181 0.0000
vt 0.5253 0.8662 0.0000
vt 0.5537 0.9142 0.0000
vt 0.5594 0.8691 0.0000
vt 0.5871 0.9297 0.0000
vt 0.4209 0.9278 0.0000
vt 0.5939 0.8695 0.0000
vt 0.5223 0.8255 0.0000
vt 0.4814 0.7859 0.0000
vt 0.4014 0.2631 0.0000
vt 0.3862 0.2659 0.0000
vt 0.3890 0.2538 0.0000
vt 0.4015 0.2541 0.0000
vt 0.3602 0.2634 0.0000
vt 0.3608 0.2522 0.0000
vt 0.3890 0.2756 0.0000
vt 0.3850 0.2812 0.0000
vt 0.3800 0.2740 0.0000
vt 0.3602 0.2698 0.0000
vt 0.4602 0.2560 0.0000
vt 0.4627 0.2524 0.0000
vt 0.4672 0.2558 0.0000
vt 0.4646 0.2605 0.0000
vt 0.4519 0.2541 0.0000
vt 0.4605 0.2489 0.0000
vt 0.4533 0.2607 0.0000
vt 0.4475 0.2968 0.0000
vt 0.4510 0.2809 0.0000
vt 0.4630 0.2814 0.0000
vt 0.4568 0.3018 0.0000
vt 0.4605 0.2979 0.0000
vt 0.4662 0.2907 0.0000
vt 0.5175 0.2261 0.0000
vt 0.5198 0.2307 0.0000
vt 0.5155 0.2307 0.0000
vt 0.5109 0.2286 0.0000
vt 0.5179 0.2336 0.0000
vt 0.5046 0.2291 0.0000
vt 0.5049 0.2198 0.0000
vt 0.5056 0.2342 0.0000
vt 0.3903 0.2911 0.0000
vt 0.3910 0.2879 0.0000
vt 0.3941 0.2867 0.0000
vt 0.3968 0.2910 0.0000
vt 0.3839 0.2880 0.0000
vt 0.3945 0.2942 0.0000
vt 0.3855 0.2930 0.0000
vt 0.5216 0.2350 0.0000
vt 0.5177 0.2375 0.0000
vt 0.2617 0.2360 0.0000
vt 0.2587 0.2446 0.0000
vt 0.2526 0.2407 0.0000
vt 0.2569 0.2252 0.0000
vt 0.2612 0.2552 0.0000
vt 0.2539 0.2558 0.0000
vt 0.3736 0.2835 0.0000
vt 0.3734 0.2917 0.0000
vt 0.5150 0.2462 0.0000
vt 0.5121 0.2426 0.0000
vt 0.5086 0.2389 0.0000
vt 0.5686 0.2806 0.0000
vt 0.5735 0.2794 0.0000
vt 0.5395 0.2870 0.0000
vt 0.5391 0.2809 0.0000
vt 0.5700 0.2777 0.0000
vt 0.5406 0.2697 0.0000
vt 0.5422 0.2644 0.0000
vt 0.4635 0.2683 0.0000
vt 0.4516 0.2678 0.0000
vt 0.4676 0.2512 0.0000
vt 0.4920 0.2558 0.0000
vt 0.4912 0.2627 0.0000
vt 0.4887 0.2703 0.0000
vt 0.3951 0.2700 0.0000
vt 0.4043 0.2693 0.0000
vt 0.4049 0.2737 0.0000
vt 0.3990 0.2698 0.0000
vt 0.4000 0.2820 0.0000
vt 0.3953 0.2784 0.0000
vt 0.4087 0.2651 0.0000
vt 0.4278 0.2667 0.0000
vt 0.4274 0.2717 0.0000
vt 0.4269 0.2764 0.0000
vt 0.4252 0.2889 0.0000
vt 0.4014 0.2469 0.0000
vt 0.4255 0.2444 0.0000
vt 0.4270 0.2530 0.0000
vt 0.4021 0.2841 0.0000
vt 0.4495 0.2383 0.0000
vt 0.4496 0.2483 0.0000
vt 0.4590 0.2450 0.0000
vt 0.4591 0.2371 0.0000
vt 0.4818 0.2366 0.0000
vt 0.4795 0.2285 0.0000
vt 0.4832 0.2410 0.0000
vt 0.4855 0.2451 0.0000
vt 0.4884 0.2492 0.0000
vt 0.4903 0.2534 0.0000
vt 0.4690 0.2611 0.0000
vt 0.4277 0.2617 0.0000
vt 0.3898 0.2451 0.0000
vt 0.3913 0.2311 0.0000
vt 0.3909 0.2693 0.0000
vt 0.3626 0.2417 0.0000
vt 0.3634 0.2270 0.0000
vt 0.3839 0.2241 0.0000
vt 0.3363 0.2393 0.0000
vt 0.3376 0.2218 0.0000
vt 0.3342 0.2714 0.0000
vt 0.3345 0.2645 0.0000
vt 0.3358 0.2515 0.0000
vt 0.3110 0.2374 0.0000
vt 0.3104 0.2502 0.0000
vt 0.3116 0.2190 0.0000
vt 0.3079 0.2710 0.0000
vt 0.3087 0.2638 0.0000
vt 0.2848 0.2484 0.0000
vt 0.2861 0.2361 0.0000
vt 0.2849 0.2183 0.0000
vt 0.2806 0.2674 0.0000
vt 0.2822 0.2608 0.0000
vt 0.4507 0.2742 0.0000
vt 0.4624 0.2744 0.0000
vt 0.4878 0.2768 0.0000
vt 0.4882 0.2842 0.0000
vt 0.5135 0.2783 0.0000
vt 0.5124 0.2838 0.0000
vt 0.5153 0.2614 0.0000
vt 0.5148 0.2663 0.0000
vt 0.5142 0.2726 0.0000
vt 0.5397 0.2753 0.0000
vt 0.5726 0.2789 0.0000
vt 0.7910 0.0417 0.0000
vt 0.7830 0.0659 0.0000
vt 0.7694 0.0842 0.0000
vt 0.7678 0.0456 0.0000
vt 0.7829 0.0857 0.0000
vt 0.8075 0.0239 0.0000
vt 0.7975 0.0169 0.0000
vt 0.8303 0.0226 0.0000
vt 0.8181 0.0295 0.0000
vt 0.8057 0.0418 0.0000
vt 0.8622 0.0445 0.0000
vt 0.8445 0.0410 0.0000
vt 0.8593 0.0313 0.0000
vt 0.8636 0.0607 0.0000
vt 0.8511 0.0622 0.0000
vt 0.8174 0.1234 0.0000
vt 0.7998 0.1136 0.0000
vt 0.8080 0.1081 0.0000
vt 0.8213 0.1127 0.0000
vt 0.8271 0.1351 0.0000
vt 0.7992 0.1296 0.0000
vt 0.8347 0.1193 0.0000
vt 0.8639 0.0778 0.0000
vt 0.8570 0.0890 0.0000
vt 0.8429 0.0665 0.0000
vt 0.7953 0.0822 0.0000
vt 0.8089 0.0766 0.0000
vt 0.8165 0.1023 0.0000
vt 0.8261 0.0989 0.0000
vt 0.8246 0.0753 0.0000
vt 0.8134 0.0660 0.0000
vt 0.8252 0.0523 0.0000
vt 0.8363 0.0714 0.0000
vt 0.8942 0.0617 0.0000
vt 0.8895 0.0516 0.0000
vt 0.9060 0.0444 0.0000
vt 0.9115 0.0581 0.0000
vt 0.8837 0.0741 0.0000
vt 0.8760 0.0597 0.0000
vt 0.8731 0.0888 0.0000
vt 0.8630 0.1040 0.0000
vt 0.8769 0.1115 0.0000
vt 0.8567 0.1296 0.0000
vt 0.8524 0.1130 0.0000
vt 0.8477 0.0977 0.0000
vt 0.8364 0.0987 0.0000
vt 0.8321 0.0450 0.0000
vt 0.8505 0.0198 0.0000
vt 0.8708 0.0156 0.0000
vt 0.8753 0.0278 0.0000
vt 0.8946 0.0225 0.0000
vt 0.9245 0.0386 0.0000
vt 0.9276 0.0523 0.0000
vt 0.9144 0.0141 0.0000
vt 0.7974 0.0650 0.0000
vt 0.6899 0.2557 0.0000
vt 0.6935 0.2728 0.0000
vt 0.6626 0.2915 0.0000
vt 0.6964 0.2885 0.0000
vt 0.6627 0.3083 0.0000
vt 0.7004 0.2485 0.0000
vt 0.8324 0.2584 0.0000
vt 0.8273 0.2695 0.0000
vt 0.8029 0.2564 0.0000
vt 0.8036 0.2410 0.0000
vt 0.8141 0.2367 0.0000
vt 0.8375 0.2621 0.0000
vt 0.8336 0.2746 0.0000
vt 0.7181 0.2806 0.0000
vt 0.7078 0.2801 0.0000
vt 0.7218 0.2469 0.0000
vt 0.7327 0.2556 0.0000
vt 0.7330 0.3067 0.0000
vt 0.7295 0.3184 0.0000
vt 0.7604 0.2821 0.0000
vt 0.7689 0.2947 0.0000
vt 0.7559 0.2342 0.0000
vt 0.7758 0.3091 0.0000
vt 0.8496 0.2588 0.0000
vt 0.8518 0.2763 0.0000
vt 0.8406 0.2787 0.0000
vt 0.8439 0.2637 0.0000
vt 0.5939 0.2183 0.0000
vt 0.6295 0.2101 0.0000
vt 0.6286 0.2190 0.0000
vt 0.5942 0.2290 0.0000
vt 0.8245 0.2313 0.0000
vt 0.8177 0.2150 0.0000
vt 0.6749 0.2290 0.0000
vt 0.6312 0.2728 0.0000
vt 0.7538 0.2267 0.0000
vt 0.7529 0.2186 0.0000
vt 0.7390 0.2141 0.0000
vt 0.6828 0.2183 0.0000
vt 0.6170 0.2902 0.0000
vt 0.7933 0.3360 0.0000
vt 0.7846 0.3270 0.0000
vt 0.7796 0.3199 0.0000
vt 0.7276 0.3269 0.0000
vt 0.7006 0.2841 0.0000
vt 0.7280 0.3357 0.0000
vt 0.7126 0.2439 0.0000
vt 0.7693 0.6122 0.0000
vt 0.7799 0.6155 0.0000
vt 0.7813 0.6381 0.0000
vt 0.7765 0.6381 0.0000
vt 0.7627 0.6212 0.0000
vt 0.7723 0.6411 0.0000
vt 0.7707 0.6035 0.0000
vt 0.7791 0.6011 0.0000
vt 0.7812 0.6053 0.0000
vt 0.7752 0.7545 0.0000
vt 0.7778 0.7607 0.0000
vt 0.7818 0.7694 0.0000
vt 0.7685 0.7660 0.0000
vt 0.7837 0.7484 0.0000
vt 0.7849 0.7570 0.0000
vt 0.8526 0.4725 0.0000
vt 0.8499 0.4770 0.0000
vt 0.8485 0.4752 0.0000
vt 0.8534 0.4748 0.0000
vt 0.7994 0.7497 0.0000
vt 0.7945 0.7594 0.0000
vt 0.7913 0.7641 0.0000
vt 0.7970 0.7626 0.0000
vt 0.8036 0.7532 0.0000
vt 0.8093 0.7615 0.0000
vt 0.7995 0.7683 0.0000
vt 0.7251 0.6177 0.0000
vt 0.7251 0.6187 0.0000
vt 0.7390 0.6091 0.0000
vt 0.7388 0.6140 0.0000
vt 0.7254 0.6157 0.0000
vt 0.7413 0.6179 0.0000
vt 0.7230 0.6166 0.0000
vt 0.7366 0.6217 0.0000
vt 0.7886 0.6074 0.0000
vt 0.7862 0.6171 0.0000
vt 0.7602 0.6098 0.0000
vt 0.8022 0.6190 0.0000
vt 0.8021 0.6403 0.0000
vt 0.7926 0.6389 0.0000
vt 0.7920 0.6180 0.0000
vt 0.7551 0.5889 0.0000
vt 0.7579 0.5845 0.0000
vt 0.7493 0.5887 0.0000
vt 0.7385 0.5712 0.0000
vt 0.7675 0.6654 0.0000
vt 0.7572 0.6695 0.0000
vt 0.7553 0.6460 0.0000
vt 0.7624 0.6453 0.0000
vt 0.7760 0.6623 0.0000
vt 0.7785 0.6842 0.0000
vt 0.7704 0.6865 0.0000
vt 0.7930 0.6835 0.0000
vt 0.7894 0.6609 0.0000
vt 0.7806 0.7062 0.0000
vt 0.7978 0.7052 0.0000
vt 0.8027 0.7060 0.0000
vt 0.7980 0.6841 0.0000
vt 0.8069 0.7296 0.0000
vt 0.8015 0.7277 0.0000
vt 0.8124 0.7078 0.0000
vt 0.8172 0.7340 0.0000
vt 0.7580 0.7387 0.0000
vt 0.7716 0.7323 0.0000
vt 0.7820 0.7282 0.0000
vt 0.7714 0.7079 0.0000
vt 0.7621 0.6906 0.0000
vt 0.7948 0.6610 0.0000
vt 0.8047 0.6618 0.0000
vt 0.7868 0.6387 0.0000
vt 0.7933 0.6084 0.0000
vt 0.8012 0.6092 0.0000
vt 0.8096 0.5911 0.0000
vt 0.8027 0.5888 0.0000
vt 0.7894 0.5816 0.0000
vt 0.7931 0.5838 0.0000
vt 0.7993 0.5870 0.0000
vt 0.8098 0.5668 0.0000
vt 0.8140 0.5683 0.0000
vt 0.8216 0.5718 0.0000
vt 0.7983 0.5607 0.0000
vt 0.8024 0.5633 0.0000
vt 0.8198 0.5467 0.0000
vt 0.8133 0.5437 0.0000
vt 0.8236 0.5481 0.0000
vt 0.8300 0.5507 0.0000
vt 0.8101 0.5415 0.0000
vt 0.8297 0.5267 0.0000
vt 0.8241 0.5240 0.0000
vt 0.8328 0.5279 0.0000
vt 0.8384 0.5296 0.0000
vt 0.8214 0.5221 0.0000
vt 0.8300 0.5015 0.0000
vt 0.8330 0.5037 0.0000
vt 0.8394 0.5063 0.0000
vt 0.8427 0.5073 0.0000
vt 0.8493 0.5087 0.0000
vt 0.8510 0.4858 0.0000
vt 0.8556 0.4857 0.0000
vt 0.8414 0.4825 0.0000
vt 0.8431 0.4843 0.0000
vt 0.8484 0.4857 0.0000
vt 0.8566 0.4742 0.0000
vt 0.7548 0.6283 0.0000
vt 0.8077 0.6848 0.0000
vt 0.7612 0.7115 0.0000
vt 0.6802 0.5949 0.0000
vt 0.6785 0.5819 0.0000
vt 0.6962 0.5875 0.0000
vt 0.6573 0.8260 0.0000
vt 0.6561 0.8343 0.0000
vt 0.6333 0.8052 0.0000
vt 0.6500 0.7934 0.0000
vt 0.6629 0.8354 0.0000
vt 0.6525 0.5863 0.0000
vt 0.6623 0.5981 0.0000
vt 0.6569 0.6018 0.0000
vt 0.6454 0.6130 0.0000
vt 0.6352 0.6052 0.0000
vt 0.6687 0.8276 0.0000
vt 0.6678 0.8199 0.0000
vt 0.6742 0.8207 0.0000
vt 0.6723 0.8306 0.0000
vt 0.6659 0.8406 0.0000
vt 0.6444 0.6244 0.0000
vt 0.6273 0.6229 0.0000
vt 0.6655 0.6196 0.0000
vt 0.6806 0.8301 0.0000
vt 0.6808 0.8197 0.0000
vt 0.6903 0.7948 0.0000
vt 0.7007 0.7995 0.0000
vt 0.6799 0.7904 0.0000
vt 0.6564 0.8384 0.0000
vt 0.6572 0.8471 0.0000
vt 0.6075 0.5857 0.0000
vt 0.6267 0.5782 0.0000
vt 0.6409 0.5807 0.0000
vt 0.6258 0.6024 0.0000
vt 0.6656 0.5830 0.0000
vt 0.6692 0.5962 0.0000
vt 0.6880 0.6139 0.0000
vt 0.6767 0.6164 0.0000
vt 0.6703 0.6177 0.0000
vt 0.6844 0.6526 0.0000
vt 0.6766 0.6550 0.0000
vt 0.6694 0.6558 0.0000
vt 0.6414 0.6585 0.0000
vt 0.6210 0.6596 0.0000
vt 0.6161 0.6201 0.0000
vt 0.6092 0.6587 0.0000
vt 0.5914 0.6068 0.0000
vt 0.5828 0.6552 0.0000
vt 0.7110 0.6067 0.0000
vt 0.6971 0.6497 0.0000
vt 0.7238 0.6458 0.0000
vt 0.7035 0.6860 0.0000
vt 0.6902 0.6869 0.0000
vt 0.6798 0.6889 0.0000
vt 0.6718 0.6902 0.0000
vt 0.6404 0.6938 0.0000
vt 0.6206 0.6961 0.0000
vt 0.6069 0.6969 0.0000
vt 0.5813 0.7016 0.0000
vt 0.7304 0.6857 0.0000
vt 0.7071 0.7235 0.0000
vt 0.7311 0.7256 0.0000
vt 0.6949 0.7224 0.0000
vt 0.6828 0.7232 0.0000
vt 0.6728 0.7247 0.0000
vt 0.6419 0.7284 0.0000
vt 0.6210 0.7323 0.0000
vt 0.6087 0.7356 0.0000
vt 0.5863 0.7447 0.0000
vt 0.7300 0.7684 0.0000
vt 0.7070 0.7625 0.0000
vt 0.6956 0.7602 0.0000
vt 0.6838 0.7583 0.0000
vt 0.6725 0.7576 0.0000
vt 0.6449 0.7613 0.0000
vt 0.6232 0.7690 0.0000
vt 0.6140 0.7741 0.0000
vt 0.5964 0.7866 0.0000
vt 0.6199 0.8257 0.0000
vt 0.6282 0.8122 0.0000
vt 0.7164 0.8150 0.0000
vt 0.6705 0.7903 0.0000
vt 0.6785 0.8434 0.0000
vt 0.4946 0.2018 0.0000
vt 0.4869 0.2029 0.0000
vt 0.4857 0.1935 0.0000
vt 0.4950 0.1973 0.0000
vt 0.5022 0.2023 0.0000
vt 0.4926 0.2099 0.0000
vt 0.4980 0.2001 0.0000
vt 0.4643 0.1976 0.0000
vt 0.4626 0.2069 0.0000
vt 0.4826 0.2146 0.0000
vt 0.4860 0.1863 0.0000
vt 0.4831 0.1821 0.0000
vt 0.4953 0.1831 0.0000
vt 0.4979 0.1902 0.0000
vt 0.4080 0.1629 0.0000
vt 0.4064 0.1615 0.0000
vt 0.4216 0.1512 0.0000
vt 0.4234 0.1552 0.0000
vt 0.4073 0.1597 0.0000
vt 0.4291 0.1610 0.0000
vt 0.4281 0.1661 0.0000
vt 0.4050 0.2112 0.0000
vt 0.3957 0.2092 0.0000
vt 0.3994 0.1932 0.0000
vt 0.4122 0.1924 0.0000
vt 0.4151 0.1690 0.0000
vt 0.4031 0.1669 0.0000
vt 0.4007 0.1593 0.0000
vt 0.3974 0.1509 0.0000
vt 0.4091 0.1498 0.0000
vt 0.4198 0.1467 0.0000
vt 0.4008 0.2219 0.0000
vt 0.3906 0.2159 0.0000
vt 0.4114 0.2271 0.0000
vt 0.4079 0.2301 0.0000
vt 0.2719 0.1626 0.0000
vt 0.2590 0.1653 0.0000
vt 0.2587 0.1564 0.0000
vt 0.2712 0.1514 0.0000
vt 0.4958 0.1916 0.0000
vt 0.4296 0.1466 0.0000
vt 0.4283 0.1456 0.0000
vt 0.4279 0.1429 0.0000
vt 0.4300 0.1485 0.0000
vt 0.4267 0.1488 0.0000
vt 0.4316 0.1461 0.0000
vt 0.4298 0.1460 0.0000
vt 0.4893 0.1551 0.0000
vt 0.4996 0.1621 0.0000
vt 0.4962 0.1697 0.0000
vt 0.4838 0.1694 0.0000
vt 0.2560 0.1480 0.0000
vt 0.4278 0.1718 0.0000
vt 0.4301 0.1443 0.0000
vt 0.2652 0.1730 0.0000
vt 0.2643 0.1824 0.0000
vt 0.2555 0.1868 0.0000
vt 0.4659 0.1883 0.0000
vt 0.4706 0.1832 0.0000
vt 0.4692 0.1711 0.0000
vt 0.4700 0.1662 0.0000
vt 0.4418 0.1681 0.0000
vt 0.4426 0.1628 0.0000
vt 0.4820 0.1756 0.0000
vt 0.4686 0.1765 0.0000
vt 0.4412 0.1734 0.0000
vt 0.4400 0.1834 0.0000
vt 0.4269 0.1820 0.0000
vt 0.4132 0.1808 0.0000
vt 0.4385 0.1932 0.0000
vt 0.4253 0.1923 0.0000
vt 0.4005 0.1805 0.0000
vt 0.3744 0.1883 0.0000
vt 0.3719 0.1993 0.0000
vt 0.3491 0.1423 0.0000
vt 0.3745 0.1443 0.0000
vt 0.3825 0.1551 0.0000
vt 0.3498 0.1532 0.0000
vt 0.3500 0.1649 0.0000
vt 0.3758 0.1666 0.0000
vt 0.3241 0.1513 0.0000
vt 0.3251 0.1634 0.0000
vt 0.3251 0.1751 0.0000
vt 0.3495 0.1758 0.0000
vt 0.2993 0.1620 0.0000
vt 0.3001 0.1737 0.0000
vt 0.2990 0.1855 0.0000
vt 0.3237 0.1866 0.0000
vt 0.2764 0.1722 0.0000
vt 0.2736 0.1853 0.0000
vt 0.2662 0.1980 0.0000
vt 0.2969 0.1983 0.0000
vt 0.2663 0.1393 0.0000
vt 0.2978 0.1503 0.0000
vt 0.2959 0.1386 0.0000
vt 0.3232 0.1397 0.0000
vt 0.3467 0.1991 0.0000
vt 0.3216 0.1979 0.0000
vt 0.3482 0.1869 0.0000
vt 0.3756 0.1776 0.0000
vt 0.3979 0.1437 0.0000
vt 0.4242 0.2030 0.0000
vt 0.4368 0.2031 0.0000
vt 0.4948 0.1762 0.0000
vt 0.5194 0.1718 0.0000
vt 0.5176 0.1776 0.0000
vt 0.5179 0.1838 0.0000
vt 0.5201 0.1894 0.0000
vt 0.5213 0.1661 0.0000
vt 0.5470 0.1770 0.0000
vt 0.5446 0.1798 0.0000
vt 0.5413 0.1777 0.0000
vt 0.5405 0.1804 0.0000
vt 0.4198 0.1424 0.0000
vt 0.4169 0.2332 0.0000
vt 0.4145 0.2348 0.0000
vt 0.4090 0.1427 0.0000
# 1843 texture coords

o Campfire
g Campfire
usemtl 02___Default
s off
f 1/1/1 2/2/2 3/3/2 4/4/1 
f 2/2/3 1/1/4 5/5/5 6/6/6 
f 2/2/3 6/6/6 7/7/7 3/3/8 
f 6/6/6 5/5/5 8/8/9 7/7/7 
f 9/9/10 10/10/11 11/11/12 12/12/13 
f 10/10/11 13/13/14 14/14/15 11/11/12 
f 10/10/11 9/9/10 15/15/16 13/13/14 
f 9/9/10 12/12/13 16/16/17 17/17/18 
f 16/16/17 12/12/13 18/18/19 
f 19/19/20 20/20/21 3/3/8 7/7/7 
f 20/21/21 21/22/22 4/4/23 3/3/8 
f 20/20/21 19/19/20 22/23/24 21/24/22 
f 18/25/19 12/12/13 11/11/12 
f 18/25/19 11/11/12 14/14/15 23/26/25 
f 17/17/18 24/27/26 15/15/16 9/9/10 
f 24/27/26 17/17/18 16/16/17 25/28/27 
f 22/23/24 19/19/20 7/7/7 8/8/9 
f 22/23/24 8/8/9 26/29/28 27/30/29 
f 26/29/28 8/8/9 5/5/5 28/31/30 
f 26/29/28 28/31/30 29/32/31 30/33/32 
f 29/32/31 28/31/30 31/34/33 32/35/34 
f 29/32/31 32/35/34 33/36/35 34/37/36 
f 35/38/37 32/35/34 31/34/33 36/39/38 
f 33/36/35 32/35/34 35/38/37 37/40/39 
f 38/41/40 37/40/39 35/38/37 39/42/41 
f 40/43/42 37/40/39 38/41/40 41/44/43 
f 42/45/44 41/46/43 38/47/40 43/48/45 
f 41/46/43 42/45/44 44/49/46 45/50/47 
f 44/49/46 42/45/44 46/51/48 47/52/49 
f 44/49/46 47/52/49 24/27/26 25/28/27 
f 24/27/26 47/52/49 48/53/50 15/15/16 
f 13/13/14 15/15/16 48/53/50 49/54/51 
f 14/14/15 13/13/14 49/54/51 50/55/52 
f 45/56/47 23/26/25 14/14/15 50/55/52 
f 44/49/46 25/28/27 23/57/25 45/50/47 
f 18/18/19 23/57/25 25/28/27 16/16/17 
f 45/56/47 50/55/52 40/43/42 41/44/43 
f 40/43/42 50/55/52 49/54/51 51/58/53 
f 40/43/42 51/58/53 33/36/35 37/40/39 
f 51/58/53 52/59/54 34/37/36 33/36/35 
f 53/60/55 30/33/32 29/32/31 34/37/36 
f 54/61/56 27/30/29 26/29/28 30/33/32 
f 55/62/57 27/30/29 54/61/56 39/63/41 
f 22/23/24 27/30/29 55/62/57 21/24/22 
f 21/22/22 55/64/57 36/39/38 4/4/23 
f 31/34/33 1/1/1 4/4/1 36/39/38 
f 1/1/4 31/34/33 28/31/30 5/5/5 
f 35/38/37 36/39/38 55/64/57 39/42/41 
f 38/47/40 39/63/41 54/61/56 43/48/45 
f 43/48/45 54/61/56 30/33/32 53/60/55 
f 42/45/44 43/48/45 53/60/55 46/51/48 
f 46/51/48 53/60/55 34/37/36 52/59/54 
f 47/52/49 46/51/48 52/59/54 48/53/50 
f 51/58/53 49/54/51 48/53/50 52/59/54 
f 56/65/58 57/66/59 58/67/60 59/68/61 
f 56/65/58 59/68/61 60/69/62 
f 61/70/63 62/71/64 63/72/65 64/73/66 
f 65/74/67 66/75/68 67/76/69 
f 68/77/70 65/78/67 67/79/69 69/80/71 
f 70/81/72 71/82/73 72/83/74 73/84/75 
f 74/85/76 70/81/72 75/86/77 
f 75/86/77 70/81/72 73/84/75 76/87/78 
f 77/88/79 78/89/80 79/90/81 80/91/82 
f 77/92/79 80/93/82 81/94/83 82/95/84 
f 78/89/80 77/88/79 82/96/84 83/97/85 
f 84/98/86 85/99/87 86/100/88 87/101/89 
f 84/102/86 87/103/89 69/80/71 67/79/69 
f 84/98/86 67/76/69 66/75/68 85/99/87 
f 64/73/66 63/72/65 88/104/90 89/105/91 
f 64/73/66 89/105/91 90/106/92 
f 82/95/84 81/94/83 91/107/93 83/97/85 
f 91/107/93 92/108/94 93/109/95 94/110/96 
f 91/107/93 94/110/96 95/111/97 83/97/85 
f 91/107/93 81/94/83 96/112/98 92/108/94 
f 92/108/94 96/112/98 90/106/92 89/105/91 
f 61/70/63 90/106/92 96/112/98 97/113/99 
f 62/71/64 61/70/63 97/113/99 98/114/100 
f 58/67/101 62/71/64 98/114/100 99/115/102 
f 86/100/88 59/68/103 58/67/101 99/115/102 
f 62/71/64 58/67/60 57/66/59 63/72/65 
f 60/69/62 59/68/103 86/100/88 85/99/87 
f 66/75/68 75/86/77 85/99/87 
f 76/87/78 60/69/62 85/99/87 75/86/77 
f 74/85/76 75/86/77 66/75/68 65/74/67 
f 99/115/102 100/116/104 87/101/89 86/100/88 
f 99/115/102 98/114/100 79/117/81 100/116/104 
f 98/114/100 97/113/99 80/93/82 79/117/81 
f 80/93/82 97/113/99 96/112/98 81/94/83 
f 100/118/104 101/119/105 69/80/71 87/103/89 
f 100/118/104 79/90/81 78/89/80 101/119/105 
f 68/77/70 69/80/71 101/119/105 95/111/97 
f 101/119/105 78/89/80 83/97/85 95/111/97 
f 61/70/63 64/73/66 90/106/92 
f 92/108/94 89/105/91 88/104/90 93/109/95 
f 88/104/90 72/83/74 71/82/73 93/109/95 
f 73/84/75 72/83/74 57/66/106 56/65/58 
f 72/83/74 88/104/90 63/72/65 57/66/106 
f 76/87/78 73/84/75 56/65/58 60/69/62 
f 95/111/97 94/110/96 102/120/107 68/121/70 
f 102/120/107 71/82/73 70/81/72 74/85/76 
f 102/120/107 74/85/76 65/74/67 68/121/70 
f 102/120/107 94/110/96 93/109/95 71/82/73 
f 103/122/108 104/123/109 105/124/110 106/125/108 
f 104/123/111 103/122/112 107/126/113 108/127/114 
f 103/122/112 106/125/115 109/128/116 107/126/113 
f 106/125/115 105/124/117 110/129/118 109/128/116 
f 107/126/113 109/130/116 110/131/118 111/132/119 
f 108/127/114 107/126/113 111/132/119 112/133/120 
f 113/134/121 114/135/122 115/136/123 116/137/124 
f 114/138/122 113/134/121 117/139/125 118/140/126 
f 116/137/124 115/136/123 119/141/127 120/142/128 
f 119/141/127 115/136/123 114/135/122 121/143/129 
f 114/138/122 118/140/126 121/144/129 
f 116/137/124 122/145/130 117/139/125 113/134/121 
f 116/137/124 120/142/128 122/145/130 
f 123/146/131 122/145/130 120/142/128 124/147/132 
f 117/139/125 122/145/130 123/146/131 125/148/133 
f 118/140/126 117/139/125 125/148/133 126/149/134 
f 121/144/129 118/140/126 126/149/134 127/150/135 
f 119/141/127 121/143/129 127/151/135 128/152/136 
f 120/142/128 119/141/127 128/152/136 124/147/132 
f 124/147/132 128/152/136 129/153/137 130/154/138 
f 124/147/132 130/154/138 131/155/139 123/146/131 
f 123/146/131 131/155/139 132/156/140 125/148/133 
f 125/148/133 132/156/140 133/157/141 126/149/134 
f 126/149/134 133/157/141 134/158/142 127/150/135 
f 127/151/135 134/159/142 129/153/137 128/152/136 
f 129/153/137 134/159/142 135/160/143 136/161/144 
f 129/153/137 136/161/144 137/162/145 130/154/138 
f 130/154/138 137/162/145 138/163/146 131/155/139 
f 131/155/139 138/163/146 139/164/147 132/156/140 
f 132/156/140 139/164/147 140/165/148 133/157/141 
f 133/157/141 140/165/148 135/166/143 134/158/142 
f 135/166/143 140/165/148 141/167/149 142/168/150 
f 140/165/148 139/164/147 143/169/151 141/167/149 
f 135/160/143 142/170/150 144/171/152 136/161/144 
f 136/161/144 144/171/152 145/172/153 137/162/145 
f 137/162/145 145/172/153 146/173/154 138/163/146 
f 138/163/146 146/173/154 143/169/151 139/164/147 
f 143/169/151 146/173/154 147/174/155 148/175/156 
f 143/169/151 148/175/156 149/176/157 141/167/149 
f 141/167/149 149/176/157 150/177/158 142/168/150 
f 142/170/150 150/178/158 151/179/159 144/171/152 
f 144/171/152 151/179/159 152/180/160 145/172/153 
f 145/172/153 152/180/160 147/174/155 146/173/154 
f 148/175/156 147/174/155 108/127/114 112/133/120 
f 149/176/157 148/175/156 112/133/120 111/132/119 
f 150/177/158 149/176/157 111/132/119 110/131/118 
f 151/179/159 150/178/158 110/129/118 105/124/117 
f 152/180/160 151/179/159 105/124/110 104/123/109 
f 152/180/160 104/123/111 108/127/114 147/174/155 
f 153/181/161 154/182/162 155/183/163 156/184/164 
f 153/181/161 156/184/164 157/185/165 158/186/166 
f 153/181/161 158/186/166 159/187/167 154/182/168 
f 160/188/169 161/189/170 162/190/171 
f 163/191/172 164/192/173 161/189/170 160/188/169 
f 164/192/173 165/193/174 161/189/170 
f 166/194/175 167/195/176 168/196/177 165/193/174 
f 166/197/175 165/193/174 164/192/173 
f 167/198/176 166/197/175 164/192/173 163/191/172 
f 169/199/178 170/200/179 157/185/165 156/201/180 
f 170/200/179 171/202/181 158/186/166 157/185/165 
f 159/187/167 158/186/166 171/202/181 172/203/182 
f 172/203/182 171/202/181 169/199/178 173/204/183 
f 172/203/182 173/204/183 174/205/184 175/206/185 
f 176/207/186 177/208/187 178/209/188 179/210/189 
f 177/208/187 180/211/190 181/212/191 178/209/188 
f 180/211/190 175/206/185 182/213/192 181/212/191 
f 183/214/193 182/213/192 184/215/194 185/216/195 
f 186/217/196 185/216/195 184/215/194 179/218/189 
f 187/219/197 185/216/195 186/217/196 188/220/198 
f 189/221/199 188/222/198 186/223/196 190/224/200 
f 188/222/198 189/221/199 191/225/201 192/226/202 
f 191/225/201 189/221/199 193/227/203 194/228/204 
f 195/229/205 194/228/204 193/227/203 196/230/206 
f 194/228/204 195/229/205 197/231/207 198/232/208 
f 195/229/205 199/233/209 200/234/210 197/231/207 
f 200/234/210 201/235/211 167/198/176 163/191/172 
f 201/236/211 202/237/212 168/196/177 167/195/176 
f 162/190/171 168/196/177 202/237/212 198/232/208 
f 160/188/169 162/190/171 198/232/208 197/231/207 
f 200/234/210 163/191/172 160/188/169 197/231/207 
f 194/228/204 198/232/208 202/237/212 191/225/201 
f 202/237/212 201/236/211 192/226/202 191/225/201 
f 200/234/210 199/233/209 192/238/202 201/235/211 
f 192/238/202 199/233/209 187/219/197 188/220/198 
f 187/219/197 199/233/209 195/229/205 196/230/206 
f 187/219/197 196/230/206 183/214/193 185/216/195 
f 183/214/193 196/230/206 193/227/203 203/239/213 
f 183/214/193 203/239/213 181/212/191 182/213/192 
f 203/239/213 190/224/200 178/209/188 181/212/191 
f 179/210/189 178/209/188 190/224/200 186/223/196 
f 176/240/186 179/218/189 184/215/194 174/205/184 
f 182/213/192 175/206/185 174/205/184 184/215/194 
f 172/203/182 175/206/185 180/211/190 159/187/167 
f 154/182/168 159/187/167 180/211/190 177/208/187 
f 176/207/186 155/183/163 154/182/162 177/208/187 
f 173/204/183 155/241/214 176/240/186 174/205/184 
f 155/241/214 173/204/183 169/199/178 156/201/180 
f 189/221/199 190/224/200 203/239/213 193/227/203 
f 171/202/181 170/200/179 169/199/178 
f 168/196/177 162/190/171 161/189/170 165/193/174 
f 204/242/215 205/243/216 206/244/217 207/245/217 
f 208/246/218 209/247/219 210/248/220 211/249/221 
f 212/250/222 208/246/218 211/249/221 
f 207/245/223 206/244/224 213/251/225 214/252/226 
f 215/253/227 208/254/218 212/255/222 216/256/228 
f 210/248/220 209/257/219 217/258/229 
f 209/257/219 208/254/218 215/253/227 217/258/229 
f 210/248/220 217/258/229 218/259/230 211/249/221 
f 212/250/222 211/249/221 218/259/230 216/260/228 
f 215/253/227 216/256/228 219/261/231 220/262/232 
f 217/258/229 215/253/227 220/262/232 221/263/233 
f 217/258/229 221/263/233 222/264/234 218/259/230 
f 216/260/228 218/259/230 222/264/234 219/265/231 
f 219/265/231 222/264/234 223/266/235 224/267/236 
f 220/262/232 219/261/231 224/268/236 225/269/237 
f 221/263/233 220/262/232 225/269/237 226/270/238 
f 221/263/233 226/270/238 223/266/235 222/264/234 
f 226/270/238 227/271/239 228/272/240 223/266/235 
f 224/267/236 223/266/235 228/272/240 205/273/241 
f 225/269/237 224/268/236 205/243/216 204/242/215 
f 226/270/238 225/269/237 204/242/242 227/271/239 
f 227/271/239 204/242/242 207/245/223 214/252/226 
f 227/271/239 214/252/226 213/274/225 228/272/240 
f 205/273/241 228/272/240 213/274/225 206/275/224 
f 229/276/243 230/277/243 231/278/243 
f 232/279/244 231/278/245 233/280/246 
f 234/281/247 235/282/248 236/283/249 237/284/250 
f 231/278/245 232/279/244 229/276/251 
f 236/285/249 238/286/252 237/287/250 
f 238/286/252 236/285/249 235/282/248 239/288/253 
f 233/289/246 230/277/254 240/290/255 241/291/256 
f 242/292/257 240/290/255 230/277/254 229/276/251 
f 242/292/257 243/293/258 244/294/259 245/295/260 
f 246/296/261 247/297/262 248/298/263 249/299/264 
f 246/296/261 250/300/265 239/288/253 234/281/247 
f 235/282/248 234/281/247 239/288/253 
f 234/281/247 237/284/250 247/297/262 246/296/261 
f 251/301/266 244/294/259 248/302/263 247/303/262 
f 249/299/264 240/290/255 242/292/257 245/295/260 
f 242/292/257 229/276/251 232/279/244 243/293/258 
f 243/293/258 232/279/244 233/280/246 241/304/256 
f 248/302/263 244/294/259 243/293/258 241/304/256 
f 248/298/263 241/291/256 240/290/255 249/299/264 
f 246/296/261 249/299/264 245/295/260 250/300/265 
f 250/300/265 245/295/260 244/294/259 251/301/266 
f 238/286/252 239/288/253 250/300/265 251/301/266 
f 237/287/250 238/286/252 251/301/266 247/303/262 
f 231/305/245 230/277/254 233/289/246 
f 252/306/267 253/307/267 254/308/267 
f 255/309/268 256/310/269 257/311/270 258/312/271 
f 254/308/272 253/307/273 259/313/274 260/314/275 
f 252/306/276 254/308/272 260/314/275 261/315/277 
f 262/316/278 263/317/279 256/310/269 255/309/268 
f 263/317/279 262/316/278 264/318/280 265/319/281 
f 265/319/281 264/318/280 266/320/282 
f 255/309/268 266/320/282 264/318/280 262/316/278 
f 267/321/283 268/322/284 269/323/285 270/324/286 
f 268/322/284 252/306/276 261/315/277 269/323/285 
f 271/325/287 269/323/285 261/315/277 272/326/288 
f 270/324/286 269/323/285 271/325/287 273/327/289 
f 259/328/274 270/324/286 273/327/289 274/329/290 
f 275/330/291 273/327/289 271/325/287 276/331/292 
f 274/329/290 273/327/289 275/330/291 277/332/293 
f 274/333/290 277/334/293 278/335/294 279/336/295 
f 280/337/296 281/338/297 277/332/293 275/330/291 
f 278/335/294 277/334/293 281/339/297 282/340/298 
f 278/335/294 282/340/298 283/341/299 284/342/300 
f 283/341/299 282/340/298 285/343/301 286/344/302 
f 283/341/299 286/344/302 287/345/303 288/346/304 
f 287/345/303 286/344/302 289/347/305 290/348/306 
f 290/348/306 265/319/281 266/320/282 291/349/307 
f 290/348/306 291/349/307 292/350/308 287/345/303 
f 291/349/307 266/320/282 255/351/268 258/352/271 
f 258/312/271 257/311/270 285/343/301 293/353/309 
f 291/349/307 258/352/271 293/354/309 292/350/308 
f 280/337/296 292/350/308 293/354/309 281/338/297 
f 288/346/304 287/345/303 292/350/308 280/337/296 
f 284/342/300 283/341/299 288/346/304 276/331/292 
f 278/335/294 284/342/300 272/326/288 279/336/295 
f 261/315/277 260/314/275 279/336/295 272/326/288 
f 274/333/290 279/336/295 260/314/275 259/313/274 
f 259/328/274 253/355/273 267/321/283 270/324/286 
f 271/325/287 272/326/288 284/342/300 276/331/292 
f 275/330/291 276/331/292 288/346/304 280/337/296 
f 282/340/298 281/339/297 293/353/309 285/343/301 
f 286/344/302 285/343/301 257/311/270 289/347/305 
f 263/317/279 289/347/305 257/311/270 256/310/269 
f 290/348/306 289/347/305 263/317/279 265/319/281 
f 253/307/273 252/306/276 268/322/284 267/321/283 
f 294/356/310 295/357/310 296/358/310 
f 297/359/311 298/360/312 299/361/313 300/362/314 
f 298/360/312 297/359/311 301/363/315 
f 299/361/313 298/360/312 301/363/315 302/364/316 
f 302/364/316 301/363/315 303/365/317 
f 303/365/317 301/363/315 297/359/311 300/366/314 
f 304/367/318 296/358/319 295/357/320 
f 295/357/320 294/356/321 305/368/322 306/369/323 
f 307/370/324 308/371/325 309/372/326 310/373/327 
f 307/374/324 311/375/328 312/376/329 313/377/330 
f 314/378/331 315/379/332 316/380/333 317/381/334 
f 299/361/313 314/378/331 318/382/335 300/362/314 
f 299/361/313 302/364/316 315/379/332 314/378/331 
f 319/383/336 312/376/329 316/380/333 315/379/332 
f 317/381/334 308/371/325 307/370/324 313/384/330 
f 320/385/337 305/368/322 309/372/326 308/371/325 
f 310/386/327 304/367/318 295/357/320 306/369/323 
f 309/372/326 296/387/319 304/388/318 310/373/327 
f 309/372/326 305/368/322 294/356/321 296/387/319 
f 307/374/324 310/386/327 306/369/323 311/375/328 
f 311/375/328 306/369/323 305/368/322 320/385/337 
f 316/380/333 312/376/329 311/375/328 320/385/337 
f 316/380/333 320/385/337 308/371/325 317/381/334 
f 314/378/331 317/381/334 313/384/330 318/382/335 
f 318/389/335 313/377/330 312/376/329 319/383/336 
f 303/365/317 300/366/314 318/389/335 319/383/336 
f 302/364/316 303/365/317 319/383/336 315/379/332 
f 321/390/338 322/391/339 323/392/340 324/393/341 
f 325/394/342 321/390/338 324/393/341 
f 326/395/343 327/396/344 328/397/345 329/398/346 
f 330/399/347 331/400/348 332/401/349 333/402/350 
f 331/400/348 328/403/345 334/404/351 332/401/349 
f 328/403/345 331/400/348 330/399/347 329/405/346 
f 334/404/351 328/403/345 327/396/344 
f 332/401/349 334/404/351 327/396/344 335/406/352 
f 332/401/349 335/406/352 336/407/353 333/402/350 
f 335/406/352 327/396/344 326/395/343 336/407/353 
f 337/408/354 338/409/355 322/391/356 339/410/357 
f 323/392/340 322/391/339 338/409/355 
f 324/393/358 323/392/359 340/411/360 341/412/361 
f 340/411/360 323/392/359 338/409/355 337/408/354 
f 340/411/360 337/408/354 342/413/362 343/414/363 
f 342/413/362 337/408/354 339/410/357 344/415/364 
f 342/413/362 344/415/364 345/416/365 346/417/366 
f 345/416/365 344/415/364 347/418/367 348/419/368 
f 345/416/365 348/419/368 349/420/369 350/421/370 
f 348/422/368 347/423/367 351/424/371 352/425/372 
f 349/426/369 348/422/368 352/425/372 353/427/373 
f 354/428/374 355/429/375 353/427/373 356/430/376 
f 355/429/375 354/428/374 336/407/353 326/395/343 
f 336/407/353 354/428/374 357/431/377 333/402/350 
f 330/399/347 333/402/350 357/431/377 358/432/378 
f 329/405/346 330/399/347 358/432/378 359/433/379 
f 355/429/375 326/395/343 329/398/346 359/434/379 
f 355/429/375 359/434/379 349/426/369 353/427/373 
f 359/433/379 358/432/378 350/421/370 349/420/369 
f 360/435/380 346/417/366 345/416/365 350/421/370 
f 361/436/381 343/414/363 342/413/362 346/417/366 
f 351/424/371 343/414/363 361/436/381 352/425/372 
f 340/411/360 343/414/363 351/424/371 341/412/361 
f 321/390/382 325/394/342 362/437/383 
f 341/412/361 362/438/383 325/439/342 324/393/358 
f 321/390/382 362/437/383 339/410/357 322/391/356 
f 344/415/364 339/410/357 362/437/383 347/418/367 
f 347/423/367 362/438/383 341/412/361 351/424/371 
f 353/427/373 352/425/372 361/436/381 356/430/376 
f 356/430/376 361/436/381 346/417/366 360/435/380 
f 354/428/374 356/430/376 360/435/380 357/431/377 
f 357/431/377 360/435/380 350/421/370 358/432/378 
f 363/440/384 364/441/384 365/442/384 366/443/384 
f 367/444/385 368/445/386 369/446/387 370/447/388 
f 368/445/386 367/444/385 371/448/389 372/449/390 
f 371/448/389 373/450/391 374/451/392 372/449/390 
f 370/452/388 369/453/387 375/454/393 
f 375/454/393 369/453/387 374/451/392 373/450/391 
f 375/454/393 373/450/391 371/448/389 
f 367/455/385 370/452/388 375/454/393 371/448/389 
f 363/456/394 366/443/395 376/457/396 377/458/397 
f 378/459/398 376/457/396 366/443/395 365/442/399 
f 379/460/400 380/461/401 378/459/398 381/462/402 
f 382/463/403 383/464/404 384/465/405 385/466/406 
f 372/449/390 374/451/392 382/463/403 386/467/407 
f 374/451/392 369/453/387 383/464/404 382/463/403 
f 387/468/408 379/460/400 384/469/405 383/470/404 
f 386/467/407 380/461/401 379/460/400 387/468/408 
f 385/466/406 376/457/396 378/459/398 380/461/401 
f 381/462/402 364/441/409 363/440/394 377/471/397 
f 378/459/398 365/442/399 364/441/409 381/462/402 
f 384/469/405 379/460/400 381/462/402 377/471/397 
f 384/465/405 377/458/397 376/457/396 385/466/406 
f 382/463/403 385/466/406 380/461/401 386/467/407 
f 368/445/386 372/449/390 386/467/407 387/468/408 
f 368/445/386 387/468/408 383/470/404 369/446/387 
f 388/472/410 389/473/411 390/474/412 391/475/413 
f 392/476/414 389/473/411 388/472/410 393/477/415 
f 394/478/416 395/479/417 396/480/418 397/481/419 
f 395/482/417 394/483/416 398/484/420 399/485/421 
f 399/486/421 400/487/422 401/488/423 402/489/424 
f 403/490/425 404/491/426 401/488/423 400/487/422 
f 405/492/427 406/493/428 407/494/429 
f 408/495/430 409/496/431 410/497/432 411/498/433 
f 412/499/434 413/500/435 414/501/436 
f 412/499/434 414/501/436 389/473/411 392/476/414 
f 412/499/434 392/476/414 415/502/437 416/503/438 
f 414/501/436 417/504/439 390/474/412 389/473/411 
f 418/505/440 390/474/441 417/504/439 419/506/442 
f 391/475/443 390/474/441 418/505/440 420/507/444 
f 420/507/444 418/505/440 409/508/431 408/509/430 
f 421/510/445 420/507/444 408/509/430 411/498/433 
f 420/507/444 421/510/445 388/472/446 391/475/443 
f 422/511/447 421/510/445 411/498/433 407/494/429 
f 421/510/445 422/511/447 393/477/415 388/472/446 
f 392/476/414 393/477/415 422/511/447 415/502/437 
f 415/502/437 422/511/447 407/494/429 406/493/428 
f 415/502/437 406/493/428 397/481/419 416/503/438 
f 416/503/438 397/481/419 396/480/418 423/512/448 
f 424/513/449 423/512/448 396/480/418 402/489/424 
f 413/500/435 423/512/448 424/513/449 425/514/450 
f 423/512/448 413/500/435 412/499/434 416/503/438 
f 413/500/435 425/514/450 417/504/439 414/501/436 
f 417/504/439 425/514/450 403/490/425 419/506/442 
f 419/506/442 403/490/425 400/487/422 426/515/451 
f 419/506/442 426/515/451 409/508/431 418/505/440 
f 410/497/432 409/496/431 426/516/451 398/484/420 
f 405/517/427 410/497/432 398/484/420 394/483/416 
f 405/492/427 394/478/416 397/481/419 406/493/428 
f 398/484/420 426/516/451 400/518/422 399/485/421 
f 425/514/450 424/513/449 404/491/426 403/490/425 
f 404/491/426 424/513/449 402/489/424 401/488/423 
f 399/486/421 402/489/424 396/480/418 395/479/417 
f 405/517/427 407/494/429 411/498/433 410/497/432 
f 427/519/452 428/520/453 429/521/454 430/522/454 
f 431/523/455 432/524/456 433/525/457 
f 434/526/458 435/527/459 436/528/460 437/529/461 
f 429/521/462 433/525/457 432/524/456 438/530/463 
f 438/530/463 430/522/464 429/521/462 
f 438/530/463 432/524/456 431/523/455 439/531/465 
f 430/522/464 438/530/463 439/531/465 
f 430/522/464 439/531/465 440/532/466 427/519/467 
f 441/533/468 436/528/460 442/534/469 443/535/470 
f 441/533/468 444/536/471 437/529/461 436/528/460 
f 444/536/471 441/533/468 443/535/470 445/537/472 
f 445/537/472 443/535/470 446/538/473 447/539/474 
f 444/536/471 445/537/472 434/526/458 437/529/461 
f 448/540/475 434/526/458 445/537/472 447/539/474 
f 435/527/459 434/526/458 448/540/475 449/541/476 
f 435/527/459 449/541/476 450/542/477 442/543/469 
f 436/544/460 435/527/459 442/543/469 
f 443/535/470 442/534/469 450/545/477 446/538/473 
f 451/546/478 446/538/473 450/545/477 452/547/479 
f 447/539/474 446/538/473 451/546/478 453/548/480 
f 448/540/475 447/539/474 453/548/480 454/549/481 
f 449/541/476 448/540/475 454/549/481 455/550/482 
f 449/541/476 455/550/482 452/551/479 450/542/477 
f 451/546/478 452/547/479 456/552/483 457/553/484 
f 458/554/485 453/548/480 451/546/478 457/553/484 
f 454/549/481 453/548/480 458/554/485 459/555/486 
f 455/550/482 454/549/481 459/555/486 460/556/487 
f 452/551/479 455/550/482 460/556/487 456/557/483 
f 461/558/488 456/557/483 460/556/487 462/559/489 
f 457/553/484 456/552/483 461/560/488 463/561/490 
f 458/554/485 457/553/484 463/561/490 464/562/491 
f 459/555/486 458/554/485 464/562/491 465/563/492 
f 460/556/487 459/555/486 465/563/492 462/559/489 
f 461/558/488 462/559/489 466/564/493 428/565/494 
f 427/519/452 463/561/490 461/560/488 428/520/453 
f 464/562/491 463/561/490 427/519/467 440/532/466 
f 465/563/492 464/562/491 440/532/466 467/566/495 
f 462/559/489 465/563/492 467/566/495 466/564/493 
f 431/523/455 433/525/457 466/564/493 467/566/495 
f 466/564/493 433/525/457 429/567/462 428/565/494 
f 439/531/465 431/523/455 467/566/495 440/532/466 
f 468/568/496 469/569/497 470/570/498 
f 471/571/499 468/568/500 472/572/501 
f 473/573/502 474/574/503 471/571/499 472/572/501 
f 474/574/503 475/575/504 476/576/505 477/577/506 
f 474/574/503 473/573/502 478/578/507 475/575/504 
f 479/579/508 480/580/509 476/576/505 
f 479/579/508 481/581/510 482/582/511 480/580/509 
f 479/579/508 483/583/512 481/581/510 
f 479/579/508 476/576/505 475/575/504 483/583/512 
f 484/584/513 485/585/514 486/586/515 487/587/516 
f 488/588/517 489/589/518 482/582/511 481/581/510 
f 488/588/517 481/581/510 483/583/512 490/590/519 
f 491/591/520 492/592/521 493/593/522 494/594/523 
f 486/586/515 495/595/524 491/591/520 494/594/523 
f 492/592/521 491/591/520 496/596/525 497/597/526 
f 495/595/524 498/598/527 496/596/525 491/591/520 
f 499/599/528 500/600/529 501/601/530 502/602/531 
f 503/603/532 504/604/533 505/605/534 506/606/535 
f 503/603/532 506/606/535 507/607/536 508/608/537 
f 509/609/538 488/588/517 505/605/534 504/604/533 
f 504/604/533 510/610/539 509/609/538 
f 508/608/537 511/611/540 504/604/533 503/603/532 
f 508/608/537 507/607/536 512/612/541 511/611/540 
f 513/613/542 509/609/538 510/610/539 514/614/543 
f 515/615/544 496/596/525 498/598/527 516/616/545 
f 496/596/525 517/617/546 518/618/547 497/597/526 
f 496/596/525 515/615/544 519/619/548 517/617/546 
f 520/620/549 510/610/539 504/604/533 511/611/540 
f 520/620/549 511/611/540 512/612/541 521/621/550 
f 521/621/550 512/612/541 522/622/551 523/623/552 
f 521/621/550 523/623/552 524/624/553 520/620/549 
f 525/625/554 526/626/555 527/627/556 518/618/547 
f 525/625/554 518/618/547 517/617/546 528/628/557 
f 525/625/554 528/628/557 529/629/558 526/626/555 
f 513/613/542 514/614/543 530/630/559 
f 514/614/543 531/631/560 532/632/561 530/630/559 
f 533/633/562 534/634/563 522/622/551 535/635/564 
f 536/636/565 537/637/566 534/634/563 533/633/562 
f 533/633/562 535/635/564 529/629/558 536/636/565 
f 538/638/567 539/639/568 540/640/569 531/631/560 
f 538/638/567 524/624/553 541/641/570 539/639/568 
f 534/634/563 537/637/566 523/623/552 522/622/551 
f 517/617/546 519/619/548 542/642/571 543/643/572 
f 517/617/546 543/643/572 544/644/573 528/628/557 
f 545/645/574 546/646/575 547/647/576 548/648/577 
f 539/639/568 541/641/570 549/649/578 550/650/579 
f 541/641/570 524/624/553 523/623/552 537/637/566 
f 541/641/570 551/651/580 552/652/581 549/649/578 
f 541/641/570 537/637/566 536/636/565 553/653/582 
f 541/641/570 553/653/582 554/654/583 551/651/580 
f 555/655/584 548/648/577 547/647/576 
f 539/639/568 550/650/579 556/656/585 540/640/569 
f 550/650/579 549/649/578 557/657/586 556/656/585 
f 551/651/580 554/654/583 558/658/587 552/652/581 
f 559/659/588 560/660/589 543/643/572 542/642/571 
f 559/659/588 542/642/571 561/661/590 562/662/591 
f 559/659/588 562/662/591 563/663/592 560/660/589 
f 564/664/593 565/665/594 562/662/591 561/661/590 
f 566/666/595 567/667/596 568/668/597 
f 563/663/592 562/662/591 565/665/594 569/669/598 
f 570/670/599 557/657/586 571/671/600 
f 549/649/578 552/652/581 571/671/600 557/657/586 
f 556/656/585 557/657/586 570/670/599 572/672/601 
f 573/673/602 556/656/585 572/672/601 
f 574/674/603 572/672/601 570/670/599 
f 574/674/603 570/670/599 571/671/600 575/675/604 
f 575/675/604 571/671/600 576/676/605 577/677/606 
f 578/678/607 579/679/608 580/680/609 581/681/610 
f 578/678/607 581/681/610 567/667/596 566/666/595 
f 581/681/610 580/680/609 564/664/593 582/682/611 
f 567/667/596 581/681/610 582/682/611 583/683/612 
f 583/683/612 548/648/577 567/667/596 
f 568/668/597 567/667/596 548/648/577 555/655/584 
f 548/648/577 583/683/612 584/684/613 545/645/574 
f 545/645/574 584/684/613 515/615/544 516/616/545 
f 584/684/613 585/685/614 519/619/548 515/615/544 
f 585/685/614 584/684/613 583/683/612 582/682/611 
f 564/664/593 561/661/590 585/685/614 582/682/611 
f 585/685/614 561/661/590 542/642/571 519/619/548 
f 565/665/594 564/664/593 580/680/609 586/686/615 
f 565/665/594 586/686/615 587/687/616 569/669/598 
f 586/686/615 580/680/609 579/679/608 588/688/617 
f 586/686/615 588/688/617 589/689/618 587/687/616 
f 589/689/618 590/690/619 591/691/620 587/687/616 
f 591/691/620 576/676/605 558/658/587 592/692/621 
f 587/687/616 591/691/620 592/692/621 569/669/598 
f 591/691/620 590/690/619 577/677/606 576/676/605 
f 592/692/621 558/658/587 554/654/583 593/693/622 
f 563/663/592 569/669/598 592/692/621 593/693/622 
f 593/693/622 554/654/583 553/653/582 594/694/623 
f 593/693/622 594/694/623 560/660/589 563/663/592 
f 594/694/623 553/653/582 536/636/565 544/644/573 
f 594/694/623 544/644/573 543/643/572 560/660/589 
f 571/671/600 552/652/581 558/658/587 576/676/605 
f 573/673/602 595/695/624 540/640/569 556/656/585 
f 540/640/569 595/695/624 532/632/561 531/631/560 
f 573/673/602 596/696/625 595/695/624 
f 532/632/561 597/697/626 598/698/627 530/630/559 
f 532/632/561 595/695/624 596/696/625 597/697/626 
f 530/630/559 598/698/627 501/601/530 513/613/542 
f 598/698/627 502/602/531 501/601/530 
f 598/698/627 597/697/626 599/699/628 
f 516/616/545 498/598/527 600/700/629 546/646/575 
f 600/700/629 498/598/527 495/595/524 601/701/630 
f 544/644/573 536/636/565 529/629/558 528/628/557 
f 602/702/631 603/703/632 482/582/511 489/589/518 
f 602/702/631 489/589/518 500/600/529 499/599/528 
f 603/703/632 604/704/633 480/580/509 482/582/511 
f 604/704/633 477/577/506 476/576/505 480/580/509 
f 605/705/634 494/594/523 493/593/522 606/706/635 
f 605/705/634 487/587/516 486/586/515 494/594/523 
f 607/707/636 608/708/637 470/570/498 469/569/497 
f 607/707/636 606/706/635 493/593/522 608/708/637 
f 468/568/500 470/570/638 609/709/639 472/572/501 
f 470/570/638 608/708/637 610/710/640 609/709/639 
f 609/709/639 610/710/640 611/711/641 612/712/642 
f 610/710/640 608/708/637 493/593/522 492/592/521 
f 610/710/640 492/592/521 497/597/526 611/711/641 
f 609/709/639 612/712/642 473/573/502 472/572/501 
f 611/711/641 527/627/556 613/713/643 612/712/642 
f 611/711/641 497/597/526 518/618/547 527/627/556 
f 613/713/643 614/714/644 490/590/519 478/578/507 
f 612/712/642 613/713/643 478/578/507 473/573/502 
f 613/713/643 527/627/556 526/626/555 614/714/644 
f 529/629/558 535/635/564 614/714/644 526/626/555 
f 522/622/551 512/612/541 507/607/536 535/635/564 
f 531/631/560 514/614/543 510/610/539 520/620/549 
f 524/624/553 538/638/567 531/631/560 520/620/549 
f 601/701/630 485/585/514 484/584/513 
f 513/613/542 501/601/530 500/600/529 509/609/538 
f 509/609/538 500/600/529 489/589/518 488/588/517 
f 490/590/519 483/583/512 475/575/504 478/578/507 
f 546/646/575 545/645/574 516/616/545 
f 614/714/644 535/635/564 507/607/536 506/606/535 
f 490/590/519 614/714/644 488/588/517 
f 488/588/517 614/714/644 506/606/535 505/605/534 
f 601/701/630 495/595/524 486/586/515 485/585/514 
f 615/715/645 616/716/646 617/717/647 
f 618/718/648 617/717/647 616/716/646 619/719/649 
f 617/717/650 620/720/651 621/721/652 615/715/653 
f 622/722/654 623/723/655 624/724/656 625/725/657 
f 623/723/655 622/722/654 626/726/658 627/727/659 
f 623/723/655 627/727/659 628/728/660 624/724/656 
f 629/729/661 630/730/662 631/731/663 632/732/664 
f 629/729/661 632/732/664 633/733/665 
f 629/729/661 633/733/665 634/734/666 635/735/667 
f 636/736/668 637/737/669 634/734/666 633/733/665 
f 637/737/669 636/736/668 632/738/664 631/739/663 
f 636/736/668 633/733/665 632/738/664 
f 638/740/670 639/741/671 640/742/672 641/743/673 
f 639/744/671 638/745/670 626/726/658 622/722/654 
f 639/741/671 622/746/654 625/725/657 640/742/672 
f 642/747/674 643/748/675 644/749/676 645/750/677 
f 642/747/674 646/751/678 647/752/679 648/753/680 
f 643/748/675 642/747/674 648/753/680 649/754/681 
f 642/747/674 645/750/677 650/755/682 651/756/683 
f 646/751/678 642/747/674 651/756/683 652/757/684 
f 651/756/683 650/755/682 653/758/685 654/759/686 
f 653/758/685 650/755/682 655/760/687 656/761/688 
f 641/743/673 640/742/672 657/762/689 
f 624/724/656 628/728/660 658/763/690 625/725/657 
f 625/725/657 658/763/690 657/762/689 640/742/672 
f 658/763/690 628/728/660 659/764/691 660/765/692 
f 657/762/689 658/763/690 660/765/692 661/766/693 
f 641/743/673 657/762/689 661/766/693 662/767/694 
f 638/740/670 641/743/673 662/767/694 663/768/695 
f 638/745/670 663/769/695 664/770/696 626/726/658 
f 626/726/658 664/770/696 665/771/697 627/727/659 
f 627/727/659 665/771/697 659/764/691 628/728/660 
f 666/772/698 659/764/691 665/771/697 667/773/699 
f 660/765/692 659/764/691 666/772/698 668/774/700 
f 660/765/692 668/774/700 669/775/701 661/766/693 
f 662/767/694 661/766/693 669/775/701 670/776/702 
f 663/768/695 662/767/694 670/776/702 671/777/703 
f 663/769/695 671/778/703 672/779/704 664/770/696 
f 664/770/696 672/779/704 667/773/699 665/771/697 
f 643/748/675 649/754/681 666/772/698 667/773/699 
f 666/772/698 649/754/681 673/780/705 668/774/700 
f 668/774/700 673/780/705 674/781/706 669/775/701 
f 670/776/702 669/775/701 674/781/706 653/782/685 
f 671/777/703 670/776/702 653/782/685 656/783/688 
f 671/778/703 656/784/688 644/749/676 672/779/704 
f 672/779/704 644/749/676 643/748/675 667/773/699 
f 656/784/688 655/760/687 645/750/677 644/749/676 
f 653/782/685 674/781/706 675/785/707 654/786/686 
f 676/787/708 654/786/686 675/785/707 677/788/709 
f 651/756/683 654/759/686 676/789/708 652/757/684 
f 646/751/678 652/757/684 678/790/710 619/719/649 
f 619/719/649 616/716/646 647/752/679 646/751/678 
f 648/753/680 647/752/679 679/791/711 680/792/712 
f 680/792/712 673/780/705 649/754/681 648/753/680 
f 675/785/707 680/792/712 679/791/711 677/788/709 
f 680/792/712 675/785/707 674/781/706 673/780/705 
f 677/788/709 679/791/711 615/715/653 621/721/652 
f 676/787/708 677/788/709 621/721/652 681/793/713 
f 652/757/684 676/789/708 681/794/713 678/790/710 
f 682/795/714 678/790/710 681/794/713 683/796/715 
f 678/790/710 682/795/714 618/718/648 619/719/649 
f 684/797/716 618/718/648 682/795/714 685/798/717 
f 618/718/648 684/797/716 686/799/718 617/717/647 
f 617/717/650 686/799/718 687/800/719 620/720/651 
f 620/720/651 687/800/719 688/801/720 683/802/715 
f 681/793/713 621/721/652 620/720/651 683/802/715 
f 682/795/714 683/796/715 688/803/720 685/798/717 
f 689/804/721 685/798/717 688/803/720 690/805/722 
f 684/797/716 685/798/717 689/804/721 691/806/723 
f 684/797/716 691/806/723 692/807/724 686/799/718 
f 686/799/718 692/807/724 693/808/725 687/800/719 
f 687/800/719 693/808/725 690/809/722 688/801/720 
f 694/810/726 689/804/721 690/805/722 695/811/727 
f 691/806/723 689/804/721 694/810/726 696/812/728 
f 691/806/723 696/812/728 697/813/729 692/807/724 
f 692/807/724 697/813/729 698/814/730 693/808/725 
f 695/815/727 690/809/722 693/808/725 698/814/730 
f 694/810/726 695/811/727 699/816/731 700/817/732 
f 696/812/728 694/810/726 700/817/732 701/818/733 
f 697/813/729 696/812/728 701/818/733 702/819/734 
f 698/814/730 697/813/729 702/819/734 703/820/735 
f 695/815/727 698/814/730 703/820/735 699/821/731 
f 637/737/669 631/739/663 699/821/731 703/820/735 
f 631/731/663 630/730/662 700/817/732 699/816/731 
f 635/735/667 701/818/733 700/817/732 630/730/662 
f 702/819/734 701/818/733 635/735/667 634/734/666 
f 703/820/735 702/819/734 634/734/666 637/737/669 
f 615/715/645 679/791/711 647/752/679 616/716/646 
f 645/750/677 655/760/687 650/755/682 
f 629/729/661 635/735/667 630/730/662 
f 704/822/736 705/823/737 706/824/738 707/825/738 
f 708/826/739 705/823/737 704/822/736 709/827/740 
f 704/822/741 707/825/742 710/828/743 709/827/740 
f 711/829/744 712/830/745 713/831/746 714/832/747 
f 712/830/745 715/833/748 713/831/746 
f 716/834/749 717/835/750 718/836/751 
f 716/837/749 719/838/752 720/839/753 717/835/750 
f 719/838/752 716/837/749 721/840/754 722/841/755 
f 721/842/754 716/834/749 718/836/751 723/843/756 
f 724/844/757 725/845/758 726/846/759 727/847/760 
f 728/848/761 729/849/762 725/845/758 724/844/757 
f 724/844/757 727/847/760 730/850/763 728/848/761 
f 731/851/764 732/852/765 733/853/766 
f 734/854/767 735/855/768 736/856/769 737/857/770 
f 738/858/771 739/859/772 740/860/773 741/861/774 
f 742/862/775 739/859/772 738/858/771 735/855/768 
f 735/855/768 734/854/767 742/862/775 
f 734/854/767 737/857/770 743/863/776 
f 718/836/751 713/831/746 715/833/748 723/843/756 
f 713/831/746 718/836/751 717/835/750 720/839/753 
f 733/853/766 732/864/765 744/865/777 745/866/778 
f 732/864/765 746/867/779 747/868/780 744/865/777 
f 744/865/777 747/868/780 748/869/781 745/866/778 
f 721/840/754 749/870/782 750/871/783 722/841/755 
f 749/872/782 721/842/754 751/873/784 752/874/785 
f 721/842/754 723/843/756 751/873/784 
f 706/875/786 705/876/787 753/877/788 754/878/789 
f 753/877/788 705/876/787 708/879/739 755/880/790 
f 754/878/789 753/877/788 756/881/791 757/882/792 
f 754/878/789 757/882/792 758/883/793 759/884/794 
f 759/884/794 707/825/742 706/824/786 
f 706/875/786 754/878/789 759/884/794 
f 710/828/743 760/885/795 761/886/796 709/827/740 
f 761/886/796 762/887/797 708/826/739 709/827/740 
f 755/880/790 708/879/739 762/888/797 763/889/798 
f 755/880/790 763/889/798 764/890/799 765/891/800 
f 756/881/791 765/891/800 766/892/801 743/863/776 
f 755/880/790 765/891/800 756/881/791 753/877/788 
f 757/882/792 756/881/791 743/863/776 737/857/770 
f 766/892/801 765/891/800 764/890/799 767/893/802 
f 742/862/775 766/892/801 767/893/802 768/894/803 
f 766/892/801 742/862/775 734/854/767 743/863/776 
f 742/862/775 768/894/803 769/895/804 739/859/772 
f 739/859/772 769/895/804 770/896/805 740/860/773 
f 741/861/774 740/860/773 771/897/806 772/898/807 
f 757/882/792 737/857/770 736/856/769 758/883/793 
f 773/899/808 771/897/806 740/860/773 770/896/805 
f 710/828/743 771/897/806 773/899/808 760/885/795 
f 771/897/806 710/828/743 707/825/742 772/898/807 
f 760/885/795 773/899/808 774/900/809 722/841/755 
f 760/885/795 722/841/755 750/871/783 761/886/796 
f 775/901/810 762/887/797 761/886/796 750/871/783 
f 763/889/798 762/888/797 775/902/810 776/903/811 
f 763/889/798 776/903/811 777/904/812 764/890/799 
f 767/893/802 764/890/799 777/904/812 778/905/813 
f 768/894/803 767/893/802 778/905/813 779/906/814 
f 768/894/803 779/906/814 711/829/744 769/895/804 
f 770/896/805 769/895/804 711/829/744 714/832/747 
f 773/899/808 770/896/805 714/832/747 774/900/809 
f 713/831/746 720/839/753 774/900/809 714/832/747 
f 774/900/809 720/839/753 719/838/752 722/841/755 
f 779/906/814 780/907/815 712/830/745 711/829/744 
f 780/907/815 781/908/816 782/909/817 712/830/745 
f 712/830/745 782/909/817 783/910/818 715/833/748 
f 715/833/748 783/910/818 751/873/784 723/843/756 
f 751/873/784 783/910/818 730/850/763 748/869/781 
f 752/874/785 751/873/784 748/869/781 747/868/780 
f 784/911/819 785/912/820 749/872/782 752/874/785 
f 785/913/820 775/901/810 750/871/783 749/870/782 
f 786/914/821 785/915/820 784/916/819 787/917/822 
f 776/903/811 775/902/810 785/915/820 786/914/821 
f 788/918/823 786/914/821 787/917/822 789/919/824 
f 777/904/812 776/903/811 786/914/821 788/918/823 
f 790/920/825 788/918/823 789/919/824 791/921/826 
f 788/918/823 790/920/825 778/905/813 777/904/812 
f 780/907/815 790/920/825 791/921/826 781/908/816 
f 790/920/825 780/907/815 779/906/814 778/905/813 
f 781/908/816 791/921/826 792/922/827 729/849/762 
f 781/908/816 729/849/762 728/848/761 782/909/817 
f 782/909/817 728/848/761 730/850/763 783/910/818 
f 729/849/762 792/922/827 793/923/828 725/845/758 
f 725/845/758 793/923/828 794/924/829 726/846/759 
f 726/846/759 794/924/829 731/851/764 733/853/766 
f 726/846/759 733/853/766 745/866/778 727/847/760 
f 745/866/778 748/869/781 730/850/763 727/847/760 
f 795/925/830 792/922/827 791/921/826 789/919/824 
f 792/922/827 795/925/830 793/923/828 
f 731/851/764 794/924/829 796/926/831 
f 796/926/831 794/924/829 793/923/828 795/925/830 
f 787/917/822 796/926/831 795/925/830 789/919/824 
f 746/927/779 732/852/765 731/851/764 796/926/831 
f 784/916/819 746/927/779 796/926/831 787/917/822 
f 746/867/779 784/911/819 752/874/785 747/868/780 
f 736/856/769 735/855/768 738/858/771 741/861/774 
f 758/883/793 736/856/769 741/861/774 772/898/807 
f 759/884/794 758/883/793 772/898/807 707/825/742 
f 797/928/832 798/929/833 799/930/833 800/931/834 
f 801/932/835 802/933/836 803/934/837 804/935/838 
f 805/936/839 801/937/835 804/935/838 806/938/840 
f 802/939/836 801/937/835 805/936/839 807/940/841 
f 808/941/842 809/942/843 810/943/844 811/944/845 
f 808/941/842 811/944/845 806/938/840 804/935/838 
f 809/942/843 808/941/842 804/935/838 803/934/837 
f 812/945/846 797/928/832 800/931/834 
f 811/944/845 810/943/844 813/946/847 806/938/840 
f 800/931/848 814/947/849 815/948/850 816/949/851 
f 814/947/849 800/931/848 799/930/852 817/950/853 
f 807/951/841 805/952/839 806/938/840 813/946/847 
f 818/953/854 819/954/855 820/955/856 821/956/857 
f 818/953/854 821/956/857 822/957/858 
f 817/950/853 799/930/852 798/929/859 823/958/860 
f 812/945/846 800/931/848 816/949/851 
f 821/959/857 798/929/859 797/928/861 822/960/858 
f 822/960/858 797/928/861 812/945/846 
f 818/961/854 822/960/858 812/945/846 816/949/851 
f 818/961/854 816/949/851 815/948/850 819/962/855 
f 819/962/855 815/948/850 824/963/862 825/964/863 
f 809/942/843 803/934/837 824/963/862 826/965/864 
f 810/943/844 809/942/843 826/965/864 827/966/865 
f 810/943/844 827/966/865 828/967/866 813/946/847 
f 807/951/841 813/946/847 828/967/866 829/968/867 
f 803/934/837 802/933/836 825/964/863 824/963/862 
f 829/969/867 820/955/856 819/954/855 825/970/863 
f 820/971/856 829/968/867 828/967/866 823/958/860 
f 820/971/856 823/958/860 798/929/859 821/959/857 
f 828/967/866 827/966/865 817/950/853 823/958/860 
f 814/947/849 817/950/853 827/966/865 826/965/864 
f 815/948/850 814/947/849 826/965/864 824/963/862 
f 802/939/836 807/940/841 829/969/867 825/970/863 
f 830/972/868 831/973/868 832/974/868 
f 833/975/869 834/976/870 832/974/871 831/973/872 
f 835/977/873 831/973/872 830/972/874 836/978/875 
f 831/973/872 835/977/873 837/979/876 833/975/869 
f 838/980/877 832/974/871 834/976/870 839/981/878 
f 840/982/879 841/983/880 842/984/881 843/985/882 
f 841/983/880 840/982/879 844/986/883 837/979/876 
f 845/987/884 846/988/885 847/989/886 848/990/887 
f 849/991/888 850/992/889 851/993/890 852/994/891 
f 848/990/887 853/995/892 854/996/893 855/997/894 
f 856/998/895 836/978/875 830/972/874 
f 842/984/881 835/977/873 836/978/875 857/999/896 
f 852/994/891 857/999/896 836/978/875 
f 839/981/878 858/1000/897 859/1001/898 860/1002/899 
f 839/981/878 834/976/870 833/975/869 858/1000/897 
f 839/981/878 860/1002/899 861/1003/900 838/980/877 
f 838/980/877 861/1003/900 862/1004/901 832/974/871 
f 830/972/874 832/974/871 862/1004/901 856/998/895 
f 850/1005/889 849/1006/888 856/998/895 862/1004/901 
f 856/998/895 849/1006/888 852/994/891 836/978/875 
f 852/994/891 851/993/890 847/989/886 857/999/896 
f 847/989/886 846/988/885 863/1007/902 857/999/896 
f 846/988/885 864/1008/903 863/1007/902 
f 842/984/881 857/999/896 863/1009/902 843/985/882 
f 865/1010/904 843/985/882 863/1009/902 864/1011/903 
f 840/982/879 843/985/882 865/1010/904 
f 865/1010/904 866/1012/905 844/986/883 840/982/879 
f 844/986/883 866/1012/905 859/1001/898 858/1000/897 
f 859/1001/898 866/1012/905 867/1013/906 855/1014/894 
f 860/1002/899 859/1001/898 855/1014/894 854/1015/893 
f 860/1002/899 854/1015/893 868/1016/907 861/1003/900 
f 861/1003/900 868/1016/907 850/1005/889 862/1004/901 
f 868/1017/907 854/996/893 853/995/892 
f 851/993/890 850/992/889 868/1017/907 853/995/892 
f 853/995/892 848/990/887 847/989/886 851/993/890 
f 848/990/887 855/997/894 867/1018/906 845/987/884 
f 846/988/885 845/987/884 867/1018/906 864/1008/903 
f 865/1010/904 864/1011/903 867/1013/906 866/1012/905 
f 858/1000/897 833/975/869 837/979/876 844/986/883 
f 835/977/873 842/984/881 841/983/880 837/979/876 
f 869/1019/908 870/1020/908 871/1021/909 872/1022/910 
f 869/1019/911 873/1023/912 870/1020/913 
f 874/1024/914 875/1025/915 876/1026/916 
f 877/1027/917 875/1025/915 874/1024/914 
f 878/1028/918 879/1029/919 880/1030/920 
f 878/1028/918 880/1030/920 881/1031/921 882/1032/922 
f 881/1031/921 883/1033/923 884/1034/924 882/1032/922 
f 883/1033/923 881/1031/921 880/1030/920 885/1035/925 
f 886/1036/926 887/1037/927 888/1038/928 889/1039/929 
f 890/1040/930 891/1041/931 892/1042/932 
f 890/1040/930 892/1042/932 893/1043/933 894/1044/934 
f 894/1044/934 893/1043/933 895/1045/935 
f 896/1046/936 897/1047/937 898/1048/938 899/1049/939 
f 897/1047/937 896/1046/936 888/1050/928 900/1051/940 
f 897/1047/937 877/1052/917 898/1048/938 
f 871/1021/941 901/1053/942 898/1054/938 877/1055/917 
f 901/1053/942 871/1021/941 870/1020/913 902/1056/943 
f 901/1053/942 902/1056/943 879/1029/919 903/1057/944 
f 885/1035/925 902/1056/943 870/1020/913 873/1023/912 
f 902/1056/943 885/1035/925 880/1030/920 879/1029/919 
f 904/1058/945 883/1033/923 885/1035/925 873/1023/912 
f 905/1059/946 884/1034/924 883/1033/923 904/1058/945 
f 882/1032/922 884/1034/924 906/1060/947 907/1061/948 
f 895/1045/935 893/1043/933 907/1061/948 906/1060/947 
f 907/1061/948 893/1043/933 892/1042/932 908/1062/949 
f 878/1028/918 882/1032/922 907/1061/948 908/1062/949 
f 908/1062/949 892/1042/932 891/1041/931 903/1057/944 
f 908/1062/949 903/1057/944 879/1029/919 878/1028/918 
f 901/1053/942 903/1057/944 891/1041/931 898/1054/938 
f 891/1063/931 890/1064/930 899/1049/939 898/1048/938 
f 899/1049/939 890/1064/930 894/1065/934 889/1066/929 
f 899/1049/939 889/1066/929 888/1050/928 896/1046/936 
f 900/1051/940 888/1038/928 887/1037/927 909/1067/950 
f 875/1025/915 900/1051/940 909/1067/950 876/1026/916 
f 897/1047/937 900/1051/940 875/1025/915 877/1052/917 
f 872/1022/910 871/1021/909 877/1027/917 874/1024/914 
f 876/1026/916 909/1067/950 910/1068/951 905/1059/946 
f 909/1067/950 887/1037/927 886/1036/926 910/1068/951 
f 876/1026/916 905/1059/946 904/1058/945 874/1024/914 
f 869/1019/911 872/1022/952 904/1058/945 873/1023/912 
f 910/1068/951 886/1036/926 895/1045/935 906/1060/947 
f 894/1044/934 895/1045/935 886/1036/926 889/1039/929 
f 910/1068/951 906/1060/947 884/1034/924 905/1059/946 
f 874/1024/914 904/1058/945 872/1022/952 
f 911/1069/953 912/1070/953 913/1071/953 914/1072/953 
f 912/1073/954 915/1074/955 913/1075/956 
f 916/1076/957 914/1072/958 913/1075/956 917/1077/959 
f 918/1078/960 919/1079/961 920/1080/962 
f 921/1081/963 920/1080/962 919/1082/961 
f 913/1075/956 915/1074/955 917/1077/959 
f 915/1074/955 912/1073/954 922/1083/964 917/1077/959 
f 919/1082/961 918/1084/960 923/1085/965 924/1086/966 
f 921/1081/963 919/1082/961 924/1086/966 925/1087/967 
f 920/1080/962 921/1081/963 925/1087/967 926/1088/968 
f 923/1089/965 918/1078/960 920/1080/962 926/1088/968 
f 927/1090/969 923/1089/965 926/1088/968 928/1091/970 
f 924/1086/966 923/1085/965 927/1092/969 929/1093/971 
f 925/1087/967 924/1086/966 929/1093/971 930/1094/972 
f 928/1091/970 926/1088/968 925/1087/967 930/1094/972 
f 931/1095/973 928/1091/970 930/1094/972 932/1096/974 
f 927/1090/969 928/1091/970 931/1095/973 933/1097/975 
f 929/1093/971 927/1092/969 933/1098/975 934/1099/976 
f 930/1094/972 929/1093/971 934/1099/976 932/1096/974 
f 931/1095/973 932/1096/974 916/1076/957 917/1077/959 
f 933/1097/975 931/1095/973 917/1077/959 922/1083/964 
f 934/1099/976 933/1098/975 922/1100/964 935/1101/977 
f 932/1096/974 934/1099/976 935/1101/977 916/1076/957 
f 912/1070/954 911/1069/978 935/1101/977 922/1100/964 
f 935/1101/977 911/1069/978 914/1072/958 916/1076/957 
f 936/1102/979 937/1103/980 938/1104/981 
f 936/1102/982 938/1104/983 939/1105/984 940/1106/985 
f 941/1107/986 942/1108/987 943/1109/988 944/1110/989 
f 941/1107/986 944/1110/989 945/1111/990 946/1112/991 
f 947/1113/992 948/1114/993 949/1115/994 950/1116/995 
f 948/1114/993 951/1117/996 952/1118/997 949/1115/994 
f 948/1114/993 947/1113/992 953/1119/998 951/1117/996 
f 954/1120/999 946/1121/991 945/1122/990 955/1123/1000 
f 954/1120/999 949/1115/994 952/1118/997 946/1121/991 
f 954/1120/999 955/1123/1000 950/1116/995 949/1115/994 
f 956/1124/1001 957/1125/1002 958/1126/1003 959/1127/1004 
f 956/1124/1001 960/1128/1005 957/1125/1002 
f 961/1129/1006 962/1130/1007 963/1131/1008 
f 940/1106/985 939/1105/984 964/1132/1009 
f 965/1133/1010 966/1134/1011 967/1135/1012 962/1136/1007 
f 966/1134/1011 965/1133/1010 939/1105/984 938/1104/983 
f 966/1134/1011 968/1137/1013 969/1138/1014 967/1135/1012 
f 968/1137/1013 966/1134/1011 938/1104/983 937/1103/1015 
f 968/1137/1013 937/1103/1015 970/1139/1016 971/1140/1017 
f 970/1139/1016 937/1103/980 936/1102/979 972/1141/1018 
f 970/1139/1016 972/1141/1018 953/1119/998 947/1113/992 
f 953/1119/998 972/1141/1018 958/1126/1003 957/1125/1002 
f 936/1102/982 940/1106/985 958/1126/1003 972/1141/1018 
f 940/1106/985 964/1132/1009 959/1127/1004 958/1126/1003 
f 956/1124/1001 959/1127/1004 973/1142/1019 943/1143/988 
f 943/1109/988 973/1144/1019 974/1145/1020 944/1110/989 
f 944/1110/989 974/1145/1020 975/1146/1021 945/1111/990 
f 945/1122/990 975/1147/1021 976/1148/1022 955/1123/1000 
f 955/1123/1000 976/1148/1022 971/1140/1017 950/1116/995 
f 947/1113/992 950/1116/995 971/1140/1017 970/1139/1016 
f 968/1137/1013 971/1140/1017 976/1148/1022 969/1138/1014 
f 976/1148/1022 975/1147/1021 963/1149/1008 969/1138/1014 
f 961/1129/1006 963/1131/1008 975/1146/1021 974/1145/1020 
f 961/1129/1006 974/1145/1020 973/1144/1019 977/1150/1023 
f 977/1150/1023 973/1142/1019 959/1127/1004 964/1132/1009 
f 965/1133/1010 977/1150/1023 964/1132/1009 939/1105/984 
f 977/1150/1023 965/1133/1010 962/1130/1007 961/1129/1006 
f 956/1124/1001 943/1143/988 942/1151/987 960/1128/1005 
f 951/1117/996 960/1128/1005 942/1151/987 952/1118/997 
f 960/1128/1005 951/1117/996 953/1119/998 957/1125/1002 
f 941/1152/986 946/1121/991 952/1118/997 942/1151/987 
f 969/1138/1014 963/1149/1008 962/1136/1007 967/1135/1012 
f 978/1153/1024 979/1154/1025 980/1155/1026 
f 981/1156/1027 982/1157/1028 980/1155/1029 979/1154/1030 
f 983/1158/1031 984/1159/1032 985/1160/1033 986/1161/1034 
f 987/1162/1035 988/1163/1036 989/1164/1037 
f 990/1165/1038 987/1162/1035 989/1164/1037 991/1166/1039 
f 992/1167/1040 993/1168/1041 994/1169/1042 995/1170/1043 
f 988/1163/1036 993/1168/1041 996/1171/1044 
f 996/1171/1044 993/1168/1041 992/1172/1040 997/1173/1045 
f 997/1174/1045 992/1167/1040 995/1170/1043 998/1175/1046 
f 995/1170/1043 994/1169/1042 999/1176/1047 998/1175/1046 
f 998/1175/1046 999/1176/1047 1000/1177/1048 1001/1178/1049 
f 999/1176/1047 994/1169/1042 987/1162/1035 990/1165/1038 
f 999/1176/1047 990/1165/1038 1002/1179/1050 1000/1177/1048 
f 1003/1180/1051 1002/1179/1050 1004/1181/1052 1005/1182/1053 
f 1006/1183/1054 1005/1182/1053 1004/1181/1052 1007/1184/1055 
f 1005/1182/1053 1006/1183/1054 1008/1185/1056 1009/1186/1057 
f 1008/1185/1056 1006/1183/1054 1010/1187/1058 1011/1188/1059 
f 1008/1185/1056 1011/1188/1059 1012/1189/1060 1013/1190/1061 
f 1012/1191/1060 1011/1192/1059 1014/1193/1062 1015/1194/1063 
f 1012/1191/1060 1015/1194/1063 1016/1195/1064 1017/1196/1065 
f 1016/1195/1064 1015/1194/1063 1018/1197/1066 1019/1198/1067 
f 1016/1195/1064 1019/1198/1067 1020/1199/1068 983/1158/1031 
f 1021/1200/1069 1019/1198/1067 1018/1197/1066 1022/1201/1070 
f 1019/1198/1067 1021/1200/1069 979/1154/1030 1020/1199/1068 
f 981/1156/1027 979/1154/1030 1021/1200/1069 1023/1202/1071 
f 1024/1203/1072 981/1156/1027 1023/1202/1071 1025/1204/1073 
f 982/1157/1028 981/1156/1027 1024/1203/1072 1026/1205/1074 
f 985/1160/1033 1027/1206/1075 986/1161/1034 
f 1027/1207/1075 1026/1205/1074 1024/1203/1072 986/1208/1034 
f 1027/1207/1075 978/1153/1076 980/1155/1029 1026/1205/1074 
f 1027/1206/1075 985/1160/1033 1028/1209/1077 978/1153/1076 
f 979/1154/1025 978/1153/1024 1028/1209/1077 1020/1199/1068 
f 1028/1209/1077 984/1159/1032 983/1158/1031 1020/1199/1068 
f 983/1158/1031 986/1161/1034 1017/1196/1065 1016/1195/1064 
f 1025/1204/1073 1013/1190/1061 1012/1189/1060 1017/1210/1065 
f 1029/1211/1078 1013/1190/1061 1025/1204/1073 1023/1202/1071 
f 1008/1185/1056 1013/1190/1061 1029/1211/1078 1009/1186/1057 
f 1009/1186/1057 1029/1211/1078 1022/1201/1070 1030/1212/1079 
f 1009/1186/1057 1030/1212/1079 1003/1180/1051 1005/1182/1053 
f 1031/1213/1080 1003/1180/1051 1030/1212/1079 1032/1214/1081 
f 1002/1179/1050 1003/1180/1051 1031/1213/1080 1000/1177/1048 
f 1031/1213/1080 1033/1215/1082 1001/1178/1049 1000/1177/1048 
f 1034/1216/1083 997/1174/1045 998/1175/1046 1001/1178/1049 
f 997/1173/1045 1034/1217/1083 1007/1184/1055 996/1171/1044 
f 991/1166/1039 996/1171/1044 1007/1184/1055 1004/1181/1052 
f 996/1171/1044 991/1166/1039 989/1164/1037 988/1163/1036 
f 990/1165/1038 991/1166/1039 1004/1181/1052 1002/1179/1050 
f 1006/1183/1054 1007/1184/1055 1034/1217/1083 1010/1187/1058 
f 1010/1218/1058 1034/1216/1083 1001/1178/1049 1033/1215/1082 
f 1011/1192/1059 1010/1218/1058 1033/1215/1082 1014/1193/1062 
f 1031/1213/1080 1032/1214/1081 1014/1193/1062 1033/1215/1082 
f 1015/1194/1063 1014/1193/1062 1032/1214/1081 1018/1197/1066 
f 1018/1197/1066 1032/1214/1081 1030/1212/1079 1022/1201/1070 
f 1021/1200/1069 1022/1201/1070 1029/1211/1078 1023/1202/1071 
f 1024/1203/1072 1025/1204/1073 1017/1210/1065 986/1208/1034 
f 988/1163/1036 987/1162/1035 994/1169/1042 993/1168/1041 
f 984/1159/1032 1028/1209/1077 985/1160/1033 
f 982/1157/1028 1026/1205/1074 980/1155/1029 
f 1035/1219/1084 1036/1220/1085 1037/1221/1086 
f 1038/1222/1087 1035/1219/1084 1037/1221/1086 1039/1223/1088 
f 1040/1224/1089 1041/1225/1090 1042/1226/1091 1043/1227/1092 
f 1044/1228/1093 1045/1229/1094 1046/1230/1095 1047/1231/1096 
f 1045/1229/1094 1044/1228/1093 1048/1232/1097 1049/1233/1098 
f 1050/1234/1099 1051/1235/1100 1052/1236/1101 1053/1237/1102 
f 1050/1234/1099 1053/1237/1102 1054/1238/1103 
f 1054/1238/1103 1049/1233/1098 1048/1232/1097 
f 1050/1234/1099 1054/1238/1103 1048/1232/1097 1055/1239/1104 
f 1056/1240/1105 1046/1230/1095 1045/1229/1094 1057/1241/1106 
f 1056/1240/1105 1058/1242/1107 1059/1243/1108 1046/1230/1095 
f 1058/1242/1107 1056/1240/1105 1057/1241/1106 1060/1244/1109 
f 1061/1245/1110 1039/1223/1088 1037/1221/1111 
f 1040/1224/1089 1043/1227/1092 1051/1235/1100 1062/1246/1112 
f 1063/1247/1113 1064/1248/1114 1065/1249/1115 1066/1250/1116 
f 1064/1248/1114 1063/1247/1113 1067/1251/1117 1068/1252/1118 
f 1063/1247/1113 1066/1250/1116 1061/1245/1110 1067/1251/1117 
f 1064/1248/1114 1068/1252/1118 1060/1253/1109 1069/1254/1119 
f 1060/1244/1109 1068/1255/1118 1070/1256/1120 1058/1242/1107 
f 1058/1242/1107 1070/1256/1120 1071/1257/1121 1059/1243/1108 
f 1059/1243/1108 1071/1257/1121 1072/1258/1122 1073/1259/1123 
f 1073/1259/1123 1047/1231/1096 1046/1230/1095 1059/1243/1108 
f 1040/1224/1089 1062/1246/1112 1073/1259/1123 1072/1258/1122 
f 1047/1231/1096 1073/1259/1123 1062/1246/1112 1055/1239/1104 
f 1044/1228/1093 1047/1231/1096 1055/1239/1104 1048/1232/1097 
f 1055/1239/1104 1062/1246/1112 1051/1235/1100 1050/1234/1099 
f 1040/1224/1089 1072/1258/1122 1038/1222/1087 1041/1225/1090 
f 1041/1225/1090 1038/1222/1087 1039/1223/1088 1042/1226/1091 
f 1066/1250/1116 1042/1226/1091 1039/1223/1088 1061/1245/1110 
f 1043/1227/1092 1042/1226/1091 1066/1250/1116 1065/1260/1115 
f 1051/1235/1100 1043/1227/1092 1065/1260/1115 1052/1236/1101 
f 1064/1248/1114 1069/1254/1119 1052/1261/1101 1065/1249/1115 
f 1052/1261/1101 1069/1254/1119 1074/1262/1124 1053/1263/1102 
f 1074/1262/1124 1049/1264/1098 1054/1265/1103 1053/1263/1102 
f 1074/1262/1124 1069/1254/1119 1060/1253/1109 1057/1266/1106 
f 1045/1229/1094 1049/1233/1098 1074/1267/1124 1057/1241/1106 
f 1072/1258/1122 1071/1257/1121 1035/1219/1084 1038/1222/1087 
f 1071/1257/1121 1070/1256/1120 1036/1220/1085 1035/1219/1084 
f 1036/1220/1125 1070/1256/1120 1068/1255/1118 1067/1268/1117 
f 1036/1220/1125 1067/1268/1117 1061/1245/1110 1037/1221/1111 
f 1075/1269/1126 1076/1270/1127 1077/1271/1128 
f 1075/1269/1126 1077/1271/1128 1078/1272/1129 1079/1273/1130 
f 1080/1274/1131 1081/1275/1132 1082/1276/1133 
f 1081/1275/1132 1080/1274/1131 1083/1277/1134 
f 1083/1277/1134 1080/1274/1131 1084/1278/1135 1085/1279/1136 
f 1086/1280/1137 1081/1275/1132 1083/1277/1134 1085/1279/1136 
f 1087/1281/1138 1088/1282/1139 1089/1283/1140 1090/1284/1141 
f 1087/1281/1138 1090/1284/1141 1091/1285/1142 
f 1086/1280/1137 1092/1286/1143 1082/1287/1133 1081/1275/1132 
f 1093/1288/1144 1086/1280/1137 1085/1279/1136 1084/1278/1135 
f 1094/1289/1145 1095/1290/1146 1076/1270/1127 1075/1269/1126 
f 1095/1290/1146 1094/1289/1145 1088/1291/1139 1087/1292/1138 
f 1095/1290/1146 1087/1292/1138 1091/1285/1142 1076/1270/1127 
f 1090/1284/1141 1076/1270/1127 1091/1285/1142 
f 1084/1278/1135 1080/1274/1131 1096/1293/1147 1097/1294/1148 
f 1080/1274/1131 1082/1276/1133 1098/1295/1149 1096/1293/1147 
f 1098/1295/1149 1099/1296/1150 1100/1297/1151 1096/1293/1147 
f 1099/1298/1150 1098/1299/1149 1101/1300/1152 1102/1301/1153 
f 1099/1298/1150 1102/1301/1153 1103/1302/1154 1104/1303/1155 
f 1103/1302/1154 1102/1301/1153 1105/1304/1156 1106/1305/1157 
f 1103/1302/1154 1106/1305/1157 1078/1272/1129 1107/1306/1158 
f 1078/1272/1129 1106/1305/1157 1108/1307/1159 1079/1273/1130 
f 1109/1308/1160 1079/1273/1130 1108/1307/1159 1110/1309/1161 
f 1094/1289/1145 1075/1269/1126 1079/1273/1130 1109/1308/1160 
f 1094/1289/1145 1109/1308/1160 1111/1310/1162 1088/1291/1139 
f 1089/1283/1140 1088/1282/1139 1111/1311/1162 1107/1306/1158 
f 1089/1283/1140 1107/1306/1158 1078/1272/1129 1077/1271/1128 
f 1090/1284/1141 1089/1283/1140 1077/1271/1128 1076/1270/1127 
f 1107/1306/1158 1111/1311/1162 1104/1303/1155 1103/1302/1154 
f 1110/1309/1161 1100/1297/1151 1099/1296/1150 1104/1312/1155 
f 1112/1313/1163 1097/1294/1148 1096/1293/1147 1100/1297/1151 
f 1113/1314/1164 1093/1288/1144 1084/1278/1135 1097/1294/1148 
f 1101/1300/1152 1092/1286/1143 1086/1280/1137 1093/1288/1144 
f 1093/1288/1144 1113/1314/1164 1101/1300/1152 
f 1101/1300/1152 1098/1299/1149 1082/1287/1133 1092/1286/1143 
f 1102/1301/1153 1101/1300/1152 1113/1314/1164 1105/1304/1156 
f 1105/1304/1156 1113/1314/1164 1097/1294/1148 1112/1313/1163 
f 1106/1305/1157 1105/1304/1156 1112/1313/1163 1108/1307/1159 
f 1108/1307/1159 1112/1313/1163 1100/1297/1151 1110/1309/1161 
f 1111/1310/1162 1109/1308/1160 1110/1309/1161 1104/1312/1155 
f 1114/1315/1165 1115/1316/1166 1116/1317/1167 1117/1318/1168 
f 1115/1316/1166 1118/1319/1169 1119/1320/1170 1116/1317/1167 
f 1115/1316/1171 1120/1321/1172 1121/1322/1173 1122/1323/1174 
f 1115/1316/1171 1122/1323/1174 1123/1324/1175 1118/1319/1169 
f 1124/1325/1176 1125/1326/1177 1126/1327/1178 1127/1328/1179 
f 1128/1329/1180 1129/1330/1181 1125/1326/1177 1124/1325/1176 
f 1124/1325/1176 1127/1328/1179 1130/1331/1182 1128/1329/1180 
f 1131/1332/1183 1132/1333/1184 1133/1334/1185 1134/1335/1186 
f 1126/1336/1178 1134/1335/1186 1133/1334/1185 1127/1337/1179 
f 1135/1338/1187 1136/1339/1188 1137/1340/1189 1138/1341/1190 
f 1136/1339/1188 1139/1342/1191 1137/1340/1189 
f 1135/1338/1187 1138/1341/1190 1140/1343/1192 1141/1344/1193 
f 1138/1341/1190 1137/1340/1189 1142/1345/1194 1140/1343/1192 
f 1143/1346/1195 1144/1347/1196 1145/1348/1197 1146/1349/1198 
f 1143/1346/1195 1147/1350/1199 1121/1322/1173 1144/1347/1196 
f 1143/1346/1195 1146/1351/1198 1148/1352/1200 1147/1350/1199 
f 1136/1339/1188 1135/1353/1187 1149/1354/1201 1139/1342/1191 
f 1150/1355/1202 1151/1356/1203 1152/1357/1204 
f 1150/1355/1202 1152/1357/1204 1153/1358/1205 
f 1152/1357/1204 1151/1356/1203 1154/1359/1206 1153/1360/1205 
f 1155/1361/1207 1147/1350/1199 1148/1352/1200 1156/1362/1208 
f 1155/1361/1207 1122/1323/1174 1121/1322/1173 1147/1350/1199 
f 1149/1354/1201 1135/1353/1187 1141/1363/1193 1157/1364/1209 
f 1149/1354/1201 1157/1364/1209 1158/1365/1210 1139/1342/1191 
f 1159/1366/1211 1160/1367/1212 1161/1368/1213 1162/1369/1214 
f 1160/1367/1212 1163/1370/1215 1164/1371/1216 1161/1372/1213 
f 1127/1328/1179 1165/1373/1217 1166/1374/1218 1130/1331/1182 
f 1127/1328/1179 1133/1375/1185 1167/1376/1219 1168/1377/1220 
f 1165/1373/1217 1127/1328/1179 1168/1377/1220 1169/1378/1221 
f 1144/1347/1196 1121/1322/1173 1120/1321/1172 1145/1348/1197 
f 1170/1379/1222 1171/1380/1223 1172/1381/1224 1156/1382/1208 
f 1170/1379/1222 1156/1382/1208 1148/1383/1200 1173/1384/1225 
f 1170/1379/1222 1173/1384/1225 1145/1348/1197 1120/1321/1172 
f 1171/1380/1223 1174/1385/1226 1175/1386/1227 1176/1387/1228 
f 1172/1381/1224 1171/1380/1223 1176/1387/1228 1177/1388/1229 
f 1177/1388/1229 1132/1333/1184 1131/1332/1183 1178/1389/1230 
f 1117/1318/1231 1179/1390/1232 1178/1391/1230 1180/1392/1233 
f 1177/1388/1229 1178/1389/1230 1179/1393/1232 1172/1381/1224 
f 1180/1392/1233 1178/1391/1230 1131/1394/1183 1181/1395/1234 
f 1182/1396/1235 1181/1395/1234 1131/1394/1183 1134/1397/1186 
f 1181/1395/1234 1182/1396/1235 1129/1330/1181 1128/1329/1180 
f 1183/1398/1236 1182/1396/1235 1134/1397/1186 1184/1399/1237 
f 1129/1330/1181 1182/1396/1235 1183/1398/1236 1185/1400/1238 
f 1125/1326/1177 1129/1330/1181 1185/1400/1238 1186/1401/1239 
f 1125/1326/1177 1186/1401/1239 1187/1402/1240 1126/1327/1178 
f 1186/1401/1239 1185/1400/1238 1142/1345/1194 1158/1365/1210 
f 1187/1402/1240 1186/1401/1239 1158/1365/1210 1157/1364/1209 
f 1184/1403/1237 1187/1402/1240 1157/1364/1209 1141/1363/1193 
f 1187/1402/1240 1184/1403/1237 1134/1404/1186 1126/1327/1178 
f 1183/1398/1236 1184/1399/1237 1141/1344/1193 1140/1343/1192 
f 1185/1400/1238 1183/1398/1236 1140/1343/1192 1142/1345/1194 
f 1128/1329/1180 1130/1331/1182 1188/1405/1241 1180/1392/1233 
f 1128/1329/1180 1180/1392/1233 1181/1395/1234 
f 1114/1315/1165 1117/1318/1168 1180/1392/1233 1188/1405/1241 
f 1117/1318/1231 1116/1317/1242 1189/1406/1243 1179/1390/1232 
f 1189/1406/1243 1155/1407/1207 1179/1390/1232 
f 1179/1393/1232 1155/1408/1207 1156/1382/1208 1172/1381/1224 
f 1190/1409/1244 1189/1406/1243 1116/1317/1242 1119/1320/1170 
f 1189/1406/1243 1190/1409/1244 1155/1407/1207 
f 1155/1407/1207 1190/1409/1244 1123/1410/1175 1122/1411/1174 
f 1123/1410/1175 1190/1409/1244 1191/1412/1245 1192/1413/1246 
f 1118/1319/1169 1123/1324/1175 1192/1414/1246 1193/1415/1247 
f 1119/1320/1170 1118/1319/1169 1193/1415/1247 1194/1416/1248 
f 1190/1409/1244 1119/1320/1170 1194/1416/1248 1191/1412/1245 
f 1195/1417/1249 1191/1412/1245 1194/1416/1248 1196/1418/1250 
f 1192/1413/1246 1191/1412/1245 1195/1417/1249 1197/1419/1251 
f 1193/1415/1247 1192/1414/1246 1197/1420/1251 1198/1421/1252 
f 1196/1418/1250 1194/1416/1248 1193/1415/1247 1198/1421/1252 
f 1195/1417/1249 1196/1418/1250 1199/1422/1253 1200/1423/1254 
f 1197/1419/1251 1195/1417/1249 1200/1423/1254 1201/1424/1255 
f 1198/1421/1252 1197/1420/1251 1201/1425/1255 1202/1426/1256 
f 1196/1418/1250 1198/1421/1252 1202/1426/1256 1199/1422/1253 
f 1154/1359/1206 1151/1356/1203 1199/1422/1253 1202/1426/1256 
f 1151/1356/1203 1150/1355/1202 1200/1423/1254 1199/1422/1253 
f 1150/1355/1202 1153/1358/1205 1201/1424/1255 1200/1423/1254 
f 1202/1426/1256 1201/1425/1255 1153/1360/1205 1154/1359/1206 
f 1174/1385/1226 1114/1315/1257 1188/1405/1241 1175/1386/1227 
f 1175/1386/1227 1188/1405/1241 1130/1331/1182 1166/1374/1218 
f 1176/1387/1228 1175/1386/1227 1166/1374/1218 1203/1427/1258 
f 1177/1388/1229 1176/1387/1228 1203/1427/1258 1132/1333/1184 
f 1203/1427/1258 1166/1374/1218 1165/1373/1217 1204/1428/1259 
f 1203/1427/1258 1204/1428/1259 1133/1334/1185 1132/1333/1184 
f 1204/1428/1259 1165/1373/1217 1169/1378/1221 1205/1429/1260 
f 1133/1334/1185 1204/1428/1259 1205/1429/1260 1167/1430/1219 
f 1167/1430/1219 1205/1429/1260 1206/1431/1261 1207/1432/1262 
f 1168/1377/1220 1167/1376/1219 1207/1433/1262 1208/1434/1263 
f 1169/1378/1221 1168/1377/1220 1208/1434/1263 1209/1435/1264 
f 1169/1378/1221 1209/1435/1264 1206/1431/1261 1205/1429/1260 
f 1209/1435/1264 1208/1434/1263 1164/1371/1216 1210/1436/1265 
f 1206/1431/1261 1209/1435/1264 1210/1436/1265 1162/1369/1214 
f 1207/1432/1262 1206/1431/1261 1162/1369/1214 1161/1368/1213 
f 1207/1433/1262 1161/1372/1213 1164/1371/1216 1208/1434/1263 
f 1210/1436/1265 1164/1371/1216 1163/1370/1215 1211/1437/1266 
f 1159/1366/1211 1162/1369/1214 1210/1436/1265 1211/1437/1266 
f 1158/1365/1210 1142/1345/1194 1137/1340/1189 1139/1342/1191 
f 1170/1379/1222 1120/1321/1172 1115/1316/1171 1114/1315/1257 
f 1174/1385/1226 1171/1380/1223 1170/1379/1222 1114/1315/1257 
f 1146/1349/1198 1145/1348/1197 1173/1384/1225 1148/1383/1200 
f 1160/1367/1212 1159/1366/1211 1211/1437/1266 1163/1370/1215 
f 1212/1438/1267 1213/1439/1268 1214/1440/1269 1215/1441/1270 
f 1213/1439/1268 1216/1442/1271 1214/1440/1269 
f 1217/1443/1272 1218/1444/1273 1219/1445/1274 1220/1446/1275 
f 1221/1447/1276 1212/1438/1277 1217/1443/1272 1220/1446/1275 
f 1222/1448/1278 1223/1449/1279 1219/1445/1274 1224/1450/1280 
f 1223/1449/1279 1222/1448/1278 1225/1451/1281 1226/1452/1282 
f 1227/1453/1283 1228/1454/1284 1229/1455/1285 1230/1456/1286 
f 1227/1453/1283 1231/1457/1287 1232/1458/1288 1228/1454/1284 
f 1231/1457/1287 1227/1453/1283 1230/1456/1286 1233/1459/1289 
f 1226/1452/1282 1225/1451/1281 1234/1460/1290 
f 1226/1452/1282 1234/1460/1290 1235/1461/1291 1236/1462/1292 
f 1237/1463/1293 1238/1464/1294 1239/1465/1295 1229/1455/1285 
f 1239/1465/1295 1240/1466/1296 1230/1456/1286 1229/1455/1285 
f 1240/1466/1296 1239/1465/1295 1238/1464/1294 1241/1467/1297 
f 1241/1467/1297 1238/1464/1294 1242/1468/1298 
f 1241/1467/1297 1242/1468/1298 1243/1469/1299 1244/1470/1300 
f 1245/1471/1301 1246/1472/1302 1247/1473/1303 1248/1474/1304 
f 1245/1471/1301 1249/1475/1305 1250/1476/1306 1246/1472/1302 
f 1249/1477/1305 1251/1478/1307 1235/1461/1291 1234/1460/1290 
f 1251/1478/1307 1249/1477/1305 1245/1479/1301 1248/1480/1304 
f 1252/1481/1308 1251/1478/1307 1248/1480/1304 
f 1251/1478/1307 1252/1481/1308 1253/1482/1309 1235/1461/1291 
f 1253/1482/1309 1252/1481/1308 1233/1459/1289 1254/1483/1310 
f 1240/1466/1296 1254/1483/1310 1233/1459/1289 1230/1456/1286 
f 1254/1483/1310 1240/1466/1296 1241/1467/1297 1244/1470/1300 
f 1254/1483/1310 1244/1470/1300 1253/1482/1309 
f 1253/1482/1309 1244/1470/1300 1236/1462/1292 1235/1461/1291 
f 1223/1449/1279 1226/1452/1282 1236/1462/1292 1255/1484/1311 
f 1255/1484/1311 1236/1462/1292 1244/1470/1300 1243/1469/1299 
f 1223/1449/1279 1255/1484/1311 1220/1446/1275 1219/1445/1274 
f 1243/1469/1299 1221/1447/1276 1220/1446/1275 1255/1484/1311 
f 1224/1450/1280 1219/1485/1274 1218/1486/1273 1256/1487/1312 
f 1246/1472/1302 1250/1476/1306 1224/1450/1280 1256/1487/1312 
f 1222/1448/1278 1224/1450/1280 1250/1476/1306 1225/1451/1281 
f 1250/1476/1306 1249/1477/1305 1234/1460/1290 1225/1451/1281 
f 1256/1487/1312 1218/1486/1273 1215/1488/1270 
f 1217/1443/1272 1212/1438/1267 1215/1441/1270 1218/1444/1273 
f 1256/1487/1312 1215/1488/1270 1247/1473/1303 1246/1472/1302 
f 1247/1473/1303 1232/1489/1288 1231/1490/1287 1248/1474/1304 
f 1232/1489/1288 1247/1473/1303 1215/1488/1270 1214/1491/1269 
f 1228/1454/1284 1232/1458/1288 1214/1440/1269 1216/1442/1271 
f 1228/1454/1284 1216/1442/1271 1237/1463/1293 1229/1455/1285 
f 1237/1463/1293 1216/1442/1271 1213/1439/1313 1257/1492/1314 
f 1237/1463/1293 1257/1492/1314 1242/1468/1298 1238/1464/1294 
f 1221/1447/1276 1257/1492/1314 1213/1439/1313 1212/1438/1277 
f 1257/1492/1314 1221/1447/1276 1243/1469/1299 1242/1468/1298 
f 1252/1481/1308 1248/1480/1304 1231/1457/1287 1233/1459/1289 
f 1258/1493/1315 1259/1494/1316 1260/1495/1317 
f 1259/1494/1316 1261/1496/1318 1262/1497/1319 1260/1495/1317 
f 1261/1496/1318 1259/1494/1320 1258/1493/1321 1263/1498/1322 
f 1264/1499/1323 1265/1500/1324 1266/1501/1325 1267/1502/1326 
f 1264/1499/1323 1267/1502/1326 1268/1503/1327 1269/1504/1328 
f 1264/1499/1323 1269/1504/1328 1270/1505/1329 1265/1500/1324 
f 1271/1506/1330 1272/1507/1331 1273/1508/1332 1274/1509/1333 
f 1272/1507/1331 1271/1506/1330 1275/1510/1334 1276/1511/1335 
f 1277/1512/1336 1275/1510/1334 1271/1506/1330 1274/1509/1333 
f 1266/1501/1325 1278/1513/1337 1277/1512/1336 1279/1514/1338 
f 1277/1512/1336 1274/1509/1333 1279/1514/1338 
f 1278/1513/1337 1280/1515/1339 1275/1510/1334 1277/1512/1336 
f 1281/1516/1340 1282/1517/1341 1283/1518/1342 1284/1519/1343 
f 1281/1520/1340 1285/1521/1344 1286/1522/1345 1282/1523/1341 
f 1281/1516/1340 1284/1519/1343 1287/1524/1346 1285/1525/1344 
f 1288/1526/1347 1258/1493/1315 1260/1495/1317 1289/1527/1348 
f 1266/1501/1325 1279/1514/1338 1267/1502/1326 
f 1279/1514/1338 1290/1528/1349 1268/1503/1327 1267/1502/1326 
f 1287/1524/1346 1268/1503/1327 1290/1528/1349 1291/1529/1350 
f 1292/1530/1351 1285/1525/1344 1287/1524/1346 1291/1529/1350 
f 1288/1526/1347 1286/1522/1345 1285/1521/1344 1292/1531/1351 
f 1282/1523/1341 1286/1522/1345 1289/1527/1348 1293/1532/1352 
f 1283/1518/1342 1282/1517/1341 1293/1533/1352 1294/1534/1353 
f 1295/1535/1354 1280/1515/1339 1265/1500/1324 1270/1505/1329 
f 1295/1535/1354 1294/1534/1353 1296/1536/1355 1276/1511/1335 
f 1275/1510/1334 1280/1515/1339 1295/1535/1354 1276/1511/1335 
f 1272/1507/1331 1276/1511/1335 1296/1536/1355 1297/1537/1356 
f 1296/1536/1355 1262/1538/1319 1261/1496/1318 1297/1537/1356 
f 1297/1537/1356 1261/1496/1318 1263/1498/1322 1298/1539/1357 
f 1272/1507/1331 1297/1537/1356 1298/1539/1357 1273/1508/1332 
f 1298/1539/1357 1263/1498/1322 1292/1530/1351 1291/1529/1350 
f 1263/1498/1322 1258/1493/1321 1288/1526/1347 1292/1531/1351 
f 1288/1526/1347 1289/1527/1348 1286/1522/1345 
f 1293/1532/1352 1289/1527/1348 1260/1495/1317 1262/1497/1319 
f 1296/1536/1355 1294/1534/1353 1293/1533/1352 1262/1538/1319 
f 1298/1539/1357 1291/1529/1350 1290/1528/1349 1273/1508/1332 
f 1290/1528/1349 1279/1514/1338 1274/1509/1333 1273/1508/1332 
f 1278/1513/1337 1266/1501/1325 1265/1500/1324 1280/1515/1339 
f 1295/1535/1354 1270/1505/1329 1283/1518/1342 1294/1534/1353 
f 1287/1524/1346 1284/1519/1343 1269/1504/1328 1268/1503/1327 
f 1284/1519/1343 1283/1518/1342 1270/1505/1329 1269/1504/1328 
f 1299/1540/1358 1300/1541/1359 1301/1542/1360 1302/1543/1360 
f 1303/1544/1361 1299/1540/1362 1302/1543/1363 1304/1545/1364 
f 1299/1540/1362 1305/1546/1365 1306/1547/1366 1307/1548/1367 
f 1308/1549/1368 1309/1550/1369 1310/1551/1370 1311/1552/1371 
f 1309/1550/1369 1308/1549/1368 1312/1553/1372 1313/1554/1373 
f 1314/1555/1374 1315/1556/1375 1316/1557/1376 
f 1315/1556/1375 1314/1555/1374 1317/1558/1377 
f 1313/1554/1373 1312/1553/1372 1318/1559/1378 1319/1560/1379 
f 1313/1554/1373 1319/1560/1379 1320/1561/1380 
f 1321/1562/1381 1322/1563/1382 1311/1564/1371 1310/1565/1370 
f 1321/1562/1381 1319/1560/1379 1318/1559/1378 1322/1563/1382 
f 1320/1561/1380 1319/1560/1379 1321/1562/1381 1310/1565/1370 
f 1323/1566/1383 1324/1567/1384 1325/1568/1385 1326/1569/1386 
f 1327/1570/1387 1323/1566/1383 1326/1569/1386 1328/1571/1388 
f 1313/1554/1373 1320/1561/1380 1310/1551/1370 1309/1550/1369 
f 1324/1572/1384 1327/1570/1387 1328/1571/1388 1325/1573/1385 
f 1300/1541/1359 1299/1540/1358 1307/1548/1367 1329/1574/1389 
f 1300/1541/1390 1329/1574/1389 1330/1575/1391 
f 1299/1540/1362 1303/1544/1361 1328/1571/1388 1326/1569/1386 
f 1331/1576/1392 1299/1540/1362 1326/1569/1386 1325/1568/1385 
f 1305/1577/1365 1332/1578/1393 1333/1579/1394 1334/1580/1395 
f 1335/1581/1396 1332/1582/1393 1305/1546/1365 1299/1540/1362 
f 1336/1583/1397 1335/1581/1396 1299/1540/1362 1331/1576/1392 
f 1332/1582/1393 1335/1581/1396 1337/1584/1398 
f 1338/1585/1399 1337/1586/1398 1335/1587/1396 1336/1588/1397 
f 1338/1585/1399 1336/1588/1397 1304/1545/1364 1339/1589/1400 
f 1338/1585/1399 1339/1589/1400 1340/1590/1401 1341/1591/1402 
f 1342/1592/1403 1340/1590/1401 1339/1589/1400 1343/1593/1404 
f 1344/1594/1405 1340/1590/1401 1342/1592/1403 1345/1595/1406 
f 1346/1596/1407 1345/1595/1406 1342/1592/1403 1347/1597/1408 
f 1345/1595/1406 1346/1596/1407 1348/1598/1409 1349/1599/1410 
f 1348/1598/1409 1346/1596/1407 1350/1600/1411 1351/1601/1412 
f 1348/1598/1409 1351/1601/1412 1311/1564/1371 1322/1563/1382 
f 1308/1549/1368 1311/1552/1371 1351/1602/1412 1352/1603/1413 
f 1308/1549/1368 1352/1603/1413 1353/1604/1414 1312/1553/1372 
f 1312/1553/1372 1353/1604/1414 1349/1599/1410 1318/1559/1378 
f 1318/1559/1378 1349/1599/1410 1348/1598/1409 1322/1563/1382 
f 1349/1599/1410 1353/1604/1414 1344/1594/1405 1345/1595/1406 
f 1354/1605/1415 1341/1591/1402 1340/1590/1401 1344/1594/1405 
f 1355/1606/1416 1337/1586/1398 1338/1585/1399 1341/1591/1402 
f 1356/1607/1417 1333/1579/1394 1332/1578/1393 1337/1608/1398 
f 1357/1609/1418 1333/1579/1394 1356/1607/1417 1343/1593/1404 
f 1333/1579/1394 1357/1609/1418 1330/1575/1391 1334/1580/1395 
f 1334/1580/1395 1330/1575/1391 1329/1574/1389 1358/1610/1419 
f 1305/1577/1365 1334/1580/1395 1358/1610/1419 1306/1611/1366 
f 1359/1612/1420 1306/1611/1366 1358/1610/1419 1360/1613/1421 
f 1306/1547/1366 1359/1614/1420 1361/1615/1422 1307/1548/1367 
f 1307/1548/1367 1361/1615/1422 1362/1616/1423 1329/1574/1389 
f 1329/1574/1389 1362/1616/1423 1360/1613/1421 1358/1610/1419 
f 1360/1613/1421 1362/1616/1423 1363/1617/1424 1364/1618/1425 
f 1359/1612/1420 1360/1613/1421 1364/1618/1425 1365/1619/1426 
f 1359/1614/1420 1365/1620/1426 1366/1621/1427 1361/1615/1422 
f 1362/1616/1423 1361/1615/1422 1366/1621/1427 1363/1617/1424 
f 1367/1622/1428 1363/1617/1424 1366/1621/1427 1368/1623/1429 
f 1364/1618/1425 1363/1617/1424 1367/1622/1428 1369/1624/1430 
f 1365/1619/1426 1364/1618/1425 1369/1624/1430 1370/1625/1431 
f 1365/1620/1426 1370/1626/1431 1368/1623/1429 1366/1621/1427 
f 1371/1627/1432 1367/1622/1428 1368/1623/1429 1372/1628/1433 
f 1367/1622/1428 1371/1627/1432 1373/1629/1434 1369/1624/1430 
f 1370/1625/1431 1369/1624/1430 1373/1629/1434 1374/1630/1435 
f 1370/1626/1431 1374/1631/1435 1372/1628/1433 1368/1623/1429 
f 1372/1628/1433 1374/1631/1435 1375/1632/1436 1376/1633/1437 
f 1371/1627/1432 1372/1628/1433 1376/1633/1437 1377/1634/1438 
f 1371/1627/1432 1377/1634/1438 1378/1635/1439 1373/1629/1434 
f 1374/1630/1435 1373/1629/1434 1378/1635/1439 1375/1636/1436 
f 1379/1637/1440 1380/1638/1441 1375/1636/1436 1378/1635/1439 
f 1376/1633/1437 1375/1632/1436 1380/1639/1441 1381/1640/1442 
f 1377/1634/1438 1376/1633/1437 1381/1640/1442 1382/1641/1443 
f 1377/1634/1438 1382/1641/1443 1379/1637/1440 1378/1635/1439 
f 1379/1637/1440 1314/1555/1374 1316/1642/1376 1380/1638/1441 
f 1379/1637/1440 1382/1641/1443 1317/1558/1377 1314/1555/1374 
f 1315/1556/1375 1317/1558/1377 1382/1641/1443 1381/1640/1442 
f 1381/1640/1442 1380/1639/1441 1316/1557/1376 1315/1556/1375 
f 1300/1541/1390 1330/1575/1391 1357/1609/1418 1301/1542/1444 
f 1357/1609/1418 1343/1593/1404 1301/1542/1444 
f 1304/1545/1364 1302/1543/1363 1339/1589/1400 
f 1343/1593/1404 1339/1589/1400 1302/1543/1363 1301/1542/1444 
f 1304/1545/1364 1336/1588/1397 1331/1643/1392 1303/1544/1361 
f 1303/1544/1361 1331/1643/1392 1325/1573/1385 1328/1571/1388 
f 1342/1592/1403 1343/1593/1404 1356/1607/1417 1347/1597/1408 
f 1347/1597/1408 1356/1607/1417 1337/1608/1398 1355/1644/1416 
f 1346/1596/1407 1347/1597/1408 1355/1644/1416 1350/1600/1411 
f 1350/1645/1411 1355/1606/1416 1341/1591/1402 1354/1605/1415 
f 1352/1603/1413 1351/1602/1412 1350/1645/1411 1354/1605/1415 
f 1353/1604/1414 1352/1603/1413 1354/1605/1415 1344/1594/1405 
f 1324/1567/1384 1323/1566/1383 1327/1570/1387 
f 1383/1646/1445 1384/1647/1445 1385/1648/1445 
f 1386/1649/1446 1387/1650/1447 1388/1651/1448 1389/1652/1449 
f 1386/1649/1446 1390/1653/1450 1387/1650/1447 
f 1391/1654/1451 1392/1655/1452 1393/1656/1453 
f 1391/1654/1451 1393/1656/1453 1394/1657/1454 1395/1658/1455 
f 1396/1659/1456 1397/1660/1457 1398/1661/1458 1399/1662/1459 
f 1396/1659/1456 1399/1662/1459 1400/1663/1460 1390/1653/1450 
f 1397/1660/1457 1396/1659/1456 1390/1653/1450 1386/1649/1446 
f 1394/1657/1454 1401/1664/1461 1402/1665/1462 1395/1658/1455 
f 1401/1664/1461 1394/1657/1454 1393/1656/1453 1403/1666/1463 
f 1404/1667/1464 1405/1668/1465 1406/1669/1466 1407/1670/1467 
f 1405/1668/1465 1398/1661/1458 1408/1671/1468 1406/1669/1466 
f 1405/1668/1465 1404/1667/1464 1399/1662/1459 1398/1661/1458 
f 1409/1672/1469 1400/1663/1460 1410/1673/1470 
f 1385/1674/1471 1384/1675/1472 1411/1676/1473 1412/1677/1474 
f 1411/1678/1473 1384/1647/1472 1383/1646/1475 1413/1679/1476 
f 1411/1678/1473 1413/1679/1476 1392/1655/1452 1391/1654/1451 
f 1412/1677/1474 1411/1676/1473 1391/1654/1451 1395/1658/1455 
f 1413/1679/1476 1383/1646/1475 1414/1680/1477 1415/1681/1478 
f 1413/1679/1476 1415/1681/1478 1416/1682/1479 1392/1655/1452 
f 1416/1682/1479 1415/1681/1478 1417/1683/1480 1418/1684/1481 
f 1403/1666/1463 1416/1682/1479 1418/1684/1481 1419/1685/1482 
f 1416/1682/1479 1403/1666/1463 1393/1656/1453 1392/1655/1452 
f 1401/1664/1461 1403/1666/1463 1419/1685/1482 1420/1686/1483 
f 1401/1664/1461 1420/1686/1483 1421/1687/1484 1402/1665/1462 
f 1422/1688/1485 1402/1665/1462 1421/1687/1484 1423/1689/1486 
f 1402/1665/1462 1422/1688/1485 1412/1677/1474 1395/1658/1455 
f 1424/1690/1487 1422/1688/1485 1423/1689/1486 1425/1691/1488 
f 1385/1674/1471 1412/1677/1474 1422/1688/1485 1424/1690/1487 
f 1383/1646/1475 1385/1648/1471 1424/1692/1487 1414/1680/1477 
f 1426/1693/1489 1414/1680/1477 1424/1692/1487 1425/1694/1488 
f 1414/1680/1477 1426/1693/1489 1417/1683/1480 1415/1681/1478 
f 1417/1683/1480 1426/1693/1489 1427/1695/1490 1428/1696/1491 
f 1418/1684/1481 1417/1683/1480 1428/1696/1491 1429/1697/1492 
f 1419/1685/1482 1418/1684/1481 1429/1697/1492 1430/1698/1493 
f 1420/1686/1483 1419/1685/1482 1430/1698/1493 1431/1699/1494 
f 1421/1687/1484 1420/1686/1483 1431/1699/1494 1432/1700/1495 
f 1421/1687/1484 1432/1700/1495 1433/1701/1496 1423/1689/1486 
f 1425/1691/1488 1423/1689/1486 1433/1701/1496 1434/1702/1497 
f 1426/1693/1489 1425/1694/1488 1434/1703/1497 1427/1695/1490 
f 1435/1704/1498 1427/1695/1490 1434/1703/1497 1436/1705/1499 
f 1428/1696/1491 1427/1695/1490 1435/1704/1498 1437/1706/1500 
f 1429/1697/1492 1428/1696/1491 1437/1706/1500 1438/1707/1501 
f 1429/1697/1492 1438/1707/1501 1439/1708/1502 1430/1698/1493 
f 1431/1699/1494 1430/1698/1493 1439/1708/1502 1440/1709/1503 
f 1432/1700/1495 1431/1699/1494 1440/1709/1503 1441/1710/1504 
f 1432/1700/1495 1441/1710/1504 1442/1711/1505 1433/1701/1496 
f 1433/1701/1496 1442/1711/1505 1436/1712/1499 1434/1702/1497 
f 1435/1704/1498 1436/1705/1499 1443/1713/1506 1444/1714/1507 
f 1437/1706/1500 1435/1704/1498 1444/1714/1507 1445/1715/1508 
f 1437/1706/1500 1445/1715/1508 1446/1716/1509 1438/1707/1501 
f 1438/1707/1501 1446/1716/1509 1447/1717/1510 1439/1708/1502 
f 1440/1709/1503 1439/1708/1502 1447/1717/1510 1448/1718/1511 
f 1441/1710/1504 1440/1709/1503 1448/1718/1511 1449/1719/1512 
f 1441/1710/1504 1449/1719/1512 1450/1720/1513 1442/1711/1505 
f 1436/1712/1499 1442/1711/1505 1450/1720/1513 1443/1721/1506 
f 1451/1722/1514 1443/1721/1506 1450/1720/1513 1452/1723/1515 
f 1407/1670/1467 1444/1714/1507 1443/1713/1506 1451/1724/1514 
f 1444/1714/1507 1407/1670/1467 1406/1669/1466 1445/1715/1508 
f 1445/1715/1508 1406/1669/1466 1408/1671/1468 1446/1716/1509 
f 1446/1716/1509 1408/1671/1468 1453/1725/1516 1447/1717/1510 
f 1448/1718/1511 1447/1717/1510 1453/1725/1516 1389/1652/1449 
f 1449/1719/1512 1448/1718/1511 1389/1652/1449 1388/1651/1448 
f 1449/1719/1512 1388/1651/1448 1452/1723/1515 1450/1720/1513 
f 1409/1672/1469 1410/1673/1470 1451/1722/1514 1452/1723/1515 
f 1407/1670/1467 1451/1724/1514 1410/1726/1470 1404/1667/1464 
f 1404/1667/1464 1410/1726/1470 1400/1663/1460 1399/1662/1459 
f 1409/1672/1469 1452/1723/1515 1388/1651/1448 1387/1650/1447 
f 1389/1652/1449 1453/1725/1516 1397/1660/1457 1386/1649/1446 
f 1397/1660/1457 1453/1725/1516 1408/1671/1468 1398/1661/1458 
f 1400/1663/1460 1409/1672/1469 1387/1650/1447 1390/1653/1450 
f 1454/1727/1517 1455/1728/1518 1456/1729/1519 1457/1730/1520 
f 1455/1728/1521 1454/1727/1522 1458/1731/1523 1459/1732/1524 
f 1454/1727/1517 1457/1730/1520 1460/1733/1525 
f 1461/1734/1526 1455/1728/1521 1462/1735/1527 
f 1463/1736/1528 1462/1735/1527 1455/1728/1521 1459/1732/1524 
f 1463/1737/1528 1464/1738/1529 1465/1739/1530 1466/1740/1531 
f 1467/1741/1532 1468/1742/1533 1469/1743/1534 1470/1744/1535 
f 1467/1745/1532 1471/1746/1536 1472/1747/1537 1468/1742/1533 
f 1467/1748/1532 1473/1749/1538 1474/1750/1539 1475/1751/1540 
f 1468/1742/1533 1476/1752/1541 1477/1753/1542 1478/1754/1543 
f 1468/1742/1533 1478/1754/1543 1479/1755/1544 1480/1756/1545 
f 1468/1742/1533 1480/1756/1545 1481/1757/1546 1469/1743/1534 
f 1467/1748/1532 1482/1758/1547 1483/1759/1548 1473/1749/1538 
f 1467/1748/1532 1470/1760/1535 1484/1761/1549 1482/1758/1547 
f 1485/1762/1550 1486/1763/1551 1487/1764/1552 1488/1765/1553 
f 1458/1731/1523 1460/1733/1525 1457/1730/1554 1459/1766/1524 
f 1489/1767/1555 1490/1768/1556 1491/1769/1557 1492/1770/1558 
f 1489/1767/1555 1492/1770/1558 1493/1771/1559 1494/1772/1560 
f 1489/1767/1555 1494/1772/1560 1495/1773/1561 1490/1768/1556 
f 1463/1774/1528 1466/1775/1531 1496/1776/1562 1497/1777/1563 
f 1487/1764/1552 1486/1763/1551 1498/1778/1564 
f 1468/1742/1533 1472/1747/1537 1499/1779/1565 1476/1752/1541 
f 1495/1773/1561 1494/1772/1560 1493/1771/1559 1500/1780/1566 
f 1495/1773/1561 1500/1780/1566 1491/1769/1557 1490/1768/1556 
f 1501/1781/1567 1502/1782/1568 1498/1783/1564 1486/1763/1551 
f 1503/1784/1569 1504/1785/1570 1463/1737/1528 1456/1729/1571 
f 1504/1785/1570 1464/1738/1529 1463/1737/1528 
f 1463/1774/1528 1497/1777/1563 1505/1786/1572 1462/1787/1527 
f 1462/1787/1527 1505/1786/1572 1506/1788/1573 1507/1789/1574 
f 1505/1786/1572 1497/1777/1563 1508/1790/1575 1509/1791/1576 
f 1505/1786/1572 1509/1791/1576 1510/1792/1577 1506/1788/1573 
f 1509/1791/1576 1504/1785/1570 1510/1792/1577 
f 1511/1793/1578 1510/1792/1577 1504/1785/1570 1503/1784/1569 
f 1499/1779/1565 1510/1792/1577 1511/1793/1578 1512/1794/1579 
f 1499/1779/1565 1512/1794/1579 1513/1795/1580 1476/1752/1541 
f 1512/1794/1579 1511/1793/1578 1514/1796/1581 1515/1797/1582 
f 1513/1795/1580 1512/1794/1579 1515/1797/1582 1475/1751/1540 
f 1516/1798/1583 1513/1795/1580 1475/1751/1540 1474/1750/1539 
f 1517/1799/1584 1474/1750/1539 1473/1749/1538 1518/1800/1585 
f 1519/1801/1586 1518/1802/1585 1520/1803/1587 1521/1804/1588 
f 1522/1805/1589 1521/1804/1588 1520/1803/1587 1523/1806/1590 
f 1524/1807/1591 1521/1804/1588 1522/1805/1589 1525/1808/1592 
f 1526/1809/1593 1525/1808/1592 1522/1805/1589 1527/1810/1594 
f 1528/1811/1595 1525/1808/1592 1526/1809/1593 1529/1812/1596 
f 1530/1813/1597 1529/1812/1596 1526/1809/1593 1531/1814/1598 
f 1532/1815/1599 1529/1812/1596 1530/1813/1597 1533/1816/1600 
f 1532/1815/1599 1533/1816/1600 1502/1782/1568 1501/1781/1567 
f 1534/1817/1601 1533/1816/1600 1530/1813/1597 1535/1818/1602 
f 1502/1782/1568 1533/1816/1600 1534/1817/1601 1498/1783/1564 
f 1487/1764/1552 1498/1778/1564 1534/1819/1601 1488/1765/1553 
f 1536/1820/1603 1488/1765/1553 1534/1819/1601 1535/1821/1602 
f 1485/1762/1550 1488/1765/1553 1536/1820/1603 1528/1811/1595 
f 1485/1762/1550 1528/1811/1595 1529/1812/1596 1532/1815/1599 
f 1501/1781/1567 1486/1763/1551 1485/1762/1550 1532/1815/1599 
f 1528/1811/1595 1536/1820/1603 1524/1807/1591 1525/1808/1592 
f 1524/1807/1591 1536/1820/1603 1535/1821/1602 1537/1822/1604 
f 1524/1807/1591 1537/1822/1604 1519/1801/1586 1521/1804/1588 
f 1519/1823/1586 1537/1824/1604 1531/1814/1598 1538/1825/1605 
f 1519/1823/1586 1538/1825/1605 1517/1799/1584 1518/1800/1585 
f 1517/1799/1584 1538/1825/1605 1527/1810/1594 1539/1826/1606 
f 1517/1799/1584 1539/1826/1606 1516/1798/1583 1474/1750/1539 
f 1516/1798/1583 1539/1826/1606 1523/1806/1590 1477/1753/1542 
f 1516/1798/1583 1477/1753/1542 1476/1752/1541 1513/1795/1580 
f 1477/1753/1542 1523/1806/1590 1478/1754/1543 
f 1478/1754/1543 1523/1806/1590 1520/1803/1587 1479/1755/1544 
f 1473/1749/1538 1483/1759/1548 1518/1800/1585 
f 1520/1803/1587 1518/1802/1585 1483/1827/1548 1479/1755/1544 
f 1522/1805/1589 1523/1806/1590 1539/1826/1606 1527/1810/1594 
f 1526/1809/1593 1527/1810/1594 1538/1825/1605 1531/1814/1598 
f 1530/1813/1597 1531/1814/1598 1537/1824/1604 1535/1818/1602 
f 1467/1748/1532 1475/1751/1540 1515/1797/1582 1471/1828/1536 
f 1515/1797/1582 1514/1796/1581 1507/1829/1574 1471/1828/1536 
f 1507/1789/1574 1506/1788/1573 1472/1747/1537 1471/1746/1536 
f 1507/1829/1574 1514/1796/1581 1461/1734/1526 1462/1735/1527 
f 1456/1729/1519 1455/1728/1518 1461/1734/1526 1503/1784/1569 
f 1511/1793/1578 1503/1784/1569 1461/1734/1526 1514/1796/1581 
f 1506/1788/1573 1510/1792/1577 1499/1779/1565 1472/1747/1537 
f 1509/1791/1576 1508/1790/1575 1464/1738/1529 1504/1785/1570 
f 1508/1790/1575 1497/1777/1563 1496/1776/1562 1540/1830/1607 
f 1508/1790/1575 1540/1830/1607 1465/1739/1530 1464/1738/1529 
f 1540/1830/1607 1496/1776/1562 1541/1831/1608 1542/1832/1609 
f 1465/1739/1530 1540/1830/1607 1542/1832/1609 1543/1833/1610 
f 1465/1739/1530 1543/1833/1610 1544/1834/1611 1466/1740/1531 
f 1466/1775/1531 1544/1835/1611 1541/1831/1608 1496/1776/1562 
f 1541/1831/1608 1544/1835/1611 1545/1836/1612 1546/1837/1613 
f 1542/1832/1609 1541/1831/1608 1546/1837/1613 1547/1838/1614 
f 1542/1832/1609 1547/1838/1614 1548/1839/1615 1543/1833/1610 
f 1543/1833/1610 1548/1839/1615 1545/1836/1612 1544/1834/1611 
f 1500/1780/1566 1481/1757/1546 1484/1840/1549 1491/1769/1557 
f 1500/1780/1566 1493/1771/1559 1469/1743/1534 1481/1757/1546 
f 1456/1729/1571 1463/1737/1528 1459/1766/1524 1457/1730/1554 
f 1493/1771/1559 1492/1770/1558 1470/1744/1535 1469/1743/1534 
f 1492/1841/1558 1491/1842/1557 1484/1761/1549 1470/1760/1535 
f 1484/1840/1549 1481/1757/1546 1480/1756/1545 1482/1843/1547 
f 1483/1827/1548 1482/1843/1547 1480/1756/1545 1479/1755/1544 
f 1454/1727/1517 1460/1733/1525 1458/1731/1523 
f 1545/1836/1612 1548/1839/1615 1547/1838/1614 1546/1837/1613 
# 1397 polygons - 152 triangles

